kind	edgeRole	rootContext	expressionOwnerKind	pyTypeLinkHash	expressionOwnerHash	parentExpressionHash	position	depth	literalType	literalValue	comprehensionKind	unaryFixity	operatorString	referencedEntityKind	referencedEntityHash	lambdaScopeHash	potentialQualifiedName	isAmbiguous	returnStatementIndex	startLine	startColumn	endLine	endColumn	pyScopeLinkHash	pyModuleLinkHash	bindingLinkHash	nameContext	isWrite	argumentKeywordName	isAwaited	isStarred	dottedPath	inferredTypeName	inferredTypeKind	inferenceEvidence	inferenceConfidence	serviceVersionLinkHash	pyExpressionUniqueHash
LITERAL	ROOT	MODULE_LEVEL_STATEMENT	METHOD		PY_METHOD_98fb279af19ce570f3aa12de91004416		0	0	STRING	Java analogue: methods/ (varargs). Where argument->parameter flow is PROVABLY unsound. 2.8% of functions in the corpus take both *args and **kwargs; 11.9% take **kwargs. Positional linking cannot see through a splat, so the engine must report imprecision here rather than invent a link. These fixtures exist so the parser marks the imprecision, not so it resolves it.	NONE	NONE		UNKNOWN				false		1	0	9	3	PY_SCOPE_dedb55837ecfe9764a3046ff76d8ba8d	PY_MODULE_eaac5d3d87793210a2655db9a761dce0		LOAD	false		false	false		str	BUILTIN_SCALAR	LITERAL	CERTAIN	SERVICE_VERSION_00000000000000000000000000000000	PY_EXPRESSION_b74414c6cfead57c2cb92de4466cc999
LITERAL	DEFAULT_VALUE	DEFAULT_VALUE	METHOD		PY_METHOD_98fb279af19ce570f3aa12de91004416		2	0	NONE	None	NONE	NONE		UNKNOWN				false		14	42	14	46	PY_SCOPE_dedb55837ecfe9764a3046ff76d8ba8d	PY_MODULE_eaac5d3d87793210a2655db9a761dce0		LOAD	false		false	false		None	NONE_TYPE	LITERAL	CERTAIN	SERVICE_VERSION_00000000000000000000000000000000	PY_EXPRESSION_7057e407d2f86b357683f52e6cd1abb6
CALL	ROOT	EXPRESSION_STATEMENT	METHOD		PY_METHOD_af1040c2eac14cc23c3bad2178f5641c		0	0		record	NONE	NONE		UNKNOWN				false		15	4	15	26	PY_SCOPE_02c2985b07ab08118fb930bf98e71011	PY_MODULE_eaac5d3d87793210a2655db9a761dce0		LOAD	false		false	false	ledger.record		UNKNOWN	NONE	NONE	SERVICE_VERSION_00000000000000000000000000000000	PY_EXPRESSION_288d21e0f5e0c0f0ab8dcf5f62e3ccfd
ATTRIBUTE_ACCESS	RECEIVER	EXPRESSION_STATEMENT	METHOD		PY_METHOD_af1040c2eac14cc23c3bad2178f5641c	PY_EXPRESSION_288d21e0f5e0c0f0ab8dcf5f62e3ccfd	0	1		record	NONE	NONE		UNKNOWN				false		15	4	15	17	PY_SCOPE_02c2985b07ab08118fb930bf98e71011	PY_MODULE_eaac5d3d87793210a2655db9a761dce0		LOAD	false		false	false	ledger.record		UNKNOWN	NONE	NONE	SERVICE_VERSION_00000000000000000000000000000000	PY_EXPRESSION_6172f3a1a6bb183913d76468d5b6acb2
NAME_REFERENCE	ARGUMENT	EXPRESSION_STATEMENT	METHOD		PY_METHOD_af1040c2eac14cc23c3bad2178f5641c	PY_EXPRESSION_288d21e0f5e0c0f0ab8dcf5f62e3ccfd	0	1		account	NONE	NONE		UNKNOWN				false		15	18	15	25	PY_SCOPE_02c2985b07ab08118fb930bf98e71011	PY_MODULE_eaac5d3d87793210a2655db9a761dce0	PY_BINDING_3b44b5bcea2c97df3af2637fc4157bce	LOAD	false		false	false			UNKNOWN	NONE	NONE	SERVICE_VERSION_00000000000000000000000000000000	PY_EXPRESSION_17ebefdbba67d6c7436a265ba08d1fcb
NAME_REFERENCE	ATTRIBUTE_OBJECT	EXPRESSION_STATEMENT	METHOD		PY_METHOD_af1040c2eac14cc23c3bad2178f5641c	PY_EXPRESSION_6172f3a1a6bb183913d76468d5b6acb2	0	2		ledger	NONE	NONE		UNKNOWN				false		15	4	15	10	PY_SCOPE_02c2985b07ab08118fb930bf98e71011	PY_MODULE_eaac5d3d87793210a2655db9a761dce0	PY_BINDING_6a5c52fd4e5152fad7d870472c899017	LOAD	false		false	false			UNKNOWN	NONE	NONE	SERVICE_VERSION_00000000000000000000000000000000	PY_EXPRESSION_84243f4b8f320ac2b486ee5b66397c3c
NAME_REFERENCE	RETURN_VALUE	RETURN_VALUE	METHOD		PY_METHOD_af1040c2eac14cc23c3bad2178f5641c		0	0		note	NONE	NONE		UNKNOWN				false	0	16	11	16	15	PY_SCOPE_02c2985b07ab08118fb930bf98e71011	PY_MODULE_eaac5d3d87793210a2655db9a761dce0	PY_BINDING_43816376a6b9bdcb810f04d9f20ae790	LOAD	false		false	false			UNKNOWN	NONE	NONE	SERVICE_VERSION_00000000000000000000000000000000	PY_EXPRESSION_41e24e5588b986563082dbc099ac4757
CALL	RETURN_VALUE	RETURN_VALUE	METHOD		PY_METHOD_12613e51da2b1c6140bd0d2d97a83705		0	0		concrete_target	NONE	NONE		UNKNOWN				false	0	22	11	22	33	PY_SCOPE_8c413c55391c42fd7072a54b1a207ac6	PY_MODULE_eaac5d3d87793210a2655db9a761dce0		LOAD	false		false	false	concrete_target		UNKNOWN	NONE	NONE	SERVICE_VERSION_00000000000000000000000000000000	PY_EXPRESSION_198ac9aa4bbc50607332431f65fa2bae
NAME_REFERENCE	CALLEE	RETURN_VALUE	METHOD		PY_METHOD_12613e51da2b1c6140bd0d2d97a83705	PY_EXPRESSION_198ac9aa4bbc50607332431f65fa2bae	0	1		concrete_target	NONE	NONE		METHOD	PY_METHOD_af1040c2eac14cc23c3bad2178f5641c			false	0	22	11	22	26	PY_SCOPE_8c413c55391c42fd7072a54b1a207ac6	PY_MODULE_eaac5d3d87793210a2655db9a761dce0	PY_BINDING_ae2c90b79be5613b6b6593177daf2df5	LOAD	false		false	false			UNKNOWN	NONE	NONE	SERVICE_VERSION_00000000000000000000000000000000	PY_EXPRESSION_a73a1597254296e37bee8411cf8d1fb5
NAME_REFERENCE	STAR_ARGUMENT	RETURN_VALUE	METHOD		PY_METHOD_12613e51da2b1c6140bd0d2d97a83705	PY_EXPRESSION_198ac9aa4bbc50607332431f65fa2bae	0	1		args	NONE	NONE		UNKNOWN				false	0	22	28	22	32	PY_SCOPE_8c413c55391c42fd7072a54b1a207ac6	PY_MODULE_eaac5d3d87793210a2655db9a761dce0	PY_BINDING_f217ac40157f18def05dc6e100150147	LOAD	false		false	true			UNKNOWN	NONE	NONE	SERVICE_VERSION_00000000000000000000000000000000	PY_EXPRESSION_062b1ab01cbc383193be39efa70e2c1b
CALL	RETURN_VALUE	RETURN_VALUE	METHOD		PY_METHOD_cea36a77e9c18f57b6d17929bc1bc873		0	0		concrete_target	NONE	NONE		UNKNOWN				false	0	26	11	26	36	PY_SCOPE_c57d79792f3f64aef620c792a2081c79	PY_MODULE_eaac5d3d87793210a2655db9a761dce0		LOAD	false		false	false	concrete_target		UNKNOWN	NONE	NONE	SERVICE_VERSION_00000000000000000000000000000000	PY_EXPRESSION_e42398ee545ac31811b810ae584c36a5
NAME_REFERENCE	CALLEE	RETURN_VALUE	METHOD		PY_METHOD_cea36a77e9c18f57b6d17929bc1bc873	PY_EXPRESSION_e42398ee545ac31811b810ae584c36a5	0	1		concrete_target	NONE	NONE		METHOD	PY_METHOD_af1040c2eac14cc23c3bad2178f5641c			false	0	26	11	26	26	PY_SCOPE_c57d79792f3f64aef620c792a2081c79	PY_MODULE_eaac5d3d87793210a2655db9a761dce0	PY_BINDING_3e2d46dafdefa1c3727d985755d9efb9	LOAD	false		false	false			UNKNOWN	NONE	NONE	SERVICE_VERSION_00000000000000000000000000000000	PY_EXPRESSION_6d6d38a089acc1458699a92cdd8423df
NAME_REFERENCE	DOUBLE_STAR_ARGUMENT	RETURN_VALUE	METHOD		PY_METHOD_cea36a77e9c18f57b6d17929bc1bc873	PY_EXPRESSION_e42398ee545ac31811b810ae584c36a5	0	1		kwargs	NONE	NONE		UNKNOWN				false	0	26	29	26	35	PY_SCOPE_c57d79792f3f64aef620c792a2081c79	PY_MODULE_eaac5d3d87793210a2655db9a761dce0	PY_BINDING_bfb433f1618feefc7648858f0acf7552	LOAD	false		false	true			UNKNOWN	NONE	NONE	SERVICE_VERSION_00000000000000000000000000000000	PY_EXPRESSION_b6ca9b91eacb56593539424cb289ed0a
CALL	RETURN_VALUE	RETURN_VALUE	METHOD		PY_METHOD_b3c80121fe8c4631c0606909c9ae24f2		0	0		concrete_target	NONE	NONE		UNKNOWN				false	0	31	11	31	43	PY_SCOPE_e078751b18a4ea82e25e0c3ff5bbd956	PY_MODULE_eaac5d3d87793210a2655db9a761dce0		LOAD	false		false	false	concrete_target		UNKNOWN	NONE	NONE	SERVICE_VERSION_00000000000000000000000000000000	PY_EXPRESSION_749be48b860d785145bc023b0278265f
NAME_REFERENCE	CALLEE	RETURN_VALUE	METHOD		PY_METHOD_b3c80121fe8c4631c0606909c9ae24f2	PY_EXPRESSION_749be48b860d785145bc023b0278265f	0	1		concrete_target	NONE	NONE		METHOD	PY_METHOD_af1040c2eac14cc23c3bad2178f5641c			false	0	31	11	31	26	PY_SCOPE_e078751b18a4ea82e25e0c3ff5bbd956	PY_MODULE_eaac5d3d87793210a2655db9a761dce0	PY_BINDING_6b0a02ee454477079c3294886671ba0e	LOAD	false		false	false			UNKNOWN	NONE	NONE	SERVICE_VERSION_00000000000000000000000000000000	PY_EXPRESSION_a48e2e54a4eb77e83b0125eb783590ad
NAME_REFERENCE	STAR_ARGUMENT	RETURN_VALUE	METHOD		PY_METHOD_b3c80121fe8c4631c0606909c9ae24f2	PY_EXPRESSION_749be48b860d785145bc023b0278265f	0	1		args	NONE	NONE		UNKNOWN				false	0	31	28	31	32	PY_SCOPE_e078751b18a4ea82e25e0c3ff5bbd956	PY_MODULE_eaac5d3d87793210a2655db9a761dce0	PY_BINDING_80fd7541e66f3004f514c62fada7bc26	LOAD	false		false	true			UNKNOWN	NONE	NONE	SERVICE_VERSION_00000000000000000000000000000000	PY_EXPRESSION_4a2acf4ab85c2395463d4bbaf12916f2
NAME_REFERENCE	DOUBLE_STAR_ARGUMENT	RETURN_VALUE	METHOD		PY_METHOD_b3c80121fe8c4631c0606909c9ae24f2	PY_EXPRESSION_749be48b860d785145bc023b0278265f	1	1		kwargs	NONE	NONE		UNKNOWN				false	0	31	36	31	42	PY_SCOPE_e078751b18a4ea82e25e0c3ff5bbd956	PY_MODULE_eaac5d3d87793210a2655db9a761dce0	PY_BINDING_413083350be5b43989362d5c1d141718	LOAD	false		false	true			UNKNOWN	NONE	NONE	SERVICE_VERSION_00000000000000000000000000000000	PY_EXPRESSION_eb772bd046ab129b3512614f974f9496
CALL	RETURN_VALUE	RETURN_VALUE	METHOD		PY_METHOD_5f51b71454110ce2111c8c1a81fe45dd		0	0		concrete_target	NONE	NONE		UNKNOWN				false	0	36	11	36	42	PY_SCOPE_b890af9d763c39ffb1fe4c3c4b0663a3	PY_MODULE_eaac5d3d87793210a2655db9a761dce0		LOAD	false		false	false	concrete_target		UNKNOWN	NONE	NONE	SERVICE_VERSION_00000000000000000000000000000000	PY_EXPRESSION_f9acb76766ba9470c4dc5bda284b40d2
NAME_REFERENCE	CALLEE	RETURN_VALUE	METHOD		PY_METHOD_5f51b71454110ce2111c8c1a81fe45dd	PY_EXPRESSION_f9acb76766ba9470c4dc5bda284b40d2	0	1		concrete_target	NONE	NONE		METHOD	PY_METHOD_af1040c2eac14cc23c3bad2178f5641c			false	0	36	11	36	26	PY_SCOPE_b890af9d763c39ffb1fe4c3c4b0663a3	PY_MODULE_eaac5d3d87793210a2655db9a761dce0	PY_BINDING_79826965a8e71e7285c9ae9e7d9a7874	LOAD	false		false	false			UNKNOWN	NONE	NONE	SERVICE_VERSION_00000000000000000000000000000000	PY_EXPRESSION_e0cbdaa6dcaae61ee8ee713d100ec428
NAME_REFERENCE	ARGUMENT	RETURN_VALUE	METHOD		PY_METHOD_5f51b71454110ce2111c8c1a81fe45dd	PY_EXPRESSION_f9acb76766ba9470c4dc5bda284b40d2	0	1		account	NONE	NONE		UNKNOWN				false	0	36	27	36	34	PY_SCOPE_b890af9d763c39ffb1fe4c3c4b0663a3	PY_MODULE_eaac5d3d87793210a2655db9a761dce0	PY_BINDING_2fadc52a7909abb0f3a417ae33a0b4ed	LOAD	false		false	false			UNKNOWN	NONE	NONE	SERVICE_VERSION_00000000000000000000000000000000	PY_EXPRESSION_a536274d8bf79ecd7bd0c67aeb396955
NAME_REFERENCE	STAR_ARGUMENT	RETURN_VALUE	METHOD		PY_METHOD_5f51b71454110ce2111c8c1a81fe45dd	PY_EXPRESSION_f9acb76766ba9470c4dc5bda284b40d2	1	1		rest	NONE	NONE		UNKNOWN				false	0	36	37	36	41	PY_SCOPE_b890af9d763c39ffb1fe4c3c4b0663a3	PY_MODULE_eaac5d3d87793210a2655db9a761dce0	PY_BINDING_850a38e1bd19d2587cca00ff0a8ca2ff	LOAD	false		false	true			UNKNOWN	NONE	NONE	SERVICE_VERSION_00000000000000000000000000000000	PY_EXPRESSION_04a3b451d8f44ffb7b3a2a473c5f3078
CALL	RETURN_VALUE	RETURN_VALUE	METHOD		PY_METHOD_72710bdb71caade98c6dd701237ccecb		0	0		concrete_target	NONE	NONE		UNKNOWN				false	0	41	11	41	46	PY_SCOPE_ef4a0e06203a25e248c1ca092278922d	PY_MODULE_eaac5d3d87793210a2655db9a761dce0		LOAD	false		false	false	concrete_target		UNKNOWN	NONE	NONE	SERVICE_VERSION_00000000000000000000000000000000	PY_EXPRESSION_51ed47a48f1d6bb747c7f2e11127339a
NAME_REFERENCE	CALLEE	RETURN_VALUE	METHOD		PY_METHOD_72710bdb71caade98c6dd701237ccecb	PY_EXPRESSION_51ed47a48f1d6bb747c7f2e11127339a	0	1		concrete_target	NONE	NONE		METHOD	PY_METHOD_af1040c2eac14cc23c3bad2178f5641c			false	0	41	11	41	26	PY_SCOPE_ef4a0e06203a25e248c1ca092278922d	PY_MODULE_eaac5d3d87793210a2655db9a761dce0	PY_BINDING_8d09a0d0a145af7fd0042d28bce8f517	LOAD	false		false	false			UNKNOWN	NONE	NONE	SERVICE_VERSION_00000000000000000000000000000000	PY_EXPRESSION_b8a16a124f3de1823ef47ad2ca7b12e6
TUPLE	STAR_ARGUMENT	RETURN_VALUE	METHOD		PY_METHOD_72710bdb71caade98c6dd701237ccecb	PY_EXPRESSION_51ed47a48f1d6bb747c7f2e11127339a	0	1			NONE	NONE		UNKNOWN				false	0	41	28	41	45	PY_SCOPE_ef4a0e06203a25e248c1ca092278922d	PY_MODULE_eaac5d3d87793210a2655db9a761dce0		LOAD	false		false	true		tuple	BUILTIN_COLLECTION	COLLECTION_LITERAL	CERTAIN	SERVICE_VERSION_00000000000000000000000000000000	PY_EXPRESSION_c8f83d97ccb7c72960f7d291fae04af4
NAME_REFERENCE	ARGUMENT	RETURN_VALUE	METHOD		PY_METHOD_72710bdb71caade98c6dd701237ccecb	PY_EXPRESSION_c8f83d97ccb7c72960f7d291fae04af4	0	2		account	NONE	NONE		UNKNOWN				false	0	41	29	41	36	PY_SCOPE_ef4a0e06203a25e248c1ca092278922d	PY_MODULE_eaac5d3d87793210a2655db9a761dce0	PY_BINDING_9b52303b8fc20ab7a9ef1ada59267d46	LOAD	false		false	false			UNKNOWN	NONE	NONE	SERVICE_VERSION_00000000000000000000000000000000	PY_EXPRESSION_2064bd5c2e51ac93fe1a8ffdfc9acd34
NAME_REFERENCE	ARGUMENT	RETURN_VALUE	METHOD		PY_METHOD_72710bdb71caade98c6dd701237ccecb	PY_EXPRESSION_c8f83d97ccb7c72960f7d291fae04af4	1	2		ledger	NONE	NONE		UNKNOWN				false	0	41	38	41	44	PY_SCOPE_ef4a0e06203a25e248c1ca092278922d	PY_MODULE_eaac5d3d87793210a2655db9a761dce0	PY_BINDING_a857da1a205272e46bf18029a281c99c	LOAD	false		false	false			UNKNOWN	NONE	NONE	SERVICE_VERSION_00000000000000000000000000000000	PY_EXPRESSION_d0ecce099ed8df64949486eedd6b78fe
CALL	RETURN_VALUE	RETURN_VALUE	METHOD		PY_METHOD_4292c7c567ee3086f3a46288e25e1379		0	0		sum	NONE	NONE		UNKNOWN				false	0	45	11	45	48	PY_SCOPE_dff3b66c7c4eb0398c3e9b7ed98ffd43	PY_MODULE_eaac5d3d87793210a2655db9a761dce0		LOAD	false		false	false	sum		UNKNOWN	NONE	NONE	SERVICE_VERSION_00000000000000000000000000000000	PY_EXPRESSION_0aea7cf955ab74746842eddd73c260ad
NAME_REFERENCE	CALLEE	RETURN_VALUE	METHOD		PY_METHOD_4292c7c567ee3086f3a46288e25e1379	PY_EXPRESSION_0aea7cf955ab74746842eddd73c260ad	0	1		sum	NONE	NONE		UNKNOWN				false	0	45	11	45	14	PY_SCOPE_dff3b66c7c4eb0398c3e9b7ed98ffd43	PY_MODULE_eaac5d3d87793210a2655db9a761dce0	PY_BINDING_fe6cbff7360d431e9bf06f2a155884bc	LOAD	false		false	false			UNKNOWN	NONE	NONE	SERVICE_VERSION_00000000000000000000000000000000	PY_EXPRESSION_aebdd7a97f74e4f9399046dfda6f0ad5
GENERATOR_EXPRESSION	STAR_ARGUMENT	RETURN_VALUE	METHOD		PY_METHOD_4292c7c567ee3086f3a46288e25e1379	PY_EXPRESSION_0aea7cf955ab74746842eddd73c260ad	0	1			GENERATOR	NONE		UNKNOWN		PY_SCOPE_904d54b879e471850873963b63e698f5		false	0	45	16	45	47	PY_SCOPE_dff3b66c7c4eb0398c3e9b7ed98ffd43	PY_MODULE_eaac5d3d87793210a2655db9a761dce0		LOAD	false		false	true		Generator	CALLABLE	COMPREHENSION	CERTAIN	SERVICE_VERSION_00000000000000000000000000000000	PY_EXPRESSION_0cc29a57697b7fba75b60f259544d133
NAME_REFERENCE	COMPREHENSION_ITERABLE	RETURN_VALUE	METHOD		PY_METHOD_4292c7c567ee3086f3a46288e25e1379	PY_EXPRESSION_0cc29a57697b7fba75b60f259544d133	0	2		accounts	NONE	NONE		UNKNOWN				false	0	45	38	45	46	PY_SCOPE_dff3b66c7c4eb0398c3e9b7ed98ffd43	PY_MODULE_eaac5d3d87793210a2655db9a761dce0	PY_BINDING_ea9e36800863e07b1c46cac1ccb4fd53	LOAD	false		false	false			UNKNOWN	NONE	NONE	SERVICE_VERSION_00000000000000000000000000000000	PY_EXPRESSION_8a5f1e930b28edaa4523b61bc87945ad
NAME_REFERENCE	COMPREHENSION_TARGET	COMPREHENSION	METHOD		PY_METHOD_4292c7c567ee3086f3a46288e25e1379	PY_EXPRESSION_0cc29a57697b7fba75b60f259544d133	0	2		a	NONE	NONE		UNKNOWN				false	0	45	33	45	34	PY_SCOPE_904d54b879e471850873963b63e698f5	PY_MODULE_eaac5d3d87793210a2655db9a761dce0	PY_BINDING_92bf3562084fa735bd9f0918479dd7d2	STORE	true		false	false			UNKNOWN	NONE	NONE	SERVICE_VERSION_00000000000000000000000000000000	PY_EXPRESSION_9f18633a72a79138ce77dbf9ff22f843
CALL	COMPREHENSION_ELEMENT	COMPREHENSION	METHOD		PY_METHOD_4292c7c567ee3086f3a46288e25e1379	PY_EXPRESSION_0cc29a57697b7fba75b60f259544d133	0	2		balance	NONE	NONE		UNKNOWN				false	0	45	17	45	28	PY_SCOPE_904d54b879e471850873963b63e698f5	PY_MODULE_eaac5d3d87793210a2655db9a761dce0		LOAD	false		false	false	a.balance		UNKNOWN	NONE	NONE	SERVICE_VERSION_00000000000000000000000000000000	PY_EXPRESSION_cb9af0e8499180e449622429cce4b267
ATTRIBUTE_ACCESS	RECEIVER	COMPREHENSION	METHOD		PY_METHOD_4292c7c567ee3086f3a46288e25e1379	PY_EXPRESSION_cb9af0e8499180e449622429cce4b267	0	3		balance	NONE	NONE		UNKNOWN				false	0	45	17	45	26	PY_SCOPE_904d54b879e471850873963b63e698f5	PY_MODULE_eaac5d3d87793210a2655db9a761dce0		LOAD	false		false	false	a.balance		UNKNOWN	NONE	NONE	SERVICE_VERSION_00000000000000000000000000000000	PY_EXPRESSION_7be9a7ac8ff241b130ab0e9c7fc64e12
NAME_REFERENCE	ATTRIBUTE_OBJECT	COMPREHENSION	METHOD		PY_METHOD_4292c7c567ee3086f3a46288e25e1379	PY_EXPRESSION_7be9a7ac8ff241b130ab0e9c7fc64e12	0	4		a	NONE	NONE		UNKNOWN				false	0	45	17	45	18	PY_SCOPE_904d54b879e471850873963b63e698f5	PY_MODULE_eaac5d3d87793210a2655db9a761dce0	PY_BINDING_92bf3562084fa735bd9f0918479dd7d2	LOAD	false		false	false			UNKNOWN	NONE	NONE	SERVICE_VERSION_00000000000000000000000000000000	PY_EXPRESSION_eda91d35b7095cea85bcac4850c1ffe8
CALL	ROOT	EXPRESSION_STATEMENT	METHOD		PY_METHOD_8a98e879e2c694eb9197bff6e20af1b0		0	0		full_passthrough	NONE	NONE		UNKNOWN				false		49	4	49	64	PY_SCOPE_40b5ef0ae36bba20e33919e0417d7306	PY_MODULE_eaac5d3d87793210a2655db9a761dce0		LOAD	false		false	false	full_passthrough		UNKNOWN	NONE	NONE	SERVICE_VERSION_00000000000000000000000000000000	PY_EXPRESSION_6ebb59c81505db47d96d4cad9e427c8a
NAME_REFERENCE	CALLEE	EXPRESSION_STATEMENT	METHOD		PY_METHOD_8a98e879e2c694eb9197bff6e20af1b0	PY_EXPRESSION_6ebb59c81505db47d96d4cad9e427c8a	0	1		full_passthrough	NONE	NONE		METHOD	PY_METHOD_b3c80121fe8c4631c0606909c9ae24f2			false		49	4	49	20	PY_SCOPE_40b5ef0ae36bba20e33919e0417d7306	PY_MODULE_eaac5d3d87793210a2655db9a761dce0	PY_BINDING_da745d4b58a0e72cad299e023258e483	LOAD	false		false	false			UNKNOWN	NONE	NONE	SERVICE_VERSION_00000000000000000000000000000000	PY_EXPRESSION_a906372dfe621b5ce162ea80767a3cba
CALL	ARGUMENT	EXPRESSION_STATEMENT	METHOD		PY_METHOD_8a98e879e2c694eb9197bff6e20af1b0	PY_EXPRESSION_6ebb59c81505db47d96d4cad9e427c8a	0	1		Account	NONE	NONE		UNKNOWN				false		49	21	49	35	PY_SCOPE_40b5ef0ae36bba20e33919e0417d7306	PY_MODULE_eaac5d3d87793210a2655db9a761dce0		LOAD	false		false	false	Account		UNKNOWN	NONE	NONE	SERVICE_VERSION_00000000000000000000000000000000	PY_EXPRESSION_c29c1d48bf235937b0051ae017602170
CALL	ARGUMENT	EXPRESSION_STATEMENT	METHOD		PY_METHOD_8a98e879e2c694eb9197bff6e20af1b0	PY_EXPRESSION_6ebb59c81505db47d96d4cad9e427c8a	1	1		Ledger	NONE	NONE		UNKNOWN				false		49	37	49	45	PY_SCOPE_40b5ef0ae36bba20e33919e0417d7306	PY_MODULE_eaac5d3d87793210a2655db9a761dce0		LOAD	false		false	false	Ledger		UNKNOWN	NONE	NONE	SERVICE_VERSION_00000000000000000000000000000000	PY_EXPRESSION_9b92740803102b711576306398d2d041
LITERAL	KEYWORD_ARGUMENT	EXPRESSION_STATEMENT	METHOD		PY_METHOD_8a98e879e2c694eb9197bff6e20af1b0	PY_EXPRESSION_6ebb59c81505db47d96d4cad9e427c8a	2	1	STRING	via splat	NONE	NONE		UNKNOWN				false		49	52	49	63	PY_SCOPE_40b5ef0ae36bba20e33919e0417d7306	PY_MODULE_eaac5d3d87793210a2655db9a761dce0		LOAD	false	note	false	false		str	BUILTIN_SCALAR	LITERAL	CERTAIN	SERVICE_VERSION_00000000000000000000000000000000	PY_EXPRESSION_3b923f5227134088d0d6ba9802b39013
NAME_REFERENCE	CALLEE	EXPRESSION_STATEMENT	METHOD		PY_METHOD_8a98e879e2c694eb9197bff6e20af1b0	PY_EXPRESSION_c29c1d48bf235937b0051ae017602170	0	2		Account	NONE	NONE		TYPE	PY_TYPE_160aee5ca584e3817b8783b4e148e2a8			false		49	21	49	28	PY_SCOPE_40b5ef0ae36bba20e33919e0417d7306	PY_MODULE_eaac5d3d87793210a2655db9a761dce0	PY_BINDING_25e72f83683283cd588cdda8927ef486	LOAD	false		false	false			UNKNOWN	NONE	NONE	SERVICE_VERSION_00000000000000000000000000000000	PY_EXPRESSION_861e64d4864db597aa4d7455c8fd0594
NAME_REFERENCE	ARGUMENT	EXPRESSION_STATEMENT	METHOD		PY_METHOD_8a98e879e2c694eb9197bff6e20af1b0	PY_EXPRESSION_c29c1d48bf235937b0051ae017602170	0	2		owner	NONE	NONE		UNKNOWN				false		49	29	49	34	PY_SCOPE_40b5ef0ae36bba20e33919e0417d7306	PY_MODULE_eaac5d3d87793210a2655db9a761dce0	PY_BINDING_dd16b87cd7bc7b868a0e08d09642c90c	LOAD	false		false	false			UNKNOWN	NONE	NONE	SERVICE_VERSION_00000000000000000000000000000000	PY_EXPRESSION_460ac7e6d19425b93a6dc7bd3c003c1b
NAME_REFERENCE	CALLEE	EXPRESSION_STATEMENT	METHOD		PY_METHOD_8a98e879e2c694eb9197bff6e20af1b0	PY_EXPRESSION_9b92740803102b711576306398d2d041	0	2		Ledger	NONE	NONE		TYPE	PY_TYPE_65c006b7dc1da8d5b431a90353733207			false		49	37	49	43	PY_SCOPE_40b5ef0ae36bba20e33919e0417d7306	PY_MODULE_eaac5d3d87793210a2655db9a761dce0	PY_BINDING_3b44c2ee8f511870939df3d70142789c	LOAD	false		false	false			UNKNOWN	NONE	NONE	SERVICE_VERSION_00000000000000000000000000000000	PY_EXPRESSION_96c8dfcf734f04c2030b5c837c991e5a
CALL	ROOT	EXPRESSION_STATEMENT	METHOD		PY_METHOD_8a98e879e2c694eb9197bff6e20af1b0		0	0		star_only_passthrough	NONE	NONE		UNKNOWN				false		50	4	50	51	PY_SCOPE_40b5ef0ae36bba20e33919e0417d7306	PY_MODULE_eaac5d3d87793210a2655db9a761dce0		LOAD	false		false	false	star_only_passthrough		UNKNOWN	NONE	NONE	SERVICE_VERSION_00000000000000000000000000000000	PY_EXPRESSION_77daccac828ec395cbeb26ee58619126
NAME_REFERENCE	CALLEE	EXPRESSION_STATEMENT	METHOD		PY_METHOD_8a98e879e2c694eb9197bff6e20af1b0	PY_EXPRESSION_77daccac828ec395cbeb26ee58619126	0	1		star_only_passthrough	NONE	NONE		METHOD	PY_METHOD_12613e51da2b1c6140bd0d2d97a83705			false		50	4	50	25	PY_SCOPE_40b5ef0ae36bba20e33919e0417d7306	PY_MODULE_eaac5d3d87793210a2655db9a761dce0	PY_BINDING_33dfe299589f938de13a7b1a479ada6d	LOAD	false		false	false			UNKNOWN	NONE	NONE	SERVICE_VERSION_00000000000000000000000000000000	PY_EXPRESSION_8d4035dade447b4b8f93919b92280bd8
CALL	ARGUMENT	EXPRESSION_STATEMENT	METHOD		PY_METHOD_8a98e879e2c694eb9197bff6e20af1b0	PY_EXPRESSION_77daccac828ec395cbeb26ee58619126	0	1		Account	NONE	NONE		UNKNOWN				false		50	26	50	40	PY_SCOPE_40b5ef0ae36bba20e33919e0417d7306	PY_MODULE_eaac5d3d87793210a2655db9a761dce0		LOAD	false		false	false	Account		UNKNOWN	NONE	NONE	SERVICE_VERSION_00000000000000000000000000000000	PY_EXPRESSION_93979c66479adc50797164bb4138dcac
CALL	ARGUMENT	EXPRESSION_STATEMENT	METHOD		PY_METHOD_8a98e879e2c694eb9197bff6e20af1b0	PY_EXPRESSION_77daccac828ec395cbeb26ee58619126	1	1		Ledger	NONE	NONE		UNKNOWN				false		50	42	50	50	PY_SCOPE_40b5ef0ae36bba20e33919e0417d7306	PY_MODULE_eaac5d3d87793210a2655db9a761dce0		LOAD	false		false	false	Ledger		UNKNOWN	NONE	NONE	SERVICE_VERSION_00000000000000000000000000000000	PY_EXPRESSION_34d0dce8e76ce5e1f0d9de99aa8f5c69
NAME_REFERENCE	CALLEE	EXPRESSION_STATEMENT	METHOD		PY_METHOD_8a98e879e2c694eb9197bff6e20af1b0	PY_EXPRESSION_93979c66479adc50797164bb4138dcac	0	2		Account	NONE	NONE		TYPE	PY_TYPE_160aee5ca584e3817b8783b4e148e2a8			false		50	26	50	33	PY_SCOPE_40b5ef0ae36bba20e33919e0417d7306	PY_MODULE_eaac5d3d87793210a2655db9a761dce0	PY_BINDING_25e72f83683283cd588cdda8927ef486	LOAD	false		false	false			UNKNOWN	NONE	NONE	SERVICE_VERSION_00000000000000000000000000000000	PY_EXPRESSION_f1c9042f32fa63d21e519045f421ed21
NAME_REFERENCE	ARGUMENT	EXPRESSION_STATEMENT	METHOD		PY_METHOD_8a98e879e2c694eb9197bff6e20af1b0	PY_EXPRESSION_93979c66479adc50797164bb4138dcac	0	2		owner	NONE	NONE		UNKNOWN				false		50	34	50	39	PY_SCOPE_40b5ef0ae36bba20e33919e0417d7306	PY_MODULE_eaac5d3d87793210a2655db9a761dce0	PY_BINDING_dd16b87cd7bc7b868a0e08d09642c90c	LOAD	false		false	false			UNKNOWN	NONE	NONE	SERVICE_VERSION_00000000000000000000000000000000	PY_EXPRESSION_23665118c6768a5f21d05ec7bb67428f
NAME_REFERENCE	CALLEE	EXPRESSION_STATEMENT	METHOD		PY_METHOD_8a98e879e2c694eb9197bff6e20af1b0	PY_EXPRESSION_34d0dce8e76ce5e1f0d9de99aa8f5c69	0	2		Ledger	NONE	NONE		TYPE	PY_TYPE_65c006b7dc1da8d5b431a90353733207			false		50	42	50	48	PY_SCOPE_40b5ef0ae36bba20e33919e0417d7306	PY_MODULE_eaac5d3d87793210a2655db9a761dce0	PY_BINDING_3b44c2ee8f511870939df3d70142789c	LOAD	false		false	false			UNKNOWN	NONE	NONE	SERVICE_VERSION_00000000000000000000000000000000	PY_EXPRESSION_64bcfadafe765ca82326c8e1baf2aeb5
CALL	ROOT	EXPRESSION_STATEMENT	METHOD		PY_METHOD_8a98e879e2c694eb9197bff6e20af1b0		0	0		kwargs_only_passthrough	NONE	NONE		UNKNOWN				false		51	4	51	68	PY_SCOPE_40b5ef0ae36bba20e33919e0417d7306	PY_MODULE_eaac5d3d87793210a2655db9a761dce0		LOAD	false		false	false	kwargs_only_passthrough		UNKNOWN	NONE	NONE	SERVICE_VERSION_00000000000000000000000000000000	PY_EXPRESSION_89cde70061e8a00e4215d45f05085c4b
NAME_REFERENCE	CALLEE	EXPRESSION_STATEMENT	METHOD		PY_METHOD_8a98e879e2c694eb9197bff6e20af1b0	PY_EXPRESSION_89cde70061e8a00e4215d45f05085c4b	0	1		kwargs_only_passthrough	NONE	NONE		METHOD	PY_METHOD_cea36a77e9c18f57b6d17929bc1bc873			false		51	4	51	27	PY_SCOPE_40b5ef0ae36bba20e33919e0417d7306	PY_MODULE_eaac5d3d87793210a2655db9a761dce0	PY_BINDING_5945654d94117ab7d33711af68c34c5a	LOAD	false		false	false			UNKNOWN	NONE	NONE	SERVICE_VERSION_00000000000000000000000000000000	PY_EXPRESSION_8112e0686c8c654ed9bdfb5d13ab0505
CALL	KEYWORD_ARGUMENT	EXPRESSION_STATEMENT	METHOD		PY_METHOD_8a98e879e2c694eb9197bff6e20af1b0	PY_EXPRESSION_89cde70061e8a00e4215d45f05085c4b	0	1		Account	NONE	NONE		UNKNOWN				false		51	36	51	50	PY_SCOPE_40b5ef0ae36bba20e33919e0417d7306	PY_MODULE_eaac5d3d87793210a2655db9a761dce0		LOAD	false	account	false	false	Account		UNKNOWN	NONE	NONE	SERVICE_VERSION_00000000000000000000000000000000	PY_EXPRESSION_3f61b736e3616803af105cadb17586b0
CALL	KEYWORD_ARGUMENT	EXPRESSION_STATEMENT	METHOD		PY_METHOD_8a98e879e2c694eb9197bff6e20af1b0	PY_EXPRESSION_89cde70061e8a00e4215d45f05085c4b	0	1		Ledger	NONE	NONE		UNKNOWN				false		51	59	51	67	PY_SCOPE_40b5ef0ae36bba20e33919e0417d7306	PY_MODULE_eaac5d3d87793210a2655db9a761dce0		LOAD	false	ledger	false	false	Ledger		UNKNOWN	NONE	NONE	SERVICE_VERSION_00000000000000000000000000000000	PY_EXPRESSION_b65b3efff69526a3a738f80455f87a36
NAME_REFERENCE	CALLEE	EXPRESSION_STATEMENT	METHOD		PY_METHOD_8a98e879e2c694eb9197bff6e20af1b0	PY_EXPRESSION_3f61b736e3616803af105cadb17586b0	0	2		Account	NONE	NONE		TYPE	PY_TYPE_160aee5ca584e3817b8783b4e148e2a8			false		51	36	51	43	PY_SCOPE_40b5ef0ae36bba20e33919e0417d7306	PY_MODULE_eaac5d3d87793210a2655db9a761dce0	PY_BINDING_25e72f83683283cd588cdda8927ef486	LOAD	false		false	false			UNKNOWN	NONE	NONE	SERVICE_VERSION_00000000000000000000000000000000	PY_EXPRESSION_f37878fdf9cc203b470674c4a20edc3d
NAME_REFERENCE	ARGUMENT	EXPRESSION_STATEMENT	METHOD		PY_METHOD_8a98e879e2c694eb9197bff6e20af1b0	PY_EXPRESSION_3f61b736e3616803af105cadb17586b0	0	2		owner	NONE	NONE		UNKNOWN				false		51	44	51	49	PY_SCOPE_40b5ef0ae36bba20e33919e0417d7306	PY_MODULE_eaac5d3d87793210a2655db9a761dce0	PY_BINDING_dd16b87cd7bc7b868a0e08d09642c90c	LOAD	false		false	false			UNKNOWN	NONE	NONE	SERVICE_VERSION_00000000000000000000000000000000	PY_EXPRESSION_fdf14b71fff840368b96ee776ce90af4
NAME_REFERENCE	CALLEE	EXPRESSION_STATEMENT	METHOD		PY_METHOD_8a98e879e2c694eb9197bff6e20af1b0	PY_EXPRESSION_b65b3efff69526a3a738f80455f87a36	0	2		Ledger	NONE	NONE		TYPE	PY_TYPE_65c006b7dc1da8d5b431a90353733207			false		51	59	51	65	PY_SCOPE_40b5ef0ae36bba20e33919e0417d7306	PY_MODULE_eaac5d3d87793210a2655db9a761dce0	PY_BINDING_3b44c2ee8f511870939df3d70142789c	LOAD	false		false	false			UNKNOWN	NONE	NONE	SERVICE_VERSION_00000000000000000000000000000000	PY_EXPRESSION_439dc463732ccec751193dbbfa81fcf4
CALL	ROOT	EXPRESSION_STATEMENT	METHOD		PY_METHOD_8a98e879e2c694eb9197bff6e20af1b0		0	0		partial_splat	NONE	NONE		UNKNOWN				false		52	4	52	43	PY_SCOPE_40b5ef0ae36bba20e33919e0417d7306	PY_MODULE_eaac5d3d87793210a2655db9a761dce0		LOAD	false		false	false	partial_splat		UNKNOWN	NONE	NONE	SERVICE_VERSION_00000000000000000000000000000000	PY_EXPRESSION_70369bd51384f8fc0883a08f5a63e698
NAME_REFERENCE	CALLEE	EXPRESSION_STATEMENT	METHOD		PY_METHOD_8a98e879e2c694eb9197bff6e20af1b0	PY_EXPRESSION_70369bd51384f8fc0883a08f5a63e698	0	1		partial_splat	NONE	NONE		METHOD	PY_METHOD_5f51b71454110ce2111c8c1a81fe45dd			false		52	4	52	17	PY_SCOPE_40b5ef0ae36bba20e33919e0417d7306	PY_MODULE_eaac5d3d87793210a2655db9a761dce0	PY_BINDING_de63537ca78ae536d75fd90a56b55138	LOAD	false		false	false			UNKNOWN	NONE	NONE	SERVICE_VERSION_00000000000000000000000000000000	PY_EXPRESSION_6130386af2838a6195efee3760427dad
CALL	ARGUMENT	EXPRESSION_STATEMENT	METHOD		PY_METHOD_8a98e879e2c694eb9197bff6e20af1b0	PY_EXPRESSION_70369bd51384f8fc0883a08f5a63e698	0	1		Account	NONE	NONE		UNKNOWN				false		52	18	52	32	PY_SCOPE_40b5ef0ae36bba20e33919e0417d7306	PY_MODULE_eaac5d3d87793210a2655db9a761dce0		LOAD	false		false	false	Account		UNKNOWN	NONE	NONE	SERVICE_VERSION_00000000000000000000000000000000	PY_EXPRESSION_591b86d3eaa8db302e035576d2960241
CALL	ARGUMENT	EXPRESSION_STATEMENT	METHOD		PY_METHOD_8a98e879e2c694eb9197bff6e20af1b0	PY_EXPRESSION_70369bd51384f8fc0883a08f5a63e698	1	1		Ledger	NONE	NONE		UNKNOWN				false		52	34	52	42	PY_SCOPE_40b5ef0ae36bba20e33919e0417d7306	PY_MODULE_eaac5d3d87793210a2655db9a761dce0		LOAD	false		false	false	Ledger		UNKNOWN	NONE	NONE	SERVICE_VERSION_00000000000000000000000000000000	PY_EXPRESSION_b195b578b54e74afa67f0e781a9cec4a
NAME_REFERENCE	CALLEE	EXPRESSION_STATEMENT	METHOD		PY_METHOD_8a98e879e2c694eb9197bff6e20af1b0	PY_EXPRESSION_591b86d3eaa8db302e035576d2960241	0	2		Account	NONE	NONE		TYPE	PY_TYPE_160aee5ca584e3817b8783b4e148e2a8			false		52	18	52	25	PY_SCOPE_40b5ef0ae36bba20e33919e0417d7306	PY_MODULE_eaac5d3d87793210a2655db9a761dce0	PY_BINDING_25e72f83683283cd588cdda8927ef486	LOAD	false		false	false			UNKNOWN	NONE	NONE	SERVICE_VERSION_00000000000000000000000000000000	PY_EXPRESSION_5618b94fb5d6b879383e8952ad9f69e1
NAME_REFERENCE	ARGUMENT	EXPRESSION_STATEMENT	METHOD		PY_METHOD_8a98e879e2c694eb9197bff6e20af1b0	PY_EXPRESSION_591b86d3eaa8db302e035576d2960241	0	2		owner	NONE	NONE		UNKNOWN				false		52	26	52	31	PY_SCOPE_40b5ef0ae36bba20e33919e0417d7306	PY_MODULE_eaac5d3d87793210a2655db9a761dce0	PY_BINDING_dd16b87cd7bc7b868a0e08d09642c90c	LOAD	false		false	false			UNKNOWN	NONE	NONE	SERVICE_VERSION_00000000000000000000000000000000	PY_EXPRESSION_d89cbd2f9f626c163128488ab4c4a928
NAME_REFERENCE	CALLEE	EXPRESSION_STATEMENT	METHOD		PY_METHOD_8a98e879e2c694eb9197bff6e20af1b0	PY_EXPRESSION_b195b578b54e74afa67f0e781a9cec4a	0	2		Ledger	NONE	NONE		TYPE	PY_TYPE_65c006b7dc1da8d5b431a90353733207			false		52	34	52	40	PY_SCOPE_40b5ef0ae36bba20e33919e0417d7306	PY_MODULE_eaac5d3d87793210a2655db9a761dce0	PY_BINDING_3b44c2ee8f511870939df3d70142789c	LOAD	false		false	false			UNKNOWN	NONE	NONE	SERVICE_VERSION_00000000000000000000000000000000	PY_EXPRESSION_71f8b502a7b0c8b8bfd865068f02a852
CALL	ROOT	EXPRESSION_STATEMENT	METHOD		PY_METHOD_8a98e879e2c694eb9197bff6e20af1b0		0	0		splat_a_literal_tuple	NONE	NONE		UNKNOWN				false		53	4	53	51	PY_SCOPE_40b5ef0ae36bba20e33919e0417d7306	PY_MODULE_eaac5d3d87793210a2655db9a761dce0		LOAD	false		false	false	splat_a_literal_tuple		UNKNOWN	NONE	NONE	SERVICE_VERSION_00000000000000000000000000000000	PY_EXPRESSION_daa5dfe0836c4c32865723d86bbf65f9
NAME_REFERENCE	CALLEE	EXPRESSION_STATEMENT	METHOD		PY_METHOD_8a98e879e2c694eb9197bff6e20af1b0	PY_EXPRESSION_daa5dfe0836c4c32865723d86bbf65f9	0	1		splat_a_literal_tuple	NONE	NONE		METHOD	PY_METHOD_72710bdb71caade98c6dd701237ccecb			false		53	4	53	25	PY_SCOPE_40b5ef0ae36bba20e33919e0417d7306	PY_MODULE_eaac5d3d87793210a2655db9a761dce0	PY_BINDING_d728bf347a736f09295ac9f5371dc41f	LOAD	false		false	false			UNKNOWN	NONE	NONE	SERVICE_VERSION_00000000000000000000000000000000	PY_EXPRESSION_dd09c261e8c88766dbaa19d9c8bb4512
CALL	ARGUMENT	EXPRESSION_STATEMENT	METHOD		PY_METHOD_8a98e879e2c694eb9197bff6e20af1b0	PY_EXPRESSION_daa5dfe0836c4c32865723d86bbf65f9	0	1		Account	NONE	NONE		UNKNOWN				false		53	26	53	40	PY_SCOPE_40b5ef0ae36bba20e33919e0417d7306	PY_MODULE_eaac5d3d87793210a2655db9a761dce0		LOAD	false		false	false	Account		UNKNOWN	NONE	NONE	SERVICE_VERSION_00000000000000000000000000000000	PY_EXPRESSION_9ad425bca8f9a630d8514d1a06f1561c
CALL	ARGUMENT	EXPRESSION_STATEMENT	METHOD		PY_METHOD_8a98e879e2c694eb9197bff6e20af1b0	PY_EXPRESSION_daa5dfe0836c4c32865723d86bbf65f9	1	1		Ledger	NONE	NONE		UNKNOWN				false		53	42	53	50	PY_SCOPE_40b5ef0ae36bba20e33919e0417d7306	PY_MODULE_eaac5d3d87793210a2655db9a761dce0		LOAD	false		false	false	Ledger		UNKNOWN	NONE	NONE	SERVICE_VERSION_00000000000000000000000000000000	PY_EXPRESSION_615da98c3ee371aadab4f7c0a3cfc35e
NAME_REFERENCE	CALLEE	EXPRESSION_STATEMENT	METHOD		PY_METHOD_8a98e879e2c694eb9197bff6e20af1b0	PY_EXPRESSION_9ad425bca8f9a630d8514d1a06f1561c	0	2		Account	NONE	NONE		TYPE	PY_TYPE_160aee5ca584e3817b8783b4e148e2a8			false		53	26	53	33	PY_SCOPE_40b5ef0ae36bba20e33919e0417d7306	PY_MODULE_eaac5d3d87793210a2655db9a761dce0	PY_BINDING_25e72f83683283cd588cdda8927ef486	LOAD	false		false	false			UNKNOWN	NONE	NONE	SERVICE_VERSION_00000000000000000000000000000000	PY_EXPRESSION_0114120042a12d3727a277e3d6d69aa2
NAME_REFERENCE	ARGUMENT	EXPRESSION_STATEMENT	METHOD		PY_METHOD_8a98e879e2c694eb9197bff6e20af1b0	PY_EXPRESSION_9ad425bca8f9a630d8514d1a06f1561c	0	2		owner	NONE	NONE		UNKNOWN				false		53	34	53	39	PY_SCOPE_40b5ef0ae36bba20e33919e0417d7306	PY_MODULE_eaac5d3d87793210a2655db9a761dce0	PY_BINDING_dd16b87cd7bc7b868a0e08d09642c90c	LOAD	false		false	false			UNKNOWN	NONE	NONE	SERVICE_VERSION_00000000000000000000000000000000	PY_EXPRESSION_f3a05c15dd106b570771bac3b6dedb4c
NAME_REFERENCE	CALLEE	EXPRESSION_STATEMENT	METHOD		PY_METHOD_8a98e879e2c694eb9197bff6e20af1b0	PY_EXPRESSION_615da98c3ee371aadab4f7c0a3cfc35e	0	2		Ledger	NONE	NONE		TYPE	PY_TYPE_65c006b7dc1da8d5b431a90353733207			false		53	42	53	48	PY_SCOPE_40b5ef0ae36bba20e33919e0417d7306	PY_MODULE_eaac5d3d87793210a2655db9a761dce0	PY_BINDING_3b44c2ee8f511870939df3d70142789c	LOAD	false		false	false			UNKNOWN	NONE	NONE	SERVICE_VERSION_00000000000000000000000000000000	PY_EXPRESSION_74d3dd571ecbcc4d021dc4684aa20d10
LITERAL	ROOT	MODULE_LEVEL_STATEMENT	METHOD		PY_METHOD_c6aa1f86dabb668bdc8ccb16358da101		0	0	STRING	Java analogue: methods/ + method-parameters. THE primary receiver-typing mechanism for Python. 68.2% of parameters in the measured corpus carry no annotation, so a parameter's type is knowable only from what callers actually pass at that position -- or under that keyword. Each callee below has an unannotated parameter used as a receiver. Each caller passes a concretely-typed argument. The link is the fact under test.	NONE	NONE		UNKNOWN				false		1	0	9	3	PY_SCOPE_850472b769a962131b1227af3589d5b9	PY_MODULE_3e2577d507dabc3d49a0e7ec37344e51		LOAD	false		false	false		str	BUILTIN_SCALAR	LITERAL	CERTAIN	SERVICE_VERSION_00000000000000000000000000000000	PY_EXPRESSION_1df558b9574854890f895a7a7c340307
CALL	RETURN_VALUE	RETURN_VALUE	METHOD		PY_METHOD_ca6935fcd43cbae787fac2db38395296		0	0		balance	NONE	NONE		UNKNOWN				false	0	18	11	18	28	PY_SCOPE_8729c1fca6554e2e493652c72575d345	PY_MODULE_3e2577d507dabc3d49a0e7ec37344e51		LOAD	false		false	false	account.balance		UNKNOWN	NONE	NONE	SERVICE_VERSION_00000000000000000000000000000000	PY_EXPRESSION_374b35bc328537d5fb2c00686d13ee60
ATTRIBUTE_ACCESS	RECEIVER	RETURN_VALUE	METHOD		PY_METHOD_ca6935fcd43cbae787fac2db38395296	PY_EXPRESSION_374b35bc328537d5fb2c00686d13ee60	0	1		balance	NONE	NONE		UNKNOWN				false	0	18	11	18	26	PY_SCOPE_8729c1fca6554e2e493652c72575d345	PY_MODULE_3e2577d507dabc3d49a0e7ec37344e51		LOAD	false		false	false	account.balance		UNKNOWN	NONE	NONE	SERVICE_VERSION_00000000000000000000000000000000	PY_EXPRESSION_5f554a34eb1a0ac9a44ca3b9b159e35d
NAME_REFERENCE	ATTRIBUTE_OBJECT	RETURN_VALUE	METHOD		PY_METHOD_ca6935fcd43cbae787fac2db38395296	PY_EXPRESSION_5f554a34eb1a0ac9a44ca3b9b159e35d	0	2		account	NONE	NONE		UNKNOWN				false	0	18	11	18	18	PY_SCOPE_8729c1fca6554e2e493652c72575d345	PY_MODULE_3e2577d507dabc3d49a0e7ec37344e51	PY_BINDING_756631dadff468d1ea8cb7a241c7d573	LOAD	false		false	false			UNKNOWN	NONE	NONE	SERVICE_VERSION_00000000000000000000000000000000	PY_EXPRESSION_3b636ef3b0db2c1eaf49229b36e39f6d
BINARY_OPERATION	RETURN_VALUE	RETURN_VALUE	METHOD		PY_METHOD_cb61ece167391d5e74b4da58d3005662		0	0			NONE	NONE	+	UNKNOWN				false	0	22	11	22	45	PY_SCOPE_99b54f980d4037f803d268585046bede	PY_MODULE_3e2577d507dabc3d49a0e7ec37344e51		LOAD	false		false	false			UNKNOWN	NONE	NONE	SERVICE_VERSION_00000000000000000000000000000000	PY_EXPRESSION_fd82b3d6fd3d6e52897e9efc1586be10
CALL	OPERAND_LEFT	RETURN_VALUE	METHOD		PY_METHOD_cb61ece167391d5e74b4da58d3005662	PY_EXPRESSION_fd82b3d6fd3d6e52897e9efc1586be10	0	1		balance	NONE	NONE		UNKNOWN				false	0	22	11	22	26	PY_SCOPE_99b54f980d4037f803d268585046bede	PY_MODULE_3e2577d507dabc3d49a0e7ec37344e51		LOAD	false		false	false	first.balance		UNKNOWN	NONE	NONE	SERVICE_VERSION_00000000000000000000000000000000	PY_EXPRESSION_7534319922bd52d75c106fc477cdc51f
CALL	OPERAND_RIGHT	RETURN_VALUE	METHOD		PY_METHOD_cb61ece167391d5e74b4da58d3005662	PY_EXPRESSION_fd82b3d6fd3d6e52897e9efc1586be10	1	1		balance	NONE	NONE		UNKNOWN				false	0	22	29	22	45	PY_SCOPE_99b54f980d4037f803d268585046bede	PY_MODULE_3e2577d507dabc3d49a0e7ec37344e51		LOAD	false		false	false	second.balance		UNKNOWN	NONE	NONE	SERVICE_VERSION_00000000000000000000000000000000	PY_EXPRESSION_79abdfb888c6db3c9f1fcb5628922495
ATTRIBUTE_ACCESS	RECEIVER	RETURN_VALUE	METHOD		PY_METHOD_cb61ece167391d5e74b4da58d3005662	PY_EXPRESSION_7534319922bd52d75c106fc477cdc51f	0	2		balance	NONE	NONE		UNKNOWN				false	0	22	11	22	24	PY_SCOPE_99b54f980d4037f803d268585046bede	PY_MODULE_3e2577d507dabc3d49a0e7ec37344e51		LOAD	false		false	false	first.balance		UNKNOWN	NONE	NONE	SERVICE_VERSION_00000000000000000000000000000000	PY_EXPRESSION_046bfb4ffee688ca349861eff941fec5
ATTRIBUTE_ACCESS	RECEIVER	RETURN_VALUE	METHOD		PY_METHOD_cb61ece167391d5e74b4da58d3005662	PY_EXPRESSION_79abdfb888c6db3c9f1fcb5628922495	0	2		balance	NONE	NONE		UNKNOWN				false	0	22	29	22	43	PY_SCOPE_99b54f980d4037f803d268585046bede	PY_MODULE_3e2577d507dabc3d49a0e7ec37344e51		LOAD	false		false	false	second.balance		UNKNOWN	NONE	NONE	SERVICE_VERSION_00000000000000000000000000000000	PY_EXPRESSION_96399451ed020e164b479bf08792b4e6
NAME_REFERENCE	ATTRIBUTE_OBJECT	RETURN_VALUE	METHOD		PY_METHOD_cb61ece167391d5e74b4da58d3005662	PY_EXPRESSION_046bfb4ffee688ca349861eff941fec5	0	3		first	NONE	NONE		UNKNOWN				false	0	22	11	22	16	PY_SCOPE_99b54f980d4037f803d268585046bede	PY_MODULE_3e2577d507dabc3d49a0e7ec37344e51	PY_BINDING_f286df8ac8d5ac5c25a0c6b8b941eb1e	LOAD	false		false	false			UNKNOWN	NONE	NONE	SERVICE_VERSION_00000000000000000000000000000000	PY_EXPRESSION_737310e1ff29e71e498fcdfa89ae41bd
NAME_REFERENCE	ATTRIBUTE_OBJECT	RETURN_VALUE	METHOD		PY_METHOD_cb61ece167391d5e74b4da58d3005662	PY_EXPRESSION_96399451ed020e164b479bf08792b4e6	0	3		second	NONE	NONE		UNKNOWN				false	0	22	29	22	35	PY_SCOPE_99b54f980d4037f803d268585046bede	PY_MODULE_3e2577d507dabc3d49a0e7ec37344e51	PY_BINDING_9f58d57e9db17edf2062fce9b9f9d2ea	LOAD	false		false	false			UNKNOWN	NONE	NONE	SERVICE_VERSION_00000000000000000000000000000000	PY_EXPRESSION_ad7a377fba58695170b242a2b18a1a1e
CALL	ROOT	EXPRESSION_STATEMENT	METHOD		PY_METHOD_178f8ff53cb58e7c628d01c887a6eaf7		0	0		record	NONE	NONE		UNKNOWN				false		28	4	28	26	PY_SCOPE_3fd4edc853f7d7311c46d3e002b28435	PY_MODULE_3e2577d507dabc3d49a0e7ec37344e51		LOAD	false		false	false	ledger.record		UNKNOWN	NONE	NONE	SERVICE_VERSION_00000000000000000000000000000000	PY_EXPRESSION_3c3f0206f1a12bdbcb72453a9048be5b
ATTRIBUTE_ACCESS	RECEIVER	EXPRESSION_STATEMENT	METHOD		PY_METHOD_178f8ff53cb58e7c628d01c887a6eaf7	PY_EXPRESSION_3c3f0206f1a12bdbcb72453a9048be5b	0	1		record	NONE	NONE		UNKNOWN				false		28	4	28	17	PY_SCOPE_3fd4edc853f7d7311c46d3e002b28435	PY_MODULE_3e2577d507dabc3d49a0e7ec37344e51		LOAD	false		false	false	ledger.record		UNKNOWN	NONE	NONE	SERVICE_VERSION_00000000000000000000000000000000	PY_EXPRESSION_31e4bd1a7bfc92c098ca3b72583c8f19
NAME_REFERENCE	ARGUMENT	EXPRESSION_STATEMENT	METHOD		PY_METHOD_178f8ff53cb58e7c628d01c887a6eaf7	PY_EXPRESSION_3c3f0206f1a12bdbcb72453a9048be5b	0	1		account	NONE	NONE		UNKNOWN				false		28	18	28	25	PY_SCOPE_3fd4edc853f7d7311c46d3e002b28435	PY_MODULE_3e2577d507dabc3d49a0e7ec37344e51	PY_BINDING_f21f1c1f9c0732d4a4b2a420db943811	LOAD	false		false	false			UNKNOWN	NONE	NONE	SERVICE_VERSION_00000000000000000000000000000000	PY_EXPRESSION_03273074bbc83c9485ce0797b2073bc3
NAME_REFERENCE	ATTRIBUTE_OBJECT	EXPRESSION_STATEMENT	METHOD		PY_METHOD_178f8ff53cb58e7c628d01c887a6eaf7	PY_EXPRESSION_31e4bd1a7bfc92c098ca3b72583c8f19	0	2		ledger	NONE	NONE		UNKNOWN				false		28	4	28	10	PY_SCOPE_3fd4edc853f7d7311c46d3e002b28435	PY_MODULE_3e2577d507dabc3d49a0e7ec37344e51	PY_BINDING_1eaca344d7a523f3720500731796cda8	LOAD	false		false	false			UNKNOWN	NONE	NONE	SERVICE_VERSION_00000000000000000000000000000000	PY_EXPRESSION_27f95fe12201e8528cedfb82f0d86721
CALL	RETURN_VALUE	RETURN_VALUE	METHOD		PY_METHOD_178f8ff53cb58e7c628d01c887a6eaf7		0	0		total	NONE	NONE		UNKNOWN				false	0	29	11	29	25	PY_SCOPE_3fd4edc853f7d7311c46d3e002b28435	PY_MODULE_3e2577d507dabc3d49a0e7ec37344e51		LOAD	false		false	false	ledger.total		UNKNOWN	NONE	NONE	SERVICE_VERSION_00000000000000000000000000000000	PY_EXPRESSION_5e870ccf489f175d00baaad3511b75b9
ATTRIBUTE_ACCESS	RECEIVER	RETURN_VALUE	METHOD		PY_METHOD_178f8ff53cb58e7c628d01c887a6eaf7	PY_EXPRESSION_5e870ccf489f175d00baaad3511b75b9	0	1		total	NONE	NONE		UNKNOWN				false	0	29	11	29	23	PY_SCOPE_3fd4edc853f7d7311c46d3e002b28435	PY_MODULE_3e2577d507dabc3d49a0e7ec37344e51		LOAD	false		false	false	ledger.total		UNKNOWN	NONE	NONE	SERVICE_VERSION_00000000000000000000000000000000	PY_EXPRESSION_e5bdf882ec8913952b148c76968ec086
NAME_REFERENCE	ATTRIBUTE_OBJECT	RETURN_VALUE	METHOD		PY_METHOD_178f8ff53cb58e7c628d01c887a6eaf7	PY_EXPRESSION_e5bdf882ec8913952b148c76968ec086	0	2		ledger	NONE	NONE		UNKNOWN				false	0	29	11	29	17	PY_SCOPE_3fd4edc853f7d7311c46d3e002b28435	PY_MODULE_3e2577d507dabc3d49a0e7ec37344e51	PY_BINDING_1eaca344d7a523f3720500731796cda8	LOAD	false		false	false			UNKNOWN	NONE	NONE	SERVICE_VERSION_00000000000000000000000000000000	PY_EXPRESSION_559bc0de43376b1cbd24d45e5d023227
LITERAL	DEFAULT_VALUE	DEFAULT_VALUE	METHOD		PY_METHOD_c6aa1f86dabb668bdc8ccb16358da101		1	0	INTEGER	2	NONE	NONE		UNKNOWN				false		32	37	32	38	PY_SCOPE_850472b769a962131b1227af3589d5b9	PY_MODULE_3e2577d507dabc3d49a0e7ec37344e51		LOAD	false		false	false		int	BUILTIN_SCALAR	LITERAL	CERTAIN	SERVICE_VERSION_00000000000000000000000000000000	PY_EXPRESSION_024583d9dcad5305e06ebc5332126bd1
BINARY_OPERATION	RETURN_VALUE	RETURN_VALUE	METHOD		PY_METHOD_8d89db55b3284af038c85942f3e43c94		0	0			NONE	NONE	*	UNKNOWN				false	0	33	11	33	37	PY_SCOPE_bd278df1ff2e2b59f68598dd57c8acc5	PY_MODULE_3e2577d507dabc3d49a0e7ec37344e51		LOAD	false		false	false			UNKNOWN	NONE	NONE	SERVICE_VERSION_00000000000000000000000000000000	PY_EXPRESSION_bbf23e9c4cd6db7039391b9c8f76d747
CALL	OPERAND_LEFT	RETURN_VALUE	METHOD		PY_METHOD_8d89db55b3284af038c85942f3e43c94	PY_EXPRESSION_bbf23e9c4cd6db7039391b9c8f76d747	0	1		balance	NONE	NONE		UNKNOWN				false	0	33	11	33	28	PY_SCOPE_bd278df1ff2e2b59f68598dd57c8acc5	PY_MODULE_3e2577d507dabc3d49a0e7ec37344e51		LOAD	false		false	false	account.balance		UNKNOWN	NONE	NONE	SERVICE_VERSION_00000000000000000000000000000000	PY_EXPRESSION_ca1e1ab50fe383079e6e24739873ce2e
NAME_REFERENCE	OPERAND_RIGHT	RETURN_VALUE	METHOD		PY_METHOD_8d89db55b3284af038c85942f3e43c94	PY_EXPRESSION_bbf23e9c4cd6db7039391b9c8f76d747	1	1		factor	NONE	NONE		UNKNOWN				false	0	33	31	33	37	PY_SCOPE_bd278df1ff2e2b59f68598dd57c8acc5	PY_MODULE_3e2577d507dabc3d49a0e7ec37344e51	PY_BINDING_40ac873285cd54f220470cd413f5d171	LOAD	false		false	false			UNKNOWN	NONE	NONE	SERVICE_VERSION_00000000000000000000000000000000	PY_EXPRESSION_5c8452b34d060b8f6ea5b862e126b54c
ATTRIBUTE_ACCESS	RECEIVER	RETURN_VALUE	METHOD		PY_METHOD_8d89db55b3284af038c85942f3e43c94	PY_EXPRESSION_ca1e1ab50fe383079e6e24739873ce2e	0	2		balance	NONE	NONE		UNKNOWN				false	0	33	11	33	26	PY_SCOPE_bd278df1ff2e2b59f68598dd57c8acc5	PY_MODULE_3e2577d507dabc3d49a0e7ec37344e51		LOAD	false		false	false	account.balance		UNKNOWN	NONE	NONE	SERVICE_VERSION_00000000000000000000000000000000	PY_EXPRESSION_a9799ddb7ce33e97d0350e70b0b06463
NAME_REFERENCE	ATTRIBUTE_OBJECT	RETURN_VALUE	METHOD		PY_METHOD_8d89db55b3284af038c85942f3e43c94	PY_EXPRESSION_a9799ddb7ce33e97d0350e70b0b06463	0	3		account	NONE	NONE		UNKNOWN				false	0	33	11	33	18	PY_SCOPE_bd278df1ff2e2b59f68598dd57c8acc5	PY_MODULE_3e2577d507dabc3d49a0e7ec37344e51	PY_BINDING_4d8be620b4f60b3b542392ef83bb52b3	LOAD	false		false	false			UNKNOWN	NONE	NONE	SERVICE_VERSION_00000000000000000000000000000000	PY_EXPRESSION_22bfae69246c6b286dc9d755ea15b171
LITERAL	DEFAULT_VALUE	DEFAULT_VALUE	METHOD		PY_METHOD_c6aa1f86dabb668bdc8ccb16358da101		2	0	NONE	None	NONE	NONE		UNKNOWN				false		36	39	36	43	PY_SCOPE_850472b769a962131b1227af3589d5b9	PY_MODULE_3e2577d507dabc3d49a0e7ec37344e51		LOAD	false		false	false		None	NONE_TYPE	LITERAL	CERTAIN	SERVICE_VERSION_00000000000000000000000000000000	PY_EXPRESSION_1f153342fb58dffa8d463a4de267932a
CALL	ROOT	EXPRESSION_STATEMENT	METHOD		PY_METHOD_b4d83dae449aacdb8b41d27cdda8ccc1		0	0		record	NONE	NONE		UNKNOWN				false		37	4	37	26	PY_SCOPE_9d57cb89c3e433b9416edaee3d3cb8d8	PY_MODULE_3e2577d507dabc3d49a0e7ec37344e51		LOAD	false		false	false	ledger.record		UNKNOWN	NONE	NONE	SERVICE_VERSION_00000000000000000000000000000000	PY_EXPRESSION_7dc8ef922707f136e9b3098ed329120b
ATTRIBUTE_ACCESS	RECEIVER	EXPRESSION_STATEMENT	METHOD		PY_METHOD_b4d83dae449aacdb8b41d27cdda8ccc1	PY_EXPRESSION_7dc8ef922707f136e9b3098ed329120b	0	1		record	NONE	NONE		UNKNOWN				false		37	4	37	17	PY_SCOPE_9d57cb89c3e433b9416edaee3d3cb8d8	PY_MODULE_3e2577d507dabc3d49a0e7ec37344e51		LOAD	false		false	false	ledger.record		UNKNOWN	NONE	NONE	SERVICE_VERSION_00000000000000000000000000000000	PY_EXPRESSION_43c1d77b7430f0a33d48d914db3517f6
NAME_REFERENCE	ARGUMENT	EXPRESSION_STATEMENT	METHOD		PY_METHOD_b4d83dae449aacdb8b41d27cdda8ccc1	PY_EXPRESSION_7dc8ef922707f136e9b3098ed329120b	0	1		account	NONE	NONE		UNKNOWN				false		37	18	37	25	PY_SCOPE_9d57cb89c3e433b9416edaee3d3cb8d8	PY_MODULE_3e2577d507dabc3d49a0e7ec37344e51	PY_BINDING_3d9562966e617ff8f16ea49bf8734d0b	LOAD	false		false	false			UNKNOWN	NONE	NONE	SERVICE_VERSION_00000000000000000000000000000000	PY_EXPRESSION_5960ffa940eb7c272c198dfc4b0ca2d7
NAME_REFERENCE	ATTRIBUTE_OBJECT	EXPRESSION_STATEMENT	METHOD		PY_METHOD_b4d83dae449aacdb8b41d27cdda8ccc1	PY_EXPRESSION_43c1d77b7430f0a33d48d914db3517f6	0	2		ledger	NONE	NONE		UNKNOWN				false		37	4	37	10	PY_SCOPE_9d57cb89c3e433b9416edaee3d3cb8d8	PY_MODULE_3e2577d507dabc3d49a0e7ec37344e51	PY_BINDING_4072f5ab3228c6412f737be0b179bcd8	LOAD	false		false	false			UNKNOWN	NONE	NONE	SERVICE_VERSION_00000000000000000000000000000000	PY_EXPRESSION_9ec7822d3b79aa727e2085bf28dff32a
NAME_REFERENCE	RETURN_VALUE	RETURN_VALUE	METHOD		PY_METHOD_b4d83dae449aacdb8b41d27cdda8ccc1		0	0		note	NONE	NONE		UNKNOWN				false	0	38	11	38	15	PY_SCOPE_9d57cb89c3e433b9416edaee3d3cb8d8	PY_MODULE_3e2577d507dabc3d49a0e7ec37344e51	PY_BINDING_1f1cdec9c45aa7fc99bc8fdd8a857323	LOAD	false		false	false			UNKNOWN	NONE	NONE	SERVICE_VERSION_00000000000000000000000000000000	PY_EXPRESSION_91ec4cd598952c85cf9f54596bafa6a3
ASSIGNMENT	ROOT	ASSIGNMENT_VALUE	METHOD		PY_METHOD_42739288421947271384edbcb3fa974d		0	0			NONE	NONE		UNKNOWN				false		44	4	44	25	PY_SCOPE_07ca87bfb810f2882cb2e17ecee65015	PY_MODULE_3e2577d507dabc3d49a0e7ec37344e51		LOAD	false		false	false			UNKNOWN	NONE	NONE	SERVICE_VERSION_00000000000000000000000000000000	PY_EXPRESSION_20cb5bf676342cdb44e222491885bab8
CALL	ASSIGNMENT_VALUE	ASSIGNMENT_VALUE	METHOD		PY_METHOD_42739288421947271384edbcb3fa974d	PY_EXPRESSION_20cb5bf676342cdb44e222491885bab8	0	1		Account	NONE	NONE		UNKNOWN				false		44	11	44	25	PY_SCOPE_07ca87bfb810f2882cb2e17ecee65015	PY_MODULE_3e2577d507dabc3d49a0e7ec37344e51		LOAD	false		false	false	Account		UNKNOWN	NONE	NONE	SERVICE_VERSION_00000000000000000000000000000000	PY_EXPRESSION_46be41492d4c6ee32349536dcd1a18be
NAME_REFERENCE	ASSIGNMENT_TARGET	ASSIGNMENT_TARGET	METHOD		PY_METHOD_42739288421947271384edbcb3fa974d	PY_EXPRESSION_20cb5bf676342cdb44e222491885bab8	0	1		made	NONE	NONE		UNKNOWN				false		44	4	44	8	PY_SCOPE_07ca87bfb810f2882cb2e17ecee65015	PY_MODULE_3e2577d507dabc3d49a0e7ec37344e51	PY_BINDING_2424cba572b48d9e31850abc39c0d123	STORE	true		false	false			UNKNOWN	NONE	NONE	SERVICE_VERSION_00000000000000000000000000000000	PY_EXPRESSION_d7ad9073c1a2014d17d0681b0952c688
NAME_REFERENCE	CALLEE	ASSIGNMENT_VALUE	METHOD		PY_METHOD_42739288421947271384edbcb3fa974d	PY_EXPRESSION_46be41492d4c6ee32349536dcd1a18be	0	2		Account	NONE	NONE		TYPE	PY_TYPE_160aee5ca584e3817b8783b4e148e2a8			false		44	11	44	18	PY_SCOPE_07ca87bfb810f2882cb2e17ecee65015	PY_MODULE_3e2577d507dabc3d49a0e7ec37344e51	PY_BINDING_45c48a9a0466e07df423189ff3b6ba45	LOAD	false		false	false			UNKNOWN	NONE	NONE	SERVICE_VERSION_00000000000000000000000000000000	PY_EXPRESSION_8c7189058637ca112c1d15f0087f8743
NAME_REFERENCE	ARGUMENT	ASSIGNMENT_VALUE	METHOD		PY_METHOD_42739288421947271384edbcb3fa974d	PY_EXPRESSION_46be41492d4c6ee32349536dcd1a18be	0	2		owner	NONE	NONE		UNKNOWN				false		44	19	44	24	PY_SCOPE_07ca87bfb810f2882cb2e17ecee65015	PY_MODULE_3e2577d507dabc3d49a0e7ec37344e51	PY_BINDING_3a335e5d2997bbd1fa7fb1c8a55c4598	LOAD	false		false	false			UNKNOWN	NONE	NONE	SERVICE_VERSION_00000000000000000000000000000000	PY_EXPRESSION_2052d01fcc80bf267d0c3f66395b58c3
CALL	RETURN_VALUE	RETURN_VALUE	METHOD		PY_METHOD_42739288421947271384edbcb3fa974d		0	0		positional_callee	NONE	NONE		UNKNOWN				false	0	45	11	45	34	PY_SCOPE_07ca87bfb810f2882cb2e17ecee65015	PY_MODULE_3e2577d507dabc3d49a0e7ec37344e51		LOAD	false		false	false	positional_callee		UNKNOWN	NONE	NONE	SERVICE_VERSION_00000000000000000000000000000000	PY_EXPRESSION_2a7c8e43aa1fc36d7f40d2ba0fbf2295
NAME_REFERENCE	CALLEE	RETURN_VALUE	METHOD		PY_METHOD_42739288421947271384edbcb3fa974d	PY_EXPRESSION_2a7c8e43aa1fc36d7f40d2ba0fbf2295	0	1		positional_callee	NONE	NONE		METHOD	PY_METHOD_ca6935fcd43cbae787fac2db38395296			false	0	45	11	45	28	PY_SCOPE_07ca87bfb810f2882cb2e17ecee65015	PY_MODULE_3e2577d507dabc3d49a0e7ec37344e51	PY_BINDING_74648719780e6648952fd551d56912a4	LOAD	false		false	false			UNKNOWN	NONE	NONE	SERVICE_VERSION_00000000000000000000000000000000	PY_EXPRESSION_e43d3ccb3adc0abdb7a83bead7a050f3
NAME_REFERENCE	ARGUMENT	RETURN_VALUE	METHOD		PY_METHOD_42739288421947271384edbcb3fa974d	PY_EXPRESSION_2a7c8e43aa1fc36d7f40d2ba0fbf2295	0	1		made	NONE	NONE		UNKNOWN				false	0	45	29	45	33	PY_SCOPE_07ca87bfb810f2882cb2e17ecee65015	PY_MODULE_3e2577d507dabc3d49a0e7ec37344e51	PY_BINDING_2424cba572b48d9e31850abc39c0d123	LOAD	false		false	false			UNKNOWN	NONE	NONE	SERVICE_VERSION_00000000000000000000000000000000	PY_EXPRESSION_6ea57f53402c7beb779a819ac2033685
CALL	RETURN_VALUE	RETURN_VALUE	METHOD		PY_METHOD_71702c732583c18df5dc408715b0f7ed		0	0		two_positional_callee	NONE	NONE		UNKNOWN				false	0	49	11	49	68	PY_SCOPE_eafae0c6435977b0ddab86bdaf3b8f5c	PY_MODULE_3e2577d507dabc3d49a0e7ec37344e51		LOAD	false		false	false	two_positional_callee		UNKNOWN	NONE	NONE	SERVICE_VERSION_00000000000000000000000000000000	PY_EXPRESSION_3dfed0312483adebd0ea00ddabd74dff
NAME_REFERENCE	CALLEE	RETURN_VALUE	METHOD		PY_METHOD_71702c732583c18df5dc408715b0f7ed	PY_EXPRESSION_3dfed0312483adebd0ea00ddabd74dff	0	1		two_positional_callee	NONE	NONE		METHOD	PY_METHOD_cb61ece167391d5e74b4da58d3005662			false	0	49	11	49	32	PY_SCOPE_eafae0c6435977b0ddab86bdaf3b8f5c	PY_MODULE_3e2577d507dabc3d49a0e7ec37344e51	PY_BINDING_7ed1854d55fc6814e49f6d1b70eccfc5	LOAD	false		false	false			UNKNOWN	NONE	NONE	SERVICE_VERSION_00000000000000000000000000000000	PY_EXPRESSION_e02a65c33af704a92059758154f0a0b5
CALL	ARGUMENT	RETURN_VALUE	METHOD		PY_METHOD_71702c732583c18df5dc408715b0f7ed	PY_EXPRESSION_3dfed0312483adebd0ea00ddabd74dff	0	1		Account	NONE	NONE		UNKNOWN				false	0	49	33	49	49	PY_SCOPE_eafae0c6435977b0ddab86bdaf3b8f5c	PY_MODULE_3e2577d507dabc3d49a0e7ec37344e51		LOAD	false		false	false	Account		UNKNOWN	NONE	NONE	SERVICE_VERSION_00000000000000000000000000000000	PY_EXPRESSION_e2947c577b06eb65d3d18a71ca42291d
CALL	ARGUMENT	RETURN_VALUE	METHOD		PY_METHOD_71702c732583c18df5dc408715b0f7ed	PY_EXPRESSION_3dfed0312483adebd0ea00ddabd74dff	1	1		Account	NONE	NONE		UNKNOWN				false	0	49	51	49	67	PY_SCOPE_eafae0c6435977b0ddab86bdaf3b8f5c	PY_MODULE_3e2577d507dabc3d49a0e7ec37344e51		LOAD	false		false	false	Account		UNKNOWN	NONE	NONE	SERVICE_VERSION_00000000000000000000000000000000	PY_EXPRESSION_d4ea3373c18e09ca25cefffd7e3b176a
NAME_REFERENCE	CALLEE	RETURN_VALUE	METHOD		PY_METHOD_71702c732583c18df5dc408715b0f7ed	PY_EXPRESSION_e2947c577b06eb65d3d18a71ca42291d	0	2		Account	NONE	NONE		TYPE	PY_TYPE_160aee5ca584e3817b8783b4e148e2a8			false	0	49	33	49	40	PY_SCOPE_eafae0c6435977b0ddab86bdaf3b8f5c	PY_MODULE_3e2577d507dabc3d49a0e7ec37344e51	PY_BINDING_66dfeaddb3caf86d36688e4c229bee1c	LOAD	false		false	false			UNKNOWN	NONE	NONE	SERVICE_VERSION_00000000000000000000000000000000	PY_EXPRESSION_3b69f5b5a686866c2a3f1fe699e373b5
NAME_REFERENCE	ARGUMENT	RETURN_VALUE	METHOD		PY_METHOD_71702c732583c18df5dc408715b0f7ed	PY_EXPRESSION_e2947c577b06eb65d3d18a71ca42291d	0	2		owner_a	NONE	NONE		UNKNOWN				false	0	49	41	49	48	PY_SCOPE_eafae0c6435977b0ddab86bdaf3b8f5c	PY_MODULE_3e2577d507dabc3d49a0e7ec37344e51	PY_BINDING_f5d1cba9112e1337606a82a43c85240d	LOAD	false		false	false			UNKNOWN	NONE	NONE	SERVICE_VERSION_00000000000000000000000000000000	PY_EXPRESSION_b943d92c7d504b607d6322981387dca9
NAME_REFERENCE	CALLEE	RETURN_VALUE	METHOD		PY_METHOD_71702c732583c18df5dc408715b0f7ed	PY_EXPRESSION_d4ea3373c18e09ca25cefffd7e3b176a	0	2		Account	NONE	NONE		TYPE	PY_TYPE_160aee5ca584e3817b8783b4e148e2a8			false	0	49	51	49	58	PY_SCOPE_eafae0c6435977b0ddab86bdaf3b8f5c	PY_MODULE_3e2577d507dabc3d49a0e7ec37344e51	PY_BINDING_66dfeaddb3caf86d36688e4c229bee1c	LOAD	false		false	false			UNKNOWN	NONE	NONE	SERVICE_VERSION_00000000000000000000000000000000	PY_EXPRESSION_fa7f0f5b1438fd33524269458331075f
NAME_REFERENCE	ARGUMENT	RETURN_VALUE	METHOD		PY_METHOD_71702c732583c18df5dc408715b0f7ed	PY_EXPRESSION_d4ea3373c18e09ca25cefffd7e3b176a	0	2		owner_b	NONE	NONE		UNKNOWN				false	0	49	59	49	66	PY_SCOPE_eafae0c6435977b0ddab86bdaf3b8f5c	PY_MODULE_3e2577d507dabc3d49a0e7ec37344e51	PY_BINDING_80fdea24b3f27aec91d035e3e337cc83	LOAD	false		false	false			UNKNOWN	NONE	NONE	SERVICE_VERSION_00000000000000000000000000000000	PY_EXPRESSION_481b32af10bc9e9c670c9ccb0d7f50bb
CALL	RETURN_VALUE	RETURN_VALUE	METHOD		PY_METHOD_20c57f04952574f9d9a67a3e569643c5		0	0		keyword_callee	NONE	NONE		UNKNOWN				false	0	54	11	54	66	PY_SCOPE_63dc1b776a2870c2f2f59102881c63b8	PY_MODULE_3e2577d507dabc3d49a0e7ec37344e51		LOAD	false		false	false	keyword_callee		UNKNOWN	NONE	NONE	SERVICE_VERSION_00000000000000000000000000000000	PY_EXPRESSION_1863031c626c47ad8dfe6b716d3758e1
NAME_REFERENCE	CALLEE	RETURN_VALUE	METHOD		PY_METHOD_20c57f04952574f9d9a67a3e569643c5	PY_EXPRESSION_1863031c626c47ad8dfe6b716d3758e1	0	1		keyword_callee	NONE	NONE		METHOD	PY_METHOD_178f8ff53cb58e7c628d01c887a6eaf7			false	0	54	11	54	25	PY_SCOPE_63dc1b776a2870c2f2f59102881c63b8	PY_MODULE_3e2577d507dabc3d49a0e7ec37344e51	PY_BINDING_b4fc461dd1602490c37e9852e090074d	LOAD	false		false	false			UNKNOWN	NONE	NONE	SERVICE_VERSION_00000000000000000000000000000000	PY_EXPRESSION_f1df7cf39424853398541576f53259e2
CALL	KEYWORD_ARGUMENT	RETURN_VALUE	METHOD		PY_METHOD_20c57f04952574f9d9a67a3e569643c5	PY_EXPRESSION_1863031c626c47ad8dfe6b716d3758e1	0	1		Ledger	NONE	NONE		UNKNOWN				false	0	54	33	54	41	PY_SCOPE_63dc1b776a2870c2f2f59102881c63b8	PY_MODULE_3e2577d507dabc3d49a0e7ec37344e51		LOAD	false	ledger	false	false	Ledger		UNKNOWN	NONE	NONE	SERVICE_VERSION_00000000000000000000000000000000	PY_EXPRESSION_1d49fbd166945ff8fadbdc1d72cc0054
CALL	KEYWORD_ARGUMENT	RETURN_VALUE	METHOD		PY_METHOD_20c57f04952574f9d9a67a3e569643c5	PY_EXPRESSION_1863031c626c47ad8dfe6b716d3758e1	0	1		Account	NONE	NONE		UNKNOWN				false	0	54	51	54	65	PY_SCOPE_63dc1b776a2870c2f2f59102881c63b8	PY_MODULE_3e2577d507dabc3d49a0e7ec37344e51		LOAD	false	account	false	false	Account		UNKNOWN	NONE	NONE	SERVICE_VERSION_00000000000000000000000000000000	PY_EXPRESSION_d64e0227dc633b4fb32ad8ed01f2bf88
NAME_REFERENCE	CALLEE	RETURN_VALUE	METHOD		PY_METHOD_20c57f04952574f9d9a67a3e569643c5	PY_EXPRESSION_1d49fbd166945ff8fadbdc1d72cc0054	0	2		Ledger	NONE	NONE		TYPE	PY_TYPE_65c006b7dc1da8d5b431a90353733207			false	0	54	33	54	39	PY_SCOPE_63dc1b776a2870c2f2f59102881c63b8	PY_MODULE_3e2577d507dabc3d49a0e7ec37344e51	PY_BINDING_b4d28285171bbd2be8341e7772efe581	LOAD	false		false	false			UNKNOWN	NONE	NONE	SERVICE_VERSION_00000000000000000000000000000000	PY_EXPRESSION_4207874b13ed1b04487506996744beb5
NAME_REFERENCE	CALLEE	RETURN_VALUE	METHOD		PY_METHOD_20c57f04952574f9d9a67a3e569643c5	PY_EXPRESSION_d64e0227dc633b4fb32ad8ed01f2bf88	0	2		Account	NONE	NONE		TYPE	PY_TYPE_160aee5ca584e3817b8783b4e148e2a8			false	0	54	51	54	58	PY_SCOPE_63dc1b776a2870c2f2f59102881c63b8	PY_MODULE_3e2577d507dabc3d49a0e7ec37344e51	PY_BINDING_ad9ef20b44da2e290ccf18dd014c0a63	LOAD	false		false	false			UNKNOWN	NONE	NONE	SERVICE_VERSION_00000000000000000000000000000000	PY_EXPRESSION_a533e232be5ecbf334f907c9c9d77967
NAME_REFERENCE	ARGUMENT	RETURN_VALUE	METHOD		PY_METHOD_20c57f04952574f9d9a67a3e569643c5	PY_EXPRESSION_d64e0227dc633b4fb32ad8ed01f2bf88	0	2		owner	NONE	NONE		UNKNOWN				false	0	54	59	54	64	PY_SCOPE_63dc1b776a2870c2f2f59102881c63b8	PY_MODULE_3e2577d507dabc3d49a0e7ec37344e51	PY_BINDING_2ec2a2776881e2e21758f62a83a8e1c9	LOAD	false		false	false			UNKNOWN	NONE	NONE	SERVICE_VERSION_00000000000000000000000000000000	PY_EXPRESSION_7a5f2760287c7381cc5860f107b9be26
CALL	RETURN_VALUE	RETURN_VALUE	METHOD		PY_METHOD_8eec383296a40dcb8ea6797a31fbb57b		0	0		defaulted_callee	NONE	NONE		UNKNOWN				false	0	58	11	58	53	PY_SCOPE_36b6e3987719a70d1c90581bd4aecc36	PY_MODULE_3e2577d507dabc3d49a0e7ec37344e51		LOAD	false		false	false	defaulted_callee		UNKNOWN	NONE	NONE	SERVICE_VERSION_00000000000000000000000000000000	PY_EXPRESSION_494067367d64d16bcef18c1fffbf1b17
NAME_REFERENCE	CALLEE	RETURN_VALUE	METHOD		PY_METHOD_8eec383296a40dcb8ea6797a31fbb57b	PY_EXPRESSION_494067367d64d16bcef18c1fffbf1b17	0	1		defaulted_callee	NONE	NONE		METHOD	PY_METHOD_8d89db55b3284af038c85942f3e43c94			false	0	58	11	58	27	PY_SCOPE_36b6e3987719a70d1c90581bd4aecc36	PY_MODULE_3e2577d507dabc3d49a0e7ec37344e51	PY_BINDING_bedde1b59eab4faa368e9b7967be8893	LOAD	false		false	false			UNKNOWN	NONE	NONE	SERVICE_VERSION_00000000000000000000000000000000	PY_EXPRESSION_92f0298c26792d6f3afc4c66077a725f
CALL	ARGUMENT	RETURN_VALUE	METHOD		PY_METHOD_8eec383296a40dcb8ea6797a31fbb57b	PY_EXPRESSION_494067367d64d16bcef18c1fffbf1b17	0	1		Account	NONE	NONE		UNKNOWN				false	0	58	28	58	42	PY_SCOPE_36b6e3987719a70d1c90581bd4aecc36	PY_MODULE_3e2577d507dabc3d49a0e7ec37344e51		LOAD	false		false	false	Account		UNKNOWN	NONE	NONE	SERVICE_VERSION_00000000000000000000000000000000	PY_EXPRESSION_ae66cac4316322475e4e580c9ddcf122
LITERAL	KEYWORD_ARGUMENT	RETURN_VALUE	METHOD		PY_METHOD_8eec383296a40dcb8ea6797a31fbb57b	PY_EXPRESSION_494067367d64d16bcef18c1fffbf1b17	1	1	INTEGER	3	NONE	NONE		UNKNOWN				false	0	58	51	58	52	PY_SCOPE_36b6e3987719a70d1c90581bd4aecc36	PY_MODULE_3e2577d507dabc3d49a0e7ec37344e51		LOAD	false	factor	false	false		int	BUILTIN_SCALAR	LITERAL	CERTAIN	SERVICE_VERSION_00000000000000000000000000000000	PY_EXPRESSION_265839be078e0fb56ec453e1c843f7f0
NAME_REFERENCE	CALLEE	RETURN_VALUE	METHOD		PY_METHOD_8eec383296a40dcb8ea6797a31fbb57b	PY_EXPRESSION_ae66cac4316322475e4e580c9ddcf122	0	2		Account	NONE	NONE		TYPE	PY_TYPE_160aee5ca584e3817b8783b4e148e2a8			false	0	58	28	58	35	PY_SCOPE_36b6e3987719a70d1c90581bd4aecc36	PY_MODULE_3e2577d507dabc3d49a0e7ec37344e51	PY_BINDING_f5183517ff376c1b44f21a1ccd07d025	LOAD	false		false	false			UNKNOWN	NONE	NONE	SERVICE_VERSION_00000000000000000000000000000000	PY_EXPRESSION_52e9cce7abba41424ff6d44f09e67eed
NAME_REFERENCE	ARGUMENT	RETURN_VALUE	METHOD		PY_METHOD_8eec383296a40dcb8ea6797a31fbb57b	PY_EXPRESSION_ae66cac4316322475e4e580c9ddcf122	0	2		owner	NONE	NONE		UNKNOWN				false	0	58	36	58	41	PY_SCOPE_36b6e3987719a70d1c90581bd4aecc36	PY_MODULE_3e2577d507dabc3d49a0e7ec37344e51	PY_BINDING_6e1414c318bebf1dcf5c25c5a7d19fef	LOAD	false		false	false			UNKNOWN	NONE	NONE	SERVICE_VERSION_00000000000000000000000000000000	PY_EXPRESSION_3cab1fe1e5c0e127e5d7838ec4f8f374
CALL	RETURN_VALUE	RETURN_VALUE	METHOD		PY_METHOD_d4da59784aac77758abf9291ba51bc8f		0	0		defaulted_callee	NONE	NONE		UNKNOWN				false	0	62	11	62	43	PY_SCOPE_9ef620cac4a0189368182fb784b527aa	PY_MODULE_3e2577d507dabc3d49a0e7ec37344e51		LOAD	false		false	false	defaulted_callee		UNKNOWN	NONE	NONE	SERVICE_VERSION_00000000000000000000000000000000	PY_EXPRESSION_6dbb2e64ee7b39ee57dcc4a5e9423e4c
NAME_REFERENCE	CALLEE	RETURN_VALUE	METHOD		PY_METHOD_d4da59784aac77758abf9291ba51bc8f	PY_EXPRESSION_6dbb2e64ee7b39ee57dcc4a5e9423e4c	0	1		defaulted_callee	NONE	NONE		METHOD	PY_METHOD_8d89db55b3284af038c85942f3e43c94			false	0	62	11	62	27	PY_SCOPE_9ef620cac4a0189368182fb784b527aa	PY_MODULE_3e2577d507dabc3d49a0e7ec37344e51	PY_BINDING_cf69dac3901f7804f90a6a34d1f0b4f6	LOAD	false		false	false			UNKNOWN	NONE	NONE	SERVICE_VERSION_00000000000000000000000000000000	PY_EXPRESSION_b9466786dcdb4031596829a1f4eb5005
CALL	ARGUMENT	RETURN_VALUE	METHOD		PY_METHOD_d4da59784aac77758abf9291ba51bc8f	PY_EXPRESSION_6dbb2e64ee7b39ee57dcc4a5e9423e4c	0	1		Account	NONE	NONE		UNKNOWN				false	0	62	28	62	42	PY_SCOPE_9ef620cac4a0189368182fb784b527aa	PY_MODULE_3e2577d507dabc3d49a0e7ec37344e51		LOAD	false		false	false	Account		UNKNOWN	NONE	NONE	SERVICE_VERSION_00000000000000000000000000000000	PY_EXPRESSION_7b2d115cec53619322410b0265a395c5
NAME_REFERENCE	CALLEE	RETURN_VALUE	METHOD		PY_METHOD_d4da59784aac77758abf9291ba51bc8f	PY_EXPRESSION_7b2d115cec53619322410b0265a395c5	0	2		Account	NONE	NONE		TYPE	PY_TYPE_160aee5ca584e3817b8783b4e148e2a8			false	0	62	28	62	35	PY_SCOPE_9ef620cac4a0189368182fb784b527aa	PY_MODULE_3e2577d507dabc3d49a0e7ec37344e51	PY_BINDING_c3cf476d62be0bfbc71eac5a082b72c5	LOAD	false		false	false			UNKNOWN	NONE	NONE	SERVICE_VERSION_00000000000000000000000000000000	PY_EXPRESSION_aeb962fb3909058e6b406ef43362c4f2
NAME_REFERENCE	ARGUMENT	RETURN_VALUE	METHOD		PY_METHOD_d4da59784aac77758abf9291ba51bc8f	PY_EXPRESSION_7b2d115cec53619322410b0265a395c5	0	2		owner	NONE	NONE		UNKNOWN				false	0	62	36	62	41	PY_SCOPE_9ef620cac4a0189368182fb784b527aa	PY_MODULE_3e2577d507dabc3d49a0e7ec37344e51	PY_BINDING_8f53c9b75b18267d6a531821a2709d49	LOAD	false		false	false			UNKNOWN	NONE	NONE	SERVICE_VERSION_00000000000000000000000000000000	PY_EXPRESSION_5881a40e767685e4e6811f9ba53a7c8b
CALL	RETURN_VALUE	RETURN_VALUE	METHOD		PY_METHOD_470dd26756c38ac01b89a762f53e9eda		0	0		mixed_callee	NONE	NONE		UNKNOWN				false	0	67	11	67	65	PY_SCOPE_846deec199f9eb2cb84d6af8cca610e7	PY_MODULE_3e2577d507dabc3d49a0e7ec37344e51		LOAD	false		false	false	mixed_callee		UNKNOWN	NONE	NONE	SERVICE_VERSION_00000000000000000000000000000000	PY_EXPRESSION_6b061a04ead5fbda3eb08d715b477f0a
NAME_REFERENCE	CALLEE	RETURN_VALUE	METHOD		PY_METHOD_470dd26756c38ac01b89a762f53e9eda	PY_EXPRESSION_6b061a04ead5fbda3eb08d715b477f0a	0	1		mixed_callee	NONE	NONE		METHOD	PY_METHOD_b4d83dae449aacdb8b41d27cdda8ccc1			false	0	67	11	67	23	PY_SCOPE_846deec199f9eb2cb84d6af8cca610e7	PY_MODULE_3e2577d507dabc3d49a0e7ec37344e51	PY_BINDING_1a76fbb7d3265681edb7ecaa3301ca47	LOAD	false		false	false			UNKNOWN	NONE	NONE	SERVICE_VERSION_00000000000000000000000000000000	PY_EXPRESSION_5b2077179c43c61ead1656b592d20e0a
CALL	ARGUMENT	RETURN_VALUE	METHOD		PY_METHOD_470dd26756c38ac01b89a762f53e9eda	PY_EXPRESSION_6b061a04ead5fbda3eb08d715b477f0a	0	1		Ledger	NONE	NONE		UNKNOWN				false	0	67	24	67	32	PY_SCOPE_846deec199f9eb2cb84d6af8cca610e7	PY_MODULE_3e2577d507dabc3d49a0e7ec37344e51		LOAD	false		false	false	Ledger		UNKNOWN	NONE	NONE	SERVICE_VERSION_00000000000000000000000000000000	PY_EXPRESSION_35ce475e9358a84e4faace697cd9aae8
CALL	ARGUMENT	RETURN_VALUE	METHOD		PY_METHOD_470dd26756c38ac01b89a762f53e9eda	PY_EXPRESSION_6b061a04ead5fbda3eb08d715b477f0a	1	1		Account	NONE	NONE		UNKNOWN				false	0	67	34	67	48	PY_SCOPE_846deec199f9eb2cb84d6af8cca610e7	PY_MODULE_3e2577d507dabc3d49a0e7ec37344e51		LOAD	false		false	false	Account		UNKNOWN	NONE	NONE	SERVICE_VERSION_00000000000000000000000000000000	PY_EXPRESSION_f54e006e863b0008b6aebe96be2c0a9a
LITERAL	KEYWORD_ARGUMENT	RETURN_VALUE	METHOD		PY_METHOD_470dd26756c38ac01b89a762f53e9eda	PY_EXPRESSION_6b061a04ead5fbda3eb08d715b477f0a	2	1	STRING	opening	NONE	NONE		UNKNOWN				false	0	67	55	67	64	PY_SCOPE_846deec199f9eb2cb84d6af8cca610e7	PY_MODULE_3e2577d507dabc3d49a0e7ec37344e51		LOAD	false	note	false	false		str	BUILTIN_SCALAR	LITERAL	CERTAIN	SERVICE_VERSION_00000000000000000000000000000000	PY_EXPRESSION_b1df0959d6e9c521da740d0a27601e2e
NAME_REFERENCE	CALLEE	RETURN_VALUE	METHOD		PY_METHOD_470dd26756c38ac01b89a762f53e9eda	PY_EXPRESSION_35ce475e9358a84e4faace697cd9aae8	0	2		Ledger	NONE	NONE		TYPE	PY_TYPE_65c006b7dc1da8d5b431a90353733207			false	0	67	24	67	30	PY_SCOPE_846deec199f9eb2cb84d6af8cca610e7	PY_MODULE_3e2577d507dabc3d49a0e7ec37344e51	PY_BINDING_af89e8a180a3f157fd902d4cb0d2b4ac	LOAD	false		false	false			UNKNOWN	NONE	NONE	SERVICE_VERSION_00000000000000000000000000000000	PY_EXPRESSION_d4d105e7b087b6c94685ceb11733937b
NAME_REFERENCE	CALLEE	RETURN_VALUE	METHOD		PY_METHOD_470dd26756c38ac01b89a762f53e9eda	PY_EXPRESSION_f54e006e863b0008b6aebe96be2c0a9a	0	2		Account	NONE	NONE		TYPE	PY_TYPE_160aee5ca584e3817b8783b4e148e2a8			false	0	67	34	67	41	PY_SCOPE_846deec199f9eb2cb84d6af8cca610e7	PY_MODULE_3e2577d507dabc3d49a0e7ec37344e51	PY_BINDING_fc0322d9c792f716773a43634a205418	LOAD	false		false	false			UNKNOWN	NONE	NONE	SERVICE_VERSION_00000000000000000000000000000000	PY_EXPRESSION_b899054004ea8865ba37677dd4d7e6a0
NAME_REFERENCE	ARGUMENT	RETURN_VALUE	METHOD		PY_METHOD_470dd26756c38ac01b89a762f53e9eda	PY_EXPRESSION_f54e006e863b0008b6aebe96be2c0a9a	0	2		owner	NONE	NONE		UNKNOWN				false	0	67	42	67	47	PY_SCOPE_846deec199f9eb2cb84d6af8cca610e7	PY_MODULE_3e2577d507dabc3d49a0e7ec37344e51	PY_BINDING_33ac279e2f76128eee00fe1b7bf53ce0	LOAD	false		false	false			UNKNOWN	NONE	NONE	SERVICE_VERSION_00000000000000000000000000000000	PY_EXPRESSION_223ade508fd18eeb285acaa7e83ed8df
CALL	RETURN_VALUE	RETURN_VALUE	METHOD		PY_METHOD_41832f3a5fc01b56099728479bad830e		0	0		forwarding_callee	NONE	NONE		UNKNOWN				false	0	73	11	73	44	PY_SCOPE_94ec286f86a48dbae31645f3ef2eee50	PY_MODULE_3e2577d507dabc3d49a0e7ec37344e51		LOAD	false		false	false	forwarding_callee		UNKNOWN	NONE	NONE	SERVICE_VERSION_00000000000000000000000000000000	PY_EXPRESSION_08d50647a33ff84b6e0c53c3fbb17949
NAME_REFERENCE	CALLEE	RETURN_VALUE	METHOD		PY_METHOD_41832f3a5fc01b56099728479bad830e	PY_EXPRESSION_08d50647a33ff84b6e0c53c3fbb17949	0	1		forwarding_callee	NONE	NONE		METHOD	PY_METHOD_c05257965c5034a366444a47f8fab716			false	0	73	11	73	28	PY_SCOPE_94ec286f86a48dbae31645f3ef2eee50	PY_MODULE_3e2577d507dabc3d49a0e7ec37344e51	PY_BINDING_dc6a213ed81dd1f72181f7459547f92b	LOAD	false		false	false			UNKNOWN	NONE	NONE	SERVICE_VERSION_00000000000000000000000000000000	PY_EXPRESSION_17222d0f25308bbbe2cf841fd3747293
CALL	ARGUMENT	RETURN_VALUE	METHOD		PY_METHOD_41832f3a5fc01b56099728479bad830e	PY_EXPRESSION_08d50647a33ff84b6e0c53c3fbb17949	0	1		Account	NONE	NONE		UNKNOWN				false	0	73	29	73	43	PY_SCOPE_94ec286f86a48dbae31645f3ef2eee50	PY_MODULE_3e2577d507dabc3d49a0e7ec37344e51		LOAD	false		false	false	Account		UNKNOWN	NONE	NONE	SERVICE_VERSION_00000000000000000000000000000000	PY_EXPRESSION_25474e3fe1938ef3b6f1c814f1ad69db
NAME_REFERENCE	CALLEE	RETURN_VALUE	METHOD		PY_METHOD_41832f3a5fc01b56099728479bad830e	PY_EXPRESSION_25474e3fe1938ef3b6f1c814f1ad69db	0	2		Account	NONE	NONE		TYPE	PY_TYPE_160aee5ca584e3817b8783b4e148e2a8			false	0	73	29	73	36	PY_SCOPE_94ec286f86a48dbae31645f3ef2eee50	PY_MODULE_3e2577d507dabc3d49a0e7ec37344e51	PY_BINDING_16c16e22a4c73f7344e714b23e98f80f	LOAD	false		false	false			UNKNOWN	NONE	NONE	SERVICE_VERSION_00000000000000000000000000000000	PY_EXPRESSION_4cdf1d9cb8a6dcc6019db8c5892bf38f
NAME_REFERENCE	ARGUMENT	RETURN_VALUE	METHOD		PY_METHOD_41832f3a5fc01b56099728479bad830e	PY_EXPRESSION_25474e3fe1938ef3b6f1c814f1ad69db	0	2		owner	NONE	NONE		UNKNOWN				false	0	73	37	73	42	PY_SCOPE_94ec286f86a48dbae31645f3ef2eee50	PY_MODULE_3e2577d507dabc3d49a0e7ec37344e51	PY_BINDING_bf477c537854152f469a86eb9506137c	LOAD	false		false	false			UNKNOWN	NONE	NONE	SERVICE_VERSION_00000000000000000000000000000000	PY_EXPRESSION_68cd9c81e0ce084eb233b7a799d4b6a7
CALL	RETURN_VALUE	RETURN_VALUE	METHOD		PY_METHOD_c05257965c5034a366444a47f8fab716		0	0		positional_callee	NONE	NONE		UNKNOWN				false	0	78	11	78	37	PY_SCOPE_ac0c15fd627a8c07b1ed2290b8f14706	PY_MODULE_3e2577d507dabc3d49a0e7ec37344e51		LOAD	false		false	false	positional_callee		UNKNOWN	NONE	NONE	SERVICE_VERSION_00000000000000000000000000000000	PY_EXPRESSION_aee637f9389f65ef0c31138d4d03f512
NAME_REFERENCE	CALLEE	RETURN_VALUE	METHOD		PY_METHOD_c05257965c5034a366444a47f8fab716	PY_EXPRESSION_aee637f9389f65ef0c31138d4d03f512	0	1		positional_callee	NONE	NONE		METHOD	PY_METHOD_ca6935fcd43cbae787fac2db38395296			false	0	78	11	78	28	PY_SCOPE_ac0c15fd627a8c07b1ed2290b8f14706	PY_MODULE_3e2577d507dabc3d49a0e7ec37344e51	PY_BINDING_2f8f877a3a6841673b40fb44484b3c09	LOAD	false		false	false			UNKNOWN	NONE	NONE	SERVICE_VERSION_00000000000000000000000000000000	PY_EXPRESSION_0b3abbd8c15e5afc26ab613c60cc5772
NAME_REFERENCE	ARGUMENT	RETURN_VALUE	METHOD		PY_METHOD_c05257965c5034a366444a47f8fab716	PY_EXPRESSION_aee637f9389f65ef0c31138d4d03f512	0	1		account	NONE	NONE		UNKNOWN				false	0	78	29	78	36	PY_SCOPE_ac0c15fd627a8c07b1ed2290b8f14706	PY_MODULE_3e2577d507dabc3d49a0e7ec37344e51	PY_BINDING_9c62cbb955995ce55d97a0f5c8479b0d	LOAD	false		false	false			UNKNOWN	NONE	NONE	SERVICE_VERSION_00000000000000000000000000000000	PY_EXPRESSION_e95df97cecb6808bbe0d8a4eadd273bf
CALL	ROOT	EXPRESSION_STATEMENT	METHOD		PY_METHOD_db7e5debe1cd9fb866ea2184bf83ba3f		0	0		positional_callee	NONE	NONE		UNKNOWN				false		84	4	84	37	PY_SCOPE_82525f83711515fbbd77c67bbdb1527f	PY_MODULE_3e2577d507dabc3d49a0e7ec37344e51		LOAD	false		false	false	positional_callee		UNKNOWN	NONE	NONE	SERVICE_VERSION_00000000000000000000000000000000	PY_EXPRESSION_42ecc710b6d8b5d90dc4cc5457ad0d5f
NAME_REFERENCE	CALLEE	EXPRESSION_STATEMENT	METHOD		PY_METHOD_db7e5debe1cd9fb866ea2184bf83ba3f	PY_EXPRESSION_42ecc710b6d8b5d90dc4cc5457ad0d5f	0	1		positional_callee	NONE	NONE		METHOD	PY_METHOD_ca6935fcd43cbae787fac2db38395296			false		84	4	84	21	PY_SCOPE_82525f83711515fbbd77c67bbdb1527f	PY_MODULE_3e2577d507dabc3d49a0e7ec37344e51	PY_BINDING_154552071786b577a134c520485a0c33	LOAD	false		false	false			UNKNOWN	NONE	NONE	SERVICE_VERSION_00000000000000000000000000000000	PY_EXPRESSION_d43a8ec20494d44f9b73c1f16e7c48bc
CALL	ARGUMENT	EXPRESSION_STATEMENT	METHOD		PY_METHOD_db7e5debe1cd9fb866ea2184bf83ba3f	PY_EXPRESSION_42ecc710b6d8b5d90dc4cc5457ad0d5f	0	1		Account	NONE	NONE		UNKNOWN				false		84	22	84	36	PY_SCOPE_82525f83711515fbbd77c67bbdb1527f	PY_MODULE_3e2577d507dabc3d49a0e7ec37344e51		LOAD	false		false	false	Account		UNKNOWN	NONE	NONE	SERVICE_VERSION_00000000000000000000000000000000	PY_EXPRESSION_55432b55b83d256c7c54c1184e930034
NAME_REFERENCE	CALLEE	EXPRESSION_STATEMENT	METHOD		PY_METHOD_db7e5debe1cd9fb866ea2184bf83ba3f	PY_EXPRESSION_55432b55b83d256c7c54c1184e930034	0	2		Account	NONE	NONE		TYPE	PY_TYPE_160aee5ca584e3817b8783b4e148e2a8			false		84	22	84	29	PY_SCOPE_82525f83711515fbbd77c67bbdb1527f	PY_MODULE_3e2577d507dabc3d49a0e7ec37344e51	PY_BINDING_cdab6e79adf6c52aa818bb8f33ffccfd	LOAD	false		false	false			UNKNOWN	NONE	NONE	SERVICE_VERSION_00000000000000000000000000000000	PY_EXPRESSION_b87afa8d80e9dcc827f4ea4f6809e6a5
NAME_REFERENCE	ARGUMENT	EXPRESSION_STATEMENT	METHOD		PY_METHOD_db7e5debe1cd9fb866ea2184bf83ba3f	PY_EXPRESSION_55432b55b83d256c7c54c1184e930034	0	2		owner	NONE	NONE		UNKNOWN				false		84	30	84	35	PY_SCOPE_82525f83711515fbbd77c67bbdb1527f	PY_MODULE_3e2577d507dabc3d49a0e7ec37344e51	PY_BINDING_c21e2afc6323e2a5db5636204329ac33	LOAD	false		false	false			UNKNOWN	NONE	NONE	SERVICE_VERSION_00000000000000000000000000000000	PY_EXPRESSION_12a637016564cd0c12edf1b55bc0b812
CALL	ROOT	EXPRESSION_STATEMENT	METHOD		PY_METHOD_db7e5debe1cd9fb866ea2184bf83ba3f		0	0		positional_callee	NONE	NONE		UNKNOWN				false		85	4	85	29	PY_SCOPE_82525f83711515fbbd77c67bbdb1527f	PY_MODULE_3e2577d507dabc3d49a0e7ec37344e51		LOAD	false		false	false	positional_callee		UNKNOWN	NONE	NONE	SERVICE_VERSION_00000000000000000000000000000000	PY_EXPRESSION_65c5b2fe3802dece696b43b110e3d080
NAME_REFERENCE	CALLEE	EXPRESSION_STATEMENT	METHOD		PY_METHOD_db7e5debe1cd9fb866ea2184bf83ba3f	PY_EXPRESSION_65c5b2fe3802dece696b43b110e3d080	0	1		positional_callee	NONE	NONE		METHOD	PY_METHOD_ca6935fcd43cbae787fac2db38395296			false		85	4	85	21	PY_SCOPE_82525f83711515fbbd77c67bbdb1527f	PY_MODULE_3e2577d507dabc3d49a0e7ec37344e51	PY_BINDING_154552071786b577a134c520485a0c33	LOAD	false		false	false			UNKNOWN	NONE	NONE	SERVICE_VERSION_00000000000000000000000000000000	PY_EXPRESSION_3c62c4ad08b6d06ae426d97fe64539df
NAME_REFERENCE	ARGUMENT	EXPRESSION_STATEMENT	METHOD		PY_METHOD_db7e5debe1cd9fb866ea2184bf83ba3f	PY_EXPRESSION_65c5b2fe3802dece696b43b110e3d080	0	1		ledger	NONE	NONE		UNKNOWN				false		85	22	85	28	PY_SCOPE_82525f83711515fbbd77c67bbdb1527f	PY_MODULE_3e2577d507dabc3d49a0e7ec37344e51	PY_BINDING_8c13fb45aae67c31d4c1e8077e05a4c4	LOAD	false		false	false			UNKNOWN	NONE	NONE	SERVICE_VERSION_00000000000000000000000000000000	PY_EXPRESSION_d9c3afbead678edc9edbab1ef8bc3532
LITERAL	ROOT	MODULE_LEVEL_STATEMENT	METHOD		PY_METHOD_045a8d3c36f9f34f18cb9bc6010d2ff1		0	0	STRING	Java analogue: blocks/. Block ownership and flow through suites. ~40% of Java invocations sit inside a block rather than directly in a method body, and Python adds module-level blocks, which have no Java analogue at all -- they need the synthetic <module> owner or call attribution has nothing to attach to.	NONE	NONE		UNKNOWN				false		1	0	7	3	PY_SCOPE_09fc4ebb4c180ea7c3aaa0ec4e5b0ff4	PY_MODULE_46145c2a5de067cf211000725bcdb8de		LOAD	false		false	false		str	BUILTIN_SCALAR	LITERAL	CERTAIN	SERVICE_VERSION_00000000000000000000000000000000	PY_EXPRESSION_3a62ef9d315d25bd1f1fe8eaf6cc315b
ASSIGNMENT	ROOT	ASSIGNMENT_VALUE	METHOD		PY_METHOD_045a8d3c36f9f34f18cb9bc6010d2ff1		0	0			NONE	NONE		UNKNOWN				false		12	0	12	25	PY_SCOPE_09fc4ebb4c180ea7c3aaa0ec4e5b0ff4	PY_MODULE_46145c2a5de067cf211000725bcdb8de		LOAD	false		false	false			UNKNOWN	NONE	NONE	SERVICE_VERSION_00000000000000000000000000000000	PY_EXPRESSION_6cfa4fa454554689650f61072a1d82bb
CALL	ASSIGNMENT_VALUE	ASSIGNMENT_VALUE	METHOD		PY_METHOD_045a8d3c36f9f34f18cb9bc6010d2ff1	PY_EXPRESSION_6cfa4fa454554689650f61072a1d82bb	0	1		Ledger	NONE	NONE		UNKNOWN				false		12	17	12	25	PY_SCOPE_09fc4ebb4c180ea7c3aaa0ec4e5b0ff4	PY_MODULE_46145c2a5de067cf211000725bcdb8de		LOAD	false		false	false	Ledger		UNKNOWN	NONE	NONE	SERVICE_VERSION_00000000000000000000000000000000	PY_EXPRESSION_4e1331688b899b5379e98eabbe74e56b
NAME_REFERENCE	ASSIGNMENT_TARGET	ASSIGNMENT_TARGET	METHOD		PY_METHOD_045a8d3c36f9f34f18cb9bc6010d2ff1	PY_EXPRESSION_6cfa4fa454554689650f61072a1d82bb	0	1		DEFAULT_LEDGER	NONE	NONE		UNKNOWN				false		12	0	12	14	PY_SCOPE_09fc4ebb4c180ea7c3aaa0ec4e5b0ff4	PY_MODULE_46145c2a5de067cf211000725bcdb8de	PY_BINDING_a240d6557ed8ae6d71bf35485bc9fdf4	STORE	true		false	false			UNKNOWN	NONE	NONE	SERVICE_VERSION_00000000000000000000000000000000	PY_EXPRESSION_5cf7b3fb16a1efcc3e5804ba243bcfb2
NAME_REFERENCE	CALLEE	ASSIGNMENT_VALUE	METHOD		PY_METHOD_045a8d3c36f9f34f18cb9bc6010d2ff1	PY_EXPRESSION_4e1331688b899b5379e98eabbe74e56b	0	2		Ledger	NONE	NONE		TYPE	PY_TYPE_65c006b7dc1da8d5b431a90353733207			false		12	17	12	23	PY_SCOPE_09fc4ebb4c180ea7c3aaa0ec4e5b0ff4	PY_MODULE_46145c2a5de067cf211000725bcdb8de	PY_BINDING_c26057214158cbd3ea8b8c34f011b0d6	LOAD	false		false	false			UNKNOWN	NONE	NONE	SERVICE_VERSION_00000000000000000000000000000000	PY_EXPRESSION_4f30dac2b09cc336a7a080cdc261b1ac
CALL	ROOT	MODULE_LEVEL_STATEMENT	METHOD		PY_METHOD_045a8d3c36f9f34f18cb9bc6010d2ff1		0	0		record	NONE	NONE		UNKNOWN				false		13	0	13	43	PY_SCOPE_09fc4ebb4c180ea7c3aaa0ec4e5b0ff4	PY_MODULE_46145c2a5de067cf211000725bcdb8de		LOAD	false		false	false	DEFAULT_LEDGER.record		UNKNOWN	NONE	NONE	SERVICE_VERSION_00000000000000000000000000000000	PY_EXPRESSION_2a25e0bf591e2ea2166596dbe7daccad
ATTRIBUTE_ACCESS	RECEIVER	MODULE_LEVEL_STATEMENT	METHOD		PY_METHOD_045a8d3c36f9f34f18cb9bc6010d2ff1	PY_EXPRESSION_2a25e0bf591e2ea2166596dbe7daccad	0	1		record	NONE	NONE		UNKNOWN				false		13	0	13	21	PY_SCOPE_09fc4ebb4c180ea7c3aaa0ec4e5b0ff4	PY_MODULE_46145c2a5de067cf211000725bcdb8de		LOAD	false		false	false	DEFAULT_LEDGER.record		UNKNOWN	NONE	NONE	SERVICE_VERSION_00000000000000000000000000000000	PY_EXPRESSION_1a6ed199ad5a0b8ca205521069717e32
CALL	ARGUMENT	MODULE_LEVEL_STATEMENT	METHOD		PY_METHOD_045a8d3c36f9f34f18cb9bc6010d2ff1	PY_EXPRESSION_2a25e0bf591e2ea2166596dbe7daccad	0	1		Account	NONE	NONE		UNKNOWN				false		13	22	13	42	PY_SCOPE_09fc4ebb4c180ea7c3aaa0ec4e5b0ff4	PY_MODULE_46145c2a5de067cf211000725bcdb8de		LOAD	false		false	false	Account		UNKNOWN	NONE	NONE	SERVICE_VERSION_00000000000000000000000000000000	PY_EXPRESSION_d1ffffde8dcfb46ef5fc345f5870626c
NAME_REFERENCE	ATTRIBUTE_OBJECT	MODULE_LEVEL_STATEMENT	METHOD		PY_METHOD_045a8d3c36f9f34f18cb9bc6010d2ff1	PY_EXPRESSION_1a6ed199ad5a0b8ca205521069717e32	0	2		DEFAULT_LEDGER	NONE	NONE		UNKNOWN				false		13	0	13	14	PY_SCOPE_09fc4ebb4c180ea7c3aaa0ec4e5b0ff4	PY_MODULE_46145c2a5de067cf211000725bcdb8de	PY_BINDING_a240d6557ed8ae6d71bf35485bc9fdf4	LOAD	false		false	false			UNKNOWN	NONE	NONE	SERVICE_VERSION_00000000000000000000000000000000	PY_EXPRESSION_81abef967c3af25b4dbd4af3434bf6fd
NAME_REFERENCE	CALLEE	MODULE_LEVEL_STATEMENT	METHOD		PY_METHOD_045a8d3c36f9f34f18cb9bc6010d2ff1	PY_EXPRESSION_d1ffffde8dcfb46ef5fc345f5870626c	0	2		Account	NONE	NONE		TYPE	PY_TYPE_160aee5ca584e3817b8783b4e148e2a8			false		13	22	13	29	PY_SCOPE_09fc4ebb4c180ea7c3aaa0ec4e5b0ff4	PY_MODULE_46145c2a5de067cf211000725bcdb8de	PY_BINDING_b5a1067c86131509a84be3d4ab135550	LOAD	false		false	false			UNKNOWN	NONE	NONE	SERVICE_VERSION_00000000000000000000000000000000	PY_EXPRESSION_265ed1fc281c574830eb4db68a165707
LITERAL	ARGUMENT	MODULE_LEVEL_STATEMENT	METHOD		PY_METHOD_045a8d3c36f9f34f18cb9bc6010d2ff1	PY_EXPRESSION_d1ffffde8dcfb46ef5fc345f5870626c	0	2	STRING	bootstrap	NONE	NONE		UNKNOWN				false		13	30	13	41	PY_SCOPE_09fc4ebb4c180ea7c3aaa0ec4e5b0ff4	PY_MODULE_46145c2a5de067cf211000725bcdb8de		LOAD	false		false	false		str	BUILTIN_SCALAR	LITERAL	CERTAIN	SERVICE_VERSION_00000000000000000000000000000000	PY_EXPRESSION_7cd3450a7702653a487a6f94b5576424
COMPARISON	CONDITION	IF_CONDITION	METHOD		PY_METHOD_045a8d3c36f9f34f18cb9bc6010d2ff1		0	0			NONE	NONE	==	UNKNOWN				false		15	3	15	30	PY_SCOPE_09fc4ebb4c180ea7c3aaa0ec4e5b0ff4	PY_MODULE_46145c2a5de067cf211000725bcdb8de		LOAD	false		false	false			UNKNOWN	NONE	NONE	SERVICE_VERSION_00000000000000000000000000000000	PY_EXPRESSION_ef9dfb4016ee0e036212d3fdb5db2700
CALL	OPERAND_LEFT	IF_CONDITION	METHOD		PY_METHOD_045a8d3c36f9f34f18cb9bc6010d2ff1	PY_EXPRESSION_ef9dfb4016ee0e036212d3fdb5db2700	0	1		total	NONE	NONE		UNKNOWN				false		15	3	15	25	PY_SCOPE_09fc4ebb4c180ea7c3aaa0ec4e5b0ff4	PY_MODULE_46145c2a5de067cf211000725bcdb8de		LOAD	false		false	false	DEFAULT_LEDGER.total		UNKNOWN	NONE	NONE	SERVICE_VERSION_00000000000000000000000000000000	PY_EXPRESSION_b04567ff4ff910f6b2c187637e3b8e2d
LITERAL	OPERAND_RIGHT	IF_CONDITION	METHOD		PY_METHOD_045a8d3c36f9f34f18cb9bc6010d2ff1	PY_EXPRESSION_ef9dfb4016ee0e036212d3fdb5db2700	1	1	INTEGER	0	NONE	NONE		UNKNOWN				false		15	29	15	30	PY_SCOPE_09fc4ebb4c180ea7c3aaa0ec4e5b0ff4	PY_MODULE_46145c2a5de067cf211000725bcdb8de		LOAD	false		false	false		int	BUILTIN_SCALAR	LITERAL	CERTAIN	SERVICE_VERSION_00000000000000000000000000000000	PY_EXPRESSION_65cda2e750c77df3ad13357f144d50d2
ATTRIBUTE_ACCESS	RECEIVER	IF_CONDITION	METHOD		PY_METHOD_045a8d3c36f9f34f18cb9bc6010d2ff1	PY_EXPRESSION_b04567ff4ff910f6b2c187637e3b8e2d	0	2		total	NONE	NONE		UNKNOWN				false		15	3	15	23	PY_SCOPE_09fc4ebb4c180ea7c3aaa0ec4e5b0ff4	PY_MODULE_46145c2a5de067cf211000725bcdb8de		LOAD	false		false	false	DEFAULT_LEDGER.total		UNKNOWN	NONE	NONE	SERVICE_VERSION_00000000000000000000000000000000	PY_EXPRESSION_2e736b547f44a99eadf4e16febf06dc5
NAME_REFERENCE	ATTRIBUTE_OBJECT	IF_CONDITION	METHOD		PY_METHOD_045a8d3c36f9f34f18cb9bc6010d2ff1	PY_EXPRESSION_2e736b547f44a99eadf4e16febf06dc5	0	3		DEFAULT_LEDGER	NONE	NONE		UNKNOWN				false		15	3	15	17	PY_SCOPE_09fc4ebb4c180ea7c3aaa0ec4e5b0ff4	PY_MODULE_46145c2a5de067cf211000725bcdb8de	PY_BINDING_a240d6557ed8ae6d71bf35485bc9fdf4	LOAD	false		false	false			UNKNOWN	NONE	NONE	SERVICE_VERSION_00000000000000000000000000000000	PY_EXPRESSION_4d22138e6c86cf0cb839b467c7b9cfbc
ASSIGNMENT	ROOT	ASSIGNMENT_VALUE	METHOD		PY_METHOD_045a8d3c36f9f34f18cb9bc6010d2ff1		0	0			NONE	NONE		UNKNOWN				false		17	4	17	32	PY_SCOPE_09fc4ebb4c180ea7c3aaa0ec4e5b0ff4	PY_MODULE_46145c2a5de067cf211000725bcdb8de		LOAD	false		false	false			UNKNOWN	NONE	NONE	SERVICE_VERSION_00000000000000000000000000000000	PY_EXPRESSION_8bc728da0d409519f9111f8c031d7217
CALL	ASSIGNMENT_VALUE	ASSIGNMENT_VALUE	METHOD		PY_METHOD_045a8d3c36f9f34f18cb9bc6010d2ff1	PY_EXPRESSION_8bc728da0d409519f9111f8c031d7217	0	1		Account	NONE	NONE		UNKNOWN				false		17	14	17	32	PY_SCOPE_09fc4ebb4c180ea7c3aaa0ec4e5b0ff4	PY_MODULE_46145c2a5de067cf211000725bcdb8de		LOAD	false		false	false	Account		UNKNOWN	NONE	NONE	SERVICE_VERSION_00000000000000000000000000000000	PY_EXPRESSION_ccd677bc66810763ae86f12b13515c22
NAME_REFERENCE	ASSIGNMENT_TARGET	ASSIGNMENT_TARGET	METHOD		PY_METHOD_045a8d3c36f9f34f18cb9bc6010d2ff1	PY_EXPRESSION_8bc728da0d409519f9111f8c031d7217	0	1		STARTUP	NONE	NONE		UNKNOWN				false		17	4	17	11	PY_SCOPE_09fc4ebb4c180ea7c3aaa0ec4e5b0ff4	PY_MODULE_46145c2a5de067cf211000725bcdb8de	PY_BINDING_017a36717b48176ea5101fd5e2845e41	STORE	true		false	false			UNKNOWN	NONE	NONE	SERVICE_VERSION_00000000000000000000000000000000	PY_EXPRESSION_c245646af44d1e18ddba0661d2e2254e
NAME_REFERENCE	CALLEE	ASSIGNMENT_VALUE	METHOD		PY_METHOD_045a8d3c36f9f34f18cb9bc6010d2ff1	PY_EXPRESSION_ccd677bc66810763ae86f12b13515c22	0	2		Account	NONE	NONE		TYPE	PY_TYPE_160aee5ca584e3817b8783b4e148e2a8			false		17	14	17	21	PY_SCOPE_09fc4ebb4c180ea7c3aaa0ec4e5b0ff4	PY_MODULE_46145c2a5de067cf211000725bcdb8de	PY_BINDING_b5a1067c86131509a84be3d4ab135550	LOAD	false		false	false			UNKNOWN	NONE	NONE	SERVICE_VERSION_00000000000000000000000000000000	PY_EXPRESSION_40b9fbc86344b6ee9d2f52e0a4903532
LITERAL	ARGUMENT	ASSIGNMENT_VALUE	METHOD		PY_METHOD_045a8d3c36f9f34f18cb9bc6010d2ff1	PY_EXPRESSION_ccd677bc66810763ae86f12b13515c22	0	2	STRING	startup	NONE	NONE		UNKNOWN				false		17	22	17	31	PY_SCOPE_09fc4ebb4c180ea7c3aaa0ec4e5b0ff4	PY_MODULE_46145c2a5de067cf211000725bcdb8de		LOAD	false		false	false		str	BUILTIN_SCALAR	LITERAL	CERTAIN	SERVICE_VERSION_00000000000000000000000000000000	PY_EXPRESSION_c2f1f29eaf1950efaa3a672d626d9257
CALL	ROOT	MODULE_LEVEL_STATEMENT	METHOD		PY_METHOD_045a8d3c36f9f34f18cb9bc6010d2ff1		0	0		record	NONE	NONE		UNKNOWN				false		18	4	18	34	PY_SCOPE_09fc4ebb4c180ea7c3aaa0ec4e5b0ff4	PY_MODULE_46145c2a5de067cf211000725bcdb8de		LOAD	false		false	false	DEFAULT_LEDGER.record		UNKNOWN	NONE	NONE	SERVICE_VERSION_00000000000000000000000000000000	PY_EXPRESSION_594112cd8b296c7ec7a6ec66631f300b
ATTRIBUTE_ACCESS	RECEIVER	MODULE_LEVEL_STATEMENT	METHOD		PY_METHOD_045a8d3c36f9f34f18cb9bc6010d2ff1	PY_EXPRESSION_594112cd8b296c7ec7a6ec66631f300b	0	1		record	NONE	NONE		UNKNOWN				false		18	4	18	25	PY_SCOPE_09fc4ebb4c180ea7c3aaa0ec4e5b0ff4	PY_MODULE_46145c2a5de067cf211000725bcdb8de		LOAD	false		false	false	DEFAULT_LEDGER.record		UNKNOWN	NONE	NONE	SERVICE_VERSION_00000000000000000000000000000000	PY_EXPRESSION_76716128012c16b5a383de3df0ddb81f
NAME_REFERENCE	ARGUMENT	MODULE_LEVEL_STATEMENT	METHOD		PY_METHOD_045a8d3c36f9f34f18cb9bc6010d2ff1	PY_EXPRESSION_594112cd8b296c7ec7a6ec66631f300b	0	1		STARTUP	NONE	NONE		UNKNOWN				false		18	26	18	33	PY_SCOPE_09fc4ebb4c180ea7c3aaa0ec4e5b0ff4	PY_MODULE_46145c2a5de067cf211000725bcdb8de	PY_BINDING_017a36717b48176ea5101fd5e2845e41	LOAD	false		false	false			UNKNOWN	NONE	NONE	SERVICE_VERSION_00000000000000000000000000000000	PY_EXPRESSION_74de54acd76eacb647d26d8997f325ca
NAME_REFERENCE	ATTRIBUTE_OBJECT	MODULE_LEVEL_STATEMENT	METHOD		PY_METHOD_045a8d3c36f9f34f18cb9bc6010d2ff1	PY_EXPRESSION_76716128012c16b5a383de3df0ddb81f	0	2		DEFAULT_LEDGER	NONE	NONE		UNKNOWN				false		18	4	18	18	PY_SCOPE_09fc4ebb4c180ea7c3aaa0ec4e5b0ff4	PY_MODULE_46145c2a5de067cf211000725bcdb8de	PY_BINDING_a240d6557ed8ae6d71bf35485bc9fdf4	LOAD	false		false	false			UNKNOWN	NONE	NONE	SERVICE_VERSION_00000000000000000000000000000000	PY_EXPRESSION_f0061e197b1987235f51704625eb3c11
ASSIGNMENT	ROOT	ASSIGNMENT_VALUE	METHOD		PY_METHOD_045a8d3c36f9f34f18cb9bc6010d2ff1		0	0			NONE	NONE		UNKNOWN				false		20	4	20	18	PY_SCOPE_09fc4ebb4c180ea7c3aaa0ec4e5b0ff4	PY_MODULE_46145c2a5de067cf211000725bcdb8de		LOAD	false		false	false			UNKNOWN	NONE	NONE	SERVICE_VERSION_00000000000000000000000000000000	PY_EXPRESSION_5d58a3ac48088055e117594492939242
LITERAL	ASSIGNMENT_VALUE	ASSIGNMENT_VALUE	METHOD		PY_METHOD_045a8d3c36f9f34f18cb9bc6010d2ff1	PY_EXPRESSION_5d58a3ac48088055e117594492939242	0	1	NONE	None	NONE	NONE		UNKNOWN				false		20	14	20	18	PY_SCOPE_09fc4ebb4c180ea7c3aaa0ec4e5b0ff4	PY_MODULE_46145c2a5de067cf211000725bcdb8de		LOAD	false		false	false		None	NONE_TYPE	LITERAL	CERTAIN	SERVICE_VERSION_00000000000000000000000000000000	PY_EXPRESSION_43bb638a2f6223079b09de4c8ab6c18c
NAME_REFERENCE	ASSIGNMENT_TARGET	ASSIGNMENT_TARGET	METHOD		PY_METHOD_045a8d3c36f9f34f18cb9bc6010d2ff1	PY_EXPRESSION_5d58a3ac48088055e117594492939242	0	1		STARTUP	NONE	NONE		UNKNOWN				false		20	4	20	11	PY_SCOPE_09fc4ebb4c180ea7c3aaa0ec4e5b0ff4	PY_MODULE_46145c2a5de067cf211000725bcdb8de	PY_BINDING_017a36717b48176ea5101fd5e2845e41	STORE	true		false	false			UNKNOWN	NONE	NONE	SERVICE_VERSION_00000000000000000000000000000000	PY_EXPRESSION_d99e082904279dcf6258d67e373b64e2
TUPLE	ROOT	FOR_ITERABLE	METHOD		PY_METHOD_045a8d3c36f9f34f18cb9bc6010d2ff1		0	0			NONE	NONE		UNKNOWN				false		22	13	22	23	PY_SCOPE_09fc4ebb4c180ea7c3aaa0ec4e5b0ff4	PY_MODULE_46145c2a5de067cf211000725bcdb8de		LOAD	false		false	false		tuple	BUILTIN_COLLECTION	COLLECTION_LITERAL	CERTAIN	SERVICE_VERSION_00000000000000000000000000000000	PY_EXPRESSION_98943355df2ecbabfc86a51e1b60887b
LITERAL	ARGUMENT	FOR_ITERABLE	METHOD		PY_METHOD_045a8d3c36f9f34f18cb9bc6010d2ff1	PY_EXPRESSION_98943355df2ecbabfc86a51e1b60887b	0	1	STRING	a	NONE	NONE		UNKNOWN				false		22	14	22	17	PY_SCOPE_09fc4ebb4c180ea7c3aaa0ec4e5b0ff4	PY_MODULE_46145c2a5de067cf211000725bcdb8de		LOAD	false		false	false		str	BUILTIN_SCALAR	LITERAL	CERTAIN	SERVICE_VERSION_00000000000000000000000000000000	PY_EXPRESSION_11c9370061753cb46420eccb9c1df3fe
LITERAL	ARGUMENT	FOR_ITERABLE	METHOD		PY_METHOD_045a8d3c36f9f34f18cb9bc6010d2ff1	PY_EXPRESSION_98943355df2ecbabfc86a51e1b60887b	1	1	STRING	b	NONE	NONE		UNKNOWN				false		22	19	22	22	PY_SCOPE_09fc4ebb4c180ea7c3aaa0ec4e5b0ff4	PY_MODULE_46145c2a5de067cf211000725bcdb8de		LOAD	false		false	false		str	BUILTIN_SCALAR	LITERAL	CERTAIN	SERVICE_VERSION_00000000000000000000000000000000	PY_EXPRESSION_5562fac6ccc75e470a2bdc2aef946090
NAME_REFERENCE	ROOT	FOR_TARGET	METHOD		PY_METHOD_045a8d3c36f9f34f18cb9bc6010d2ff1		0	0		_seed	NONE	NONE		UNKNOWN				false		22	4	22	9	PY_SCOPE_09fc4ebb4c180ea7c3aaa0ec4e5b0ff4	PY_MODULE_46145c2a5de067cf211000725bcdb8de	PY_BINDING_14ee4441eaaec88a527581fc78bccc01	STORE	true		false	false			UNKNOWN	NONE	NONE	SERVICE_VERSION_00000000000000000000000000000000	PY_EXPRESSION_03e019e6c466545f18f79df6c5098420
CALL	ROOT	MODULE_LEVEL_STATEMENT	METHOD		PY_METHOD_045a8d3c36f9f34f18cb9bc6010d2ff1		0	0		record	NONE	NONE		UNKNOWN				false		23	4	23	41	PY_SCOPE_09fc4ebb4c180ea7c3aaa0ec4e5b0ff4	PY_MODULE_46145c2a5de067cf211000725bcdb8de		LOAD	false		false	false	DEFAULT_LEDGER.record		UNKNOWN	NONE	NONE	SERVICE_VERSION_00000000000000000000000000000000	PY_EXPRESSION_be1c4c21b8045edd0c5db39cf3bf4a05
ATTRIBUTE_ACCESS	RECEIVER	MODULE_LEVEL_STATEMENT	METHOD		PY_METHOD_045a8d3c36f9f34f18cb9bc6010d2ff1	PY_EXPRESSION_be1c4c21b8045edd0c5db39cf3bf4a05	0	1		record	NONE	NONE		UNKNOWN				false		23	4	23	25	PY_SCOPE_09fc4ebb4c180ea7c3aaa0ec4e5b0ff4	PY_MODULE_46145c2a5de067cf211000725bcdb8de		LOAD	false		false	false	DEFAULT_LEDGER.record		UNKNOWN	NONE	NONE	SERVICE_VERSION_00000000000000000000000000000000	PY_EXPRESSION_58caa93ec0a4c3a82ce2ec77db5d67fe
CALL	ARGUMENT	MODULE_LEVEL_STATEMENT	METHOD		PY_METHOD_045a8d3c36f9f34f18cb9bc6010d2ff1	PY_EXPRESSION_be1c4c21b8045edd0c5db39cf3bf4a05	0	1		Account	NONE	NONE		UNKNOWN				false		23	26	23	40	PY_SCOPE_09fc4ebb4c180ea7c3aaa0ec4e5b0ff4	PY_MODULE_46145c2a5de067cf211000725bcdb8de		LOAD	false		false	false	Account		UNKNOWN	NONE	NONE	SERVICE_VERSION_00000000000000000000000000000000	PY_EXPRESSION_1a9deec97d8100c94093469a19ff8fd8
NAME_REFERENCE	ATTRIBUTE_OBJECT	MODULE_LEVEL_STATEMENT	METHOD		PY_METHOD_045a8d3c36f9f34f18cb9bc6010d2ff1	PY_EXPRESSION_58caa93ec0a4c3a82ce2ec77db5d67fe	0	2		DEFAULT_LEDGER	NONE	NONE		UNKNOWN				false		23	4	23	18	PY_SCOPE_09fc4ebb4c180ea7c3aaa0ec4e5b0ff4	PY_MODULE_46145c2a5de067cf211000725bcdb8de	PY_BINDING_a240d6557ed8ae6d71bf35485bc9fdf4	LOAD	false		false	false			UNKNOWN	NONE	NONE	SERVICE_VERSION_00000000000000000000000000000000	PY_EXPRESSION_6fd38da227784911193598c4bf96f86e
NAME_REFERENCE	CALLEE	MODULE_LEVEL_STATEMENT	METHOD		PY_METHOD_045a8d3c36f9f34f18cb9bc6010d2ff1	PY_EXPRESSION_1a9deec97d8100c94093469a19ff8fd8	0	2		Account	NONE	NONE		TYPE	PY_TYPE_160aee5ca584e3817b8783b4e148e2a8			false		23	26	23	33	PY_SCOPE_09fc4ebb4c180ea7c3aaa0ec4e5b0ff4	PY_MODULE_46145c2a5de067cf211000725bcdb8de	PY_BINDING_b5a1067c86131509a84be3d4ab135550	LOAD	false		false	false			UNKNOWN	NONE	NONE	SERVICE_VERSION_00000000000000000000000000000000	PY_EXPRESSION_bda782577d163b93819565e531b4af67
NAME_REFERENCE	ARGUMENT	MODULE_LEVEL_STATEMENT	METHOD		PY_METHOD_045a8d3c36f9f34f18cb9bc6010d2ff1	PY_EXPRESSION_1a9deec97d8100c94093469a19ff8fd8	0	2		_seed	NONE	NONE		UNKNOWN				false		23	34	23	39	PY_SCOPE_09fc4ebb4c180ea7c3aaa0ec4e5b0ff4	PY_MODULE_46145c2a5de067cf211000725bcdb8de	PY_BINDING_14ee4441eaaec88a527581fc78bccc01	LOAD	false		false	false			UNKNOWN	NONE	NONE	SERVICE_VERSION_00000000000000000000000000000000	PY_EXPRESSION_6f09a97b3f0edf3109041deffa913b7f
NAME_REFERENCE	EXCEPT_TYPE	EXCEPT_TYPE	METHOD		PY_METHOD_045a8d3c36f9f34f18cb9bc6010d2ff1		0	0		ImportError	NONE	NONE		UNKNOWN				false		27	7	27	18	PY_SCOPE_09fc4ebb4c180ea7c3aaa0ec4e5b0ff4	PY_MODULE_46145c2a5de067cf211000725bcdb8de	PY_BINDING_e81fe8b3663db6d9d41aef92671010c5	LOAD	false		false	false			UNKNOWN	NONE	NONE	SERVICE_VERSION_00000000000000000000000000000000	PY_EXPRESSION_6ea01d96204748d72d3737e60ea4644c
COMPARISON	CONDITION	IF_CONDITION	METHOD		PY_METHOD_c08c95c91dab5d42862362a14f225fba		0	0			NONE	NONE	==	UNKNOWN				false		32	7	32	24	PY_SCOPE_c56fdb26b061687029d0b731a00504a0	PY_MODULE_46145c2a5de067cf211000725bcdb8de		LOAD	false		false	false			UNKNOWN	NONE	NONE	SERVICE_VERSION_00000000000000000000000000000000	PY_EXPRESSION_92ca9c42e9355174cbef53c0642e03d8
NAME_REFERENCE	OPERAND_LEFT	IF_CONDITION	METHOD		PY_METHOD_c08c95c91dab5d42862362a14f225fba	PY_EXPRESSION_92ca9c42e9355174cbef53c0642e03d8	0	1		mode	NONE	NONE		UNKNOWN				false		32	7	32	11	PY_SCOPE_c56fdb26b061687029d0b731a00504a0	PY_MODULE_46145c2a5de067cf211000725bcdb8de	PY_BINDING_1ecfb074a2fd1d321d86821c6f122706	LOAD	false		false	false			UNKNOWN	NONE	NONE	SERVICE_VERSION_00000000000000000000000000000000	PY_EXPRESSION_d80ed3db4a65ba57ffb3a7db63017b3c
LITERAL	OPERAND_RIGHT	IF_CONDITION	METHOD		PY_METHOD_c08c95c91dab5d42862362a14f225fba	PY_EXPRESSION_92ca9c42e9355174cbef53c0642e03d8	1	1	STRING	deposit	NONE	NONE		UNKNOWN				false		32	15	32	24	PY_SCOPE_c56fdb26b061687029d0b731a00504a0	PY_MODULE_46145c2a5de067cf211000725bcdb8de		LOAD	false		false	false		str	BUILTIN_SCALAR	LITERAL	CERTAIN	SERVICE_VERSION_00000000000000000000000000000000	PY_EXPRESSION_733f82c1101ca798a9a9e54ec79109a7
CALL	ROOT	EXPRESSION_STATEMENT	METHOD		PY_METHOD_c08c95c91dab5d42862362a14f225fba		0	0		deposit	NONE	NONE		UNKNOWN				false		33	8	33	26	PY_SCOPE_c56fdb26b061687029d0b731a00504a0	PY_MODULE_46145c2a5de067cf211000725bcdb8de		LOAD	false		false	false	account.deposit		UNKNOWN	NONE	NONE	SERVICE_VERSION_00000000000000000000000000000000	PY_EXPRESSION_a172afd8eb663b597d1e2ae1a8e7e16e
ATTRIBUTE_ACCESS	RECEIVER	EXPRESSION_STATEMENT	METHOD		PY_METHOD_c08c95c91dab5d42862362a14f225fba	PY_EXPRESSION_a172afd8eb663b597d1e2ae1a8e7e16e	0	1		deposit	NONE	NONE		UNKNOWN				false		33	8	33	23	PY_SCOPE_c56fdb26b061687029d0b731a00504a0	PY_MODULE_46145c2a5de067cf211000725bcdb8de		LOAD	false		false	false	account.deposit		UNKNOWN	NONE	NONE	SERVICE_VERSION_00000000000000000000000000000000	PY_EXPRESSION_fb73e53a81651d9cd3b35fe887c6b8a7
LITERAL	ARGUMENT	EXPRESSION_STATEMENT	METHOD		PY_METHOD_c08c95c91dab5d42862362a14f225fba	PY_EXPRESSION_a172afd8eb663b597d1e2ae1a8e7e16e	0	1	INTEGER	1	NONE	NONE		UNKNOWN				false		33	24	33	25	PY_SCOPE_c56fdb26b061687029d0b731a00504a0	PY_MODULE_46145c2a5de067cf211000725bcdb8de		LOAD	false		false	false		int	BUILTIN_SCALAR	LITERAL	CERTAIN	SERVICE_VERSION_00000000000000000000000000000000	PY_EXPRESSION_30e491e854f24cb95261cbda649976a5
NAME_REFERENCE	ATTRIBUTE_OBJECT	EXPRESSION_STATEMENT	METHOD		PY_METHOD_c08c95c91dab5d42862362a14f225fba	PY_EXPRESSION_fb73e53a81651d9cd3b35fe887c6b8a7	0	2		account	NONE	NONE		UNKNOWN				false		33	8	33	15	PY_SCOPE_c56fdb26b061687029d0b731a00504a0	PY_MODULE_46145c2a5de067cf211000725bcdb8de	PY_BINDING_e069b0a4af5b9d6adaeb2dc1ca0801d2	LOAD	false		false	false			UNKNOWN	NONE	NONE	SERVICE_VERSION_00000000000000000000000000000000	PY_EXPRESSION_31351a6d0f35c08d2bc969fb5de09f2e
COMPARISON	CONDITION	IF_CONDITION	METHOD		PY_METHOD_c08c95c91dab5d42862362a14f225fba		0	0			NONE	NONE	==	UNKNOWN				false		34	9	34	27	PY_SCOPE_c56fdb26b061687029d0b731a00504a0	PY_MODULE_46145c2a5de067cf211000725bcdb8de		LOAD	false		false	false			UNKNOWN	NONE	NONE	SERVICE_VERSION_00000000000000000000000000000000	PY_EXPRESSION_8e7af118c79b2c45f67a4f3c3dc7cf7b
NAME_REFERENCE	OPERAND_LEFT	IF_CONDITION	METHOD		PY_METHOD_c08c95c91dab5d42862362a14f225fba	PY_EXPRESSION_8e7af118c79b2c45f67a4f3c3dc7cf7b	0	1		mode	NONE	NONE		UNKNOWN				false		34	9	34	13	PY_SCOPE_c56fdb26b061687029d0b731a00504a0	PY_MODULE_46145c2a5de067cf211000725bcdb8de	PY_BINDING_1ecfb074a2fd1d321d86821c6f122706	LOAD	false		false	false			UNKNOWN	NONE	NONE	SERVICE_VERSION_00000000000000000000000000000000	PY_EXPRESSION_4b8337dd1b0598e345bb57b3815ce357
LITERAL	OPERAND_RIGHT	IF_CONDITION	METHOD		PY_METHOD_c08c95c91dab5d42862362a14f225fba	PY_EXPRESSION_8e7af118c79b2c45f67a4f3c3dc7cf7b	1	1	STRING	withdraw	NONE	NONE		UNKNOWN				false		34	17	34	27	PY_SCOPE_c56fdb26b061687029d0b731a00504a0	PY_MODULE_46145c2a5de067cf211000725bcdb8de		LOAD	false		false	false		str	BUILTIN_SCALAR	LITERAL	CERTAIN	SERVICE_VERSION_00000000000000000000000000000000	PY_EXPRESSION_573a34242e12f62c9c47474d1bc8448d
CALL	ROOT	EXPRESSION_STATEMENT	METHOD		PY_METHOD_c08c95c91dab5d42862362a14f225fba		0	0		withdraw	NONE	NONE		UNKNOWN				false		35	8	35	27	PY_SCOPE_c56fdb26b061687029d0b731a00504a0	PY_MODULE_46145c2a5de067cf211000725bcdb8de		LOAD	false		false	false	account.withdraw		UNKNOWN	NONE	NONE	SERVICE_VERSION_00000000000000000000000000000000	PY_EXPRESSION_9c93a2998a50cecff84ce2a23dec4434
ATTRIBUTE_ACCESS	RECEIVER	EXPRESSION_STATEMENT	METHOD		PY_METHOD_c08c95c91dab5d42862362a14f225fba	PY_EXPRESSION_9c93a2998a50cecff84ce2a23dec4434	0	1		withdraw	NONE	NONE		UNKNOWN				false		35	8	35	24	PY_SCOPE_c56fdb26b061687029d0b731a00504a0	PY_MODULE_46145c2a5de067cf211000725bcdb8de		LOAD	false		false	false	account.withdraw		UNKNOWN	NONE	NONE	SERVICE_VERSION_00000000000000000000000000000000	PY_EXPRESSION_cb4dc3d4eada1a9f475dc29f7812b899
LITERAL	ARGUMENT	EXPRESSION_STATEMENT	METHOD		PY_METHOD_c08c95c91dab5d42862362a14f225fba	PY_EXPRESSION_9c93a2998a50cecff84ce2a23dec4434	0	1	INTEGER	1	NONE	NONE		UNKNOWN				false		35	25	35	26	PY_SCOPE_c56fdb26b061687029d0b731a00504a0	PY_MODULE_46145c2a5de067cf211000725bcdb8de		LOAD	false		false	false		int	BUILTIN_SCALAR	LITERAL	CERTAIN	SERVICE_VERSION_00000000000000000000000000000000	PY_EXPRESSION_1db506f3dcd75a416c253d0bd07b7c46
NAME_REFERENCE	ATTRIBUTE_OBJECT	EXPRESSION_STATEMENT	METHOD		PY_METHOD_c08c95c91dab5d42862362a14f225fba	PY_EXPRESSION_cb4dc3d4eada1a9f475dc29f7812b899	0	2		account	NONE	NONE		UNKNOWN				false		35	8	35	15	PY_SCOPE_c56fdb26b061687029d0b731a00504a0	PY_MODULE_46145c2a5de067cf211000725bcdb8de	PY_BINDING_e069b0a4af5b9d6adaeb2dc1ca0801d2	LOAD	false		false	false			UNKNOWN	NONE	NONE	SERVICE_VERSION_00000000000000000000000000000000	PY_EXPRESSION_08e8a72612e7919441bc2c387e77eb36
CALL	ROOT	EXPRESSION_STATEMENT	METHOD		PY_METHOD_c08c95c91dab5d42862362a14f225fba		0	0		balance	NONE	NONE		UNKNOWN				false		37	8	37	25	PY_SCOPE_c56fdb26b061687029d0b731a00504a0	PY_MODULE_46145c2a5de067cf211000725bcdb8de		LOAD	false		false	false	account.balance		UNKNOWN	NONE	NONE	SERVICE_VERSION_00000000000000000000000000000000	PY_EXPRESSION_8aa58612190895c7619ce16eba51f217
ATTRIBUTE_ACCESS	RECEIVER	EXPRESSION_STATEMENT	METHOD		PY_METHOD_c08c95c91dab5d42862362a14f225fba	PY_EXPRESSION_8aa58612190895c7619ce16eba51f217	0	1		balance	NONE	NONE		UNKNOWN				false		37	8	37	23	PY_SCOPE_c56fdb26b061687029d0b731a00504a0	PY_MODULE_46145c2a5de067cf211000725bcdb8de		LOAD	false		false	false	account.balance		UNKNOWN	NONE	NONE	SERVICE_VERSION_00000000000000000000000000000000	PY_EXPRESSION_9d595f8c47797c90467a2074c6e33b53
NAME_REFERENCE	ATTRIBUTE_OBJECT	EXPRESSION_STATEMENT	METHOD		PY_METHOD_c08c95c91dab5d42862362a14f225fba	PY_EXPRESSION_9d595f8c47797c90467a2074c6e33b53	0	2		account	NONE	NONE		UNKNOWN				false		37	8	37	15	PY_SCOPE_c56fdb26b061687029d0b731a00504a0	PY_MODULE_46145c2a5de067cf211000725bcdb8de	PY_BINDING_e069b0a4af5b9d6adaeb2dc1ca0801d2	LOAD	false		false	false			UNKNOWN	NONE	NONE	SERVICE_VERSION_00000000000000000000000000000000	PY_EXPRESSION_73a07be47015ded63b2dc4ee164d2f15
NAME_REFERENCE	RETURN_VALUE	RETURN_VALUE	METHOD		PY_METHOD_c08c95c91dab5d42862362a14f225fba		0	0		account	NONE	NONE		UNKNOWN				false	0	38	11	38	18	PY_SCOPE_c56fdb26b061687029d0b731a00504a0	PY_MODULE_46145c2a5de067cf211000725bcdb8de	PY_BINDING_e069b0a4af5b9d6adaeb2dc1ca0801d2	LOAD	false		false	false			UNKNOWN	NONE	NONE	SERVICE_VERSION_00000000000000000000000000000000	PY_EXPRESSION_ec532d04b86909eeed070d7df25f351c
ASSIGNMENT	ROOT	ASSIGNMENT_VALUE	METHOD		PY_METHOD_f566c548ebfe64c6c3308420b0e4652e		0	0			NONE	NONE		UNKNOWN				false		42	4	42	13	PY_SCOPE_ca22866907d11fc9370982938164ce1f	PY_MODULE_46145c2a5de067cf211000725bcdb8de		LOAD	false		false	false			UNKNOWN	NONE	NONE	SERVICE_VERSION_00000000000000000000000000000000	PY_EXPRESSION_0fb3cf31af9857da6a84c2f40359a9ff
LITERAL	ASSIGNMENT_VALUE	ASSIGNMENT_VALUE	METHOD		PY_METHOD_f566c548ebfe64c6c3308420b0e4652e	PY_EXPRESSION_0fb3cf31af9857da6a84c2f40359a9ff	0	1	INTEGER	0	NONE	NONE		UNKNOWN				false		42	12	42	13	PY_SCOPE_ca22866907d11fc9370982938164ce1f	PY_MODULE_46145c2a5de067cf211000725bcdb8de		LOAD	false		false	false		int	BUILTIN_SCALAR	LITERAL	CERTAIN	SERVICE_VERSION_00000000000000000000000000000000	PY_EXPRESSION_b84570a813c8ccfee3c6cd0759f7d7bf
NAME_REFERENCE	ASSIGNMENT_TARGET	ASSIGNMENT_TARGET	METHOD		PY_METHOD_f566c548ebfe64c6c3308420b0e4652e	PY_EXPRESSION_0fb3cf31af9857da6a84c2f40359a9ff	0	1		total	NONE	NONE		UNKNOWN				false		42	4	42	9	PY_SCOPE_ca22866907d11fc9370982938164ce1f	PY_MODULE_46145c2a5de067cf211000725bcdb8de	PY_BINDING_2617d67bc3131c6d83387349be3dadcf	STORE	true		false	false			UNKNOWN	NONE	NONE	SERVICE_VERSION_00000000000000000000000000000000	PY_EXPRESSION_81b93f0ac1ac672f7915e7a3ca1b1885
NAME_REFERENCE	ROOT	FOR_ITERABLE	METHOD		PY_METHOD_f566c548ebfe64c6c3308420b0e4652e		0	0		accounts	NONE	NONE		UNKNOWN				false		43	19	43	27	PY_SCOPE_ca22866907d11fc9370982938164ce1f	PY_MODULE_46145c2a5de067cf211000725bcdb8de	PY_BINDING_5310c3584cc562581f7780991f9bdeba	LOAD	false		false	false			UNKNOWN	NONE	NONE	SERVICE_VERSION_00000000000000000000000000000000	PY_EXPRESSION_de80783933a6ba28dfb6e1d8a132c819
NAME_REFERENCE	ROOT	FOR_TARGET	METHOD		PY_METHOD_f566c548ebfe64c6c3308420b0e4652e		0	0		account	NONE	NONE		UNKNOWN				false		43	8	43	15	PY_SCOPE_ca22866907d11fc9370982938164ce1f	PY_MODULE_46145c2a5de067cf211000725bcdb8de	PY_BINDING_b69dd5fc19fdcbed0ef83681a759e3e6	STORE	true		false	false			UNKNOWN	NONE	NONE	SERVICE_VERSION_00000000000000000000000000000000	PY_EXPRESSION_5fcf740cbd38cfc862e64ce98e35cebc
NAME_REFERENCE	CONDITION	IF_CONDITION	METHOD		PY_METHOD_f566c548ebfe64c6c3308420b0e4652e		0	0		flag	NONE	NONE		UNKNOWN				false		44	11	44	15	PY_SCOPE_ca22866907d11fc9370982938164ce1f	PY_MODULE_46145c2a5de067cf211000725bcdb8de	PY_BINDING_0b3d4faea838bf141b270a5f027614f3	LOAD	false		false	false			UNKNOWN	NONE	NONE	SERVICE_VERSION_00000000000000000000000000000000	PY_EXPRESSION_d1dd858aa31a52c0a5cd9735626e5e95
COMPARISON	CONDITION	WHILE_CONDITION	METHOD		PY_METHOD_f566c548ebfe64c6c3308420b0e4652e		0	0			NONE	NONE	<	UNKNOWN				false		45	18	45	28	PY_SCOPE_ca22866907d11fc9370982938164ce1f	PY_MODULE_46145c2a5de067cf211000725bcdb8de		LOAD	false		false	false			UNKNOWN	NONE	NONE	SERVICE_VERSION_00000000000000000000000000000000	PY_EXPRESSION_8337cae2bcb93205f2d5581ca0eb929f
NAME_REFERENCE	OPERAND_LEFT	WHILE_CONDITION	METHOD		PY_METHOD_f566c548ebfe64c6c3308420b0e4652e	PY_EXPRESSION_8337cae2bcb93205f2d5581ca0eb929f	0	1		total	NONE	NONE		UNKNOWN				false		45	18	45	23	PY_SCOPE_ca22866907d11fc9370982938164ce1f	PY_MODULE_46145c2a5de067cf211000725bcdb8de	PY_BINDING_2617d67bc3131c6d83387349be3dadcf	LOAD	false		false	false			UNKNOWN	NONE	NONE	SERVICE_VERSION_00000000000000000000000000000000	PY_EXPRESSION_228a8c55fc90339a3517622805321e40
LITERAL	OPERAND_RIGHT	WHILE_CONDITION	METHOD		PY_METHOD_f566c548ebfe64c6c3308420b0e4652e	PY_EXPRESSION_8337cae2bcb93205f2d5581ca0eb929f	1	1	INTEGER	10	NONE	NONE		UNKNOWN				false		45	26	45	28	PY_SCOPE_ca22866907d11fc9370982938164ce1f	PY_MODULE_46145c2a5de067cf211000725bcdb8de		LOAD	false		false	false		int	BUILTIN_SCALAR	LITERAL	CERTAIN	SERVICE_VERSION_00000000000000000000000000000000	PY_EXPRESSION_0f237799190cdee31e57d5a016fc060e
CALL	ASSIGNMENT_VALUE	AUGMENTED_ASSIGNMENT	METHOD		PY_METHOD_f566c548ebfe64c6c3308420b0e4652e		0	0		balance	NONE	NONE		UNKNOWN				false		46	25	46	42	PY_SCOPE_ca22866907d11fc9370982938164ce1f	PY_MODULE_46145c2a5de067cf211000725bcdb8de		LOAD	false		false	false	account.balance		UNKNOWN	NONE	NONE	SERVICE_VERSION_00000000000000000000000000000000	PY_EXPRESSION_582e3f1efc54b6cfc5b7164675d6b9cf
ATTRIBUTE_ACCESS	RECEIVER	AUGMENTED_ASSIGNMENT	METHOD		PY_METHOD_f566c548ebfe64c6c3308420b0e4652e	PY_EXPRESSION_582e3f1efc54b6cfc5b7164675d6b9cf	0	1		balance	NONE	NONE		UNKNOWN				false		46	25	46	40	PY_SCOPE_ca22866907d11fc9370982938164ce1f	PY_MODULE_46145c2a5de067cf211000725bcdb8de		LOAD	false		false	false	account.balance		UNKNOWN	NONE	NONE	SERVICE_VERSION_00000000000000000000000000000000	PY_EXPRESSION_f4ba8b743622e298484fcb2297eff72d
NAME_REFERENCE	ATTRIBUTE_OBJECT	AUGMENTED_ASSIGNMENT	METHOD		PY_METHOD_f566c548ebfe64c6c3308420b0e4652e	PY_EXPRESSION_f4ba8b743622e298484fcb2297eff72d	0	2		account	NONE	NONE		UNKNOWN				false		46	25	46	32	PY_SCOPE_ca22866907d11fc9370982938164ce1f	PY_MODULE_46145c2a5de067cf211000725bcdb8de	PY_BINDING_b69dd5fc19fdcbed0ef83681a759e3e6	LOAD	false		false	false			UNKNOWN	NONE	NONE	SERVICE_VERSION_00000000000000000000000000000000	PY_EXPRESSION_0407d76559c19c49ac4facc6795a388a
NAME_REFERENCE	ASSIGNMENT_TARGET	AUGMENTED_ASSIGNMENT	METHOD		PY_METHOD_f566c548ebfe64c6c3308420b0e4652e		0	0		total	NONE	NONE		UNKNOWN				false		46	16	46	21	PY_SCOPE_ca22866907d11fc9370982938164ce1f	PY_MODULE_46145c2a5de067cf211000725bcdb8de	PY_BINDING_2617d67bc3131c6d83387349be3dadcf	STORE	true		false	false			UNKNOWN	NONE	NONE	SERVICE_VERSION_00000000000000000000000000000000	PY_EXPRESSION_120a493ff014975d890766bd209cec52
COMPARISON	CONDITION	IF_CONDITION	METHOD		PY_METHOD_f566c548ebfe64c6c3308420b0e4652e		0	0			NONE	NONE	>	UNKNOWN				false		47	19	47	28	PY_SCOPE_ca22866907d11fc9370982938164ce1f	PY_MODULE_46145c2a5de067cf211000725bcdb8de		LOAD	false		false	false			UNKNOWN	NONE	NONE	SERVICE_VERSION_00000000000000000000000000000000	PY_EXPRESSION_8586cc3a211979f83d6f5a9f0972ce9c
NAME_REFERENCE	OPERAND_LEFT	IF_CONDITION	METHOD		PY_METHOD_f566c548ebfe64c6c3308420b0e4652e	PY_EXPRESSION_8586cc3a211979f83d6f5a9f0972ce9c	0	1		total	NONE	NONE		UNKNOWN				false		47	19	47	24	PY_SCOPE_ca22866907d11fc9370982938164ce1f	PY_MODULE_46145c2a5de067cf211000725bcdb8de	PY_BINDING_2617d67bc3131c6d83387349be3dadcf	LOAD	false		false	false			UNKNOWN	NONE	NONE	SERVICE_VERSION_00000000000000000000000000000000	PY_EXPRESSION_ee55dc25a894fec438e8649dc7c226b8
LITERAL	OPERAND_RIGHT	IF_CONDITION	METHOD		PY_METHOD_f566c548ebfe64c6c3308420b0e4652e	PY_EXPRESSION_8586cc3a211979f83d6f5a9f0972ce9c	1	1	INTEGER	5	NONE	NONE		UNKNOWN				false		47	27	47	28	PY_SCOPE_ca22866907d11fc9370982938164ce1f	PY_MODULE_46145c2a5de067cf211000725bcdb8de		LOAD	false		false	false		int	BUILTIN_SCALAR	LITERAL	CERTAIN	SERVICE_VERSION_00000000000000000000000000000000	PY_EXPRESSION_c6384e38a148c82b2499bb8e6d83b79b
ASSIGNMENT	ROOT	ASSIGNMENT_VALUE	METHOD		PY_METHOD_f566c548ebfe64c6c3308420b0e4652e		0	0			NONE	NONE		UNKNOWN				false		50	16	50	25	PY_SCOPE_ca22866907d11fc9370982938164ce1f	PY_MODULE_46145c2a5de067cf211000725bcdb8de		LOAD	false		false	false			UNKNOWN	NONE	NONE	SERVICE_VERSION_00000000000000000000000000000000	PY_EXPRESSION_9a1e091170d05a0bc03f95352be4f378
LITERAL	ASSIGNMENT_VALUE	ASSIGNMENT_VALUE	METHOD		PY_METHOD_f566c548ebfe64c6c3308420b0e4652e	PY_EXPRESSION_9a1e091170d05a0bc03f95352be4f378	0	1	INTEGER	0	NONE	NONE		UNKNOWN				false		50	24	50	25	PY_SCOPE_ca22866907d11fc9370982938164ce1f	PY_MODULE_46145c2a5de067cf211000725bcdb8de		LOAD	false		false	false		int	BUILTIN_SCALAR	LITERAL	CERTAIN	SERVICE_VERSION_00000000000000000000000000000000	PY_EXPRESSION_b530afaf761beb2efdc590285a558b3a
NAME_REFERENCE	ASSIGNMENT_TARGET	ASSIGNMENT_TARGET	METHOD		PY_METHOD_f566c548ebfe64c6c3308420b0e4652e	PY_EXPRESSION_9a1e091170d05a0bc03f95352be4f378	0	1		total	NONE	NONE		UNKNOWN				false		50	16	50	21	PY_SCOPE_ca22866907d11fc9370982938164ce1f	PY_MODULE_46145c2a5de067cf211000725bcdb8de	PY_BINDING_2617d67bc3131c6d83387349be3dadcf	STORE	true		false	false			UNKNOWN	NONE	NONE	SERVICE_VERSION_00000000000000000000000000000000	PY_EXPRESSION_d7dc3ee54e8d438e9321ae3c26feba33
NAME_REFERENCE	RETURN_VALUE	RETURN_VALUE	METHOD		PY_METHOD_f566c548ebfe64c6c3308420b0e4652e		0	0		total	NONE	NONE		UNKNOWN				false	0	53	11	53	16	PY_SCOPE_ca22866907d11fc9370982938164ce1f	PY_MODULE_46145c2a5de067cf211000725bcdb8de	PY_BINDING_2617d67bc3131c6d83387349be3dadcf	LOAD	false		false	false			UNKNOWN	NONE	NONE	SERVICE_VERSION_00000000000000000000000000000000	PY_EXPRESSION_d45871ac9504b1e2ac749cb8f4d262ad
ASSIGNMENT	ROOT	ASSIGNMENT_VALUE	METHOD		PY_METHOD_1ca9b70df2a25af8dca149c7759f5a07		0	0			NONE	NONE		UNKNOWN				false		57	4	57	17	PY_SCOPE_c65ac44c18b807be47252ad2f7276830	PY_MODULE_46145c2a5de067cf211000725bcdb8de		LOAD	false		false	false			UNKNOWN	NONE	NONE	SERVICE_VERSION_00000000000000000000000000000000	PY_EXPRESSION_987b697dc24d8c8f22397be911f2dd99
LITERAL	ASSIGNMENT_VALUE	ASSIGNMENT_VALUE	METHOD		PY_METHOD_1ca9b70df2a25af8dca149c7759f5a07	PY_EXPRESSION_987b697dc24d8c8f22397be911f2dd99	0	1	NONE	None	NONE	NONE		UNKNOWN				false		57	13	57	17	PY_SCOPE_c65ac44c18b807be47252ad2f7276830	PY_MODULE_46145c2a5de067cf211000725bcdb8de		LOAD	false		false	false		None	NONE_TYPE	LITERAL	CERTAIN	SERVICE_VERSION_00000000000000000000000000000000	PY_EXPRESSION_285e83acb3d56720e9746c09b515466f
NAME_REFERENCE	ASSIGNMENT_TARGET	ASSIGNMENT_TARGET	METHOD		PY_METHOD_1ca9b70df2a25af8dca149c7759f5a07	PY_EXPRESSION_987b697dc24d8c8f22397be911f2dd99	0	1		handle	NONE	NONE		UNKNOWN				false		57	4	57	10	PY_SCOPE_c65ac44c18b807be47252ad2f7276830	PY_MODULE_46145c2a5de067cf211000725bcdb8de	PY_BINDING_f30dcb10857f97d7a7a0a3c9d6170fc5	STORE	true		false	false			UNKNOWN	NONE	NONE	SERVICE_VERSION_00000000000000000000000000000000	PY_EXPRESSION_f9c0f02f107a56334bf1207ac3fd1732
ASSIGNMENT	ROOT	ASSIGNMENT_VALUE	METHOD		PY_METHOD_1ca9b70df2a25af8dca149c7759f5a07		0	0			NONE	NONE		UNKNOWN				false		59	8	59	27	PY_SCOPE_c65ac44c18b807be47252ad2f7276830	PY_MODULE_46145c2a5de067cf211000725bcdb8de		LOAD	false		false	false			UNKNOWN	NONE	NONE	SERVICE_VERSION_00000000000000000000000000000000	PY_EXPRESSION_57ad896ee93bc2818ea09768bda1acb5
CALL	ASSIGNMENT_VALUE	ASSIGNMENT_VALUE	METHOD		PY_METHOD_1ca9b70df2a25af8dca149c7759f5a07	PY_EXPRESSION_57ad896ee93bc2818ea09768bda1acb5	0	1		open	NONE	NONE		UNKNOWN				false		59	17	59	27	PY_SCOPE_c65ac44c18b807be47252ad2f7276830	PY_MODULE_46145c2a5de067cf211000725bcdb8de		LOAD	false		false	false	open		UNKNOWN	NONE	NONE	SERVICE_VERSION_00000000000000000000000000000000	PY_EXPRESSION_e35ddaa0b53d497cfe0200f50dec0d77
NAME_REFERENCE	ASSIGNMENT_TARGET	ASSIGNMENT_TARGET	METHOD		PY_METHOD_1ca9b70df2a25af8dca149c7759f5a07	PY_EXPRESSION_57ad896ee93bc2818ea09768bda1acb5	0	1		handle	NONE	NONE		UNKNOWN				false		59	8	59	14	PY_SCOPE_c65ac44c18b807be47252ad2f7276830	PY_MODULE_46145c2a5de067cf211000725bcdb8de	PY_BINDING_f30dcb10857f97d7a7a0a3c9d6170fc5	STORE	true		false	false			UNKNOWN	NONE	NONE	SERVICE_VERSION_00000000000000000000000000000000	PY_EXPRESSION_e41efcdfc0c7bdd1467ca03e19473765
NAME_REFERENCE	CALLEE	ASSIGNMENT_VALUE	METHOD		PY_METHOD_1ca9b70df2a25af8dca149c7759f5a07	PY_EXPRESSION_e35ddaa0b53d497cfe0200f50dec0d77	0	2		open	NONE	NONE		UNKNOWN				false		59	17	59	21	PY_SCOPE_c65ac44c18b807be47252ad2f7276830	PY_MODULE_46145c2a5de067cf211000725bcdb8de	PY_BINDING_0086a37515d13def561dd89109823cca	LOAD	false		false	false			UNKNOWN	NONE	NONE	SERVICE_VERSION_00000000000000000000000000000000	PY_EXPRESSION_de4a4c02be87c8fb9d674e6264374c85
NAME_REFERENCE	ARGUMENT	ASSIGNMENT_VALUE	METHOD		PY_METHOD_1ca9b70df2a25af8dca149c7759f5a07	PY_EXPRESSION_e35ddaa0b53d497cfe0200f50dec0d77	0	2		path	NONE	NONE		UNKNOWN				false		59	22	59	26	PY_SCOPE_c65ac44c18b807be47252ad2f7276830	PY_MODULE_46145c2a5de067cf211000725bcdb8de	PY_BINDING_4be27be9eb9e0d9bed6dc40e7656dc87	LOAD	false		false	false			UNKNOWN	NONE	NONE	SERVICE_VERSION_00000000000000000000000000000000	PY_EXPRESSION_d91caea805a868ffb53f078ebaeb5e17
ASSIGNMENT	ROOT	ASSIGNMENT_VALUE	METHOD		PY_METHOD_1ca9b70df2a25af8dca149c7759f5a07		0	0			NONE	NONE		UNKNOWN				false		60	8	60	28	PY_SCOPE_c65ac44c18b807be47252ad2f7276830	PY_MODULE_46145c2a5de067cf211000725bcdb8de		LOAD	false		false	false			UNKNOWN	NONE	NONE	SERVICE_VERSION_00000000000000000000000000000000	PY_EXPRESSION_ddaab4ea6eae9f0e25cc083518074cc1
CALL	ASSIGNMENT_VALUE	ASSIGNMENT_VALUE	METHOD		PY_METHOD_1ca9b70df2a25af8dca149c7759f5a07	PY_EXPRESSION_ddaab4ea6eae9f0e25cc083518074cc1	0	1		read	NONE	NONE		UNKNOWN				false		60	15	60	28	PY_SCOPE_c65ac44c18b807be47252ad2f7276830	PY_MODULE_46145c2a5de067cf211000725bcdb8de		LOAD	false		false	false	handle.read		UNKNOWN	NONE	NONE	SERVICE_VERSION_00000000000000000000000000000000	PY_EXPRESSION_7d26dfb6466c87d0aaa20d1678b49988
NAME_REFERENCE	ASSIGNMENT_TARGET	ASSIGNMENT_TARGET	METHOD		PY_METHOD_1ca9b70df2a25af8dca149c7759f5a07	PY_EXPRESSION_ddaab4ea6eae9f0e25cc083518074cc1	0	1		data	NONE	NONE		UNKNOWN				false		60	8	60	12	PY_SCOPE_c65ac44c18b807be47252ad2f7276830	PY_MODULE_46145c2a5de067cf211000725bcdb8de	PY_BINDING_750ecda691967e91f8841a458305d828	STORE	true		false	false			UNKNOWN	NONE	NONE	SERVICE_VERSION_00000000000000000000000000000000	PY_EXPRESSION_b12b8583d5e18c937fcc93e42f838d90
ATTRIBUTE_ACCESS	RECEIVER	ASSIGNMENT_VALUE	METHOD		PY_METHOD_1ca9b70df2a25af8dca149c7759f5a07	PY_EXPRESSION_7d26dfb6466c87d0aaa20d1678b49988	0	2		read	NONE	NONE		UNKNOWN				false		60	15	60	26	PY_SCOPE_c65ac44c18b807be47252ad2f7276830	PY_MODULE_46145c2a5de067cf211000725bcdb8de		LOAD	false		false	false	handle.read		UNKNOWN	NONE	NONE	SERVICE_VERSION_00000000000000000000000000000000	PY_EXPRESSION_b8afa4cdebc85acb25038346e49c294c
NAME_REFERENCE	ATTRIBUTE_OBJECT	ASSIGNMENT_VALUE	METHOD		PY_METHOD_1ca9b70df2a25af8dca149c7759f5a07	PY_EXPRESSION_b8afa4cdebc85acb25038346e49c294c	0	3		handle	NONE	NONE		UNKNOWN				false		60	15	60	21	PY_SCOPE_c65ac44c18b807be47252ad2f7276830	PY_MODULE_46145c2a5de067cf211000725bcdb8de	PY_BINDING_f30dcb10857f97d7a7a0a3c9d6170fc5	LOAD	false		false	false			UNKNOWN	NONE	NONE	SERVICE_VERSION_00000000000000000000000000000000	PY_EXPRESSION_8659e0d255c22012b4a929383377a554
NAME_REFERENCE	EXCEPT_TYPE	EXCEPT_TYPE	METHOD		PY_METHOD_1ca9b70df2a25af8dca149c7759f5a07		0	0		FileNotFoundError	NONE	NONE		UNKNOWN				false		61	11	61	28	PY_SCOPE_c65ac44c18b807be47252ad2f7276830	PY_MODULE_46145c2a5de067cf211000725bcdb8de	PY_BINDING_95d7328c24412de1632ced7026c39adc	LOAD	false		false	false			UNKNOWN	NONE	NONE	SERVICE_VERSION_00000000000000000000000000000000	PY_EXPRESSION_6dd4b2e31b874436229eaf9f0b7cea2b
ASSIGNMENT	ROOT	ASSIGNMENT_VALUE	METHOD		PY_METHOD_1ca9b70df2a25af8dca149c7759f5a07		0	0			NONE	NONE		UNKNOWN				false		62	8	62	17	PY_SCOPE_c65ac44c18b807be47252ad2f7276830	PY_MODULE_46145c2a5de067cf211000725bcdb8de		LOAD	false		false	false			UNKNOWN	NONE	NONE	SERVICE_VERSION_00000000000000000000000000000000	PY_EXPRESSION_ec00fb76d450a8ce1a2c2b0804d49816
LITERAL	ASSIGNMENT_VALUE	ASSIGNMENT_VALUE	METHOD		PY_METHOD_1ca9b70df2a25af8dca149c7759f5a07	PY_EXPRESSION_ec00fb76d450a8ce1a2c2b0804d49816	0	1	STRING		NONE	NONE		UNKNOWN				false		62	15	62	17	PY_SCOPE_c65ac44c18b807be47252ad2f7276830	PY_MODULE_46145c2a5de067cf211000725bcdb8de		LOAD	false		false	false		str	BUILTIN_SCALAR	LITERAL	CERTAIN	SERVICE_VERSION_00000000000000000000000000000000	PY_EXPRESSION_d2016b685fb6f30012ff3e5eca1619bb
NAME_REFERENCE	ASSIGNMENT_TARGET	ASSIGNMENT_TARGET	METHOD		PY_METHOD_1ca9b70df2a25af8dca149c7759f5a07	PY_EXPRESSION_ec00fb76d450a8ce1a2c2b0804d49816	0	1		data	NONE	NONE		UNKNOWN				false		62	8	62	12	PY_SCOPE_c65ac44c18b807be47252ad2f7276830	PY_MODULE_46145c2a5de067cf211000725bcdb8de	PY_BINDING_750ecda691967e91f8841a458305d828	STORE	true		false	false			UNKNOWN	NONE	NONE	SERVICE_VERSION_00000000000000000000000000000000	PY_EXPRESSION_ad60a1072561e517e928405428cf3bbc
NAME_REFERENCE	EXCEPT_TYPE	EXCEPT_TYPE	METHOD		PY_METHOD_1ca9b70df2a25af8dca149c7759f5a07		0	0		OSError	NONE	NONE		UNKNOWN				false		63	11	63	18	PY_SCOPE_c65ac44c18b807be47252ad2f7276830	PY_MODULE_46145c2a5de067cf211000725bcdb8de	PY_BINDING_9a1bcacb059aad7ef91027028c062530	LOAD	false		false	false			UNKNOWN	NONE	NONE	SERVICE_VERSION_00000000000000000000000000000000	PY_EXPRESSION_cda00791156a2004455d872a4d2d22bd
NAME_REFERENCE	EXCEPT_TARGET	EXCEPT_TYPE	METHOD		PY_METHOD_1ca9b70df2a25af8dca149c7759f5a07		0	0		err	NONE	NONE		UNKNOWN				false		63	22	63	25	PY_SCOPE_c65ac44c18b807be47252ad2f7276830	PY_MODULE_46145c2a5de067cf211000725bcdb8de	PY_BINDING_8ae97187ed7d3a8e50d170f1b79b016c	STORE	true		false	false			UNKNOWN	NONE	NONE	SERVICE_VERSION_00000000000000000000000000000000	PY_EXPRESSION_2ae08373c888cb8a1d1715680a8394a2
ASSIGNMENT	ROOT	ASSIGNMENT_VALUE	METHOD		PY_METHOD_1ca9b70df2a25af8dca149c7759f5a07		0	0			NONE	NONE		UNKNOWN				false		64	8	64	23	PY_SCOPE_c65ac44c18b807be47252ad2f7276830	PY_MODULE_46145c2a5de067cf211000725bcdb8de		LOAD	false		false	false			UNKNOWN	NONE	NONE	SERVICE_VERSION_00000000000000000000000000000000	PY_EXPRESSION_53ee8c373601297c6f981ae66613f37d
CALL	ASSIGNMENT_VALUE	ASSIGNMENT_VALUE	METHOD		PY_METHOD_1ca9b70df2a25af8dca149c7759f5a07	PY_EXPRESSION_53ee8c373601297c6f981ae66613f37d	0	1		str	NONE	NONE		UNKNOWN				false		64	15	64	23	PY_SCOPE_c65ac44c18b807be47252ad2f7276830	PY_MODULE_46145c2a5de067cf211000725bcdb8de		LOAD	false		false	false	str		UNKNOWN	NONE	NONE	SERVICE_VERSION_00000000000000000000000000000000	PY_EXPRESSION_10cc4b7f534bce9d5f56202c10c7836e
NAME_REFERENCE	ASSIGNMENT_TARGET	ASSIGNMENT_TARGET	METHOD		PY_METHOD_1ca9b70df2a25af8dca149c7759f5a07	PY_EXPRESSION_53ee8c373601297c6f981ae66613f37d	0	1		data	NONE	NONE		UNKNOWN				false		64	8	64	12	PY_SCOPE_c65ac44c18b807be47252ad2f7276830	PY_MODULE_46145c2a5de067cf211000725bcdb8de	PY_BINDING_750ecda691967e91f8841a458305d828	STORE	true		false	false			UNKNOWN	NONE	NONE	SERVICE_VERSION_00000000000000000000000000000000	PY_EXPRESSION_f25cd4eafe28dd974ae73a22d7a19eb9
NAME_REFERENCE	CALLEE	ASSIGNMENT_VALUE	METHOD		PY_METHOD_1ca9b70df2a25af8dca149c7759f5a07	PY_EXPRESSION_10cc4b7f534bce9d5f56202c10c7836e	0	2		str	NONE	NONE		UNKNOWN				false		64	15	64	18	PY_SCOPE_c65ac44c18b807be47252ad2f7276830	PY_MODULE_46145c2a5de067cf211000725bcdb8de	PY_BINDING_a66d21bc7581379798cff8509c43b8be	LOAD	false		false	false			UNKNOWN	NONE	NONE	SERVICE_VERSION_00000000000000000000000000000000	PY_EXPRESSION_592b1a313f90fd1c808162cda5d856c6
NAME_REFERENCE	ARGUMENT	ASSIGNMENT_VALUE	METHOD		PY_METHOD_1ca9b70df2a25af8dca149c7759f5a07	PY_EXPRESSION_10cc4b7f534bce9d5f56202c10c7836e	0	2		err	NONE	NONE		UNKNOWN				false		64	19	64	22	PY_SCOPE_c65ac44c18b807be47252ad2f7276830	PY_MODULE_46145c2a5de067cf211000725bcdb8de	PY_BINDING_8ae97187ed7d3a8e50d170f1b79b016c	LOAD	false		false	false			UNKNOWN	NONE	NONE	SERVICE_VERSION_00000000000000000000000000000000	PY_EXPRESSION_8e1c507c6a726ec5fa53849be134dc30
ASSIGNMENT	ROOT	ASSIGNMENT_VALUE	METHOD		PY_METHOD_1ca9b70df2a25af8dca149c7759f5a07		0	0			NONE	NONE		UNKNOWN				false		67	8	67	27	PY_SCOPE_c65ac44c18b807be47252ad2f7276830	PY_MODULE_46145c2a5de067cf211000725bcdb8de		LOAD	false		false	false			UNKNOWN	NONE	NONE	SERVICE_VERSION_00000000000000000000000000000000	PY_EXPRESSION_6991f099df94834b31d1076332bc170b
CALL	ASSIGNMENT_VALUE	ASSIGNMENT_VALUE	METHOD		PY_METHOD_1ca9b70df2a25af8dca149c7759f5a07	PY_EXPRESSION_6991f099df94834b31d1076332bc170b	0	1		strip	NONE	NONE		UNKNOWN				false		67	15	67	27	PY_SCOPE_c65ac44c18b807be47252ad2f7276830	PY_MODULE_46145c2a5de067cf211000725bcdb8de		LOAD	false		false	false	data.strip		UNKNOWN	NONE	NONE	SERVICE_VERSION_00000000000000000000000000000000	PY_EXPRESSION_246998ac7acb25af21fbaa01e908bdf6
NAME_REFERENCE	ASSIGNMENT_TARGET	ASSIGNMENT_TARGET	METHOD		PY_METHOD_1ca9b70df2a25af8dca149c7759f5a07	PY_EXPRESSION_6991f099df94834b31d1076332bc170b	0	1		data	NONE	NONE		UNKNOWN				false		67	8	67	12	PY_SCOPE_c65ac44c18b807be47252ad2f7276830	PY_MODULE_46145c2a5de067cf211000725bcdb8de	PY_BINDING_750ecda691967e91f8841a458305d828	STORE	true		false	false			UNKNOWN	NONE	NONE	SERVICE_VERSION_00000000000000000000000000000000	PY_EXPRESSION_b4a94d8bd2bcd29901a195e66495f096
ATTRIBUTE_ACCESS	RECEIVER	ASSIGNMENT_VALUE	METHOD		PY_METHOD_1ca9b70df2a25af8dca149c7759f5a07	PY_EXPRESSION_246998ac7acb25af21fbaa01e908bdf6	0	2		strip	NONE	NONE		UNKNOWN				false		67	15	67	25	PY_SCOPE_c65ac44c18b807be47252ad2f7276830	PY_MODULE_46145c2a5de067cf211000725bcdb8de		LOAD	false		false	false	data.strip		UNKNOWN	NONE	NONE	SERVICE_VERSION_00000000000000000000000000000000	PY_EXPRESSION_fd52d728324c4726b4d7d4c6ee448e2c
NAME_REFERENCE	ATTRIBUTE_OBJECT	ASSIGNMENT_VALUE	METHOD		PY_METHOD_1ca9b70df2a25af8dca149c7759f5a07	PY_EXPRESSION_fd52d728324c4726b4d7d4c6ee448e2c	0	3		data	NONE	NONE		UNKNOWN				false		67	15	67	19	PY_SCOPE_c65ac44c18b807be47252ad2f7276830	PY_MODULE_46145c2a5de067cf211000725bcdb8de	PY_BINDING_750ecda691967e91f8841a458305d828	LOAD	false		false	false			UNKNOWN	NONE	NONE	SERVICE_VERSION_00000000000000000000000000000000	PY_EXPRESSION_baf3c8753ec27cb7839b727a35a592de
COMPARISON	CONDITION	IF_CONDITION	METHOD		PY_METHOD_1ca9b70df2a25af8dca149c7759f5a07		0	0			NONE	NONE	is not	UNKNOWN				false		69	11	69	29	PY_SCOPE_c65ac44c18b807be47252ad2f7276830	PY_MODULE_46145c2a5de067cf211000725bcdb8de		LOAD	false		false	false			UNKNOWN	NONE	NONE	SERVICE_VERSION_00000000000000000000000000000000	PY_EXPRESSION_bfb3b327315928e9e8a1b55a2d1a0893
NAME_REFERENCE	OPERAND_LEFT	IF_CONDITION	METHOD		PY_METHOD_1ca9b70df2a25af8dca149c7759f5a07	PY_EXPRESSION_bfb3b327315928e9e8a1b55a2d1a0893	0	1		handle	NONE	NONE		UNKNOWN				false		69	11	69	17	PY_SCOPE_c65ac44c18b807be47252ad2f7276830	PY_MODULE_46145c2a5de067cf211000725bcdb8de	PY_BINDING_f30dcb10857f97d7a7a0a3c9d6170fc5	LOAD	false		false	false			UNKNOWN	NONE	NONE	SERVICE_VERSION_00000000000000000000000000000000	PY_EXPRESSION_cf275699e16d613aca2d2377bc50c8cc
LITERAL	OPERAND_RIGHT	IF_CONDITION	METHOD		PY_METHOD_1ca9b70df2a25af8dca149c7759f5a07	PY_EXPRESSION_bfb3b327315928e9e8a1b55a2d1a0893	1	1	NONE	None	NONE	NONE		UNKNOWN				false		69	25	69	29	PY_SCOPE_c65ac44c18b807be47252ad2f7276830	PY_MODULE_46145c2a5de067cf211000725bcdb8de		LOAD	false		false	false		None	NONE_TYPE	LITERAL	CERTAIN	SERVICE_VERSION_00000000000000000000000000000000	PY_EXPRESSION_c3e64fb8a7fbe909aa8c77248c665414
CALL	ROOT	EXPRESSION_STATEMENT	METHOD		PY_METHOD_1ca9b70df2a25af8dca149c7759f5a07		0	0		close	NONE	NONE		UNKNOWN				false		70	12	70	26	PY_SCOPE_c65ac44c18b807be47252ad2f7276830	PY_MODULE_46145c2a5de067cf211000725bcdb8de		LOAD	false		false	false	handle.close		UNKNOWN	NONE	NONE	SERVICE_VERSION_00000000000000000000000000000000	PY_EXPRESSION_2d7b2b76673f6fba21752245a4c97497
ATTRIBUTE_ACCESS	RECEIVER	EXPRESSION_STATEMENT	METHOD		PY_METHOD_1ca9b70df2a25af8dca149c7759f5a07	PY_EXPRESSION_2d7b2b76673f6fba21752245a4c97497	0	1		close	NONE	NONE		UNKNOWN				false		70	12	70	24	PY_SCOPE_c65ac44c18b807be47252ad2f7276830	PY_MODULE_46145c2a5de067cf211000725bcdb8de		LOAD	false		false	false	handle.close		UNKNOWN	NONE	NONE	SERVICE_VERSION_00000000000000000000000000000000	PY_EXPRESSION_88c803d6f93709df931db6a604843add
NAME_REFERENCE	ATTRIBUTE_OBJECT	EXPRESSION_STATEMENT	METHOD		PY_METHOD_1ca9b70df2a25af8dca149c7759f5a07	PY_EXPRESSION_88c803d6f93709df931db6a604843add	0	2		handle	NONE	NONE		UNKNOWN				false		70	12	70	18	PY_SCOPE_c65ac44c18b807be47252ad2f7276830	PY_MODULE_46145c2a5de067cf211000725bcdb8de	PY_BINDING_f30dcb10857f97d7a7a0a3c9d6170fc5	LOAD	false		false	false			UNKNOWN	NONE	NONE	SERVICE_VERSION_00000000000000000000000000000000	PY_EXPRESSION_ad767925123369363ceaf74f0fa8af6b
NAME_REFERENCE	RETURN_VALUE	RETURN_VALUE	METHOD		PY_METHOD_1ca9b70df2a25af8dca149c7759f5a07		0	0		data	NONE	NONE		UNKNOWN				false	0	71	11	71	15	PY_SCOPE_c65ac44c18b807be47252ad2f7276830	PY_MODULE_46145c2a5de067cf211000725bcdb8de	PY_BINDING_750ecda691967e91f8841a458305d828	LOAD	false		false	false			UNKNOWN	NONE	NONE	SERVICE_VERSION_00000000000000000000000000000000	PY_EXPRESSION_cc97af78d7dd206ec46bae4a65f6cf97
CALL	WITH_CONTEXT	WITH_CONTEXT	METHOD		PY_METHOD_ac4a93b396bf221792a5b0824ce9c277		0	0		open	NONE	NONE		UNKNOWN				false		75	9	75	21	PY_SCOPE_036f5a1ae2293b966a206476492c243b	PY_MODULE_46145c2a5de067cf211000725bcdb8de		LOAD	false		false	false	open		UNKNOWN	NONE	NONE	SERVICE_VERSION_00000000000000000000000000000000	PY_EXPRESSION_dcba9e034ebe7b7e307caa2cb024c780
NAME_REFERENCE	CALLEE	WITH_CONTEXT	METHOD		PY_METHOD_ac4a93b396bf221792a5b0824ce9c277	PY_EXPRESSION_dcba9e034ebe7b7e307caa2cb024c780	0	1		open	NONE	NONE		UNKNOWN				false		75	9	75	13	PY_SCOPE_036f5a1ae2293b966a206476492c243b	PY_MODULE_46145c2a5de067cf211000725bcdb8de	PY_BINDING_ccd3b48897d85be51c857183626b4b4c	LOAD	false		false	false			UNKNOWN	NONE	NONE	SERVICE_VERSION_00000000000000000000000000000000	PY_EXPRESSION_236f43e5d7413512860db217e79df286
NAME_REFERENCE	ARGUMENT	WITH_CONTEXT	METHOD		PY_METHOD_ac4a93b396bf221792a5b0824ce9c277	PY_EXPRESSION_dcba9e034ebe7b7e307caa2cb024c780	0	1		path_a	NONE	NONE		UNKNOWN				false		75	14	75	20	PY_SCOPE_036f5a1ae2293b966a206476492c243b	PY_MODULE_46145c2a5de067cf211000725bcdb8de	PY_BINDING_775eb351a8363a60bdb5e63383446b70	LOAD	false		false	false			UNKNOWN	NONE	NONE	SERVICE_VERSION_00000000000000000000000000000000	PY_EXPRESSION_6a60214dd68f7e1882bcde199362e02b
NAME_REFERENCE	WITH_TARGET	WITH_TARGET	METHOD		PY_METHOD_ac4a93b396bf221792a5b0824ce9c277		0	0		first	NONE	NONE		UNKNOWN				false		75	25	75	30	PY_SCOPE_036f5a1ae2293b966a206476492c243b	PY_MODULE_46145c2a5de067cf211000725bcdb8de	PY_BINDING_bc9aea8939b466d4833ad6bcd19b4ba4	STORE	true		false	false			UNKNOWN	NONE	NONE	SERVICE_VERSION_00000000000000000000000000000000	PY_EXPRESSION_c2492d1f1fff09972d8614e3649807e2
CALL	ROOT	EXPRESSION_STATEMENT	METHOD		PY_METHOD_ac4a93b396bf221792a5b0824ce9c277		0	0		read	NONE	NONE		UNKNOWN				false		76	8	76	20	PY_SCOPE_036f5a1ae2293b966a206476492c243b	PY_MODULE_46145c2a5de067cf211000725bcdb8de		LOAD	false		false	false	first.read		UNKNOWN	NONE	NONE	SERVICE_VERSION_00000000000000000000000000000000	PY_EXPRESSION_20d907fc4d2854ac7c5c79c062e06f19
ATTRIBUTE_ACCESS	RECEIVER	EXPRESSION_STATEMENT	METHOD		PY_METHOD_ac4a93b396bf221792a5b0824ce9c277	PY_EXPRESSION_20d907fc4d2854ac7c5c79c062e06f19	0	1		read	NONE	NONE		UNKNOWN				false		76	8	76	18	PY_SCOPE_036f5a1ae2293b966a206476492c243b	PY_MODULE_46145c2a5de067cf211000725bcdb8de		LOAD	false		false	false	first.read		UNKNOWN	NONE	NONE	SERVICE_VERSION_00000000000000000000000000000000	PY_EXPRESSION_951a0e04c61119d0959a00522d563e0f
NAME_REFERENCE	ATTRIBUTE_OBJECT	EXPRESSION_STATEMENT	METHOD		PY_METHOD_ac4a93b396bf221792a5b0824ce9c277	PY_EXPRESSION_951a0e04c61119d0959a00522d563e0f	0	2		first	NONE	NONE		UNKNOWN				false		76	8	76	13	PY_SCOPE_036f5a1ae2293b966a206476492c243b	PY_MODULE_46145c2a5de067cf211000725bcdb8de	PY_BINDING_bc9aea8939b466d4833ad6bcd19b4ba4	LOAD	false		false	false			UNKNOWN	NONE	NONE	SERVICE_VERSION_00000000000000000000000000000000	PY_EXPRESSION_b3f9b55e588da289b5afc4b491e532e4
CALL	WITH_CONTEXT	WITH_CONTEXT	METHOD		PY_METHOD_ac4a93b396bf221792a5b0824ce9c277		0	0		open	NONE	NONE		UNKNOWN				false		77	9	77	21	PY_SCOPE_036f5a1ae2293b966a206476492c243b	PY_MODULE_46145c2a5de067cf211000725bcdb8de		LOAD	false		false	false	open		UNKNOWN	NONE	NONE	SERVICE_VERSION_00000000000000000000000000000000	PY_EXPRESSION_9e836abdd2821c575ea23bea7446f47c
NAME_REFERENCE	CALLEE	WITH_CONTEXT	METHOD		PY_METHOD_ac4a93b396bf221792a5b0824ce9c277	PY_EXPRESSION_9e836abdd2821c575ea23bea7446f47c	0	1		open	NONE	NONE		UNKNOWN				false		77	9	77	13	PY_SCOPE_036f5a1ae2293b966a206476492c243b	PY_MODULE_46145c2a5de067cf211000725bcdb8de	PY_BINDING_ccd3b48897d85be51c857183626b4b4c	LOAD	false		false	false			UNKNOWN	NONE	NONE	SERVICE_VERSION_00000000000000000000000000000000	PY_EXPRESSION_8997520becd06908b550f364c6692e47
NAME_REFERENCE	ARGUMENT	WITH_CONTEXT	METHOD		PY_METHOD_ac4a93b396bf221792a5b0824ce9c277	PY_EXPRESSION_9e836abdd2821c575ea23bea7446f47c	0	1		path_a	NONE	NONE		UNKNOWN				false		77	14	77	20	PY_SCOPE_036f5a1ae2293b966a206476492c243b	PY_MODULE_46145c2a5de067cf211000725bcdb8de	PY_BINDING_775eb351a8363a60bdb5e63383446b70	LOAD	false		false	false			UNKNOWN	NONE	NONE	SERVICE_VERSION_00000000000000000000000000000000	PY_EXPRESSION_c3a1f3bfd6ced77b7a84bd89b26b363a
NAME_REFERENCE	WITH_TARGET	WITH_TARGET	METHOD		PY_METHOD_ac4a93b396bf221792a5b0824ce9c277		0	0		first	NONE	NONE		UNKNOWN				false		77	25	77	30	PY_SCOPE_036f5a1ae2293b966a206476492c243b	PY_MODULE_46145c2a5de067cf211000725bcdb8de	PY_BINDING_bc9aea8939b466d4833ad6bcd19b4ba4	STORE	true		false	false			UNKNOWN	NONE	NONE	SERVICE_VERSION_00000000000000000000000000000000	PY_EXPRESSION_f3ba01fab28a2b07a0965e12d2c34e26
CALL	WITH_CONTEXT	WITH_CONTEXT	METHOD		PY_METHOD_ac4a93b396bf221792a5b0824ce9c277		0	0		open	NONE	NONE		UNKNOWN				false		77	32	77	44	PY_SCOPE_036f5a1ae2293b966a206476492c243b	PY_MODULE_46145c2a5de067cf211000725bcdb8de		LOAD	false		false	false	open		UNKNOWN	NONE	NONE	SERVICE_VERSION_00000000000000000000000000000000	PY_EXPRESSION_e597f7ae890e76ba8ebe77e043c69ed1
NAME_REFERENCE	CALLEE	WITH_CONTEXT	METHOD		PY_METHOD_ac4a93b396bf221792a5b0824ce9c277	PY_EXPRESSION_e597f7ae890e76ba8ebe77e043c69ed1	0	1		open	NONE	NONE		UNKNOWN				false		77	32	77	36	PY_SCOPE_036f5a1ae2293b966a206476492c243b	PY_MODULE_46145c2a5de067cf211000725bcdb8de	PY_BINDING_ccd3b48897d85be51c857183626b4b4c	LOAD	false		false	false			UNKNOWN	NONE	NONE	SERVICE_VERSION_00000000000000000000000000000000	PY_EXPRESSION_d682dc2b6221905de2d6726a8f194a02
NAME_REFERENCE	ARGUMENT	WITH_CONTEXT	METHOD		PY_METHOD_ac4a93b396bf221792a5b0824ce9c277	PY_EXPRESSION_e597f7ae890e76ba8ebe77e043c69ed1	0	1		path_b	NONE	NONE		UNKNOWN				false		77	37	77	43	PY_SCOPE_036f5a1ae2293b966a206476492c243b	PY_MODULE_46145c2a5de067cf211000725bcdb8de	PY_BINDING_96570a5fc3e74b744b0a92139bd66052	LOAD	false		false	false			UNKNOWN	NONE	NONE	SERVICE_VERSION_00000000000000000000000000000000	PY_EXPRESSION_8c3396777160c153a03d0a4d92d70a9c
NAME_REFERENCE	WITH_TARGET	WITH_TARGET	METHOD		PY_METHOD_ac4a93b396bf221792a5b0824ce9c277		0	0		second	NONE	NONE		UNKNOWN				false		77	48	77	54	PY_SCOPE_036f5a1ae2293b966a206476492c243b	PY_MODULE_46145c2a5de067cf211000725bcdb8de	PY_BINDING_d3762d0929a8c920d6faa4aacf104096	STORE	true		false	false			UNKNOWN	NONE	NONE	SERVICE_VERSION_00000000000000000000000000000000	PY_EXPRESSION_073bee7a82d169fd0f532f188e40e0f0
CALL	RETURN_VALUE	RETURN_VALUE	METHOD		PY_METHOD_ac4a93b396bf221792a5b0824ce9c277		0	0		read	NONE	NONE		UNKNOWN				false	0	78	15	78	27	PY_SCOPE_036f5a1ae2293b966a206476492c243b	PY_MODULE_46145c2a5de067cf211000725bcdb8de		LOAD	false		false	false	first.read		UNKNOWN	NONE	NONE	SERVICE_VERSION_00000000000000000000000000000000	PY_EXPRESSION_e4d21c626cd69bc5dc633d112e7c9878
CALL	RETURN_VALUE	RETURN_VALUE	METHOD		PY_METHOD_ac4a93b396bf221792a5b0824ce9c277		1	0		read	NONE	NONE		UNKNOWN				false	0	78	29	78	42	PY_SCOPE_036f5a1ae2293b966a206476492c243b	PY_MODULE_46145c2a5de067cf211000725bcdb8de		LOAD	false		false	false	second.read		UNKNOWN	NONE	NONE	SERVICE_VERSION_00000000000000000000000000000000	PY_EXPRESSION_af20954ae3251dc269282b5efe126452
ATTRIBUTE_ACCESS	RECEIVER	RETURN_VALUE	METHOD		PY_METHOD_ac4a93b396bf221792a5b0824ce9c277	PY_EXPRESSION_e4d21c626cd69bc5dc633d112e7c9878	0	1		read	NONE	NONE		UNKNOWN				false	0	78	15	78	25	PY_SCOPE_036f5a1ae2293b966a206476492c243b	PY_MODULE_46145c2a5de067cf211000725bcdb8de		LOAD	false		false	false	first.read		UNKNOWN	NONE	NONE	SERVICE_VERSION_00000000000000000000000000000000	PY_EXPRESSION_3176cc43701c7f7a10c215755d6e6334
ATTRIBUTE_ACCESS	RECEIVER	RETURN_VALUE	METHOD		PY_METHOD_ac4a93b396bf221792a5b0824ce9c277	PY_EXPRESSION_af20954ae3251dc269282b5efe126452	0	1		read	NONE	NONE		UNKNOWN				false	0	78	29	78	40	PY_SCOPE_036f5a1ae2293b966a206476492c243b	PY_MODULE_46145c2a5de067cf211000725bcdb8de		LOAD	false		false	false	second.read		UNKNOWN	NONE	NONE	SERVICE_VERSION_00000000000000000000000000000000	PY_EXPRESSION_fbef633dc54aa572199bb8588aad176d
NAME_REFERENCE	ATTRIBUTE_OBJECT	RETURN_VALUE	METHOD		PY_METHOD_ac4a93b396bf221792a5b0824ce9c277	PY_EXPRESSION_3176cc43701c7f7a10c215755d6e6334	0	2		first	NONE	NONE		UNKNOWN				false	0	78	15	78	20	PY_SCOPE_036f5a1ae2293b966a206476492c243b	PY_MODULE_46145c2a5de067cf211000725bcdb8de	PY_BINDING_bc9aea8939b466d4833ad6bcd19b4ba4	LOAD	false		false	false			UNKNOWN	NONE	NONE	SERVICE_VERSION_00000000000000000000000000000000	PY_EXPRESSION_e8cc275586dd896c13eb5a08e32f3714
NAME_REFERENCE	ATTRIBUTE_OBJECT	RETURN_VALUE	METHOD		PY_METHOD_ac4a93b396bf221792a5b0824ce9c277	PY_EXPRESSION_fbef633dc54aa572199bb8588aad176d	0	2		second	NONE	NONE		UNKNOWN				false	0	78	29	78	35	PY_SCOPE_036f5a1ae2293b966a206476492c243b	PY_MODULE_46145c2a5de067cf211000725bcdb8de	PY_BINDING_d3762d0929a8c920d6faa4aacf104096	LOAD	false		false	false			UNKNOWN	NONE	NONE	SERVICE_VERSION_00000000000000000000000000000000	PY_EXPRESSION_d1e9ad165eb26d687ffd39c5dd7f6f89
NAME_REFERENCE	CONDITION	IF_CONDITION	METHOD		PY_METHOD_efc21184bae1ab20823e5a77e6489e63		0	0		flag	NONE	NONE		UNKNOWN				false		83	7	83	11	PY_SCOPE_9e46cd2d60c4402ab8845b5e18b120eb	PY_MODULE_46145c2a5de067cf211000725bcdb8de	PY_BINDING_b7479f247d8357c1b57342bfafda3814	LOAD	false		false	false			UNKNOWN	NONE	NONE	SERVICE_VERSION_00000000000000000000000000000000	PY_EXPRESSION_d39fc6f3332558d13f06a09f95bf9757
CALL	ROOT	EXPRESSION_STATEMENT	METHOD		PY_METHOD_efc21184bae1ab20823e5a77e6489e63		0	0		balance	NONE	NONE		UNKNOWN				false		84	8	84	29	PY_SCOPE_9e46cd2d60c4402ab8845b5e18b120eb	PY_MODULE_46145c2a5de067cf211000725bcdb8de		LOAD	false		false	false	balance		UNKNOWN	NONE	NONE	SERVICE_VERSION_00000000000000000000000000000000	PY_EXPRESSION_d020fe9739d6a7822bb9361cea256761
ATTRIBUTE_ACCESS	RECEIVER	EXPRESSION_STATEMENT	METHOD		PY_METHOD_efc21184bae1ab20823e5a77e6489e63	PY_EXPRESSION_d020fe9739d6a7822bb9361cea256761	0	1		balance	NONE	NONE		UNKNOWN				false		84	8	84	27	PY_SCOPE_9e46cd2d60c4402ab8845b5e18b120eb	PY_MODULE_46145c2a5de067cf211000725bcdb8de		LOAD	false		false	false	balance		UNKNOWN	NONE	NONE	SERVICE_VERSION_00000000000000000000000000000000	PY_EXPRESSION_c31363a85e64a192815a6483e09a6799
SUBSCRIPT	ATTRIBUTE_OBJECT	EXPRESSION_STATEMENT	METHOD		PY_METHOD_efc21184bae1ab20823e5a77e6489e63	PY_EXPRESSION_c31363a85e64a192815a6483e09a6799	0	2			NONE	NONE		UNKNOWN				false		84	8	84	19	PY_SCOPE_9e46cd2d60c4402ab8845b5e18b120eb	PY_MODULE_46145c2a5de067cf211000725bcdb8de		LOAD	false		false	false			UNKNOWN	NONE	NONE	SERVICE_VERSION_00000000000000000000000000000000	PY_EXPRESSION_b5966b27760ae03602431a435e545e5d
NAME_REFERENCE	SUBSCRIPT_OBJECT	EXPRESSION_STATEMENT	METHOD		PY_METHOD_efc21184bae1ab20823e5a77e6489e63	PY_EXPRESSION_b5966b27760ae03602431a435e545e5d	0	3		accounts	NONE	NONE		UNKNOWN				false		84	8	84	16	PY_SCOPE_9e46cd2d60c4402ab8845b5e18b120eb	PY_MODULE_46145c2a5de067cf211000725bcdb8de	PY_BINDING_189d70131bae1f8598121bd844498bad	LOAD	false		false	false			UNKNOWN	NONE	NONE	SERVICE_VERSION_00000000000000000000000000000000	PY_EXPRESSION_67007a99d8d1887f70251ad50852a990
LITERAL	SUBSCRIPT_INDEX	EXPRESSION_STATEMENT	METHOD		PY_METHOD_efc21184bae1ab20823e5a77e6489e63	PY_EXPRESSION_b5966b27760ae03602431a435e545e5d	1	3	INTEGER	0	NONE	NONE		UNKNOWN				false		84	17	84	18	PY_SCOPE_9e46cd2d60c4402ab8845b5e18b120eb	PY_MODULE_46145c2a5de067cf211000725bcdb8de		LOAD	false		false	false		int	BUILTIN_SCALAR	LITERAL	CERTAIN	SERVICE_VERSION_00000000000000000000000000000000	PY_EXPRESSION_46120636323833658f8f6d2da2497a8b
NAME_REFERENCE	ROOT	FOR_ITERABLE	METHOD		PY_METHOD_efc21184bae1ab20823e5a77e6489e63		0	0		accounts	NONE	NONE		UNKNOWN				false		85	19	85	27	PY_SCOPE_9e46cd2d60c4402ab8845b5e18b120eb	PY_MODULE_46145c2a5de067cf211000725bcdb8de	PY_BINDING_189d70131bae1f8598121bd844498bad	LOAD	false		false	false			UNKNOWN	NONE	NONE	SERVICE_VERSION_00000000000000000000000000000000	PY_EXPRESSION_ba3a9fb6c3ceb7b0ddcdc9beb3c5fb2c
NAME_REFERENCE	ROOT	FOR_TARGET	METHOD		PY_METHOD_efc21184bae1ab20823e5a77e6489e63		0	0		account	NONE	NONE		UNKNOWN				false		85	8	85	15	PY_SCOPE_9e46cd2d60c4402ab8845b5e18b120eb	PY_MODULE_46145c2a5de067cf211000725bcdb8de	PY_BINDING_bc1adfda313b6a37d5220c4b60f4c74b	STORE	true		false	false			UNKNOWN	NONE	NONE	SERVICE_VERSION_00000000000000000000000000000000	PY_EXPRESSION_72dab5f510c868b1eebc27b778de0869
CALL	ROOT	EXPRESSION_STATEMENT	METHOD		PY_METHOD_efc21184bae1ab20823e5a77e6489e63		0	0		balance	NONE	NONE		UNKNOWN				false		86	8	86	25	PY_SCOPE_9e46cd2d60c4402ab8845b5e18b120eb	PY_MODULE_46145c2a5de067cf211000725bcdb8de		LOAD	false		false	false	account.balance		UNKNOWN	NONE	NONE	SERVICE_VERSION_00000000000000000000000000000000	PY_EXPRESSION_f9887cf0b66ec870c021eb10a7593631
ATTRIBUTE_ACCESS	RECEIVER	EXPRESSION_STATEMENT	METHOD		PY_METHOD_efc21184bae1ab20823e5a77e6489e63	PY_EXPRESSION_f9887cf0b66ec870c021eb10a7593631	0	1		balance	NONE	NONE		UNKNOWN				false		86	8	86	23	PY_SCOPE_9e46cd2d60c4402ab8845b5e18b120eb	PY_MODULE_46145c2a5de067cf211000725bcdb8de		LOAD	false		false	false	account.balance		UNKNOWN	NONE	NONE	SERVICE_VERSION_00000000000000000000000000000000	PY_EXPRESSION_1ea3a80b98c232bbdb29d130ab2a5f47
NAME_REFERENCE	ATTRIBUTE_OBJECT	EXPRESSION_STATEMENT	METHOD		PY_METHOD_efc21184bae1ab20823e5a77e6489e63	PY_EXPRESSION_1ea3a80b98c232bbdb29d130ab2a5f47	0	2		account	NONE	NONE		UNKNOWN				false		86	8	86	15	PY_SCOPE_9e46cd2d60c4402ab8845b5e18b120eb	PY_MODULE_46145c2a5de067cf211000725bcdb8de	PY_BINDING_bc1adfda313b6a37d5220c4b60f4c74b	LOAD	false		false	false			UNKNOWN	NONE	NONE	SERVICE_VERSION_00000000000000000000000000000000	PY_EXPRESSION_7acb8abc75a977fb94f6eec9e1514abc
NAME_REFERENCE	CONDITION	WHILE_CONDITION	METHOD		PY_METHOD_efc21184bae1ab20823e5a77e6489e63		0	0		flag	NONE	NONE		UNKNOWN				false		87	10	87	14	PY_SCOPE_9e46cd2d60c4402ab8845b5e18b120eb	PY_MODULE_46145c2a5de067cf211000725bcdb8de	PY_BINDING_b7479f247d8357c1b57342bfafda3814	LOAD	false		false	false			UNKNOWN	NONE	NONE	SERVICE_VERSION_00000000000000000000000000000000	PY_EXPRESSION_716c23e3f7ce63a22c762238e3c10fda
CALL	ROOT	EXPRESSION_STATEMENT	METHOD		PY_METHOD_efc21184bae1ab20823e5a77e6489e63		0	0		balance	NONE	NONE		UNKNOWN				false		88	8	88	29	PY_SCOPE_9e46cd2d60c4402ab8845b5e18b120eb	PY_MODULE_46145c2a5de067cf211000725bcdb8de		LOAD	false		false	false	balance		UNKNOWN	NONE	NONE	SERVICE_VERSION_00000000000000000000000000000000	PY_EXPRESSION_8c5f8d24efdc3c7261231b597f66a1d8
ATTRIBUTE_ACCESS	RECEIVER	EXPRESSION_STATEMENT	METHOD		PY_METHOD_efc21184bae1ab20823e5a77e6489e63	PY_EXPRESSION_8c5f8d24efdc3c7261231b597f66a1d8	0	1		balance	NONE	NONE		UNKNOWN				false		88	8	88	27	PY_SCOPE_9e46cd2d60c4402ab8845b5e18b120eb	PY_MODULE_46145c2a5de067cf211000725bcdb8de		LOAD	false		false	false	balance		UNKNOWN	NONE	NONE	SERVICE_VERSION_00000000000000000000000000000000	PY_EXPRESSION_87d66bd133a21052e2113e276b18bf4b
SUBSCRIPT	ATTRIBUTE_OBJECT	EXPRESSION_STATEMENT	METHOD		PY_METHOD_efc21184bae1ab20823e5a77e6489e63	PY_EXPRESSION_87d66bd133a21052e2113e276b18bf4b	0	2			NONE	NONE		UNKNOWN				false		88	8	88	19	PY_SCOPE_9e46cd2d60c4402ab8845b5e18b120eb	PY_MODULE_46145c2a5de067cf211000725bcdb8de		LOAD	false		false	false			UNKNOWN	NONE	NONE	SERVICE_VERSION_00000000000000000000000000000000	PY_EXPRESSION_93ed93ccd8bcb8f9b406505882a6d5d8
NAME_REFERENCE	SUBSCRIPT_OBJECT	EXPRESSION_STATEMENT	METHOD		PY_METHOD_efc21184bae1ab20823e5a77e6489e63	PY_EXPRESSION_93ed93ccd8bcb8f9b406505882a6d5d8	0	3		accounts	NONE	NONE		UNKNOWN				false		88	8	88	16	PY_SCOPE_9e46cd2d60c4402ab8845b5e18b120eb	PY_MODULE_46145c2a5de067cf211000725bcdb8de	PY_BINDING_189d70131bae1f8598121bd844498bad	LOAD	false		false	false			UNKNOWN	NONE	NONE	SERVICE_VERSION_00000000000000000000000000000000	PY_EXPRESSION_ecee7b2174bf214ae958047356e67b43
LITERAL	SUBSCRIPT_INDEX	EXPRESSION_STATEMENT	METHOD		PY_METHOD_efc21184bae1ab20823e5a77e6489e63	PY_EXPRESSION_93ed93ccd8bcb8f9b406505882a6d5d8	1	3	INTEGER	0	NONE	NONE		UNKNOWN				false		88	17	88	18	PY_SCOPE_9e46cd2d60c4402ab8845b5e18b120eb	PY_MODULE_46145c2a5de067cf211000725bcdb8de		LOAD	false		false	false		int	BUILTIN_SCALAR	LITERAL	CERTAIN	SERVICE_VERSION_00000000000000000000000000000000	PY_EXPRESSION_d2a7d9882e4ddc7e1eed3509ded2a357
CALL	ROOT	EXPRESSION_STATEMENT	METHOD		PY_METHOD_efc21184bae1ab20823e5a77e6489e63		0	0		balance	NONE	NONE		UNKNOWN				false		91	8	91	29	PY_SCOPE_9e46cd2d60c4402ab8845b5e18b120eb	PY_MODULE_46145c2a5de067cf211000725bcdb8de		LOAD	false		false	false	balance		UNKNOWN	NONE	NONE	SERVICE_VERSION_00000000000000000000000000000000	PY_EXPRESSION_2893c9732c7b90fdba0a5e00cdc32aa9
ATTRIBUTE_ACCESS	RECEIVER	EXPRESSION_STATEMENT	METHOD		PY_METHOD_efc21184bae1ab20823e5a77e6489e63	PY_EXPRESSION_2893c9732c7b90fdba0a5e00cdc32aa9	0	1		balance	NONE	NONE		UNKNOWN				false		91	8	91	27	PY_SCOPE_9e46cd2d60c4402ab8845b5e18b120eb	PY_MODULE_46145c2a5de067cf211000725bcdb8de		LOAD	false		false	false	balance		UNKNOWN	NONE	NONE	SERVICE_VERSION_00000000000000000000000000000000	PY_EXPRESSION_ca24e2ed1d31894637b0c81b62229c76
SUBSCRIPT	ATTRIBUTE_OBJECT	EXPRESSION_STATEMENT	METHOD		PY_METHOD_efc21184bae1ab20823e5a77e6489e63	PY_EXPRESSION_ca24e2ed1d31894637b0c81b62229c76	0	2			NONE	NONE		UNKNOWN				false		91	8	91	19	PY_SCOPE_9e46cd2d60c4402ab8845b5e18b120eb	PY_MODULE_46145c2a5de067cf211000725bcdb8de		LOAD	false		false	false			UNKNOWN	NONE	NONE	SERVICE_VERSION_00000000000000000000000000000000	PY_EXPRESSION_f0a6a5396ffa69e4e08b8649a57598b4
NAME_REFERENCE	SUBSCRIPT_OBJECT	EXPRESSION_STATEMENT	METHOD		PY_METHOD_efc21184bae1ab20823e5a77e6489e63	PY_EXPRESSION_f0a6a5396ffa69e4e08b8649a57598b4	0	3		accounts	NONE	NONE		UNKNOWN				false		91	8	91	16	PY_SCOPE_9e46cd2d60c4402ab8845b5e18b120eb	PY_MODULE_46145c2a5de067cf211000725bcdb8de	PY_BINDING_189d70131bae1f8598121bd844498bad	LOAD	false		false	false			UNKNOWN	NONE	NONE	SERVICE_VERSION_00000000000000000000000000000000	PY_EXPRESSION_395da5682a053ef0a139b94a6392953b
LITERAL	SUBSCRIPT_INDEX	EXPRESSION_STATEMENT	METHOD		PY_METHOD_efc21184bae1ab20823e5a77e6489e63	PY_EXPRESSION_f0a6a5396ffa69e4e08b8649a57598b4	1	3	INTEGER	0	NONE	NONE		UNKNOWN				false		91	17	91	18	PY_SCOPE_9e46cd2d60c4402ab8845b5e18b120eb	PY_MODULE_46145c2a5de067cf211000725bcdb8de		LOAD	false		false	false		int	BUILTIN_SCALAR	LITERAL	CERTAIN	SERVICE_VERSION_00000000000000000000000000000000	PY_EXPRESSION_e16117d37997890853d3d8a5d830c019
NAME_REFERENCE	EXCEPT_TYPE	EXCEPT_TYPE	METHOD		PY_METHOD_efc21184bae1ab20823e5a77e6489e63		0	0		IndexError	NONE	NONE		UNKNOWN				false		92	11	92	21	PY_SCOPE_9e46cd2d60c4402ab8845b5e18b120eb	PY_MODULE_46145c2a5de067cf211000725bcdb8de	PY_BINDING_f4a0ac6a0029d07cab560703af9583cf	LOAD	false		false	false			UNKNOWN	NONE	NONE	SERVICE_VERSION_00000000000000000000000000000000	PY_EXPRESSION_cb5fc0727c65dd74674995a48df4a49d
CALL	WITH_CONTEXT	WITH_CONTEXT	METHOD		PY_METHOD_efc21184bae1ab20823e5a77e6489e63		0	0		open	NONE	NONE		UNKNOWN				false		94	9	94	19	PY_SCOPE_9e46cd2d60c4402ab8845b5e18b120eb	PY_MODULE_46145c2a5de067cf211000725bcdb8de		LOAD	false		false	false	open		UNKNOWN	NONE	NONE	SERVICE_VERSION_00000000000000000000000000000000	PY_EXPRESSION_93c70476af4e9799739ebd98d4b65441
NAME_REFERENCE	CALLEE	WITH_CONTEXT	METHOD		PY_METHOD_efc21184bae1ab20823e5a77e6489e63	PY_EXPRESSION_93c70476af4e9799739ebd98d4b65441	0	1		open	NONE	NONE		UNKNOWN				false		94	9	94	13	PY_SCOPE_9e46cd2d60c4402ab8845b5e18b120eb	PY_MODULE_46145c2a5de067cf211000725bcdb8de	PY_BINDING_bbed85600d094c7a81ba0fc61124fffe	LOAD	false		false	false			UNKNOWN	NONE	NONE	SERVICE_VERSION_00000000000000000000000000000000	PY_EXPRESSION_d1f84149dec79241fdff74c839b0658d
NAME_REFERENCE	ARGUMENT	WITH_CONTEXT	METHOD		PY_METHOD_efc21184bae1ab20823e5a77e6489e63	PY_EXPRESSION_93c70476af4e9799739ebd98d4b65441	0	1		path	NONE	NONE		UNKNOWN				false		94	14	94	18	PY_SCOPE_9e46cd2d60c4402ab8845b5e18b120eb	PY_MODULE_46145c2a5de067cf211000725bcdb8de	PY_BINDING_6faea82599c26523feebf739fe7ba2e5	LOAD	false		false	false			UNKNOWN	NONE	NONE	SERVICE_VERSION_00000000000000000000000000000000	PY_EXPRESSION_8a0915ab37b9c884c84308c8c54f8c11
NAME_REFERENCE	WITH_TARGET	WITH_TARGET	METHOD		PY_METHOD_efc21184bae1ab20823e5a77e6489e63		0	0		handle	NONE	NONE		UNKNOWN				false		94	23	94	29	PY_SCOPE_9e46cd2d60c4402ab8845b5e18b120eb	PY_MODULE_46145c2a5de067cf211000725bcdb8de	PY_BINDING_d7aae6971bb69f47bdca9af2c86c9cb2	STORE	true		false	false			UNKNOWN	NONE	NONE	SERVICE_VERSION_00000000000000000000000000000000	PY_EXPRESSION_da79c493a88dddc3205d1aa32e438048
CALL	ROOT	EXPRESSION_STATEMENT	METHOD		PY_METHOD_efc21184bae1ab20823e5a77e6489e63		0	0		read	NONE	NONE		UNKNOWN				false		95	8	95	21	PY_SCOPE_9e46cd2d60c4402ab8845b5e18b120eb	PY_MODULE_46145c2a5de067cf211000725bcdb8de		LOAD	false		false	false	handle.read		UNKNOWN	NONE	NONE	SERVICE_VERSION_00000000000000000000000000000000	PY_EXPRESSION_c5a3d6f9c8d729150501efb465184b1a
ATTRIBUTE_ACCESS	RECEIVER	EXPRESSION_STATEMENT	METHOD		PY_METHOD_efc21184bae1ab20823e5a77e6489e63	PY_EXPRESSION_c5a3d6f9c8d729150501efb465184b1a	0	1		read	NONE	NONE		UNKNOWN				false		95	8	95	19	PY_SCOPE_9e46cd2d60c4402ab8845b5e18b120eb	PY_MODULE_46145c2a5de067cf211000725bcdb8de		LOAD	false		false	false	handle.read		UNKNOWN	NONE	NONE	SERVICE_VERSION_00000000000000000000000000000000	PY_EXPRESSION_b651a3c0ee57e806f05d95d29a56fbf6
NAME_REFERENCE	ATTRIBUTE_OBJECT	EXPRESSION_STATEMENT	METHOD		PY_METHOD_efc21184bae1ab20823e5a77e6489e63	PY_EXPRESSION_b651a3c0ee57e806f05d95d29a56fbf6	0	2		handle	NONE	NONE		UNKNOWN				false		95	8	95	14	PY_SCOPE_9e46cd2d60c4402ab8845b5e18b120eb	PY_MODULE_46145c2a5de067cf211000725bcdb8de	PY_BINDING_d7aae6971bb69f47bdca9af2c86c9cb2	LOAD	false		false	false			UNKNOWN	NONE	NONE	SERVICE_VERSION_00000000000000000000000000000000	PY_EXPRESSION_faac5f257aa42af244c9bb7b173401a9
NAME_REFERENCE	CONDITION	IF_CONDITION	METHOD		PY_METHOD_7eddb4d3b7255145f26a5cb31161ef1b		0	0		flag	NONE	NONE		UNKNOWN				false		99	7	99	11	PY_SCOPE_b81ce063bea4f86604f9b05ff2db4c56	PY_MODULE_46145c2a5de067cf211000725bcdb8de	PY_BINDING_2ed54cd895fef61de7984d2fa851e985	LOAD	false		false	false			UNKNOWN	NONE	NONE	SERVICE_VERSION_00000000000000000000000000000000	PY_EXPRESSION_65f1f8f29a33033e9fa3efedb4d765a5
LIST_COMPREHENSION	RETURN_VALUE	RETURN_VALUE	METHOD		PY_METHOD_7eddb4d3b7255145f26a5cb31161ef1b		0	0			LIST	NONE		UNKNOWN		PY_SCOPE_9edeffd1c88fff562817fa312505ce43		false	0	100	15	100	46	PY_SCOPE_b81ce063bea4f86604f9b05ff2db4c56	PY_MODULE_46145c2a5de067cf211000725bcdb8de		LOAD	false		false	false		list	BUILTIN_COLLECTION	COMPREHENSION	CERTAIN	SERVICE_VERSION_00000000000000000000000000000000	PY_EXPRESSION_dc066245b9a1fb2b43eab5cfd13628b4
NAME_REFERENCE	COMPREHENSION_ITERABLE	RETURN_VALUE	METHOD		PY_METHOD_7eddb4d3b7255145f26a5cb31161ef1b	PY_EXPRESSION_dc066245b9a1fb2b43eab5cfd13628b4	0	1		accounts	NONE	NONE		UNKNOWN				false	0	100	37	100	45	PY_SCOPE_b81ce063bea4f86604f9b05ff2db4c56	PY_MODULE_46145c2a5de067cf211000725bcdb8de	PY_BINDING_f147f8a30f449df32dac669d3d3e8c93	LOAD	false		false	false			UNKNOWN	NONE	NONE	SERVICE_VERSION_00000000000000000000000000000000	PY_EXPRESSION_4ee5c519aa99cda339b830f031856fc4
NAME_REFERENCE	COMPREHENSION_TARGET	COMPREHENSION	METHOD		PY_METHOD_7eddb4d3b7255145f26a5cb31161ef1b	PY_EXPRESSION_dc066245b9a1fb2b43eab5cfd13628b4	0	1		a	NONE	NONE		UNKNOWN				false	0	100	32	100	33	PY_SCOPE_9edeffd1c88fff562817fa312505ce43	PY_MODULE_46145c2a5de067cf211000725bcdb8de	PY_BINDING_a68bf4be8eb354313dd711cc54dd896d	STORE	true		false	false			UNKNOWN	NONE	NONE	SERVICE_VERSION_00000000000000000000000000000000	PY_EXPRESSION_e407e51b0e051371d07f2fa9df829b0a
CALL	COMPREHENSION_ELEMENT	COMPREHENSION	METHOD		PY_METHOD_7eddb4d3b7255145f26a5cb31161ef1b	PY_EXPRESSION_dc066245b9a1fb2b43eab5cfd13628b4	0	1		balance	NONE	NONE		UNKNOWN				false	0	100	16	100	27	PY_SCOPE_9edeffd1c88fff562817fa312505ce43	PY_MODULE_46145c2a5de067cf211000725bcdb8de		LOAD	false		false	false	a.balance		UNKNOWN	NONE	NONE	SERVICE_VERSION_00000000000000000000000000000000	PY_EXPRESSION_5913f2f16dffca95c5baf8e9290941be
ATTRIBUTE_ACCESS	RECEIVER	COMPREHENSION	METHOD		PY_METHOD_7eddb4d3b7255145f26a5cb31161ef1b	PY_EXPRESSION_5913f2f16dffca95c5baf8e9290941be	0	2		balance	NONE	NONE		UNKNOWN				false	0	100	16	100	25	PY_SCOPE_9edeffd1c88fff562817fa312505ce43	PY_MODULE_46145c2a5de067cf211000725bcdb8de		LOAD	false		false	false	a.balance		UNKNOWN	NONE	NONE	SERVICE_VERSION_00000000000000000000000000000000	PY_EXPRESSION_1732f07a2ea48358ff9573a20902e9d9
NAME_REFERENCE	ATTRIBUTE_OBJECT	COMPREHENSION	METHOD		PY_METHOD_7eddb4d3b7255145f26a5cb31161ef1b	PY_EXPRESSION_1732f07a2ea48358ff9573a20902e9d9	0	3		a	NONE	NONE		UNKNOWN				false	0	100	16	100	17	PY_SCOPE_9edeffd1c88fff562817fa312505ce43	PY_MODULE_46145c2a5de067cf211000725bcdb8de	PY_BINDING_a68bf4be8eb354313dd711cc54dd896d	LOAD	false		false	false			UNKNOWN	NONE	NONE	SERVICE_VERSION_00000000000000000000000000000000	PY_EXPRESSION_6c519b17b77dffdd8f31be1bd9e59a79
DICT_COMPREHENSION	RETURN_VALUE	RETURN_VALUE	METHOD		PY_METHOD_7eddb4d3b7255145f26a5cb31161ef1b		0	0			DICT	NONE		UNKNOWN		PY_SCOPE_279e4a8b00b4afd25d7bb2c5b37b0980		false	1	101	11	101	51	PY_SCOPE_b81ce063bea4f86604f9b05ff2db4c56	PY_MODULE_46145c2a5de067cf211000725bcdb8de		LOAD	false		false	false		dict	BUILTIN_COLLECTION	COMPREHENSION	CERTAIN	SERVICE_VERSION_00000000000000000000000000000000	PY_EXPRESSION_58222bbee6ede43a3a9484c3b74e9529
NAME_REFERENCE	COMPREHENSION_ITERABLE	RETURN_VALUE	METHOD		PY_METHOD_7eddb4d3b7255145f26a5cb31161ef1b	PY_EXPRESSION_58222bbee6ede43a3a9484c3b74e9529	0	1		accounts	NONE	NONE		UNKNOWN				false	1	101	42	101	50	PY_SCOPE_b81ce063bea4f86604f9b05ff2db4c56	PY_MODULE_46145c2a5de067cf211000725bcdb8de	PY_BINDING_f147f8a30f449df32dac669d3d3e8c93	LOAD	false		false	false			UNKNOWN	NONE	NONE	SERVICE_VERSION_00000000000000000000000000000000	PY_EXPRESSION_7f1d5784b4b2e9b26eb5df5609de2894
NAME_REFERENCE	COMPREHENSION_TARGET	COMPREHENSION	METHOD		PY_METHOD_7eddb4d3b7255145f26a5cb31161ef1b	PY_EXPRESSION_58222bbee6ede43a3a9484c3b74e9529	0	1		a	NONE	NONE		UNKNOWN				false	1	101	37	101	38	PY_SCOPE_279e4a8b00b4afd25d7bb2c5b37b0980	PY_MODULE_46145c2a5de067cf211000725bcdb8de	PY_BINDING_7ea0e84a868b1dcfd59fef898c1d329c	STORE	true		false	false			UNKNOWN	NONE	NONE	SERVICE_VERSION_00000000000000000000000000000000	PY_EXPRESSION_f94ff51e898e12ec0ae30df600a0e247
ATTRIBUTE_ACCESS	COMPREHENSION_ELEMENT	COMPREHENSION	METHOD		PY_METHOD_7eddb4d3b7255145f26a5cb31161ef1b	PY_EXPRESSION_58222bbee6ede43a3a9484c3b74e9529	0	1		owner	NONE	NONE		UNKNOWN				false	1	101	12	101	19	PY_SCOPE_279e4a8b00b4afd25d7bb2c5b37b0980	PY_MODULE_46145c2a5de067cf211000725bcdb8de		LOAD	false		false	false	a.owner		UNKNOWN	NONE	NONE	SERVICE_VERSION_00000000000000000000000000000000	PY_EXPRESSION_2038780a9c48159433b0ce5456ee3c3f
CALL	COMPREHENSION_ELEMENT	COMPREHENSION	METHOD		PY_METHOD_7eddb4d3b7255145f26a5cb31161ef1b	PY_EXPRESSION_58222bbee6ede43a3a9484c3b74e9529	1	1		balance	NONE	NONE		UNKNOWN				false	1	101	21	101	32	PY_SCOPE_279e4a8b00b4afd25d7bb2c5b37b0980	PY_MODULE_46145c2a5de067cf211000725bcdb8de		LOAD	false		false	false	a.balance		UNKNOWN	NONE	NONE	SERVICE_VERSION_00000000000000000000000000000000	PY_EXPRESSION_17c2bfdb0e5bb57817405f073c7a9da1
NAME_REFERENCE	ATTRIBUTE_OBJECT	COMPREHENSION	METHOD		PY_METHOD_7eddb4d3b7255145f26a5cb31161ef1b	PY_EXPRESSION_2038780a9c48159433b0ce5456ee3c3f	0	2		a	NONE	NONE		UNKNOWN				false	1	101	12	101	13	PY_SCOPE_279e4a8b00b4afd25d7bb2c5b37b0980	PY_MODULE_46145c2a5de067cf211000725bcdb8de	PY_BINDING_7ea0e84a868b1dcfd59fef898c1d329c	LOAD	false		false	false			UNKNOWN	NONE	NONE	SERVICE_VERSION_00000000000000000000000000000000	PY_EXPRESSION_1c7b4b938fc6268fa6300a68411b0d93
ATTRIBUTE_ACCESS	RECEIVER	COMPREHENSION	METHOD		PY_METHOD_7eddb4d3b7255145f26a5cb31161ef1b	PY_EXPRESSION_17c2bfdb0e5bb57817405f073c7a9da1	0	2		balance	NONE	NONE		UNKNOWN				false	1	101	21	101	30	PY_SCOPE_279e4a8b00b4afd25d7bb2c5b37b0980	PY_MODULE_46145c2a5de067cf211000725bcdb8de		LOAD	false		false	false	a.balance		UNKNOWN	NONE	NONE	SERVICE_VERSION_00000000000000000000000000000000	PY_EXPRESSION_20e9ed70b8d26d0d7a982b3074f6c14a
NAME_REFERENCE	ATTRIBUTE_OBJECT	COMPREHENSION	METHOD		PY_METHOD_7eddb4d3b7255145f26a5cb31161ef1b	PY_EXPRESSION_20e9ed70b8d26d0d7a982b3074f6c14a	0	3		a	NONE	NONE		UNKNOWN				false	1	101	21	101	22	PY_SCOPE_279e4a8b00b4afd25d7bb2c5b37b0980	PY_MODULE_46145c2a5de067cf211000725bcdb8de	PY_BINDING_7ea0e84a868b1dcfd59fef898c1d329c	LOAD	false		false	false			UNKNOWN	NONE	NONE	SERVICE_VERSION_00000000000000000000000000000000	PY_EXPRESSION_ff299615c128b9ffb2728140a1b041ad
COMPARISON	CONDITION	IF_CONDITION	METHOD		PY_METHOD_045a8d3c36f9f34f18cb9bc6010d2ff1		0	0			NONE	NONE	==	UNKNOWN				false		104	3	104	25	PY_SCOPE_09fc4ebb4c180ea7c3aaa0ec4e5b0ff4	PY_MODULE_46145c2a5de067cf211000725bcdb8de		LOAD	false		false	false			UNKNOWN	NONE	NONE	SERVICE_VERSION_00000000000000000000000000000000	PY_EXPRESSION_62cf02e51b5ba9d143342be9f91546cb
NAME_REFERENCE	OPERAND_LEFT	IF_CONDITION	METHOD		PY_METHOD_045a8d3c36f9f34f18cb9bc6010d2ff1	PY_EXPRESSION_62cf02e51b5ba9d143342be9f91546cb	0	1		__name__	NONE	NONE		UNKNOWN				false		104	3	104	11	PY_SCOPE_09fc4ebb4c180ea7c3aaa0ec4e5b0ff4	PY_MODULE_46145c2a5de067cf211000725bcdb8de	PY_BINDING_975857bff782d281d66d435b567fb968	LOAD	false		false	false			UNKNOWN	NONE	NONE	SERVICE_VERSION_00000000000000000000000000000000	PY_EXPRESSION_befc29c05acd4be650353d3ed4d405ea
LITERAL	OPERAND_RIGHT	IF_CONDITION	METHOD		PY_METHOD_045a8d3c36f9f34f18cb9bc6010d2ff1	PY_EXPRESSION_62cf02e51b5ba9d143342be9f91546cb	1	1	STRING	__main__	NONE	NONE		UNKNOWN				false		104	15	104	25	PY_SCOPE_09fc4ebb4c180ea7c3aaa0ec4e5b0ff4	PY_MODULE_46145c2a5de067cf211000725bcdb8de		LOAD	false		false	false		str	BUILTIN_SCALAR	LITERAL	CERTAIN	SERVICE_VERSION_00000000000000000000000000000000	PY_EXPRESSION_974d0f28fb50bdd1666ac46ef1401afb
CALL	ROOT	MODULE_LEVEL_STATEMENT	METHOD		PY_METHOD_045a8d3c36f9f34f18cb9bc6010d2ff1		0	0		record	NONE	NONE		UNKNOWN				false		106	4	106	42	PY_SCOPE_09fc4ebb4c180ea7c3aaa0ec4e5b0ff4	PY_MODULE_46145c2a5de067cf211000725bcdb8de		LOAD	false		false	false	DEFAULT_LEDGER.record		UNKNOWN	NONE	NONE	SERVICE_VERSION_00000000000000000000000000000000	PY_EXPRESSION_375e00a836e40395f2f3b16cf7cbcdd9
ATTRIBUTE_ACCESS	RECEIVER	MODULE_LEVEL_STATEMENT	METHOD		PY_METHOD_045a8d3c36f9f34f18cb9bc6010d2ff1	PY_EXPRESSION_375e00a836e40395f2f3b16cf7cbcdd9	0	1		record	NONE	NONE		UNKNOWN				false		106	4	106	25	PY_SCOPE_09fc4ebb4c180ea7c3aaa0ec4e5b0ff4	PY_MODULE_46145c2a5de067cf211000725bcdb8de		LOAD	false		false	false	DEFAULT_LEDGER.record		UNKNOWN	NONE	NONE	SERVICE_VERSION_00000000000000000000000000000000	PY_EXPRESSION_28a3abacc8876dae5e2e2c1716f8e5fa
CALL	ARGUMENT	MODULE_LEVEL_STATEMENT	METHOD		PY_METHOD_045a8d3c36f9f34f18cb9bc6010d2ff1	PY_EXPRESSION_375e00a836e40395f2f3b16cf7cbcdd9	0	1		Account	NONE	NONE		UNKNOWN				false		106	26	106	41	PY_SCOPE_09fc4ebb4c180ea7c3aaa0ec4e5b0ff4	PY_MODULE_46145c2a5de067cf211000725bcdb8de		LOAD	false		false	false	Account		UNKNOWN	NONE	NONE	SERVICE_VERSION_00000000000000000000000000000000	PY_EXPRESSION_5c3ca7bcd2f5396541b28c42b2392d5e
NAME_REFERENCE	ATTRIBUTE_OBJECT	MODULE_LEVEL_STATEMENT	METHOD		PY_METHOD_045a8d3c36f9f34f18cb9bc6010d2ff1	PY_EXPRESSION_28a3abacc8876dae5e2e2c1716f8e5fa	0	2		DEFAULT_LEDGER	NONE	NONE		UNKNOWN				false		106	4	106	18	PY_SCOPE_09fc4ebb4c180ea7c3aaa0ec4e5b0ff4	PY_MODULE_46145c2a5de067cf211000725bcdb8de	PY_BINDING_a240d6557ed8ae6d71bf35485bc9fdf4	LOAD	false		false	false			UNKNOWN	NONE	NONE	SERVICE_VERSION_00000000000000000000000000000000	PY_EXPRESSION_4bf48ef08f127bd09afb6b85f0c4f986
NAME_REFERENCE	CALLEE	MODULE_LEVEL_STATEMENT	METHOD		PY_METHOD_045a8d3c36f9f34f18cb9bc6010d2ff1	PY_EXPRESSION_5c3ca7bcd2f5396541b28c42b2392d5e	0	2		Account	NONE	NONE		TYPE	PY_TYPE_160aee5ca584e3817b8783b4e148e2a8			false		106	26	106	33	PY_SCOPE_09fc4ebb4c180ea7c3aaa0ec4e5b0ff4	PY_MODULE_46145c2a5de067cf211000725bcdb8de	PY_BINDING_b5a1067c86131509a84be3d4ab135550	LOAD	false		false	false			UNKNOWN	NONE	NONE	SERVICE_VERSION_00000000000000000000000000000000	PY_EXPRESSION_106e049e2ae6b9ef289039c3211491bf
LITERAL	ARGUMENT	MODULE_LEVEL_STATEMENT	METHOD		PY_METHOD_045a8d3c36f9f34f18cb9bc6010d2ff1	PY_EXPRESSION_5c3ca7bcd2f5396541b28c42b2392d5e	0	2	STRING	main	NONE	NONE		UNKNOWN				false		106	34	106	40	PY_SCOPE_09fc4ebb4c180ea7c3aaa0ec4e5b0ff4	PY_MODULE_46145c2a5de067cf211000725bcdb8de		LOAD	false		false	false		str	BUILTIN_SCALAR	LITERAL	CERTAIN	SERVICE_VERSION_00000000000000000000000000000000	PY_EXPRESSION_c8ae7dfcc21a2079d373b5b5d76e697b
LITERAL	ROOT	MODULE_LEVEL_STATEMENT	METHOD		PY_METHOD_e85c3d1307a5a5571064b639a9cc3262		0	0	STRING	Java analogue: expressions/ (invocation forms). One fixture per receiverKind the schema defines, so every branch of call-site classification has at least one witness. The receiver's SHAPE is all the parser honestly knows about a duck-typed receiver; the engine does the typing.	NONE	NONE		UNKNOWN				false		1	0	6	3	PY_SCOPE_b3aca4bef919752b89f94426f2986bad	PY_MODULE_4aae2613b4da1ab193c5ea488a873480		LOAD	false		false	false		str	BUILTIN_SCALAR	LITERAL	CERTAIN	SERVICE_VERSION_00000000000000000000000000000000	PY_EXPRESSION_334f8562c82bf86bf36b1463de8aa9d5
ASSIGNMENT	ROOT	ASSIGNMENT_VALUE	METHOD	PY_TYPE_89132fdbeb8e0dd6e92a9fd413a40f2a	PY_METHOD_ae5bb3fde49a04de6c5e6a6dd543d77e		0	0			NONE	NONE		UNKNOWN				false		12	4	12	17	PY_SCOPE_418a92849be2784b0f0d2c64d8aec25d	PY_MODULE_4aae2613b4da1ab193c5ea488a873480		LOAD	false		false	false			UNKNOWN	NONE	NONE	SERVICE_VERSION_00000000000000000000000000000000	PY_EXPRESSION_9dd6606e2bc69be3a086d74f8e9eb75d
DICT	ASSIGNMENT_VALUE	ASSIGNMENT_VALUE	METHOD	PY_TYPE_89132fdbeb8e0dd6e92a9fd413a40f2a	PY_METHOD_ae5bb3fde49a04de6c5e6a6dd543d77e	PY_EXPRESSION_9dd6606e2bc69be3a086d74f8e9eb75d	0	1			NONE	NONE		UNKNOWN				false		12	15	12	17	PY_SCOPE_418a92849be2784b0f0d2c64d8aec25d	PY_MODULE_4aae2613b4da1ab193c5ea488a873480		LOAD	false		false	false		dict	BUILTIN_COLLECTION	COLLECTION_LITERAL	CERTAIN	SERVICE_VERSION_00000000000000000000000000000000	PY_EXPRESSION_4ec0b1522e7ecdb3469e870c970eaf4c
NAME_REFERENCE	ASSIGNMENT_TARGET	ASSIGNMENT_TARGET	METHOD	PY_TYPE_89132fdbeb8e0dd6e92a9fd413a40f2a	PY_METHOD_ae5bb3fde49a04de6c5e6a6dd543d77e	PY_EXPRESSION_9dd6606e2bc69be3a086d74f8e9eb75d	0	1		registry	NONE	NONE		UNKNOWN				false		12	4	12	12	PY_SCOPE_418a92849be2784b0f0d2c64d8aec25d	PY_MODULE_4aae2613b4da1ab193c5ea488a873480	PY_BINDING_836fba15a7b0be5978df0bca5e57fe2f	STORE	true		false	false			UNKNOWN	NONE	NONE	SERVICE_VERSION_00000000000000000000000000000000	PY_EXPRESSION_c821226f1f1657f404b7a85fc4ceb095
ASSIGNMENT	ROOT	ASSIGNMENT_VALUE	METHOD	PY_TYPE_89132fdbeb8e0dd6e92a9fd413a40f2a	PY_METHOD_6f4c37f04330de911c5a2a714cde6ada		0	0			NONE	NONE		UNKNOWN				false		15	8	15	24	PY_SCOPE_e468eddd7062744df2b29ca18485b656	PY_MODULE_4aae2613b4da1ab193c5ea488a873480		LOAD	false		false	false			UNKNOWN	NONE	NONE	SERVICE_VERSION_00000000000000000000000000000000	PY_EXPRESSION_39e037145c71e2aa74e3fcf7bbb3165a
NAME_REFERENCE	ASSIGNMENT_VALUE	ASSIGNMENT_VALUE	METHOD	PY_TYPE_89132fdbeb8e0dd6e92a9fd413a40f2a	PY_METHOD_6f4c37f04330de911c5a2a714cde6ada	PY_EXPRESSION_39e037145c71e2aa74e3fcf7bbb3165a	0	1		name	NONE	NONE		UNKNOWN				false		15	20	15	24	PY_SCOPE_e468eddd7062744df2b29ca18485b656	PY_MODULE_4aae2613b4da1ab193c5ea488a873480	PY_BINDING_d9aaaa0f470fbbcf257c44f7458333cb	LOAD	false		false	false			UNKNOWN	NONE	NONE	SERVICE_VERSION_00000000000000000000000000000000	PY_EXPRESSION_1dba6e5f99ec6ab1fd89d6b2530ea66c
ATTRIBUTE_ACCESS	ASSIGNMENT_TARGET	ASSIGNMENT_TARGET	METHOD	PY_TYPE_89132fdbeb8e0dd6e92a9fd413a40f2a	PY_METHOD_6f4c37f04330de911c5a2a714cde6ada	PY_EXPRESSION_39e037145c71e2aa74e3fcf7bbb3165a	0	1		name	NONE	NONE		FIELD	PY_FIELD_dbaeb83d98c6fd788c6075589f932d23			false		15	8	15	17	PY_SCOPE_e468eddd7062744df2b29ca18485b656	PY_MODULE_4aae2613b4da1ab193c5ea488a873480		STORE	true		false	false	self.name		UNKNOWN	NONE	NONE	SERVICE_VERSION_00000000000000000000000000000000	PY_EXPRESSION_78e21060679ed39d8fef732de6256c18
SELF_REFERENCE	ATTRIBUTE_OBJECT	ASSIGNMENT_TARGET	METHOD	PY_TYPE_89132fdbeb8e0dd6e92a9fd413a40f2a	PY_METHOD_6f4c37f04330de911c5a2a714cde6ada	PY_EXPRESSION_78e21060679ed39d8fef732de6256c18	0	2		self	NONE	NONE		SELF				false		15	8	15	12	PY_SCOPE_e468eddd7062744df2b29ca18485b656	PY_MODULE_4aae2613b4da1ab193c5ea488a873480	PY_BINDING_915228d7e7d8e9ea5ece7498897c2776	LOAD	false		false	false			UNKNOWN	NONE	NONE	SERVICE_VERSION_00000000000000000000000000000000	PY_EXPRESSION_ae12114f2532b3377aa56549639ebc6b
ASSIGNMENT	ROOT	ASSIGNMENT_VALUE	METHOD	PY_TYPE_89132fdbeb8e0dd6e92a9fd413a40f2a	PY_METHOD_6f4c37f04330de911c5a2a714cde6ada		0	0			NONE	NONE		UNKNOWN				false		16	8	16	26	PY_SCOPE_e468eddd7062744df2b29ca18485b656	PY_MODULE_4aae2613b4da1ab193c5ea488a873480		LOAD	false		false	false			UNKNOWN	NONE	NONE	SERVICE_VERSION_00000000000000000000000000000000	PY_EXPRESSION_583cf3cc27b585987881760f1bde22a8
LIST	ASSIGNMENT_VALUE	ASSIGNMENT_VALUE	METHOD	PY_TYPE_89132fdbeb8e0dd6e92a9fd413a40f2a	PY_METHOD_6f4c37f04330de911c5a2a714cde6ada	PY_EXPRESSION_583cf3cc27b585987881760f1bde22a8	0	1			NONE	NONE		UNKNOWN				false		16	24	16	26	PY_SCOPE_e468eddd7062744df2b29ca18485b656	PY_MODULE_4aae2613b4da1ab193c5ea488a873480		LOAD	false		false	false		list	BUILTIN_COLLECTION	COLLECTION_LITERAL	CERTAIN	SERVICE_VERSION_00000000000000000000000000000000	PY_EXPRESSION_15707e15f4275d60c987edfdfb3b0ef5
ATTRIBUTE_ACCESS	ASSIGNMENT_TARGET	ASSIGNMENT_TARGET	METHOD	PY_TYPE_89132fdbeb8e0dd6e92a9fd413a40f2a	PY_METHOD_6f4c37f04330de911c5a2a714cde6ada	PY_EXPRESSION_583cf3cc27b585987881760f1bde22a8	0	1		children	NONE	NONE		FIELD	PY_FIELD_68f18956f8ee7bad66d9804ab5889f99			false		16	8	16	21	PY_SCOPE_e468eddd7062744df2b29ca18485b656	PY_MODULE_4aae2613b4da1ab193c5ea488a873480		STORE	true		false	false	self.children		UNKNOWN	NONE	NONE	SERVICE_VERSION_00000000000000000000000000000000	PY_EXPRESSION_f129bc5f05e818743d6e20c48ab47c1a
SELF_REFERENCE	ATTRIBUTE_OBJECT	ASSIGNMENT_TARGET	METHOD	PY_TYPE_89132fdbeb8e0dd6e92a9fd413a40f2a	PY_METHOD_6f4c37f04330de911c5a2a714cde6ada	PY_EXPRESSION_f129bc5f05e818743d6e20c48ab47c1a	0	2		self	NONE	NONE		SELF				false		16	8	16	12	PY_SCOPE_e468eddd7062744df2b29ca18485b656	PY_MODULE_4aae2613b4da1ab193c5ea488a873480	PY_BINDING_915228d7e7d8e9ea5ece7498897c2776	LOAD	false		false	false			UNKNOWN	NONE	NONE	SERVICE_VERSION_00000000000000000000000000000000	PY_EXPRESSION_23ac887f8f9e428a0eaf3188f2c8300e
ATTRIBUTE_ACCESS	RETURN_VALUE	RETURN_VALUE	METHOD	PY_TYPE_89132fdbeb8e0dd6e92a9fd413a40f2a	PY_METHOD_8a00c6a209e528e05bb5ad19edcb18f0		0	0		name	NONE	NONE		FIELD	PY_FIELD_dbaeb83d98c6fd788c6075589f932d23			false	0	19	15	19	24	PY_SCOPE_36d41b4c413c83be1cec398f4f728fcd	PY_MODULE_4aae2613b4da1ab193c5ea488a873480		LOAD	false		false	false	self.name		UNKNOWN	NONE	NONE	SERVICE_VERSION_00000000000000000000000000000000	PY_EXPRESSION_ce3d425058e585e72c216c98b0ea75aa
SELF_REFERENCE	ATTRIBUTE_OBJECT	RETURN_VALUE	METHOD	PY_TYPE_89132fdbeb8e0dd6e92a9fd413a40f2a	PY_METHOD_8a00c6a209e528e05bb5ad19edcb18f0	PY_EXPRESSION_ce3d425058e585e72c216c98b0ea75aa	0	1		self	NONE	NONE		SELF				false	0	19	15	19	19	PY_SCOPE_36d41b4c413c83be1cec398f4f728fcd	PY_MODULE_4aae2613b4da1ab193c5ea488a873480	PY_BINDING_b1dd01a85e7faada5ad0dd5f00da337e	LOAD	false		false	false			UNKNOWN	NONE	NONE	SERVICE_VERSION_00000000000000000000000000000000	PY_EXPRESSION_75d0a41bbd2178695d185885927eb4e4
NAME_REFERENCE	DECORATOR_EXPR	DECORATOR	METHOD	PY_TYPE_89132fdbeb8e0dd6e92a9fd413a40f2a	PY_METHOD_ae5bb3fde49a04de6c5e6a6dd543d77e		0	0		classmethod	NONE	NONE		UNKNOWN				false		21	5	21	16	PY_SCOPE_418a92849be2784b0f0d2c64d8aec25d	PY_MODULE_4aae2613b4da1ab193c5ea488a873480	PY_BINDING_721402d351b1a286700331d5bfafb32f	LOAD	false		false	false			UNKNOWN	NONE	NONE	SERVICE_VERSION_00000000000000000000000000000000	PY_EXPRESSION_117e25f48dcd67a33c289c6455233692
CALL	RETURN_VALUE	RETURN_VALUE	METHOD	PY_TYPE_89132fdbeb8e0dd6e92a9fd413a40f2a	PY_METHOD_fbebff5666a0c70f228cd582d19e5e21		0	0		cls	NONE	NONE		UNKNOWN				false	0	24	15	24	24	PY_SCOPE_ab9da2109f017446761e251d597f3813	PY_MODULE_4aae2613b4da1ab193c5ea488a873480		LOAD	false		false	false	cls		UNKNOWN	NONE	NONE	SERVICE_VERSION_00000000000000000000000000000000	PY_EXPRESSION_f05ba74ac6514610fb722cb32aced97a
CLS_REFERENCE	CALLEE	RETURN_VALUE	METHOD	PY_TYPE_89132fdbeb8e0dd6e92a9fd413a40f2a	PY_METHOD_fbebff5666a0c70f228cd582d19e5e21	PY_EXPRESSION_f05ba74ac6514610fb722cb32aced97a	0	1		cls	NONE	NONE		CLS				false	0	24	15	24	18	PY_SCOPE_ab9da2109f017446761e251d597f3813	PY_MODULE_4aae2613b4da1ab193c5ea488a873480	PY_BINDING_f03eb92a2a3bffe105e93c2076811e9b	LOAD	false		false	false			UNKNOWN	NONE	NONE	SERVICE_VERSION_00000000000000000000000000000000	PY_EXPRESSION_f2f24fb056fd718857b50f8f9a74c924
NAME_REFERENCE	ARGUMENT	RETURN_VALUE	METHOD	PY_TYPE_89132fdbeb8e0dd6e92a9fd413a40f2a	PY_METHOD_fbebff5666a0c70f228cd582d19e5e21	PY_EXPRESSION_f05ba74ac6514610fb722cb32aced97a	0	1		name	NONE	NONE		UNKNOWN				false	0	24	19	24	23	PY_SCOPE_ab9da2109f017446761e251d597f3813	PY_MODULE_4aae2613b4da1ab193c5ea488a873480	PY_BINDING_5391f36bab52e948fa3aeb5ad5ad804c	LOAD	false		false	false			UNKNOWN	NONE	NONE	SERVICE_VERSION_00000000000000000000000000000000	PY_EXPRESSION_de3c2ae6628df999be6631b30680a22f
NAME_REFERENCE	DECORATOR_EXPR	DECORATOR	METHOD	PY_TYPE_89132fdbeb8e0dd6e92a9fd413a40f2a	PY_METHOD_ae5bb3fde49a04de6c5e6a6dd543d77e		0	0		classmethod	NONE	NONE		UNKNOWN				false		26	5	26	16	PY_SCOPE_418a92849be2784b0f0d2c64d8aec25d	PY_MODULE_4aae2613b4da1ab193c5ea488a873480	PY_BINDING_721402d351b1a286700331d5bfafb32f	LOAD	false		false	false			UNKNOWN	NONE	NONE	SERVICE_VERSION_00000000000000000000000000000000	PY_EXPRESSION_c0739f937d4d51641be40e59676790b5
CALL	RETURN_VALUE	RETURN_VALUE	METHOD	PY_TYPE_89132fdbeb8e0dd6e92a9fd413a40f2a	PY_METHOD_6078616ab9538ca07ec8d5466cd5eb99		0	0		get	NONE	NONE		UNKNOWN				false	0	28	15	28	36	PY_SCOPE_c984c0f98ab82206f5b28ca5aa0e5445	PY_MODULE_4aae2613b4da1ab193c5ea488a873480		LOAD	false		false	false	cls.registry.get		UNKNOWN	NONE	NONE	SERVICE_VERSION_00000000000000000000000000000000	PY_EXPRESSION_18ed11afc2d1bb8cf1953af307852596
ATTRIBUTE_ACCESS	RECEIVER	RETURN_VALUE	METHOD	PY_TYPE_89132fdbeb8e0dd6e92a9fd413a40f2a	PY_METHOD_6078616ab9538ca07ec8d5466cd5eb99	PY_EXPRESSION_18ed11afc2d1bb8cf1953af307852596	0	1		get	NONE	NONE		UNKNOWN				false	0	28	15	28	31	PY_SCOPE_c984c0f98ab82206f5b28ca5aa0e5445	PY_MODULE_4aae2613b4da1ab193c5ea488a873480		LOAD	false		false	false	cls.registry.get		UNKNOWN	NONE	NONE	SERVICE_VERSION_00000000000000000000000000000000	PY_EXPRESSION_104310e90776066da3b7f73d57ba63e5
LITERAL	ARGUMENT	RETURN_VALUE	METHOD	PY_TYPE_89132fdbeb8e0dd6e92a9fd413a40f2a	PY_METHOD_6078616ab9538ca07ec8d5466cd5eb99	PY_EXPRESSION_18ed11afc2d1bb8cf1953af307852596	0	1	STRING	x	NONE	NONE		UNKNOWN				false	0	28	32	28	35	PY_SCOPE_c984c0f98ab82206f5b28ca5aa0e5445	PY_MODULE_4aae2613b4da1ab193c5ea488a873480		LOAD	false		false	false		str	BUILTIN_SCALAR	LITERAL	CERTAIN	SERVICE_VERSION_00000000000000000000000000000000	PY_EXPRESSION_9638eca0043bd22a819a00f79c5511b5
ATTRIBUTE_ACCESS	ATTRIBUTE_OBJECT	RETURN_VALUE	METHOD	PY_TYPE_89132fdbeb8e0dd6e92a9fd413a40f2a	PY_METHOD_6078616ab9538ca07ec8d5466cd5eb99	PY_EXPRESSION_104310e90776066da3b7f73d57ba63e5	0	2		registry	NONE	NONE		FIELD	PY_FIELD_0d5d91b9cb0bd65397e66f0f5c199946			false	0	28	15	28	27	PY_SCOPE_c984c0f98ab82206f5b28ca5aa0e5445	PY_MODULE_4aae2613b4da1ab193c5ea488a873480		LOAD	false		false	false	cls.registry		UNKNOWN	NONE	NONE	SERVICE_VERSION_00000000000000000000000000000000	PY_EXPRESSION_c857c257de6ab0249f787046dedb0071
CLS_REFERENCE	ATTRIBUTE_OBJECT	RETURN_VALUE	METHOD	PY_TYPE_89132fdbeb8e0dd6e92a9fd413a40f2a	PY_METHOD_6078616ab9538ca07ec8d5466cd5eb99	PY_EXPRESSION_c857c257de6ab0249f787046dedb0071	0	3		cls	NONE	NONE		CLS				false	0	28	15	28	18	PY_SCOPE_c984c0f98ab82206f5b28ca5aa0e5445	PY_MODULE_4aae2613b4da1ab193c5ea488a873480	PY_BINDING_e1191abf68c79b33e4291e11a1cb3b1f	LOAD	false		false	false			UNKNOWN	NONE	NONE	SERVICE_VERSION_00000000000000000000000000000000	PY_EXPRESSION_040a2c3d7d9f710113768a5c396562b6
NAME_REFERENCE	DECORATOR_EXPR	DECORATOR	METHOD	PY_TYPE_89132fdbeb8e0dd6e92a9fd413a40f2a	PY_METHOD_ae5bb3fde49a04de6c5e6a6dd543d77e		0	0		staticmethod	NONE	NONE		UNKNOWN				false		30	5	30	17	PY_SCOPE_418a92849be2784b0f0d2c64d8aec25d	PY_MODULE_4aae2613b4da1ab193c5ea488a873480	PY_BINDING_88c49a51b9ad90fe5dff7638b8fecfb1	LOAD	false		false	false			UNKNOWN	NONE	NONE	SERVICE_VERSION_00000000000000000000000000000000	PY_EXPRESSION_67f9fc554335b5914e60250c4d55c404
LITERAL	RETURN_VALUE	RETURN_VALUE	METHOD	PY_TYPE_89132fdbeb8e0dd6e92a9fd413a40f2a	PY_METHOD_156ddb7da9a69192e6672e6581a66205		0	0	INTEGER	1	NONE	NONE		UNKNOWN				false	0	32	15	32	16	PY_SCOPE_1de5f675597d6cc73df13d33edbb9be4	PY_MODULE_4aae2613b4da1ab193c5ea488a873480		LOAD	false		false	false		int	BUILTIN_SCALAR	LITERAL	CERTAIN	SERVICE_VERSION_00000000000000000000000000000000	PY_EXPRESSION_89abdb1575073f2044307b807108e42d
CALL	RETURN_VALUE	RETURN_VALUE	METHOD	PY_TYPE_89132fdbeb8e0dd6e92a9fd413a40f2a	PY_METHOD_29af074b05609f27522cab7b9d1d6f6c		0	0		render	NONE	NONE		UNKNOWN				false	0	36	15	36	28	PY_SCOPE_91e55e14a61e454d4ecc0fe24ae723c1	PY_MODULE_4aae2613b4da1ab193c5ea488a873480		LOAD	false		false	false	self.render		UNKNOWN	NONE	NONE	SERVICE_VERSION_00000000000000000000000000000000	PY_EXPRESSION_76fe59dbc94f38ee6bae53b1589e7c5c
ATTRIBUTE_ACCESS	RECEIVER	RETURN_VALUE	METHOD	PY_TYPE_89132fdbeb8e0dd6e92a9fd413a40f2a	PY_METHOD_29af074b05609f27522cab7b9d1d6f6c	PY_EXPRESSION_76fe59dbc94f38ee6bae53b1589e7c5c	0	1		render	NONE	NONE		UNKNOWN				false	0	36	15	36	26	PY_SCOPE_91e55e14a61e454d4ecc0fe24ae723c1	PY_MODULE_4aae2613b4da1ab193c5ea488a873480		LOAD	false		false	false	self.render		UNKNOWN	NONE	NONE	SERVICE_VERSION_00000000000000000000000000000000	PY_EXPRESSION_31a1f9cfc5a0bad526ceb8469c72e2f3
SELF_REFERENCE	ATTRIBUTE_OBJECT	RETURN_VALUE	METHOD	PY_TYPE_89132fdbeb8e0dd6e92a9fd413a40f2a	PY_METHOD_29af074b05609f27522cab7b9d1d6f6c	PY_EXPRESSION_31a1f9cfc5a0bad526ceb8469c72e2f3	0	2		self	NONE	NONE		SELF				false	0	36	15	36	19	PY_SCOPE_91e55e14a61e454d4ecc0fe24ae723c1	PY_MODULE_4aae2613b4da1ab193c5ea488a873480	PY_BINDING_d5262fec27a167db58d60c9f3b7df8e3	LOAD	false		false	false			UNKNOWN	NONE	NONE	SERVICE_VERSION_00000000000000000000000000000000	PY_EXPRESSION_1618057e961b9e88d01c92fa814f5f89
CALL	RETURN_VALUE	RETURN_VALUE	METHOD	PY_TYPE_89132fdbeb8e0dd6e92a9fd413a40f2a	PY_METHOD_c123f969057318b1c76aeded1591acce		0	0		append	NONE	NONE		UNKNOWN				false	0	40	15	40	38	PY_SCOPE_4089f5089cc70d0b99b34832936f27f4	PY_MODULE_4aae2613b4da1ab193c5ea488a873480		LOAD	false		false	false	self.children.append		UNKNOWN	NONE	NONE	SERVICE_VERSION_00000000000000000000000000000000	PY_EXPRESSION_0ab1bcf4327e9ff0e2795326d147706c
ATTRIBUTE_ACCESS	RECEIVER	RETURN_VALUE	METHOD	PY_TYPE_89132fdbeb8e0dd6e92a9fd413a40f2a	PY_METHOD_c123f969057318b1c76aeded1591acce	PY_EXPRESSION_0ab1bcf4327e9ff0e2795326d147706c	0	1		append	NONE	NONE		UNKNOWN				false	0	40	15	40	35	PY_SCOPE_4089f5089cc70d0b99b34832936f27f4	PY_MODULE_4aae2613b4da1ab193c5ea488a873480		LOAD	false		false	false	self.children.append		UNKNOWN	NONE	NONE	SERVICE_VERSION_00000000000000000000000000000000	PY_EXPRESSION_4b5040db9c9300de322d2f186ba5d08e
LITERAL	ARGUMENT	RETURN_VALUE	METHOD	PY_TYPE_89132fdbeb8e0dd6e92a9fd413a40f2a	PY_METHOD_c123f969057318b1c76aeded1591acce	PY_EXPRESSION_0ab1bcf4327e9ff0e2795326d147706c	0	1	INTEGER	1	NONE	NONE		UNKNOWN				false	0	40	36	40	37	PY_SCOPE_4089f5089cc70d0b99b34832936f27f4	PY_MODULE_4aae2613b4da1ab193c5ea488a873480		LOAD	false		false	false		int	BUILTIN_SCALAR	LITERAL	CERTAIN	SERVICE_VERSION_00000000000000000000000000000000	PY_EXPRESSION_af1b388f0f7200b12314173cde15f163
ATTRIBUTE_ACCESS	ATTRIBUTE_OBJECT	RETURN_VALUE	METHOD	PY_TYPE_89132fdbeb8e0dd6e92a9fd413a40f2a	PY_METHOD_c123f969057318b1c76aeded1591acce	PY_EXPRESSION_4b5040db9c9300de322d2f186ba5d08e	0	2		children	NONE	NONE		FIELD	PY_FIELD_68f18956f8ee7bad66d9804ab5889f99			false	0	40	15	40	28	PY_SCOPE_4089f5089cc70d0b99b34832936f27f4	PY_MODULE_4aae2613b4da1ab193c5ea488a873480		LOAD	false		false	false	self.children		UNKNOWN	NONE	NONE	SERVICE_VERSION_00000000000000000000000000000000	PY_EXPRESSION_8f32f98f6db2724abd7c435a1e8efa27
SELF_REFERENCE	ATTRIBUTE_OBJECT	RETURN_VALUE	METHOD	PY_TYPE_89132fdbeb8e0dd6e92a9fd413a40f2a	PY_METHOD_c123f969057318b1c76aeded1591acce	PY_EXPRESSION_8f32f98f6db2724abd7c435a1e8efa27	0	3		self	NONE	NONE		SELF				false	0	40	15	40	19	PY_SCOPE_4089f5089cc70d0b99b34832936f27f4	PY_MODULE_4aae2613b4da1ab193c5ea488a873480	PY_BINDING_eaaa831cefae5aa4c3ee61beb5efc0f2	LOAD	false		false	false			UNKNOWN	NONE	NONE	SERVICE_VERSION_00000000000000000000000000000000	PY_EXPRESSION_6e2c5e309deccfe3e3a876db55c2d7a6
CALL	RETURN_VALUE	RETURN_VALUE	METHOD	PY_TYPE_89132fdbeb8e0dd6e92a9fd413a40f2a	PY_METHOD_bd58a5b2c973d46575043d8dc053353e		0	0		render	NONE	NONE		UNKNOWN				false	0	44	15	44	40	PY_SCOPE_a130c57cbda9b89f567c1349d9e1a742	PY_MODULE_4aae2613b4da1ab193c5ea488a873480		LOAD	false		false	false	render		UNKNOWN	NONE	NONE	SERVICE_VERSION_00000000000000000000000000000000	PY_EXPRESSION_6369f3b924ec9c6856e47b1c7eb5ee92
ATTRIBUTE_ACCESS	RECEIVER	RETURN_VALUE	METHOD	PY_TYPE_89132fdbeb8e0dd6e92a9fd413a40f2a	PY_METHOD_bd58a5b2c973d46575043d8dc053353e	PY_EXPRESSION_6369f3b924ec9c6856e47b1c7eb5ee92	0	1		render	NONE	NONE		UNKNOWN				false	0	44	15	44	38	PY_SCOPE_a130c57cbda9b89f567c1349d9e1a742	PY_MODULE_4aae2613b4da1ab193c5ea488a873480		LOAD	false		false	false	render		UNKNOWN	NONE	NONE	SERVICE_VERSION_00000000000000000000000000000000	PY_EXPRESSION_c3a9a5190a3334d364a5b47f919324a6
SUBSCRIPT	ATTRIBUTE_OBJECT	RETURN_VALUE	METHOD	PY_TYPE_89132fdbeb8e0dd6e92a9fd413a40f2a	PY_METHOD_bd58a5b2c973d46575043d8dc053353e	PY_EXPRESSION_c3a9a5190a3334d364a5b47f919324a6	0	2			NONE	NONE		UNKNOWN				false	0	44	15	44	31	PY_SCOPE_a130c57cbda9b89f567c1349d9e1a742	PY_MODULE_4aae2613b4da1ab193c5ea488a873480		LOAD	false		false	false			UNKNOWN	NONE	NONE	SERVICE_VERSION_00000000000000000000000000000000	PY_EXPRESSION_95794d89b1e7af69fb545cc3f3e3509d
ATTRIBUTE_ACCESS	SUBSCRIPT_OBJECT	RETURN_VALUE	METHOD	PY_TYPE_89132fdbeb8e0dd6e92a9fd413a40f2a	PY_METHOD_bd58a5b2c973d46575043d8dc053353e	PY_EXPRESSION_95794d89b1e7af69fb545cc3f3e3509d	0	3		children	NONE	NONE		FIELD	PY_FIELD_68f18956f8ee7bad66d9804ab5889f99			false	0	44	15	44	28	PY_SCOPE_a130c57cbda9b89f567c1349d9e1a742	PY_MODULE_4aae2613b4da1ab193c5ea488a873480		LOAD	false		false	false	self.children		UNKNOWN	NONE	NONE	SERVICE_VERSION_00000000000000000000000000000000	PY_EXPRESSION_6931050fe29a60b37798013c4bbfb820
LITERAL	SUBSCRIPT_INDEX	RETURN_VALUE	METHOD	PY_TYPE_89132fdbeb8e0dd6e92a9fd413a40f2a	PY_METHOD_bd58a5b2c973d46575043d8dc053353e	PY_EXPRESSION_95794d89b1e7af69fb545cc3f3e3509d	1	3	INTEGER	0	NONE	NONE		UNKNOWN				false	0	44	29	44	30	PY_SCOPE_a130c57cbda9b89f567c1349d9e1a742	PY_MODULE_4aae2613b4da1ab193c5ea488a873480		LOAD	false		false	false		int	BUILTIN_SCALAR	LITERAL	CERTAIN	SERVICE_VERSION_00000000000000000000000000000000	PY_EXPRESSION_4c5a1f587f2627384fa3dbb188193545
SELF_REFERENCE	ATTRIBUTE_OBJECT	RETURN_VALUE	METHOD	PY_TYPE_89132fdbeb8e0dd6e92a9fd413a40f2a	PY_METHOD_bd58a5b2c973d46575043d8dc053353e	PY_EXPRESSION_6931050fe29a60b37798013c4bbfb820	0	4		self	NONE	NONE		SELF				false	0	44	15	44	19	PY_SCOPE_a130c57cbda9b89f567c1349d9e1a742	PY_MODULE_4aae2613b4da1ab193c5ea488a873480	PY_BINDING_ed03464ba008a913706f3647b5239902	LOAD	false		false	false			UNKNOWN	NONE	NONE	SERVICE_VERSION_00000000000000000000000000000000	PY_EXPRESSION_be006471bf07e769fcdda2e48378e832
CALL	RETURN_VALUE	RETURN_VALUE	METHOD	PY_TYPE_89132fdbeb8e0dd6e92a9fd413a40f2a	PY_METHOD_65acc5cb37445b420f8b41d4f5d0a0ad		0	0		render	NONE	NONE		UNKNOWN				false	0	48	15	48	42	PY_SCOPE_ce4f6c74d628ab6b24ab65a7333c16c0	PY_MODULE_4aae2613b4da1ab193c5ea488a873480		LOAD	false		false	false	render		UNKNOWN	NONE	NONE	SERVICE_VERSION_00000000000000000000000000000000	PY_EXPRESSION_99342b281bba026d9fe5803b9b73346b
ATTRIBUTE_ACCESS	RECEIVER	RETURN_VALUE	METHOD	PY_TYPE_89132fdbeb8e0dd6e92a9fd413a40f2a	PY_METHOD_65acc5cb37445b420f8b41d4f5d0a0ad	PY_EXPRESSION_99342b281bba026d9fe5803b9b73346b	0	1		render	NONE	NONE		UNKNOWN				false	0	48	15	48	40	PY_SCOPE_ce4f6c74d628ab6b24ab65a7333c16c0	PY_MODULE_4aae2613b4da1ab193c5ea488a873480		LOAD	false		false	false	render		UNKNOWN	NONE	NONE	SERVICE_VERSION_00000000000000000000000000000000	PY_EXPRESSION_3e7357c86b493e0b1b7d365ebf7e50ee
CALL	ATTRIBUTE_OBJECT	RETURN_VALUE	METHOD	PY_TYPE_89132fdbeb8e0dd6e92a9fd413a40f2a	PY_METHOD_65acc5cb37445b420f8b41d4f5d0a0ad	PY_EXPRESSION_3e7357c86b493e0b1b7d365ebf7e50ee	0	2		build	NONE	NONE		UNKNOWN				false	0	48	15	48	33	PY_SCOPE_ce4f6c74d628ab6b24ab65a7333c16c0	PY_MODULE_4aae2613b4da1ab193c5ea488a873480		LOAD	false		false	false	Widget.build		UNKNOWN	NONE	NONE	SERVICE_VERSION_00000000000000000000000000000000	PY_EXPRESSION_5780c5caf4edd744371d7eb33e4c2874
ATTRIBUTE_ACCESS	RECEIVER	RETURN_VALUE	METHOD	PY_TYPE_89132fdbeb8e0dd6e92a9fd413a40f2a	PY_METHOD_65acc5cb37445b420f8b41d4f5d0a0ad	PY_EXPRESSION_5780c5caf4edd744371d7eb33e4c2874	0	3		build	NONE	NONE		UNKNOWN				false	0	48	15	48	27	PY_SCOPE_ce4f6c74d628ab6b24ab65a7333c16c0	PY_MODULE_4aae2613b4da1ab193c5ea488a873480		LOAD	false		false	false	Widget.build		UNKNOWN	NONE	NONE	SERVICE_VERSION_00000000000000000000000000000000	PY_EXPRESSION_230a8a17299e51dabc6c6df01f6d2b8a
NAME_REFERENCE	ARGUMENT	RETURN_VALUE	METHOD	PY_TYPE_89132fdbeb8e0dd6e92a9fd413a40f2a	PY_METHOD_65acc5cb37445b420f8b41d4f5d0a0ad	PY_EXPRESSION_5780c5caf4edd744371d7eb33e4c2874	0	3		name	NONE	NONE		UNKNOWN				false	0	48	28	48	32	PY_SCOPE_ce4f6c74d628ab6b24ab65a7333c16c0	PY_MODULE_4aae2613b4da1ab193c5ea488a873480	PY_BINDING_05e6d60570689e2b96a83e135b082bfe	LOAD	false		false	false			UNKNOWN	NONE	NONE	SERVICE_VERSION_00000000000000000000000000000000	PY_EXPRESSION_3d1b292d7aef32fb71e9fec606784ef1
NAME_REFERENCE	ATTRIBUTE_OBJECT	RETURN_VALUE	METHOD	PY_TYPE_89132fdbeb8e0dd6e92a9fd413a40f2a	PY_METHOD_65acc5cb37445b420f8b41d4f5d0a0ad	PY_EXPRESSION_230a8a17299e51dabc6c6df01f6d2b8a	0	4		Widget	NONE	NONE		TYPE	PY_TYPE_89132fdbeb8e0dd6e92a9fd413a40f2a			false	0	48	15	48	21	PY_SCOPE_ce4f6c74d628ab6b24ab65a7333c16c0	PY_MODULE_4aae2613b4da1ab193c5ea488a873480	PY_BINDING_cc4b78015fa3697fccb27318df4801b3	LOAD	false		false	false			UNKNOWN	NONE	NONE	SERVICE_VERSION_00000000000000000000000000000000	PY_EXPRESSION_54b221d2302ddc00082b4e484bd142fd
CALL	RETURN_VALUE	RETURN_VALUE	METHOD	PY_TYPE_89132fdbeb8e0dd6e92a9fd413a40f2a	PY_METHOD_92ab47e48ecd017bc9f3e5696f3afb6d		0	0		__repr__	NONE	NONE		UNKNOWN				false	0	52	15	52	33	PY_SCOPE_19a78037b8237d44fd897226b20dab5f	PY_MODULE_4aae2613b4da1ab193c5ea488a873480		LOAD	false		false	false	__repr__		UNKNOWN	NONE	NONE	SERVICE_VERSION_00000000000000000000000000000000	PY_EXPRESSION_5e44a66cafc86994cda64c24d9aac2a2
ATTRIBUTE_ACCESS	RECEIVER	RETURN_VALUE	METHOD	PY_TYPE_89132fdbeb8e0dd6e92a9fd413a40f2a	PY_METHOD_92ab47e48ecd017bc9f3e5696f3afb6d	PY_EXPRESSION_5e44a66cafc86994cda64c24d9aac2a2	0	1		__repr__	NONE	NONE		UNKNOWN				false	0	52	15	52	31	PY_SCOPE_19a78037b8237d44fd897226b20dab5f	PY_MODULE_4aae2613b4da1ab193c5ea488a873480		LOAD	false		false	false	__repr__		UNKNOWN	NONE	NONE	SERVICE_VERSION_00000000000000000000000000000000	PY_EXPRESSION_be055ad8e15391b6d2aea317439464af
CALL	ATTRIBUTE_OBJECT	RETURN_VALUE	METHOD	PY_TYPE_89132fdbeb8e0dd6e92a9fd413a40f2a	PY_METHOD_92ab47e48ecd017bc9f3e5696f3afb6d	PY_EXPRESSION_be055ad8e15391b6d2aea317439464af	0	2		super	NONE	NONE		UNKNOWN				false	0	52	15	52	22	PY_SCOPE_19a78037b8237d44fd897226b20dab5f	PY_MODULE_4aae2613b4da1ab193c5ea488a873480		LOAD	false		false	false	super		UNKNOWN	NONE	NONE	SERVICE_VERSION_00000000000000000000000000000000	PY_EXPRESSION_94eac7acc72759cf3cbcf4ab3920b14a
NAME_REFERENCE	CALLEE	RETURN_VALUE	METHOD	PY_TYPE_89132fdbeb8e0dd6e92a9fd413a40f2a	PY_METHOD_92ab47e48ecd017bc9f3e5696f3afb6d	PY_EXPRESSION_94eac7acc72759cf3cbcf4ab3920b14a	0	3		super	NONE	NONE		SUPER				false	0	52	15	52	20	PY_SCOPE_19a78037b8237d44fd897226b20dab5f	PY_MODULE_4aae2613b4da1ab193c5ea488a873480	PY_BINDING_499b521c47497aa4b1a5dc0ee061147b	LOAD	false		false	false			UNKNOWN	NONE	NONE	SERVICE_VERSION_00000000000000000000000000000000	PY_EXPRESSION_231fcfeb347f9dd784dedec7d1d71d85
CALL	RETURN_VALUE	RETURN_VALUE	METHOD		PY_METHOD_451e0be553e5fc4b670246020d50195b		0	0		len	NONE	NONE		UNKNOWN				false	0	57	11	57	21	PY_SCOPE_807671d7da6242e0b370b5ca2623c14e	PY_MODULE_4aae2613b4da1ab193c5ea488a873480		LOAD	false		false	false	len		UNKNOWN	NONE	NONE	SERVICE_VERSION_00000000000000000000000000000000	PY_EXPRESSION_bbcbbc7df8a8988546d6cd8503f99ecd
NAME_REFERENCE	CALLEE	RETURN_VALUE	METHOD		PY_METHOD_451e0be553e5fc4b670246020d50195b	PY_EXPRESSION_bbcbbc7df8a8988546d6cd8503f99ecd	0	1		len	NONE	NONE		UNKNOWN				false	0	57	11	57	14	PY_SCOPE_807671d7da6242e0b370b5ca2623c14e	PY_MODULE_4aae2613b4da1ab193c5ea488a873480	PY_BINDING_c52d2bbe59fd51217949803caf4b6b32	LOAD	false		false	false			UNKNOWN	NONE	NONE	SERVICE_VERSION_00000000000000000000000000000000	PY_EXPRESSION_ea02a69f0441dd601876f615cefd1197
NAME_REFERENCE	ARGUMENT	RETURN_VALUE	METHOD		PY_METHOD_451e0be553e5fc4b670246020d50195b	PY_EXPRESSION_bbcbbc7df8a8988546d6cd8503f99ecd	0	1		value	NONE	NONE		UNKNOWN				false	0	57	15	57	20	PY_SCOPE_807671d7da6242e0b370b5ca2623c14e	PY_MODULE_4aae2613b4da1ab193c5ea488a873480	PY_BINDING_32bce2afd969603b0981058e7b3076f8	LOAD	false		false	false			UNKNOWN	NONE	NONE	SERVICE_VERSION_00000000000000000000000000000000	PY_EXPRESSION_667da60d5ca3f14973b507953af474da
CALL	RETURN_VALUE	RETURN_VALUE	METHOD		PY_METHOD_93bb2592cdd11698c9b6f15ab163f334		0	0		render	NONE	NONE		UNKNOWN				false	0	62	11	62	26	PY_SCOPE_412304ce3bf422fbe19b60bc451d8355	PY_MODULE_4aae2613b4da1ab193c5ea488a873480		LOAD	false		false	false	widget.render		UNKNOWN	NONE	NONE	SERVICE_VERSION_00000000000000000000000000000000	PY_EXPRESSION_a78cce04248f161b46eb892e2ce5b735
ATTRIBUTE_ACCESS	RECEIVER	RETURN_VALUE	METHOD		PY_METHOD_93bb2592cdd11698c9b6f15ab163f334	PY_EXPRESSION_a78cce04248f161b46eb892e2ce5b735	0	1		render	NONE	NONE		UNKNOWN				false	0	62	11	62	24	PY_SCOPE_412304ce3bf422fbe19b60bc451d8355	PY_MODULE_4aae2613b4da1ab193c5ea488a873480		LOAD	false		false	false	widget.render		UNKNOWN	NONE	NONE	SERVICE_VERSION_00000000000000000000000000000000	PY_EXPRESSION_a061d0ae64945de7aa87424a1f1bccf3
NAME_REFERENCE	ATTRIBUTE_OBJECT	RETURN_VALUE	METHOD		PY_METHOD_93bb2592cdd11698c9b6f15ab163f334	PY_EXPRESSION_a061d0ae64945de7aa87424a1f1bccf3	0	2		widget	NONE	NONE		UNKNOWN				false	0	62	11	62	17	PY_SCOPE_412304ce3bf422fbe19b60bc451d8355	PY_MODULE_4aae2613b4da1ab193c5ea488a873480	PY_BINDING_2c6b8727d77c9828e92e71a7c3167a9f	LOAD	false		false	false			UNKNOWN	NONE	NONE	SERVICE_VERSION_00000000000000000000000000000000	PY_EXPRESSION_cd39b5565d27b6d91795fabef0b0e624
CALL	RETURN_VALUE	RETURN_VALUE	METHOD		PY_METHOD_4ffe961c21176e333ae2b746c3499b98		0	0		dumps	NONE	NONE		UNKNOWN				false	0	68	11	68	30	PY_SCOPE_5f8454a9411ab822304faa2bfa3fa0ff	PY_MODULE_4aae2613b4da1ab193c5ea488a873480		LOAD	false		false	false	json.dumps		UNKNOWN	NONE	NONE	SERVICE_VERSION_00000000000000000000000000000000	PY_EXPRESSION_f11951d2fc26c25bde6842fc93beb455
ATTRIBUTE_ACCESS	RECEIVER	RETURN_VALUE	METHOD		PY_METHOD_4ffe961c21176e333ae2b746c3499b98	PY_EXPRESSION_f11951d2fc26c25bde6842fc93beb455	0	1		dumps	NONE	NONE		UNKNOWN				false	0	68	11	68	21	PY_SCOPE_5f8454a9411ab822304faa2bfa3fa0ff	PY_MODULE_4aae2613b4da1ab193c5ea488a873480		LOAD	false		false	false	json.dumps		UNKNOWN	NONE	NONE	SERVICE_VERSION_00000000000000000000000000000000	PY_EXPRESSION_db3cc99abc492942accf764e1d642564
NAME_REFERENCE	ARGUMENT	RETURN_VALUE	METHOD		PY_METHOD_4ffe961c21176e333ae2b746c3499b98	PY_EXPRESSION_f11951d2fc26c25bde6842fc93beb455	0	1		payload	NONE	NONE		UNKNOWN				false	0	68	22	68	29	PY_SCOPE_5f8454a9411ab822304faa2bfa3fa0ff	PY_MODULE_4aae2613b4da1ab193c5ea488a873480	PY_BINDING_06ee4998b8583d64730037aa02d6e66d	LOAD	false		false	false			UNKNOWN	NONE	NONE	SERVICE_VERSION_00000000000000000000000000000000	PY_EXPRESSION_f5e13cc2aa99dc5c021feb24b055adab
NAME_REFERENCE	ATTRIBUTE_OBJECT	RETURN_VALUE	METHOD		PY_METHOD_4ffe961c21176e333ae2b746c3499b98	PY_EXPRESSION_db3cc99abc492942accf764e1d642564	0	2		json	NONE	NONE		UNKNOWN				false	0	68	11	68	15	PY_SCOPE_5f8454a9411ab822304faa2bfa3fa0ff	PY_MODULE_4aae2613b4da1ab193c5ea488a873480	PY_BINDING_69ef62a6a22f162715f89718a33be112	LOAD	false		false	false			UNKNOWN	NONE	NONE	SERVICE_VERSION_00000000000000000000000000000000	PY_EXPRESSION_487d91e35bd505d2974c32f4bf4b51d8
CALL	RETURN_VALUE	RETURN_VALUE	METHOD		PY_METHOD_08de495df3f4d75ce9831803d072def0		0	0		helper	NONE	NONE		UNKNOWN				false	0	73	11	73	26	PY_SCOPE_5efa431044835c9f3ea6eb3090b77092	PY_MODULE_4aae2613b4da1ab193c5ea488a873480		LOAD	false		false	false	Widget.helper		UNKNOWN	NONE	NONE	SERVICE_VERSION_00000000000000000000000000000000	PY_EXPRESSION_203ebc450fe152c8fd6e50523ad2a29e
ATTRIBUTE_ACCESS	RECEIVER	RETURN_VALUE	METHOD		PY_METHOD_08de495df3f4d75ce9831803d072def0	PY_EXPRESSION_203ebc450fe152c8fd6e50523ad2a29e	0	1		helper	NONE	NONE		UNKNOWN				false	0	73	11	73	24	PY_SCOPE_5efa431044835c9f3ea6eb3090b77092	PY_MODULE_4aae2613b4da1ab193c5ea488a873480		LOAD	false		false	false	Widget.helper		UNKNOWN	NONE	NONE	SERVICE_VERSION_00000000000000000000000000000000	PY_EXPRESSION_753c440da4e702b97fdd9a89f431ebcc
NAME_REFERENCE	ATTRIBUTE_OBJECT	RETURN_VALUE	METHOD		PY_METHOD_08de495df3f4d75ce9831803d072def0	PY_EXPRESSION_753c440da4e702b97fdd9a89f431ebcc	0	2		Widget	NONE	NONE		TYPE	PY_TYPE_89132fdbeb8e0dd6e92a9fd413a40f2a			false	0	73	11	73	17	PY_SCOPE_5efa431044835c9f3ea6eb3090b77092	PY_MODULE_4aae2613b4da1ab193c5ea488a873480	PY_BINDING_9d9ed6971e21dd45f339b27355be87eb	LOAD	false		false	false			UNKNOWN	NONE	NONE	SERVICE_VERSION_00000000000000000000000000000000	PY_EXPRESSION_8dc1451726db3313c37092413677e0f6
CALL	RETURN_VALUE	RETURN_VALUE	METHOD		PY_METHOD_633bdab0f73b8ae3ad6965348564928a		0	0		join	NONE	NONE		UNKNOWN				false	0	78	11	78	27	PY_SCOPE_5e2eb433df472655d0206a4829a9101c	PY_MODULE_4aae2613b4da1ab193c5ea488a873480		LOAD	false		false	false	join		UNKNOWN	NONE	NONE	SERVICE_VERSION_00000000000000000000000000000000	PY_EXPRESSION_62ea2946328809ac9a35fe099f1dafa1
ATTRIBUTE_ACCESS	RECEIVER	RETURN_VALUE	METHOD		PY_METHOD_633bdab0f73b8ae3ad6965348564928a	PY_EXPRESSION_62ea2946328809ac9a35fe099f1dafa1	0	1		join	NONE	NONE		UNKNOWN				false	0	78	11	78	20	PY_SCOPE_5e2eb433df472655d0206a4829a9101c	PY_MODULE_4aae2613b4da1ab193c5ea488a873480		LOAD	false		false	false	join		UNKNOWN	NONE	NONE	SERVICE_VERSION_00000000000000000000000000000000	PY_EXPRESSION_3bbbd6b7cf78a415136df1641fa0329e
NAME_REFERENCE	ARGUMENT	RETURN_VALUE	METHOD		PY_METHOD_633bdab0f73b8ae3ad6965348564928a	PY_EXPRESSION_62ea2946328809ac9a35fe099f1dafa1	0	1		parts	NONE	NONE		UNKNOWN				false	0	78	21	78	26	PY_SCOPE_5e2eb433df472655d0206a4829a9101c	PY_MODULE_4aae2613b4da1ab193c5ea488a873480	PY_BINDING_da829b3607b24c13f7b466edd81bff4b	LOAD	false		false	false			UNKNOWN	NONE	NONE	SERVICE_VERSION_00000000000000000000000000000000	PY_EXPRESSION_278009d8217f54b764a94be585a5cd05
LITERAL	ATTRIBUTE_OBJECT	RETURN_VALUE	METHOD		PY_METHOD_633bdab0f73b8ae3ad6965348564928a	PY_EXPRESSION_3bbbd6b7cf78a415136df1641fa0329e	0	2	STRING	,	NONE	NONE		UNKNOWN				false	0	78	11	78	15	PY_SCOPE_5e2eb433df472655d0206a4829a9101c	PY_MODULE_4aae2613b4da1ab193c5ea488a873480		LOAD	false		false	false		str	BUILTIN_SCALAR	LITERAL	CERTAIN	SERVICE_VERSION_00000000000000000000000000000000	PY_EXPRESSION_8880c0a0e16b97b944d739eb4e4bc18c
CALL	RETURN_VALUE	RETURN_VALUE	METHOD		PY_METHOD_4356c8b9cdeb8add3756b9809634b020		0	0		Account	NONE	NONE		UNKNOWN				false	0	84	11	84	25	PY_SCOPE_21a5b1dc3f430293f74da6f8dbb0e80a	PY_MODULE_4aae2613b4da1ab193c5ea488a873480		LOAD	false		false	false	Account		UNKNOWN	NONE	NONE	SERVICE_VERSION_00000000000000000000000000000000	PY_EXPRESSION_f7586b03363c9d0024a17e944dca33a9
NAME_REFERENCE	CALLEE	RETURN_VALUE	METHOD		PY_METHOD_4356c8b9cdeb8add3756b9809634b020	PY_EXPRESSION_f7586b03363c9d0024a17e944dca33a9	0	1		Account	NONE	NONE		TYPE	PY_TYPE_160aee5ca584e3817b8783b4e148e2a8			false	0	84	11	84	18	PY_SCOPE_21a5b1dc3f430293f74da6f8dbb0e80a	PY_MODULE_4aae2613b4da1ab193c5ea488a873480	PY_BINDING_2b1e7ae0b52ad45d5c21a25f550ed63d	LOAD	false		false	false			UNKNOWN	NONE	NONE	SERVICE_VERSION_00000000000000000000000000000000	PY_EXPRESSION_f06e258ba863a65ac599403299ce5640
NAME_REFERENCE	ARGUMENT	RETURN_VALUE	METHOD		PY_METHOD_4356c8b9cdeb8add3756b9809634b020	PY_EXPRESSION_f7586b03363c9d0024a17e944dca33a9	0	1		owner	NONE	NONE		UNKNOWN				false	0	84	19	84	24	PY_SCOPE_21a5b1dc3f430293f74da6f8dbb0e80a	PY_MODULE_4aae2613b4da1ab193c5ea488a873480	PY_BINDING_143d5a3611f9de4fc0c663832b77bfe7	LOAD	false		false	false			UNKNOWN	NONE	NONE	SERVICE_VERSION_00000000000000000000000000000000	PY_EXPRESSION_dd911c267ade449d74d84f387a27cbe3
CALL	RETURN_VALUE	RETURN_VALUE	METHOD		PY_METHOD_14b49e9cd9d54b59cf96a27833ac7427		0	0		callable_obj	NONE	NONE		UNKNOWN				false	0	89	11	89	25	PY_SCOPE_e0351a73af2c1c24e29c5d2a47425a92	PY_MODULE_4aae2613b4da1ab193c5ea488a873480		LOAD	false		false	false	callable_obj		UNKNOWN	NONE	NONE	SERVICE_VERSION_00000000000000000000000000000000	PY_EXPRESSION_fda1f88827a9efa7b885caaf0d139788
NAME_REFERENCE	CALLEE	RETURN_VALUE	METHOD		PY_METHOD_14b49e9cd9d54b59cf96a27833ac7427	PY_EXPRESSION_fda1f88827a9efa7b885caaf0d139788	0	1		callable_obj	NONE	NONE		UNKNOWN				false	0	89	11	89	23	PY_SCOPE_e0351a73af2c1c24e29c5d2a47425a92	PY_MODULE_4aae2613b4da1ab193c5ea488a873480	PY_BINDING_c9cccf3e73ba6f7256ba951103c688ab	LOAD	false		false	false			UNKNOWN	NONE	NONE	SERVICE_VERSION_00000000000000000000000000000000	PY_EXPRESSION_be628cf149d9ddcfef34be536dddcf92
CALL	RETURN_VALUE	RETURN_VALUE	METHOD		PY_METHOD_7a132c01cf314132545b5a1dbf9f9a47		0	0			NONE	NONE		UNKNOWN				false	0	94	11	94	38	PY_SCOPE_26c4d18ba1e0551b540fad650de569c9	PY_MODULE_4aae2613b4da1ab193c5ea488a873480		LOAD	false		false	false			UNKNOWN	NONE	NONE	SERVICE_VERSION_00000000000000000000000000000000	PY_EXPRESSION_00db8ad972728341739a29eb8208fe8c
CALL	CALLEE	RETURN_VALUE	METHOD		PY_METHOD_7a132c01cf314132545b5a1dbf9f9a47	PY_EXPRESSION_00db8ad972728341739a29eb8208fe8c	0	1		getattr	NONE	NONE		UNKNOWN				false	0	94	11	94	36	PY_SCOPE_26c4d18ba1e0551b540fad650de569c9	PY_MODULE_4aae2613b4da1ab193c5ea488a873480		LOAD	false		false	false	getattr		UNKNOWN	NONE	NONE	SERVICE_VERSION_00000000000000000000000000000000	PY_EXPRESSION_eac7cb95921a273cd48f79146931306d
NAME_REFERENCE	CALLEE	RETURN_VALUE	METHOD		PY_METHOD_7a132c01cf314132545b5a1dbf9f9a47	PY_EXPRESSION_eac7cb95921a273cd48f79146931306d	0	2		getattr	NONE	NONE		UNKNOWN				false	0	94	11	94	18	PY_SCOPE_26c4d18ba1e0551b540fad650de569c9	PY_MODULE_4aae2613b4da1ab193c5ea488a873480	PY_BINDING_0b6a1b81ca0f533826ec8708a59cac47	LOAD	false		false	false			UNKNOWN	NONE	NONE	SERVICE_VERSION_00000000000000000000000000000000	PY_EXPRESSION_50545b22d342019d8c3cf45b326da591
NAME_REFERENCE	ARGUMENT	RETURN_VALUE	METHOD		PY_METHOD_7a132c01cf314132545b5a1dbf9f9a47	PY_EXPRESSION_eac7cb95921a273cd48f79146931306d	0	2		obj	NONE	NONE		UNKNOWN				false	0	94	19	94	22	PY_SCOPE_26c4d18ba1e0551b540fad650de569c9	PY_MODULE_4aae2613b4da1ab193c5ea488a873480	PY_BINDING_ff5508ecd7da7dc7939e886ea7e65ccf	LOAD	false		false	false			UNKNOWN	NONE	NONE	SERVICE_VERSION_00000000000000000000000000000000	PY_EXPRESSION_618aef03bed7f648165c8bc4c572167c
NAME_REFERENCE	ARGUMENT	RETURN_VALUE	METHOD		PY_METHOD_7a132c01cf314132545b5a1dbf9f9a47	PY_EXPRESSION_eac7cb95921a273cd48f79146931306d	1	2		method_name	NONE	NONE		UNKNOWN				false	0	94	24	94	35	PY_SCOPE_26c4d18ba1e0551b540fad650de569c9	PY_MODULE_4aae2613b4da1ab193c5ea488a873480	PY_BINDING_e44886598ffcf898e818d098369fb104	LOAD	false		false	false			UNKNOWN	NONE	NONE	SERVICE_VERSION_00000000000000000000000000000000	PY_EXPRESSION_77d66461f85ae4969160a94297d97ecb
CALL	ROOT	EXPRESSION_STATEMENT	METHOD		PY_METHOD_febf3fd984f2fe230a83a50cff9fa88b		0	0		record	NONE	NONE		UNKNOWN				false		100	4	100	37	PY_SCOPE_c7859cb8b99a9d0f7f3ff32e0b70bdca	PY_MODULE_4aae2613b4da1ab193c5ea488a873480		LOAD	false		false	false	ledger.record		UNKNOWN	NONE	NONE	SERVICE_VERSION_00000000000000000000000000000000	PY_EXPRESSION_1d4218d41375efd381cd1e744bc15dbf
ATTRIBUTE_ACCESS	RECEIVER	EXPRESSION_STATEMENT	METHOD		PY_METHOD_febf3fd984f2fe230a83a50cff9fa88b	PY_EXPRESSION_1d4218d41375efd381cd1e744bc15dbf	0	1		record	NONE	NONE		UNKNOWN				false		100	4	100	17	PY_SCOPE_c7859cb8b99a9d0f7f3ff32e0b70bdca	PY_MODULE_4aae2613b4da1ab193c5ea488a873480		LOAD	false		false	false	ledger.record		UNKNOWN	NONE	NONE	SERVICE_VERSION_00000000000000000000000000000000	PY_EXPRESSION_969777204c5f79c8e3bd20339b500c1c
CALL	ARGUMENT	EXPRESSION_STATEMENT	METHOD		PY_METHOD_febf3fd984f2fe230a83a50cff9fa88b	PY_EXPRESSION_1d4218d41375efd381cd1e744bc15dbf	0	1		normalise	NONE	NONE		UNKNOWN				false		100	18	100	36	PY_SCOPE_c7859cb8b99a9d0f7f3ff32e0b70bdca	PY_MODULE_4aae2613b4da1ab193c5ea488a873480		LOAD	false		false	false	normalise		UNKNOWN	NONE	NONE	SERVICE_VERSION_00000000000000000000000000000000	PY_EXPRESSION_308312e5660aee7e7d3778607745cd06
NAME_REFERENCE	ATTRIBUTE_OBJECT	EXPRESSION_STATEMENT	METHOD		PY_METHOD_febf3fd984f2fe230a83a50cff9fa88b	PY_EXPRESSION_969777204c5f79c8e3bd20339b500c1c	0	2		ledger	NONE	NONE		UNKNOWN				false		100	4	100	10	PY_SCOPE_c7859cb8b99a9d0f7f3ff32e0b70bdca	PY_MODULE_4aae2613b4da1ab193c5ea488a873480	PY_BINDING_968773749efb1820eb7e8b0f669044c2	LOAD	false		false	false			UNKNOWN	NONE	NONE	SERVICE_VERSION_00000000000000000000000000000000	PY_EXPRESSION_e21dc1e2c451ae2a1f192e2aac646e0e
NAME_REFERENCE	CALLEE	EXPRESSION_STATEMENT	METHOD		PY_METHOD_febf3fd984f2fe230a83a50cff9fa88b	PY_EXPRESSION_308312e5660aee7e7d3778607745cd06	0	2		normalise	NONE	NONE		METHOD	PY_METHOD_21fb7899277ef007478bcb94099de130			false		100	18	100	27	PY_SCOPE_c7859cb8b99a9d0f7f3ff32e0b70bdca	PY_MODULE_4aae2613b4da1ab193c5ea488a873480	PY_BINDING_fc0e4c7c8cd0e2eb8a56029002eaab03	LOAD	false		false	false			UNKNOWN	NONE	NONE	SERVICE_VERSION_00000000000000000000000000000000	PY_EXPRESSION_d64c7d66eb513fdf204e2a1474968996
NAME_REFERENCE	ARGUMENT	EXPRESSION_STATEMENT	METHOD		PY_METHOD_febf3fd984f2fe230a83a50cff9fa88b	PY_EXPRESSION_308312e5660aee7e7d3778607745cd06	0	2		account	NONE	NONE		UNKNOWN				false		100	28	100	35	PY_SCOPE_c7859cb8b99a9d0f7f3ff32e0b70bdca	PY_MODULE_4aae2613b4da1ab193c5ea488a873480	PY_BINDING_3d216377a6c134b4149e2efaa2864fac	LOAD	false		false	false			UNKNOWN	NONE	NONE	SERVICE_VERSION_00000000000000000000000000000000	PY_EXPRESSION_d389c30c9e26cd62749432a8c1d1b5c2
CALL	ROOT	EXPRESSION_STATEMENT	METHOD		PY_METHOD_febf3fd984f2fe230a83a50cff9fa88b		0	0		normalise	NONE	NONE		UNKNOWN				false		101	4	101	37	PY_SCOPE_c7859cb8b99a9d0f7f3ff32e0b70bdca	PY_MODULE_4aae2613b4da1ab193c5ea488a873480		LOAD	false		false	false	normalise		UNKNOWN	NONE	NONE	SERVICE_VERSION_00000000000000000000000000000000	PY_EXPRESSION_7db43f9e2d33ea950ceab9b989449555
NAME_REFERENCE	CALLEE	EXPRESSION_STATEMENT	METHOD		PY_METHOD_febf3fd984f2fe230a83a50cff9fa88b	PY_EXPRESSION_7db43f9e2d33ea950ceab9b989449555	0	1		normalise	NONE	NONE		METHOD	PY_METHOD_21fb7899277ef007478bcb94099de130			false		101	4	101	13	PY_SCOPE_c7859cb8b99a9d0f7f3ff32e0b70bdca	PY_MODULE_4aae2613b4da1ab193c5ea488a873480	PY_BINDING_fc0e4c7c8cd0e2eb8a56029002eaab03	LOAD	false		false	false			UNKNOWN	NONE	NONE	SERVICE_VERSION_00000000000000000000000000000000	PY_EXPRESSION_4ea436aa2650b0dc35c3381b1ac382be
CALL	ARGUMENT	EXPRESSION_STATEMENT	METHOD		PY_METHOD_febf3fd984f2fe230a83a50cff9fa88b	PY_EXPRESSION_7db43f9e2d33ea950ceab9b989449555	0	1		record	NONE	NONE		UNKNOWN				false		101	14	101	36	PY_SCOPE_c7859cb8b99a9d0f7f3ff32e0b70bdca	PY_MODULE_4aae2613b4da1ab193c5ea488a873480		LOAD	false		false	false	ledger.record		UNKNOWN	NONE	NONE	SERVICE_VERSION_00000000000000000000000000000000	PY_EXPRESSION_62323dac3b1d35aa09b035a2147cea96
ATTRIBUTE_ACCESS	RECEIVER	EXPRESSION_STATEMENT	METHOD		PY_METHOD_febf3fd984f2fe230a83a50cff9fa88b	PY_EXPRESSION_62323dac3b1d35aa09b035a2147cea96	0	2		record	NONE	NONE		UNKNOWN				false		101	14	101	27	PY_SCOPE_c7859cb8b99a9d0f7f3ff32e0b70bdca	PY_MODULE_4aae2613b4da1ab193c5ea488a873480		LOAD	false		false	false	ledger.record		UNKNOWN	NONE	NONE	SERVICE_VERSION_00000000000000000000000000000000	PY_EXPRESSION_1117aa69cb54c8113ebfc84119c823a9
NAME_REFERENCE	ARGUMENT	EXPRESSION_STATEMENT	METHOD		PY_METHOD_febf3fd984f2fe230a83a50cff9fa88b	PY_EXPRESSION_62323dac3b1d35aa09b035a2147cea96	0	2		account	NONE	NONE		UNKNOWN				false		101	28	101	35	PY_SCOPE_c7859cb8b99a9d0f7f3ff32e0b70bdca	PY_MODULE_4aae2613b4da1ab193c5ea488a873480	PY_BINDING_3d216377a6c134b4149e2efaa2864fac	LOAD	false		false	false			UNKNOWN	NONE	NONE	SERVICE_VERSION_00000000000000000000000000000000	PY_EXPRESSION_9c4525d0e240b82f08351e0558b64d99
NAME_REFERENCE	ATTRIBUTE_OBJECT	EXPRESSION_STATEMENT	METHOD		PY_METHOD_febf3fd984f2fe230a83a50cff9fa88b	PY_EXPRESSION_1117aa69cb54c8113ebfc84119c823a9	0	3		ledger	NONE	NONE		UNKNOWN				false		101	14	101	20	PY_SCOPE_c7859cb8b99a9d0f7f3ff32e0b70bdca	PY_MODULE_4aae2613b4da1ab193c5ea488a873480	PY_BINDING_968773749efb1820eb7e8b0f669044c2	LOAD	false		false	false			UNKNOWN	NONE	NONE	SERVICE_VERSION_00000000000000000000000000000000	PY_EXPRESSION_624f6af46d49ff6f10579557c3ce5b93
NAME_REFERENCE	RETURN_VALUE	RETURN_VALUE	METHOD		PY_METHOD_21fb7899277ef007478bcb94099de130		0	0		value	NONE	NONE		UNKNOWN				false	0	105	11	105	16	PY_SCOPE_310e84a00afd089fc105e58fe13975d7	PY_MODULE_4aae2613b4da1ab193c5ea488a873480	PY_BINDING_5ef55006a7a92060b09be92e431708a8	LOAD	false		false	false			UNKNOWN	NONE	NONE	SERVICE_VERSION_00000000000000000000000000000000	PY_EXPRESSION_affbd437f5b55ac2a456edc0761dc2ab
CALL	ROOT	EXPRESSION_STATEMENT	METHOD		PY_METHOD_e321da753c7bc53ce1b0e4626ee9e8aa		0	0		positional_and_keyword	NONE	NONE		UNKNOWN				false		109	4	109	53	PY_SCOPE_96e41552b5c27d50e794db8892c4f812	PY_MODULE_4aae2613b4da1ab193c5ea488a873480		LOAD	false		false	false	positional_and_keyword		UNKNOWN	NONE	NONE	SERVICE_VERSION_00000000000000000000000000000000	PY_EXPRESSION_5f38911f6a49cefc2a9a09ac2de78953
NAME_REFERENCE	CALLEE	EXPRESSION_STATEMENT	METHOD		PY_METHOD_e321da753c7bc53ce1b0e4626ee9e8aa	PY_EXPRESSION_5f38911f6a49cefc2a9a09ac2de78953	0	1		positional_and_keyword	NONE	NONE		METHOD	PY_METHOD_6441f367001973b79746364665ebc38c			false		109	4	109	26	PY_SCOPE_96e41552b5c27d50e794db8892c4f812	PY_MODULE_4aae2613b4da1ab193c5ea488a873480	PY_BINDING_c0f1b40dc3359cf738250b599579067b	LOAD	false		false	false			UNKNOWN	NONE	NONE	SERVICE_VERSION_00000000000000000000000000000000	PY_EXPRESSION_eb7cc4d10acc5100504ca598fbccabae
NAME_REFERENCE	ARGUMENT	EXPRESSION_STATEMENT	METHOD		PY_METHOD_e321da753c7bc53ce1b0e4626ee9e8aa	PY_EXPRESSION_5f38911f6a49cefc2a9a09ac2de78953	0	1		account	NONE	NONE		UNKNOWN				false		109	27	109	34	PY_SCOPE_96e41552b5c27d50e794db8892c4f812	PY_MODULE_4aae2613b4da1ab193c5ea488a873480	PY_BINDING_8bf2925da0440f43dc601dfa38f590c1	LOAD	false		false	false			UNKNOWN	NONE	NONE	SERVICE_VERSION_00000000000000000000000000000000	PY_EXPRESSION_2ee9aff54ff3ff6450eb21635cf77bda
NAME_REFERENCE	ARGUMENT	EXPRESSION_STATEMENT	METHOD		PY_METHOD_e321da753c7bc53ce1b0e4626ee9e8aa	PY_EXPRESSION_5f38911f6a49cefc2a9a09ac2de78953	1	1		ledger	NONE	NONE		UNKNOWN				false		109	36	109	42	PY_SCOPE_96e41552b5c27d50e794db8892c4f812	PY_MODULE_4aae2613b4da1ab193c5ea488a873480	PY_BINDING_f09f765c70f757240b73d9621aa7f3e2	LOAD	false		false	false			UNKNOWN	NONE	NONE	SERVICE_VERSION_00000000000000000000000000000000	PY_EXPRESSION_d7c7869ebb464f8049945eac3941aa19
LITERAL	KEYWORD_ARGUMENT	EXPRESSION_STATEMENT	METHOD		PY_METHOD_e321da753c7bc53ce1b0e4626ee9e8aa	PY_EXPRESSION_5f38911f6a49cefc2a9a09ac2de78953	2	1	STRING	n	NONE	NONE		UNKNOWN				false		109	49	109	52	PY_SCOPE_96e41552b5c27d50e794db8892c4f812	PY_MODULE_4aae2613b4da1ab193c5ea488a873480		LOAD	false	note	false	false		str	BUILTIN_SCALAR	LITERAL	CERTAIN	SERVICE_VERSION_00000000000000000000000000000000	PY_EXPRESSION_dbd3a4f5011979c2c28b2c75e16b4fd1
CALL	ROOT	EXPRESSION_STATEMENT	METHOD		PY_METHOD_e321da753c7bc53ce1b0e4626ee9e8aa		0	0		positional_and_keyword	NONE	NONE		UNKNOWN				false		110	4	110	46	PY_SCOPE_96e41552b5c27d50e794db8892c4f812	PY_MODULE_4aae2613b4da1ab193c5ea488a873480		LOAD	false		false	false	positional_and_keyword		UNKNOWN	NONE	NONE	SERVICE_VERSION_00000000000000000000000000000000	PY_EXPRESSION_613d4e0886cc45821fd33a4eb6536776
NAME_REFERENCE	CALLEE	EXPRESSION_STATEMENT	METHOD		PY_METHOD_e321da753c7bc53ce1b0e4626ee9e8aa	PY_EXPRESSION_613d4e0886cc45821fd33a4eb6536776	0	1		positional_and_keyword	NONE	NONE		METHOD	PY_METHOD_6441f367001973b79746364665ebc38c			false		110	4	110	26	PY_SCOPE_96e41552b5c27d50e794db8892c4f812	PY_MODULE_4aae2613b4da1ab193c5ea488a873480	PY_BINDING_c0f1b40dc3359cf738250b599579067b	LOAD	false		false	false			UNKNOWN	NONE	NONE	SERVICE_VERSION_00000000000000000000000000000000	PY_EXPRESSION_f0a23ae1ada21481b990b103fa0b054c
TUPLE	STAR_ARGUMENT	EXPRESSION_STATEMENT	METHOD		PY_METHOD_e321da753c7bc53ce1b0e4626ee9e8aa	PY_EXPRESSION_613d4e0886cc45821fd33a4eb6536776	0	1			NONE	NONE		UNKNOWN				false		110	28	110	45	PY_SCOPE_96e41552b5c27d50e794db8892c4f812	PY_MODULE_4aae2613b4da1ab193c5ea488a873480		LOAD	false		false	true		tuple	BUILTIN_COLLECTION	COLLECTION_LITERAL	CERTAIN	SERVICE_VERSION_00000000000000000000000000000000	PY_EXPRESSION_a54a2ce008a41b637a17c798c2eea1ab
NAME_REFERENCE	ARGUMENT	EXPRESSION_STATEMENT	METHOD		PY_METHOD_e321da753c7bc53ce1b0e4626ee9e8aa	PY_EXPRESSION_a54a2ce008a41b637a17c798c2eea1ab	0	2		account	NONE	NONE		UNKNOWN				false		110	29	110	36	PY_SCOPE_96e41552b5c27d50e794db8892c4f812	PY_MODULE_4aae2613b4da1ab193c5ea488a873480	PY_BINDING_8bf2925da0440f43dc601dfa38f590c1	LOAD	false		false	false			UNKNOWN	NONE	NONE	SERVICE_VERSION_00000000000000000000000000000000	PY_EXPRESSION_89badcd9c41e21541bf571d45c3b4c5b
NAME_REFERENCE	ARGUMENT	EXPRESSION_STATEMENT	METHOD		PY_METHOD_e321da753c7bc53ce1b0e4626ee9e8aa	PY_EXPRESSION_a54a2ce008a41b637a17c798c2eea1ab	1	2		ledger	NONE	NONE		UNKNOWN				false		110	38	110	44	PY_SCOPE_96e41552b5c27d50e794db8892c4f812	PY_MODULE_4aae2613b4da1ab193c5ea488a873480	PY_BINDING_f09f765c70f757240b73d9621aa7f3e2	LOAD	false		false	false			UNKNOWN	NONE	NONE	SERVICE_VERSION_00000000000000000000000000000000	PY_EXPRESSION_8bfcbd0055f7d5dfde36a4af12e49b92
CALL	ROOT	EXPRESSION_STATEMENT	METHOD		PY_METHOD_e321da753c7bc53ce1b0e4626ee9e8aa		0	0		positional_and_keyword	NONE	NONE		UNKNOWN				false		111	4	111	53	PY_SCOPE_96e41552b5c27d50e794db8892c4f812	PY_MODULE_4aae2613b4da1ab193c5ea488a873480		LOAD	false		false	false	positional_and_keyword		UNKNOWN	NONE	NONE	SERVICE_VERSION_00000000000000000000000000000000	PY_EXPRESSION_061c7b21076a6e72535d6ec56085dad9
NAME_REFERENCE	CALLEE	EXPRESSION_STATEMENT	METHOD		PY_METHOD_e321da753c7bc53ce1b0e4626ee9e8aa	PY_EXPRESSION_061c7b21076a6e72535d6ec56085dad9	0	1		positional_and_keyword	NONE	NONE		METHOD	PY_METHOD_6441f367001973b79746364665ebc38c			false		111	4	111	26	PY_SCOPE_96e41552b5c27d50e794db8892c4f812	PY_MODULE_4aae2613b4da1ab193c5ea488a873480	PY_BINDING_c0f1b40dc3359cf738250b599579067b	LOAD	false		false	false			UNKNOWN	NONE	NONE	SERVICE_VERSION_00000000000000000000000000000000	PY_EXPRESSION_16cd1d8a01f967aa1c0cfa56d6901502
NAME_REFERENCE	ARGUMENT	EXPRESSION_STATEMENT	METHOD		PY_METHOD_e321da753c7bc53ce1b0e4626ee9e8aa	PY_EXPRESSION_061c7b21076a6e72535d6ec56085dad9	0	1		account	NONE	NONE		UNKNOWN				false		111	27	111	34	PY_SCOPE_96e41552b5c27d50e794db8892c4f812	PY_MODULE_4aae2613b4da1ab193c5ea488a873480	PY_BINDING_8bf2925da0440f43dc601dfa38f590c1	LOAD	false		false	false			UNKNOWN	NONE	NONE	SERVICE_VERSION_00000000000000000000000000000000	PY_EXPRESSION_9418d55ac2bae8a23fd1975157e42097
NAME_REFERENCE	ARGUMENT	EXPRESSION_STATEMENT	METHOD		PY_METHOD_e321da753c7bc53ce1b0e4626ee9e8aa	PY_EXPRESSION_061c7b21076a6e72535d6ec56085dad9	1	1		ledger	NONE	NONE		UNKNOWN				false		111	36	111	42	PY_SCOPE_96e41552b5c27d50e794db8892c4f812	PY_MODULE_4aae2613b4da1ab193c5ea488a873480	PY_BINDING_f09f765c70f757240b73d9621aa7f3e2	LOAD	false		false	false			UNKNOWN	NONE	NONE	SERVICE_VERSION_00000000000000000000000000000000	PY_EXPRESSION_4617afa1cd6275e709e7d01c4995b38e
NAME_REFERENCE	DOUBLE_STAR_ARGUMENT	EXPRESSION_STATEMENT	METHOD		PY_METHOD_e321da753c7bc53ce1b0e4626ee9e8aa	PY_EXPRESSION_061c7b21076a6e72535d6ec56085dad9	2	1		extras	NONE	NONE		UNKNOWN				false		111	46	111	52	PY_SCOPE_96e41552b5c27d50e794db8892c4f812	PY_MODULE_4aae2613b4da1ab193c5ea488a873480	PY_BINDING_9cee013f0e5c1ad00fd895c399f7bc28	LOAD	false		false	true			UNKNOWN	NONE	NONE	SERVICE_VERSION_00000000000000000000000000000000	PY_EXPRESSION_dd8e3cfd15064b4dd9970c5e8d0e8980
LITERAL	DEFAULT_VALUE	DEFAULT_VALUE	METHOD		PY_METHOD_e85c3d1307a5a5571064b639a9cc3262		2	0	NONE	None	NONE	NONE		UNKNOWN				false		114	49	114	53	PY_SCOPE_b3aca4bef919752b89f94426f2986bad	PY_MODULE_4aae2613b4da1ab193c5ea488a873480		LOAD	false		false	false		None	NONE_TYPE	LITERAL	CERTAIN	SERVICE_VERSION_00000000000000000000000000000000	PY_EXPRESSION_29733fc0c26b659d4a126657d93d5902
NAME_REFERENCE	RETURN_VALUE	RETURN_VALUE	METHOD		PY_METHOD_6441f367001973b79746364665ebc38c		0	0		note	NONE	NONE		UNKNOWN				false	0	115	11	115	15	PY_SCOPE_c36f7ebf9ac31459e5ff9030de717221	PY_MODULE_4aae2613b4da1ab193c5ea488a873480	PY_BINDING_7b4fd91d44088134bb54a23f1f10b5e0	LOAD	false		false	false			UNKNOWN	NONE	NONE	SERVICE_VERSION_00000000000000000000000000000000	PY_EXPRESSION_d623fb327382cde0284b91d1a8b71de7
LITERAL	ROOT	MODULE_LEVEL_STATEMENT	METHOD		PY_METHOD_4d67acc2f94adf3f266748c424f2c406		0	0	STRING	Java analogue: imports/ + type-references/. Path (1) of schema section 3: a BARE NAME receiver resolved through its binding to an import. Imports are 37.2% of bare-name receivers in the measured corpus -- the single largest bucket, and resolvable with no type inference at all. Every call below has a receiver whose identity is decidable from the import graph alone. Nothing here needs inference; if the engine cannot resolve these, the binder is wrong, not the type layer.	NONE	NONE		UNKNOWN				false		1	0	10	3	PY_SCOPE_6b3188baec654bfac089fc808e216ca0	PY_MODULE_2f026c03952e3d7d641f6bcec50aa45e		LOAD	false		false	false		str	BUILTIN_SCALAR	LITERAL	CERTAIN	SERVICE_VERSION_00000000000000000000000000000000	PY_EXPRESSION_0be45a0e455e2ed9b23ad5f79fc8ad0b
CALL	RETURN_VALUE	RETURN_VALUE	METHOD		PY_METHOD_99031cf5cc9c3467a5e257f5de7e2007		0	0		join	NONE	NONE		UNKNOWN				false	0	27	11	27	37	PY_SCOPE_3501a229e7a1e500a4b1280b1ebd2496	PY_MODULE_2f026c03952e3d7d641f6bcec50aa45e		LOAD	false		false	false	os.path.join		UNKNOWN	NONE	NONE	SERVICE_VERSION_00000000000000000000000000000000	PY_EXPRESSION_f67101016575cfa65d57c7bc142243c0
ATTRIBUTE_ACCESS	RECEIVER	RETURN_VALUE	METHOD		PY_METHOD_99031cf5cc9c3467a5e257f5de7e2007	PY_EXPRESSION_f67101016575cfa65d57c7bc142243c0	0	1		join	NONE	NONE		UNKNOWN				false	0	27	11	27	23	PY_SCOPE_3501a229e7a1e500a4b1280b1ebd2496	PY_MODULE_2f026c03952e3d7d641f6bcec50aa45e		LOAD	false		false	false	os.path.join		UNKNOWN	NONE	NONE	SERVICE_VERSION_00000000000000000000000000000000	PY_EXPRESSION_c5bce0a4dbc77c4f826f7b34c118600c
NAME_REFERENCE	ARGUMENT	RETURN_VALUE	METHOD		PY_METHOD_99031cf5cc9c3467a5e257f5de7e2007	PY_EXPRESSION_f67101016575cfa65d57c7bc142243c0	0	1		path	NONE	NONE		UNKNOWN				false	0	27	24	27	28	PY_SCOPE_3501a229e7a1e500a4b1280b1ebd2496	PY_MODULE_2f026c03952e3d7d641f6bcec50aa45e	PY_BINDING_2f45eae6894bbce1fbba4a77daf07178	LOAD	false		false	false			UNKNOWN	NONE	NONE	SERVICE_VERSION_00000000000000000000000000000000	PY_EXPRESSION_9c05228e36a949df0a1ee5c8e9ab17a8
LITERAL	ARGUMENT	RETURN_VALUE	METHOD		PY_METHOD_99031cf5cc9c3467a5e257f5de7e2007	PY_EXPRESSION_f67101016575cfa65d57c7bc142243c0	1	1	STRING	data	NONE	NONE		UNKNOWN				false	0	27	30	27	36	PY_SCOPE_3501a229e7a1e500a4b1280b1ebd2496	PY_MODULE_2f026c03952e3d7d641f6bcec50aa45e		LOAD	false		false	false		str	BUILTIN_SCALAR	LITERAL	CERTAIN	SERVICE_VERSION_00000000000000000000000000000000	PY_EXPRESSION_9b1ee90b4b28347f6c1f713193081f2c
ATTRIBUTE_ACCESS	ATTRIBUTE_OBJECT	RETURN_VALUE	METHOD		PY_METHOD_99031cf5cc9c3467a5e257f5de7e2007	PY_EXPRESSION_c5bce0a4dbc77c4f826f7b34c118600c	0	2		path	NONE	NONE		UNKNOWN				false	0	27	11	27	18	PY_SCOPE_3501a229e7a1e500a4b1280b1ebd2496	PY_MODULE_2f026c03952e3d7d641f6bcec50aa45e		LOAD	false		false	false	os.path		UNKNOWN	NONE	NONE	SERVICE_VERSION_00000000000000000000000000000000	PY_EXPRESSION_5d5a4a8872bfd00ead8871d949a75f8e
NAME_REFERENCE	ATTRIBUTE_OBJECT	RETURN_VALUE	METHOD		PY_METHOD_99031cf5cc9c3467a5e257f5de7e2007	PY_EXPRESSION_5d5a4a8872bfd00ead8871d949a75f8e	0	3		os	NONE	NONE		UNKNOWN				false	0	27	11	27	13	PY_SCOPE_3501a229e7a1e500a4b1280b1ebd2496	PY_MODULE_2f026c03952e3d7d641f6bcec50aa45e	PY_BINDING_16c120e530561d12889862f6292ac871	LOAD	false		false	false			UNKNOWN	NONE	NONE	SERVICE_VERSION_00000000000000000000000000000000	PY_EXPRESSION_6355b7ff88040b4abbb5a4dfecdbe2fd
CALL	RETURN_VALUE	RETURN_VALUE	METHOD		PY_METHOD_d80eb96b13e89dcdbd5dfa0740477bfb		0	0		dirname	NONE	NONE		UNKNOWN				false	0	32	11	32	32	PY_SCOPE_be6a4c2cd5e72fbac3722343780dacbb	PY_MODULE_2f026c03952e3d7d641f6bcec50aa45e		LOAD	false		false	false	os.path.dirname		UNKNOWN	NONE	NONE	SERVICE_VERSION_00000000000000000000000000000000	PY_EXPRESSION_65578e7ba9616cf4d4e4b2669d4a3149
ATTRIBUTE_ACCESS	RECEIVER	RETURN_VALUE	METHOD		PY_METHOD_d80eb96b13e89dcdbd5dfa0740477bfb	PY_EXPRESSION_65578e7ba9616cf4d4e4b2669d4a3149	0	1		dirname	NONE	NONE		UNKNOWN				false	0	32	11	32	26	PY_SCOPE_be6a4c2cd5e72fbac3722343780dacbb	PY_MODULE_2f026c03952e3d7d641f6bcec50aa45e		LOAD	false		false	false	os.path.dirname		UNKNOWN	NONE	NONE	SERVICE_VERSION_00000000000000000000000000000000	PY_EXPRESSION_32a3805ca3c4511d82a6e67c12f15a0b
NAME_REFERENCE	ARGUMENT	RETURN_VALUE	METHOD		PY_METHOD_d80eb96b13e89dcdbd5dfa0740477bfb	PY_EXPRESSION_65578e7ba9616cf4d4e4b2669d4a3149	0	1		path	NONE	NONE		UNKNOWN				false	0	32	27	32	31	PY_SCOPE_be6a4c2cd5e72fbac3722343780dacbb	PY_MODULE_2f026c03952e3d7d641f6bcec50aa45e	PY_BINDING_11cdd5ae93c16ede66f784901c132d47	LOAD	false		false	false			UNKNOWN	NONE	NONE	SERVICE_VERSION_00000000000000000000000000000000	PY_EXPRESSION_a454adbfd58568fefe32a56113bf4e79
ATTRIBUTE_ACCESS	ATTRIBUTE_OBJECT	RETURN_VALUE	METHOD		PY_METHOD_d80eb96b13e89dcdbd5dfa0740477bfb	PY_EXPRESSION_32a3805ca3c4511d82a6e67c12f15a0b	0	2		path	NONE	NONE		UNKNOWN				false	0	32	11	32	18	PY_SCOPE_be6a4c2cd5e72fbac3722343780dacbb	PY_MODULE_2f026c03952e3d7d641f6bcec50aa45e		LOAD	false		false	false	os.path		UNKNOWN	NONE	NONE	SERVICE_VERSION_00000000000000000000000000000000	PY_EXPRESSION_db190be6ee0a0f25c418b765026bd0dd
NAME_REFERENCE	ATTRIBUTE_OBJECT	RETURN_VALUE	METHOD		PY_METHOD_d80eb96b13e89dcdbd5dfa0740477bfb	PY_EXPRESSION_db190be6ee0a0f25c418b765026bd0dd	0	3		os	NONE	NONE		UNKNOWN				false	0	32	11	32	13	PY_SCOPE_be6a4c2cd5e72fbac3722343780dacbb	PY_MODULE_2f026c03952e3d7d641f6bcec50aa45e	PY_BINDING_c1da0298a4f4481f1e552be3ed4826d6	LOAD	false		false	false			UNKNOWN	NONE	NONE	SERVICE_VERSION_00000000000000000000000000000000	PY_EXPRESSION_4c9c9b87a6311efdd53255cf95c21dec
CALL	RETURN_VALUE	RETURN_VALUE	METHOD		PY_METHOD_3a179f303b5a7a1fce2d035cdd8233c9		0	0		dumps	NONE	NONE		UNKNOWN				false	0	37	11	37	36	PY_SCOPE_8971c835c60bed700d0969eb12575234	PY_MODULE_2f026c03952e3d7d641f6bcec50aa45e		LOAD	false		false	false	serializer.dumps		UNKNOWN	NONE	NONE	SERVICE_VERSION_00000000000000000000000000000000	PY_EXPRESSION_58fa42e52449f74df8716d8657b800aa
ATTRIBUTE_ACCESS	RECEIVER	RETURN_VALUE	METHOD		PY_METHOD_3a179f303b5a7a1fce2d035cdd8233c9	PY_EXPRESSION_58fa42e52449f74df8716d8657b800aa	0	1		dumps	NONE	NONE		UNKNOWN				false	0	37	11	37	27	PY_SCOPE_8971c835c60bed700d0969eb12575234	PY_MODULE_2f026c03952e3d7d641f6bcec50aa45e		LOAD	false		false	false	serializer.dumps		UNKNOWN	NONE	NONE	SERVICE_VERSION_00000000000000000000000000000000	PY_EXPRESSION_702d315f7b22687640c74e39b0866347
NAME_REFERENCE	ARGUMENT	RETURN_VALUE	METHOD		PY_METHOD_3a179f303b5a7a1fce2d035cdd8233c9	PY_EXPRESSION_58fa42e52449f74df8716d8657b800aa	0	1		payload	NONE	NONE		UNKNOWN				false	0	37	28	37	35	PY_SCOPE_8971c835c60bed700d0969eb12575234	PY_MODULE_2f026c03952e3d7d641f6bcec50aa45e	PY_BINDING_bd24fcba8450e3673f01178eb6d0c8cd	LOAD	false		false	false			UNKNOWN	NONE	NONE	SERVICE_VERSION_00000000000000000000000000000000	PY_EXPRESSION_ba8c83767721cc42c9051398b43b5052
NAME_REFERENCE	ATTRIBUTE_OBJECT	RETURN_VALUE	METHOD		PY_METHOD_3a179f303b5a7a1fce2d035cdd8233c9	PY_EXPRESSION_702d315f7b22687640c74e39b0866347	0	2		serializer	NONE	NONE		UNKNOWN				false	0	37	11	37	21	PY_SCOPE_8971c835c60bed700d0969eb12575234	PY_MODULE_2f026c03952e3d7d641f6bcec50aa45e	PY_BINDING_d25130e85a320e018a51c0a88216794f	LOAD	false		false	false			UNKNOWN	NONE	NONE	SERVICE_VERSION_00000000000000000000000000000000	PY_EXPRESSION_1763c45704a9ac45e985ecda7800af85
CALL	RETURN_VALUE	RETURN_VALUE	METHOD		PY_METHOD_f4de82a09c07c78db550c9240aef0ed8		0	0		fromstring	NONE	NONE		UNKNOWN				false	0	42	11	42	39	PY_SCOPE_692118243df5dea118399e1ab4bd1ea4	PY_MODULE_2f026c03952e3d7d641f6bcec50aa45e		LOAD	false		false	false	ElementTree.fromstring		UNKNOWN	NONE	NONE	SERVICE_VERSION_00000000000000000000000000000000	PY_EXPRESSION_30756abadb0bc0e7235173fb208c6cc7
ATTRIBUTE_ACCESS	RECEIVER	RETURN_VALUE	METHOD		PY_METHOD_f4de82a09c07c78db550c9240aef0ed8	PY_EXPRESSION_30756abadb0bc0e7235173fb208c6cc7	0	1		fromstring	NONE	NONE		UNKNOWN				false	0	42	11	42	33	PY_SCOPE_692118243df5dea118399e1ab4bd1ea4	PY_MODULE_2f026c03952e3d7d641f6bcec50aa45e		LOAD	false		false	false	ElementTree.fromstring		UNKNOWN	NONE	NONE	SERVICE_VERSION_00000000000000000000000000000000	PY_EXPRESSION_f923db3966340c3c726c73fbe7810597
NAME_REFERENCE	ARGUMENT	RETURN_VALUE	METHOD		PY_METHOD_f4de82a09c07c78db550c9240aef0ed8	PY_EXPRESSION_30756abadb0bc0e7235173fb208c6cc7	0	1		text	NONE	NONE		UNKNOWN				false	0	42	34	42	38	PY_SCOPE_692118243df5dea118399e1ab4bd1ea4	PY_MODULE_2f026c03952e3d7d641f6bcec50aa45e	PY_BINDING_800c368f56bab84e20aa5abfe4383356	LOAD	false		false	false			UNKNOWN	NONE	NONE	SERVICE_VERSION_00000000000000000000000000000000	PY_EXPRESSION_076b27e5f5c7137f11a68be06be349d8
NAME_REFERENCE	ATTRIBUTE_OBJECT	RETURN_VALUE	METHOD		PY_METHOD_f4de82a09c07c78db550c9240aef0ed8	PY_EXPRESSION_f923db3966340c3c726c73fbe7810597	0	2		ElementTree	NONE	NONE		UNKNOWN				false	0	42	11	42	22	PY_SCOPE_692118243df5dea118399e1ab4bd1ea4	PY_MODULE_2f026c03952e3d7d641f6bcec50aa45e	PY_BINDING_67a32b1b52337aa15fda6b8177f7acfa	LOAD	false		false	false			UNKNOWN	NONE	NONE	SERVICE_VERSION_00000000000000000000000000000000	PY_EXPRESSION_07317a7ad31042bea00fc23e5688a830
ASSIGNMENT	ROOT	ASSIGNMENT_VALUE	METHOD		PY_METHOD_d071f59d4c19466ff2c3839a50da5e98		0	0			NONE	NONE		UNKNOWN				false		48	4	48	27	PY_SCOPE_a0ba7b6023d10ac8ffa2567e4bbba9dd	PY_MODULE_2f026c03952e3d7d641f6bcec50aa45e		LOAD	false		false	false			UNKNOWN	NONE	NONE	SERVICE_VERSION_00000000000000000000000000000000	PY_EXPRESSION_0d2f35ac09e26849660482eb1af71104
CALL	ASSIGNMENT_VALUE	ASSIGNMENT_VALUE	METHOD		PY_METHOD_d071f59d4c19466ff2c3839a50da5e98	PY_EXPRESSION_0d2f35ac09e26849660482eb1af71104	0	1		OrderedDict	NONE	NONE		UNKNOWN				false		48	14	48	27	PY_SCOPE_a0ba7b6023d10ac8ffa2567e4bbba9dd	PY_MODULE_2f026c03952e3d7d641f6bcec50aa45e		LOAD	false		false	false	OrderedDict		UNKNOWN	NONE	NONE	SERVICE_VERSION_00000000000000000000000000000000	PY_EXPRESSION_0e8a29de0b6834b3b721ebd1d713f552
NAME_REFERENCE	ASSIGNMENT_TARGET	ASSIGNMENT_TARGET	METHOD		PY_METHOD_d071f59d4c19466ff2c3839a50da5e98	PY_EXPRESSION_0d2f35ac09e26849660482eb1af71104	0	1		ordered	NONE	NONE		UNKNOWN				false		48	4	48	11	PY_SCOPE_a0ba7b6023d10ac8ffa2567e4bbba9dd	PY_MODULE_2f026c03952e3d7d641f6bcec50aa45e	PY_BINDING_dd9e61a9fefc61e8b8931281b9c76d01	STORE	true		false	false			UNKNOWN	NONE	NONE	SERVICE_VERSION_00000000000000000000000000000000	PY_EXPRESSION_e56671b611b77d4f9af0798010dad76f
NAME_REFERENCE	CALLEE	ASSIGNMENT_VALUE	METHOD		PY_METHOD_d071f59d4c19466ff2c3839a50da5e98	PY_EXPRESSION_0e8a29de0b6834b3b721ebd1d713f552	0	2		OrderedDict	NONE	NONE		UNKNOWN				false		48	14	48	25	PY_SCOPE_a0ba7b6023d10ac8ffa2567e4bbba9dd	PY_MODULE_2f026c03952e3d7d641f6bcec50aa45e	PY_BINDING_a8c85de4fda43f54318fced1b7e73b1c	LOAD	false		false	false			UNKNOWN	NONE	NONE	SERVICE_VERSION_00000000000000000000000000000000	PY_EXPRESSION_b7dc1fec9e7fb0d106440d5a137e0cc8
CALL	ROOT	EXPRESSION_STATEMENT	METHOD		PY_METHOD_d071f59d4c19466ff2c3839a50da5e98		0	0		setdefault	NONE	NONE		UNKNOWN				false		49	4	49	30	PY_SCOPE_a0ba7b6023d10ac8ffa2567e4bbba9dd	PY_MODULE_2f026c03952e3d7d641f6bcec50aa45e		LOAD	false		false	false	ordered.setdefault		UNKNOWN	NONE	NONE	SERVICE_VERSION_00000000000000000000000000000000	PY_EXPRESSION_ed256a1752733cd9997fc1519bba2d07
ATTRIBUTE_ACCESS	RECEIVER	EXPRESSION_STATEMENT	METHOD		PY_METHOD_d071f59d4c19466ff2c3839a50da5e98	PY_EXPRESSION_ed256a1752733cd9997fc1519bba2d07	0	1		setdefault	NONE	NONE		UNKNOWN				false		49	4	49	22	PY_SCOPE_a0ba7b6023d10ac8ffa2567e4bbba9dd	PY_MODULE_2f026c03952e3d7d641f6bcec50aa45e		LOAD	false		false	false	ordered.setdefault		UNKNOWN	NONE	NONE	SERVICE_VERSION_00000000000000000000000000000000	PY_EXPRESSION_d06591053a0dd941b92e550b3ddb6d51
LITERAL	ARGUMENT	EXPRESSION_STATEMENT	METHOD		PY_METHOD_d071f59d4c19466ff2c3839a50da5e98	PY_EXPRESSION_ed256a1752733cd9997fc1519bba2d07	0	1	STRING	k	NONE	NONE		UNKNOWN				false		49	23	49	26	PY_SCOPE_a0ba7b6023d10ac8ffa2567e4bbba9dd	PY_MODULE_2f026c03952e3d7d641f6bcec50aa45e		LOAD	false		false	false		str	BUILTIN_SCALAR	LITERAL	CERTAIN	SERVICE_VERSION_00000000000000000000000000000000	PY_EXPRESSION_7cfe6e6cbe05ac27265f005432c7bb8d
LITERAL	ARGUMENT	EXPRESSION_STATEMENT	METHOD		PY_METHOD_d071f59d4c19466ff2c3839a50da5e98	PY_EXPRESSION_ed256a1752733cd9997fc1519bba2d07	1	1	INTEGER	1	NONE	NONE		UNKNOWN				false		49	28	49	29	PY_SCOPE_a0ba7b6023d10ac8ffa2567e4bbba9dd	PY_MODULE_2f026c03952e3d7d641f6bcec50aa45e		LOAD	false		false	false		int	BUILTIN_SCALAR	LITERAL	CERTAIN	SERVICE_VERSION_00000000000000000000000000000000	PY_EXPRESSION_1ad7dfeb078444c37df71d2244bd282b
NAME_REFERENCE	ATTRIBUTE_OBJECT	EXPRESSION_STATEMENT	METHOD		PY_METHOD_d071f59d4c19466ff2c3839a50da5e98	PY_EXPRESSION_d06591053a0dd941b92e550b3ddb6d51	0	2		ordered	NONE	NONE		UNKNOWN				false		49	4	49	11	PY_SCOPE_a0ba7b6023d10ac8ffa2567e4bbba9dd	PY_MODULE_2f026c03952e3d7d641f6bcec50aa45e	PY_BINDING_dd9e61a9fefc61e8b8931281b9c76d01	LOAD	false		false	false			UNKNOWN	NONE	NONE	SERVICE_VERSION_00000000000000000000000000000000	PY_EXPRESSION_ea6794387dc5a17c326fa40ff808ded7
NAME_REFERENCE	RETURN_VALUE	RETURN_VALUE	METHOD		PY_METHOD_d071f59d4c19466ff2c3839a50da5e98		0	0		ordered	NONE	NONE		UNKNOWN				false	0	50	11	50	18	PY_SCOPE_a0ba7b6023d10ac8ffa2567e4bbba9dd	PY_MODULE_2f026c03952e3d7d641f6bcec50aa45e	PY_BINDING_dd9e61a9fefc61e8b8931281b9c76d01	LOAD	false		false	false			UNKNOWN	NONE	NONE	SERVICE_VERSION_00000000000000000000000000000000	PY_EXPRESSION_830a499271a2eb80fc11e41e7716eeb6
ASSIGNMENT	ROOT	ASSIGNMENT_VALUE	METHOD		PY_METHOD_2bd57193ab22b76cfb3d25c236886748		0	0			NONE	NONE		UNKNOWN				false		55	4	55	23	PY_SCOPE_e139031f4ed1a8469599477cde9f0ebd	PY_MODULE_2f026c03952e3d7d641f6bcec50aa45e		LOAD	false		false	false			UNKNOWN	NONE	NONE	SERVICE_VERSION_00000000000000000000000000000000	PY_EXPRESSION_9604e815660c35274db0edffac713eeb
CALL	ASSIGNMENT_VALUE	ASSIGNMENT_VALUE	METHOD		PY_METHOD_2bd57193ab22b76cfb3d25c236886748	PY_EXPRESSION_9604e815660c35274db0edffac713eeb	0	1		Decimal	NONE	NONE		UNKNOWN				false		55	8	55	23	PY_SCOPE_e139031f4ed1a8469599477cde9f0ebd	PY_MODULE_2f026c03952e3d7d641f6bcec50aa45e		LOAD	false		false	false	Decimal		UNKNOWN	NONE	NONE	SERVICE_VERSION_00000000000000000000000000000000	PY_EXPRESSION_28d9a72c32cd5fceef9fc49795bdd4f7
NAME_REFERENCE	ASSIGNMENT_TARGET	ASSIGNMENT_TARGET	METHOD		PY_METHOD_2bd57193ab22b76cfb3d25c236886748	PY_EXPRESSION_9604e815660c35274db0edffac713eeb	0	1		d	NONE	NONE		UNKNOWN				false		55	4	55	5	PY_SCOPE_e139031f4ed1a8469599477cde9f0ebd	PY_MODULE_2f026c03952e3d7d641f6bcec50aa45e	PY_BINDING_8ed87b2bea96cc78ae3907cb3d7d99de	STORE	true		false	false			UNKNOWN	NONE	NONE	SERVICE_VERSION_00000000000000000000000000000000	PY_EXPRESSION_f09beb8666784cc0185c92c27d0b78d4
NAME_REFERENCE	CALLEE	ASSIGNMENT_VALUE	METHOD		PY_METHOD_2bd57193ab22b76cfb3d25c236886748	PY_EXPRESSION_28d9a72c32cd5fceef9fc49795bdd4f7	0	2		Decimal	NONE	NONE		UNKNOWN				false		55	8	55	15	PY_SCOPE_e139031f4ed1a8469599477cde9f0ebd	PY_MODULE_2f026c03952e3d7d641f6bcec50aa45e	PY_BINDING_9798ddc382b41d3dd576260da4f12d3d	LOAD	false		false	false			UNKNOWN	NONE	NONE	SERVICE_VERSION_00000000000000000000000000000000	PY_EXPRESSION_1f1fe37a6aea8cda64e4d7f703136f50
NAME_REFERENCE	ARGUMENT	ASSIGNMENT_VALUE	METHOD		PY_METHOD_2bd57193ab22b76cfb3d25c236886748	PY_EXPRESSION_28d9a72c32cd5fceef9fc49795bdd4f7	0	2		amount	NONE	NONE		UNKNOWN				false		55	16	55	22	PY_SCOPE_e139031f4ed1a8469599477cde9f0ebd	PY_MODULE_2f026c03952e3d7d641f6bcec50aa45e	PY_BINDING_15df3df99d4eb8835793cb49b94ff777	LOAD	false		false	false			UNKNOWN	NONE	NONE	SERVICE_VERSION_00000000000000000000000000000000	PY_EXPRESSION_c810d526a5309b292e353f0c4db8505f
CALL	RETURN_VALUE	RETURN_VALUE	METHOD		PY_METHOD_2bd57193ab22b76cfb3d25c236886748		0	0		quantize	NONE	NONE		UNKNOWN				false	0	56	11	56	38	PY_SCOPE_e139031f4ed1a8469599477cde9f0ebd	PY_MODULE_2f026c03952e3d7d641f6bcec50aa45e		LOAD	false		false	false	d.quantize		UNKNOWN	NONE	NONE	SERVICE_VERSION_00000000000000000000000000000000	PY_EXPRESSION_670d96e193f2538d5094075c0fff80b7
ATTRIBUTE_ACCESS	RECEIVER	RETURN_VALUE	METHOD		PY_METHOD_2bd57193ab22b76cfb3d25c236886748	PY_EXPRESSION_670d96e193f2538d5094075c0fff80b7	0	1		quantize	NONE	NONE		UNKNOWN				false	0	56	11	56	21	PY_SCOPE_e139031f4ed1a8469599477cde9f0ebd	PY_MODULE_2f026c03952e3d7d641f6bcec50aa45e		LOAD	false		false	false	d.quantize		UNKNOWN	NONE	NONE	SERVICE_VERSION_00000000000000000000000000000000	PY_EXPRESSION_d44bc1dc1166d54041172978e15bf6d1
CALL	ARGUMENT	RETURN_VALUE	METHOD		PY_METHOD_2bd57193ab22b76cfb3d25c236886748	PY_EXPRESSION_670d96e193f2538d5094075c0fff80b7	0	1		Decimal	NONE	NONE		UNKNOWN				false	0	56	22	56	37	PY_SCOPE_e139031f4ed1a8469599477cde9f0ebd	PY_MODULE_2f026c03952e3d7d641f6bcec50aa45e		LOAD	false		false	false	Decimal		UNKNOWN	NONE	NONE	SERVICE_VERSION_00000000000000000000000000000000	PY_EXPRESSION_6084365d669cd25302a0dc9c37e32900
NAME_REFERENCE	ATTRIBUTE_OBJECT	RETURN_VALUE	METHOD		PY_METHOD_2bd57193ab22b76cfb3d25c236886748	PY_EXPRESSION_d44bc1dc1166d54041172978e15bf6d1	0	2		d	NONE	NONE		UNKNOWN				false	0	56	11	56	12	PY_SCOPE_e139031f4ed1a8469599477cde9f0ebd	PY_MODULE_2f026c03952e3d7d641f6bcec50aa45e	PY_BINDING_8ed87b2bea96cc78ae3907cb3d7d99de	LOAD	false		false	false			UNKNOWN	NONE	NONE	SERVICE_VERSION_00000000000000000000000000000000	PY_EXPRESSION_b866092d3d19a81ba3ff2fdf422bd3e4
NAME_REFERENCE	CALLEE	RETURN_VALUE	METHOD		PY_METHOD_2bd57193ab22b76cfb3d25c236886748	PY_EXPRESSION_6084365d669cd25302a0dc9c37e32900	0	2		Decimal	NONE	NONE		UNKNOWN				false	0	56	22	56	29	PY_SCOPE_e139031f4ed1a8469599477cde9f0ebd	PY_MODULE_2f026c03952e3d7d641f6bcec50aa45e	PY_BINDING_9798ddc382b41d3dd576260da4f12d3d	LOAD	false		false	false			UNKNOWN	NONE	NONE	SERVICE_VERSION_00000000000000000000000000000000	PY_EXPRESSION_31a958f28bf4b2619dd6a9e1480e0316
LITERAL	ARGUMENT	RETURN_VALUE	METHOD		PY_METHOD_2bd57193ab22b76cfb3d25c236886748	PY_EXPRESSION_6084365d669cd25302a0dc9c37e32900	0	2	STRING	0.01	NONE	NONE		UNKNOWN				false	0	56	30	56	36	PY_SCOPE_e139031f4ed1a8469599477cde9f0ebd	PY_MODULE_2f026c03952e3d7d641f6bcec50aa45e		LOAD	false		false	false		str	BUILTIN_SCALAR	LITERAL	CERTAIN	SERVICE_VERSION_00000000000000000000000000000000	PY_EXPRESSION_0215a0057d26490dee0f5bbe00a06e2f
ASSIGNMENT	ROOT	ASSIGNMENT_VALUE	METHOD		PY_METHOD_0eba42390e23b739e697ac32efddb9ca		0	0			NONE	NONE		UNKNOWN				false		61	4	61	33	PY_SCOPE_9a9c614f4c110b43e46a2745e3a1084f	PY_MODULE_2f026c03952e3d7d641f6bcec50aa45e		LOAD	false		false	false			UNKNOWN	NONE	NONE	SERVICE_VERSION_00000000000000000000000000000000	PY_EXPRESSION_c7d2456b871527473873b2435beaeb68
CALL	ASSIGNMENT_VALUE	ASSIGNMENT_VALUE	METHOD		PY_METHOD_0eba42390e23b739e697ac32efddb9ca	PY_EXPRESSION_c7d2456b871527473873b2435beaeb68	0	1		Context	NONE	NONE		UNKNOWN				false		61	10	61	33	PY_SCOPE_9a9c614f4c110b43e46a2745e3a1084f	PY_MODULE_2f026c03952e3d7d641f6bcec50aa45e		LOAD	false		false	false	Context		UNKNOWN	NONE	NONE	SERVICE_VERSION_00000000000000000000000000000000	PY_EXPRESSION_3b1af62d8463f2d3533aec307a09c002
NAME_REFERENCE	ASSIGNMENT_TARGET	ASSIGNMENT_TARGET	METHOD		PY_METHOD_0eba42390e23b739e697ac32efddb9ca	PY_EXPRESSION_c7d2456b871527473873b2435beaeb68	0	1		ctx	NONE	NONE		UNKNOWN				false		61	4	61	7	PY_SCOPE_9a9c614f4c110b43e46a2745e3a1084f	PY_MODULE_2f026c03952e3d7d641f6bcec50aa45e	PY_BINDING_96f262b58423358fb9ee2bac99ca67ee	STORE	true		false	false			UNKNOWN	NONE	NONE	SERVICE_VERSION_00000000000000000000000000000000	PY_EXPRESSION_f6a5e95985f276f0d22e262dd633e9ce
NAME_REFERENCE	CALLEE	ASSIGNMENT_VALUE	METHOD		PY_METHOD_0eba42390e23b739e697ac32efddb9ca	PY_EXPRESSION_3b1af62d8463f2d3533aec307a09c002	0	2		Context	NONE	NONE		UNKNOWN				false		61	10	61	17	PY_SCOPE_9a9c614f4c110b43e46a2745e3a1084f	PY_MODULE_2f026c03952e3d7d641f6bcec50aa45e	PY_BINDING_202bc9e5bf66f28763fc6279bb4f47ab	LOAD	false		false	false			UNKNOWN	NONE	NONE	SERVICE_VERSION_00000000000000000000000000000000	PY_EXPRESSION_9dc1f1cb58c99e33ca0480de37d36a7e
NAME_REFERENCE	KEYWORD_ARGUMENT	ASSIGNMENT_VALUE	METHOD		PY_METHOD_0eba42390e23b739e697ac32efddb9ca	PY_EXPRESSION_3b1af62d8463f2d3533aec307a09c002	0	2		precision	NONE	NONE		UNKNOWN				false		61	23	61	32	PY_SCOPE_9a9c614f4c110b43e46a2745e3a1084f	PY_MODULE_2f026c03952e3d7d641f6bcec50aa45e	PY_BINDING_dffb58d3f4f3461e74cb1e0b336d7525	LOAD	false	prec	false	false			UNKNOWN	NONE	NONE	SERVICE_VERSION_00000000000000000000000000000000	PY_EXPRESSION_5ddeb44e4211aa7108f207b667512f62
CALL	RETURN_VALUE	RETURN_VALUE	METHOD		PY_METHOD_0eba42390e23b739e697ac32efddb9ca		0	0		create_decimal	NONE	NONE		UNKNOWN				false	0	62	11	62	36	PY_SCOPE_9a9c614f4c110b43e46a2745e3a1084f	PY_MODULE_2f026c03952e3d7d641f6bcec50aa45e		LOAD	false		false	false	ctx.create_decimal		UNKNOWN	NONE	NONE	SERVICE_VERSION_00000000000000000000000000000000	PY_EXPRESSION_af86ddf133feb19b27a9949d1df8ac75
ATTRIBUTE_ACCESS	RECEIVER	RETURN_VALUE	METHOD		PY_METHOD_0eba42390e23b739e697ac32efddb9ca	PY_EXPRESSION_af86ddf133feb19b27a9949d1df8ac75	0	1		create_decimal	NONE	NONE		UNKNOWN				false	0	62	11	62	29	PY_SCOPE_9a9c614f4c110b43e46a2745e3a1084f	PY_MODULE_2f026c03952e3d7d641f6bcec50aa45e		LOAD	false		false	false	ctx.create_decimal		UNKNOWN	NONE	NONE	SERVICE_VERSION_00000000000000000000000000000000	PY_EXPRESSION_bfa9808679776ce72f1da35f4854372b
LITERAL	ARGUMENT	RETURN_VALUE	METHOD		PY_METHOD_0eba42390e23b739e697ac32efddb9ca	PY_EXPRESSION_af86ddf133feb19b27a9949d1df8ac75	0	1	STRING	1.5	NONE	NONE		UNKNOWN				false	0	62	30	62	35	PY_SCOPE_9a9c614f4c110b43e46a2745e3a1084f	PY_MODULE_2f026c03952e3d7d641f6bcec50aa45e		LOAD	false		false	false		str	BUILTIN_SCALAR	LITERAL	CERTAIN	SERVICE_VERSION_00000000000000000000000000000000	PY_EXPRESSION_87e9816b2e9998b11028b686472ab226
NAME_REFERENCE	ATTRIBUTE_OBJECT	RETURN_VALUE	METHOD		PY_METHOD_0eba42390e23b739e697ac32efddb9ca	PY_EXPRESSION_bfa9808679776ce72f1da35f4854372b	0	2		ctx	NONE	NONE		UNKNOWN				false	0	62	11	62	14	PY_SCOPE_9a9c614f4c110b43e46a2745e3a1084f	PY_MODULE_2f026c03952e3d7d641f6bcec50aa45e	PY_BINDING_96f262b58423358fb9ee2bac99ca67ee	LOAD	false		false	false			UNKNOWN	NONE	NONE	SERVICE_VERSION_00000000000000000000000000000000	PY_EXPRESSION_8ae05119c364e8b4ad1379b088f8788d
ASSIGNMENT	ROOT	ASSIGNMENT_VALUE	METHOD		PY_METHOD_63692fa849d149f77e1a1f264fe30c0e		0	0			NONE	NONE		UNKNOWN				false		66	4	66	29	PY_SCOPE_aeff7a823264fd3f7087f41dc87bb8d4	PY_MODULE_2f026c03952e3d7d641f6bcec50aa45e		LOAD	false		false	false			UNKNOWN	NONE	NONE	SERVICE_VERSION_00000000000000000000000000000000	PY_EXPRESSION_afe33d9a03ae286278b6a341d467f6b3
CALL	ASSIGNMENT_VALUE	ASSIGNMENT_VALUE	METHOD		PY_METHOD_63692fa849d149f77e1a1f264fe30c0e	PY_EXPRESSION_afe33d9a03ae286278b6a341d467f6b3	0	1		DefaultDict	NONE	NONE		UNKNOWN				false		66	13	66	29	PY_SCOPE_aeff7a823264fd3f7087f41dc87bb8d4	PY_MODULE_2f026c03952e3d7d641f6bcec50aa45e		LOAD	false		false	false	DefaultDict		UNKNOWN	NONE	NONE	SERVICE_VERSION_00000000000000000000000000000000	PY_EXPRESSION_f4f081c77ffb2cd77ea2b81ee76ec016
NAME_REFERENCE	ASSIGNMENT_TARGET	ASSIGNMENT_TARGET	METHOD		PY_METHOD_63692fa849d149f77e1a1f264fe30c0e	PY_EXPRESSION_afe33d9a03ae286278b6a341d467f6b3	0	1		counts	NONE	NONE		UNKNOWN				false		66	4	66	10	PY_SCOPE_aeff7a823264fd3f7087f41dc87bb8d4	PY_MODULE_2f026c03952e3d7d641f6bcec50aa45e	PY_BINDING_d6508ce521cef18a86b91fa4a8d96ac7	STORE	true		false	false			UNKNOWN	NONE	NONE	SERVICE_VERSION_00000000000000000000000000000000	PY_EXPRESSION_5d2557b61f74c14ffa2d1228c987bc4b
NAME_REFERENCE	CALLEE	ASSIGNMENT_VALUE	METHOD		PY_METHOD_63692fa849d149f77e1a1f264fe30c0e	PY_EXPRESSION_f4f081c77ffb2cd77ea2b81ee76ec016	0	2		DefaultDict	NONE	NONE		UNKNOWN				false		66	13	66	24	PY_SCOPE_aeff7a823264fd3f7087f41dc87bb8d4	PY_MODULE_2f026c03952e3d7d641f6bcec50aa45e	PY_BINDING_57b6d4d982633ff6a9ac93373bddf4c1	LOAD	false		false	false			UNKNOWN	NONE	NONE	SERVICE_VERSION_00000000000000000000000000000000	PY_EXPRESSION_578cbd436a4ebb7ce6277cc077db8039
NAME_REFERENCE	ARGUMENT	ASSIGNMENT_VALUE	METHOD		PY_METHOD_63692fa849d149f77e1a1f264fe30c0e	PY_EXPRESSION_f4f081c77ffb2cd77ea2b81ee76ec016	0	2		int	NONE	NONE		UNKNOWN				false		66	25	66	28	PY_SCOPE_aeff7a823264fd3f7087f41dc87bb8d4	PY_MODULE_2f026c03952e3d7d641f6bcec50aa45e	PY_BINDING_479b15a88bbf78ac8752faf2b0a4a647	LOAD	false		false	false			UNKNOWN	NONE	NONE	SERVICE_VERSION_00000000000000000000000000000000	PY_EXPRESSION_e632815923a6331115321e6773f4fc5a
NAME_REFERENCE	ROOT	FOR_ITERABLE	METHOD		PY_METHOD_63692fa849d149f77e1a1f264fe30c0e		0	0		pairs	NONE	NONE		UNKNOWN				false		67	22	67	27	PY_SCOPE_aeff7a823264fd3f7087f41dc87bb8d4	PY_MODULE_2f026c03952e3d7d641f6bcec50aa45e	PY_BINDING_7a0400fd47a86e2dd4479093fe12f21d	LOAD	false		false	false			UNKNOWN	NONE	NONE	SERVICE_VERSION_00000000000000000000000000000000	PY_EXPRESSION_38a8d5315ac749a94bc47673faff8371
TUPLE	ROOT	FOR_TARGET	METHOD		PY_METHOD_63692fa849d149f77e1a1f264fe30c0e		0	0			NONE	NONE		UNKNOWN				false		67	8	67	18	PY_SCOPE_aeff7a823264fd3f7087f41dc87bb8d4	PY_MODULE_2f026c03952e3d7d641f6bcec50aa45e		STORE	true		false	false			UNKNOWN	NONE	NONE	SERVICE_VERSION_00000000000000000000000000000000	PY_EXPRESSION_c9d28fccb151fb7a90947d35b154be30
NAME_REFERENCE	ARGUMENT	FOR_TARGET	METHOD		PY_METHOD_63692fa849d149f77e1a1f264fe30c0e	PY_EXPRESSION_c9d28fccb151fb7a90947d35b154be30	0	1		key	NONE	NONE		UNKNOWN				false		67	8	67	11	PY_SCOPE_aeff7a823264fd3f7087f41dc87bb8d4	PY_MODULE_2f026c03952e3d7d641f6bcec50aa45e	PY_BINDING_4bd03df7b4a9e4993f21f14978461822	STORE	true		false	false			UNKNOWN	NONE	NONE	SERVICE_VERSION_00000000000000000000000000000000	PY_EXPRESSION_5bd990625368efb3296d3873603a8c39
NAME_REFERENCE	ARGUMENT	FOR_TARGET	METHOD		PY_METHOD_63692fa849d149f77e1a1f264fe30c0e	PY_EXPRESSION_c9d28fccb151fb7a90947d35b154be30	1	1		value	NONE	NONE		UNKNOWN				false		67	13	67	18	PY_SCOPE_aeff7a823264fd3f7087f41dc87bb8d4	PY_MODULE_2f026c03952e3d7d641f6bcec50aa45e	PY_BINDING_6d81c1bb977e821d208da3515c659b73	STORE	true		false	false			UNKNOWN	NONE	NONE	SERVICE_VERSION_00000000000000000000000000000000	PY_EXPRESSION_3ef9710920a0068919d5c0fa0a33d1b0
NAME_REFERENCE	ASSIGNMENT_VALUE	AUGMENTED_ASSIGNMENT	METHOD		PY_METHOD_63692fa849d149f77e1a1f264fe30c0e		0	0		value	NONE	NONE		UNKNOWN				false		68	23	68	28	PY_SCOPE_aeff7a823264fd3f7087f41dc87bb8d4	PY_MODULE_2f026c03952e3d7d641f6bcec50aa45e	PY_BINDING_6d81c1bb977e821d208da3515c659b73	LOAD	false		false	false			UNKNOWN	NONE	NONE	SERVICE_VERSION_00000000000000000000000000000000	PY_EXPRESSION_1b08ef02a4fba050d0b85d921883413f
SUBSCRIPT	ASSIGNMENT_TARGET	AUGMENTED_ASSIGNMENT	METHOD		PY_METHOD_63692fa849d149f77e1a1f264fe30c0e		0	0			NONE	NONE		UNKNOWN				false		68	8	68	19	PY_SCOPE_aeff7a823264fd3f7087f41dc87bb8d4	PY_MODULE_2f026c03952e3d7d641f6bcec50aa45e		STORE	true		false	false			UNKNOWN	NONE	NONE	SERVICE_VERSION_00000000000000000000000000000000	PY_EXPRESSION_ff7fa9cfbcd950c1962a0eddb5be2348
NAME_REFERENCE	SUBSCRIPT_OBJECT	AUGMENTED_ASSIGNMENT	METHOD		PY_METHOD_63692fa849d149f77e1a1f264fe30c0e	PY_EXPRESSION_ff7fa9cfbcd950c1962a0eddb5be2348	0	1		counts	NONE	NONE		UNKNOWN				false		68	8	68	14	PY_SCOPE_aeff7a823264fd3f7087f41dc87bb8d4	PY_MODULE_2f026c03952e3d7d641f6bcec50aa45e	PY_BINDING_d6508ce521cef18a86b91fa4a8d96ac7	LOAD	false		false	false			UNKNOWN	NONE	NONE	SERVICE_VERSION_00000000000000000000000000000000	PY_EXPRESSION_780ed74857b03fe942b94a4cc9d8d7a7
NAME_REFERENCE	SUBSCRIPT_INDEX	AUGMENTED_ASSIGNMENT	METHOD		PY_METHOD_63692fa849d149f77e1a1f264fe30c0e	PY_EXPRESSION_ff7fa9cfbcd950c1962a0eddb5be2348	1	1		key	NONE	NONE		UNKNOWN				false		68	15	68	18	PY_SCOPE_aeff7a823264fd3f7087f41dc87bb8d4	PY_MODULE_2f026c03952e3d7d641f6bcec50aa45e	PY_BINDING_4bd03df7b4a9e4993f21f14978461822	LOAD	false		false	false			UNKNOWN	NONE	NONE	SERVICE_VERSION_00000000000000000000000000000000	PY_EXPRESSION_f6c65f1c17683034240d2b3e27eed658
NAME_REFERENCE	RETURN_VALUE	RETURN_VALUE	METHOD		PY_METHOD_63692fa849d149f77e1a1f264fe30c0e		0	0		counts	NONE	NONE		UNKNOWN				false	0	69	11	69	17	PY_SCOPE_aeff7a823264fd3f7087f41dc87bb8d4	PY_MODULE_2f026c03952e3d7d641f6bcec50aa45e	PY_BINDING_d6508ce521cef18a86b91fa4a8d96ac7	LOAD	false		false	false			UNKNOWN	NONE	NONE	SERVICE_VERSION_00000000000000000000000000000000	PY_EXPRESSION_4f704b0fbd710d03adedcf117765e999
ASSIGNMENT	ROOT	ASSIGNMENT_VALUE	METHOD		PY_METHOD_7d220b31d5c6e633318c2a17fac1882f		0	0			NONE	NONE		UNKNOWN				false		75	4	75	28	PY_SCOPE_3fcf4cce5aedfbfa6298cbeb238d8ebf	PY_MODULE_2f026c03952e3d7d641f6bcec50aa45e		LOAD	false		false	false			UNKNOWN	NONE	NONE	SERVICE_VERSION_00000000000000000000000000000000	PY_EXPRESSION_4aa877fd5dabe3e214128c22e5946131
CALL	ASSIGNMENT_VALUE	ASSIGNMENT_VALUE	METHOD		PY_METHOD_7d220b31d5c6e633318c2a17fac1882f	PY_EXPRESSION_4aa877fd5dabe3e214128c22e5946131	0	1		Account	NONE	NONE		UNKNOWN				false		75	14	75	28	PY_SCOPE_3fcf4cce5aedfbfa6298cbeb238d8ebf	PY_MODULE_2f026c03952e3d7d641f6bcec50aa45e		LOAD	false		false	false	Account		UNKNOWN	NONE	NONE	SERVICE_VERSION_00000000000000000000000000000000	PY_EXPRESSION_3c49209be6f10a71e97289e05d855e69
NAME_REFERENCE	ASSIGNMENT_TARGET	ASSIGNMENT_TARGET	METHOD		PY_METHOD_7d220b31d5c6e633318c2a17fac1882f	PY_EXPRESSION_4aa877fd5dabe3e214128c22e5946131	0	1		account	NONE	NONE		UNKNOWN				false		75	4	75	11	PY_SCOPE_3fcf4cce5aedfbfa6298cbeb238d8ebf	PY_MODULE_2f026c03952e3d7d641f6bcec50aa45e	PY_BINDING_87e32999dd81cc565ba54b61d430b1bf	STORE	true		false	false			UNKNOWN	NONE	NONE	SERVICE_VERSION_00000000000000000000000000000000	PY_EXPRESSION_01d5d2523e025e4c5b0b6ccfd8114a23
NAME_REFERENCE	CALLEE	ASSIGNMENT_VALUE	METHOD		PY_METHOD_7d220b31d5c6e633318c2a17fac1882f	PY_EXPRESSION_3c49209be6f10a71e97289e05d855e69	0	2		Account	NONE	NONE		TYPE	PY_TYPE_160aee5ca584e3817b8783b4e148e2a8			false		75	14	75	21	PY_SCOPE_3fcf4cce5aedfbfa6298cbeb238d8ebf	PY_MODULE_2f026c03952e3d7d641f6bcec50aa45e	PY_BINDING_dcf354c2dfd4d845c2c8d0db3e15a379	LOAD	false		false	false			UNKNOWN	NONE	NONE	SERVICE_VERSION_00000000000000000000000000000000	PY_EXPRESSION_05a802ef54f3a7c30d64c8de40b03409
NAME_REFERENCE	ARGUMENT	ASSIGNMENT_VALUE	METHOD		PY_METHOD_7d220b31d5c6e633318c2a17fac1882f	PY_EXPRESSION_3c49209be6f10a71e97289e05d855e69	0	2		owner	NONE	NONE		UNKNOWN				false		75	22	75	27	PY_SCOPE_3fcf4cce5aedfbfa6298cbeb238d8ebf	PY_MODULE_2f026c03952e3d7d641f6bcec50aa45e	PY_BINDING_0d58c0f30a186c55dc52ca27fe0e4daa	LOAD	false		false	false			UNKNOWN	NONE	NONE	SERVICE_VERSION_00000000000000000000000000000000	PY_EXPRESSION_bc45f064890d5708c39de080e0c9bb35
CALL	ROOT	EXPRESSION_STATEMENT	METHOD		PY_METHOD_7d220b31d5c6e633318c2a17fac1882f		0	0		deposit	NONE	NONE		UNKNOWN				false		76	4	76	24	PY_SCOPE_3fcf4cce5aedfbfa6298cbeb238d8ebf	PY_MODULE_2f026c03952e3d7d641f6bcec50aa45e		LOAD	false		false	false	account.deposit		UNKNOWN	NONE	NONE	SERVICE_VERSION_00000000000000000000000000000000	PY_EXPRESSION_271595aefe1e864d9a02cad758eceb13
ATTRIBUTE_ACCESS	RECEIVER	EXPRESSION_STATEMENT	METHOD		PY_METHOD_7d220b31d5c6e633318c2a17fac1882f	PY_EXPRESSION_271595aefe1e864d9a02cad758eceb13	0	1		deposit	NONE	NONE		UNKNOWN				false		76	4	76	19	PY_SCOPE_3fcf4cce5aedfbfa6298cbeb238d8ebf	PY_MODULE_2f026c03952e3d7d641f6bcec50aa45e		LOAD	false		false	false	account.deposit		UNKNOWN	NONE	NONE	SERVICE_VERSION_00000000000000000000000000000000	PY_EXPRESSION_1efb34c23d4a1616b43e51364a4fab1f
LITERAL	ARGUMENT	EXPRESSION_STATEMENT	METHOD		PY_METHOD_7d220b31d5c6e633318c2a17fac1882f	PY_EXPRESSION_271595aefe1e864d9a02cad758eceb13	0	1	INTEGER	100	NONE	NONE		UNKNOWN				false		76	20	76	23	PY_SCOPE_3fcf4cce5aedfbfa6298cbeb238d8ebf	PY_MODULE_2f026c03952e3d7d641f6bcec50aa45e		LOAD	false		false	false		int	BUILTIN_SCALAR	LITERAL	CERTAIN	SERVICE_VERSION_00000000000000000000000000000000	PY_EXPRESSION_a6de7ac6955399dfdb8781f4730916f9
NAME_REFERENCE	ATTRIBUTE_OBJECT	EXPRESSION_STATEMENT	METHOD		PY_METHOD_7d220b31d5c6e633318c2a17fac1882f	PY_EXPRESSION_1efb34c23d4a1616b43e51364a4fab1f	0	2		account	NONE	NONE		UNKNOWN				false		76	4	76	11	PY_SCOPE_3fcf4cce5aedfbfa6298cbeb238d8ebf	PY_MODULE_2f026c03952e3d7d641f6bcec50aa45e	PY_BINDING_87e32999dd81cc565ba54b61d430b1bf	LOAD	false		false	false			UNKNOWN	NONE	NONE	SERVICE_VERSION_00000000000000000000000000000000	PY_EXPRESSION_e1be20b02c54b68b53b34edc43b242a9
CALL	RETURN_VALUE	RETURN_VALUE	METHOD		PY_METHOD_7d220b31d5c6e633318c2a17fac1882f		0	0		balance	NONE	NONE		UNKNOWN				false	0	77	11	77	28	PY_SCOPE_3fcf4cce5aedfbfa6298cbeb238d8ebf	PY_MODULE_2f026c03952e3d7d641f6bcec50aa45e		LOAD	false		false	false	account.balance		UNKNOWN	NONE	NONE	SERVICE_VERSION_00000000000000000000000000000000	PY_EXPRESSION_d9cf2ea638f35f3950379c9a152831a1
ATTRIBUTE_ACCESS	RECEIVER	RETURN_VALUE	METHOD		PY_METHOD_7d220b31d5c6e633318c2a17fac1882f	PY_EXPRESSION_d9cf2ea638f35f3950379c9a152831a1	0	1		balance	NONE	NONE		UNKNOWN				false	0	77	11	77	26	PY_SCOPE_3fcf4cce5aedfbfa6298cbeb238d8ebf	PY_MODULE_2f026c03952e3d7d641f6bcec50aa45e		LOAD	false		false	false	account.balance		UNKNOWN	NONE	NONE	SERVICE_VERSION_00000000000000000000000000000000	PY_EXPRESSION_3564ec8a675e653a74827c0da6829be1
NAME_REFERENCE	ATTRIBUTE_OBJECT	RETURN_VALUE	METHOD		PY_METHOD_7d220b31d5c6e633318c2a17fac1882f	PY_EXPRESSION_3564ec8a675e653a74827c0da6829be1	0	2		account	NONE	NONE		UNKNOWN				false	0	77	11	77	18	PY_SCOPE_3fcf4cce5aedfbfa6298cbeb238d8ebf	PY_MODULE_2f026c03952e3d7d641f6bcec50aa45e	PY_BINDING_87e32999dd81cc565ba54b61d430b1bf	LOAD	false		false	false			UNKNOWN	NONE	NONE	SERVICE_VERSION_00000000000000000000000000000000	PY_EXPRESSION_52fa97917fdc8360889c01ae1d910b3a
CALL	RETURN_VALUE	RETURN_VALUE	METHOD		PY_METHOD_08dce96162f6e5eb3fea999ab5d1542c		0	0		balance	NONE	NONE		UNKNOWN				false	0	82	11	82	32	PY_SCOPE_3131da3c4a861f4f75c275e8abf431a8	PY_MODULE_2f026c03952e3d7d641f6bcec50aa45e		LOAD	false		false	false	balance		UNKNOWN	NONE	NONE	SERVICE_VERSION_00000000000000000000000000000000	PY_EXPRESSION_ad797d4e9211bbc8458999aede7f451c
ATTRIBUTE_ACCESS	RECEIVER	RETURN_VALUE	METHOD		PY_METHOD_08dce96162f6e5eb3fea999ab5d1542c	PY_EXPRESSION_ad797d4e9211bbc8458999aede7f451c	0	1		balance	NONE	NONE		UNKNOWN				false	0	82	11	82	30	PY_SCOPE_3131da3c4a861f4f75c275e8abf431a8	PY_MODULE_2f026c03952e3d7d641f6bcec50aa45e		LOAD	false		false	false	balance		UNKNOWN	NONE	NONE	SERVICE_VERSION_00000000000000000000000000000000	PY_EXPRESSION_45986bdb31736b1b8fb5c3371b87b600
CALL	ATTRIBUTE_OBJECT	RETURN_VALUE	METHOD		PY_METHOD_08dce96162f6e5eb3fea999ab5d1542c	PY_EXPRESSION_45986bdb31736b1b8fb5c3371b87b600	0	2		Acct	NONE	NONE		UNKNOWN				false	0	82	11	82	22	PY_SCOPE_3131da3c4a861f4f75c275e8abf431a8	PY_MODULE_2f026c03952e3d7d641f6bcec50aa45e		LOAD	false		false	false	Acct		UNKNOWN	NONE	NONE	SERVICE_VERSION_00000000000000000000000000000000	PY_EXPRESSION_d077e7c9c7204b8f2b3823971b83b013
NAME_REFERENCE	CALLEE	RETURN_VALUE	METHOD		PY_METHOD_08dce96162f6e5eb3fea999ab5d1542c	PY_EXPRESSION_d077e7c9c7204b8f2b3823971b83b013	0	3		Acct	NONE	NONE		TYPE	PY_TYPE_160aee5ca584e3817b8783b4e148e2a8			false	0	82	11	82	15	PY_SCOPE_3131da3c4a861f4f75c275e8abf431a8	PY_MODULE_2f026c03952e3d7d641f6bcec50aa45e	PY_BINDING_0b67709f51b19301fd13d6b851df5ff0	LOAD	false		false	false			UNKNOWN	NONE	NONE	SERVICE_VERSION_00000000000000000000000000000000	PY_EXPRESSION_45893e7bbece616637d701540b8f954a
NAME_REFERENCE	ARGUMENT	RETURN_VALUE	METHOD		PY_METHOD_08dce96162f6e5eb3fea999ab5d1542c	PY_EXPRESSION_d077e7c9c7204b8f2b3823971b83b013	0	3		owner	NONE	NONE		UNKNOWN				false	0	82	16	82	21	PY_SCOPE_3131da3c4a861f4f75c275e8abf431a8	PY_MODULE_2f026c03952e3d7d641f6bcec50aa45e	PY_BINDING_d730250cda6a60d6a3d6984da0c14ad5	LOAD	false		false	false			UNKNOWN	NONE	NONE	SERVICE_VERSION_00000000000000000000000000000000	PY_EXPRESSION_bf00fe924171b539f5be3435c80e7722
CALL	RETURN_VALUE	RETURN_VALUE	METHOD		PY_METHOD_71e82af0d626c6a13591061213a6909a		0	0		find_account	NONE	NONE		UNKNOWN				false	0	87	11	87	41	PY_SCOPE_723df250bb20a2663e4b791486e9046e	PY_MODULE_2f026c03952e3d7d641f6bcec50aa45e		LOAD	false		false	false	repository.find_account		UNKNOWN	NONE	NONE	SERVICE_VERSION_00000000000000000000000000000000	PY_EXPRESSION_9b5d592e31d7896c7886772da698a700
ATTRIBUTE_ACCESS	RECEIVER	RETURN_VALUE	METHOD		PY_METHOD_71e82af0d626c6a13591061213a6909a	PY_EXPRESSION_9b5d592e31d7896c7886772da698a700	0	1		find_account	NONE	NONE		UNKNOWN				false	0	87	11	87	34	PY_SCOPE_723df250bb20a2663e4b791486e9046e	PY_MODULE_2f026c03952e3d7d641f6bcec50aa45e		LOAD	false		false	false	repository.find_account		UNKNOWN	NONE	NONE	SERVICE_VERSION_00000000000000000000000000000000	PY_EXPRESSION_b1b106ed4906e1b37da8d2bd9986ed7f
NAME_REFERENCE	ARGUMENT	RETURN_VALUE	METHOD		PY_METHOD_71e82af0d626c6a13591061213a6909a	PY_EXPRESSION_9b5d592e31d7896c7886772da698a700	0	1		owner	NONE	NONE		UNKNOWN				false	0	87	35	87	40	PY_SCOPE_723df250bb20a2663e4b791486e9046e	PY_MODULE_2f026c03952e3d7d641f6bcec50aa45e	PY_BINDING_a1aedb72e5d779312e344178d6e2ead1	LOAD	false		false	false			UNKNOWN	NONE	NONE	SERVICE_VERSION_00000000000000000000000000000000	PY_EXPRESSION_bd8e553845bbf84bc31d5392bfa20fb7
NAME_REFERENCE	ATTRIBUTE_OBJECT	RETURN_VALUE	METHOD		PY_METHOD_71e82af0d626c6a13591061213a6909a	PY_EXPRESSION_b1b106ed4906e1b37da8d2bd9986ed7f	0	2		repository	NONE	NONE		UNKNOWN				false	0	87	11	87	21	PY_SCOPE_723df250bb20a2663e4b791486e9046e	PY_MODULE_2f026c03952e3d7d641f6bcec50aa45e	PY_BINDING_922ef38feb648e8ca2a20da29d82931c	LOAD	false		false	false			UNKNOWN	NONE	NONE	SERVICE_VERSION_00000000000000000000000000000000	PY_EXPRESSION_56285d8a6cfa16efb75b9b2b5485e6b4
ASSIGNMENT	ROOT	ASSIGNMENT_VALUE	METHOD		PY_METHOD_09d2752e8d155ecdc30ba290a20161fa		0	0			NONE	NONE		UNKNOWN				false		91	4	91	21	PY_SCOPE_807e1c87631d22460c720a1b40564038	PY_MODULE_2f026c03952e3d7d641f6bcec50aa45e		LOAD	false		false	false			UNKNOWN	NONE	NONE	SERVICE_VERSION_00000000000000000000000000000000	PY_EXPRESSION_5a7ab8ad6835864bc62739dec839e19a
CALL	ASSIGNMENT_VALUE	ASSIGNMENT_VALUE	METHOD		PY_METHOD_09d2752e8d155ecdc30ba290a20161fa	PY_EXPRESSION_5a7ab8ad6835864bc62739dec839e19a	0	1		Ledger	NONE	NONE		UNKNOWN				false		91	13	91	21	PY_SCOPE_807e1c87631d22460c720a1b40564038	PY_MODULE_2f026c03952e3d7d641f6bcec50aa45e		LOAD	false		false	false	Ledger		UNKNOWN	NONE	NONE	SERVICE_VERSION_00000000000000000000000000000000	PY_EXPRESSION_7bc51be8bcf7022e44a32f6a239b7570
NAME_REFERENCE	ASSIGNMENT_TARGET	ASSIGNMENT_TARGET	METHOD		PY_METHOD_09d2752e8d155ecdc30ba290a20161fa	PY_EXPRESSION_5a7ab8ad6835864bc62739dec839e19a	0	1		ledger	NONE	NONE		UNKNOWN				false		91	4	91	10	PY_SCOPE_807e1c87631d22460c720a1b40564038	PY_MODULE_2f026c03952e3d7d641f6bcec50aa45e	PY_BINDING_90f407a2fa8561011dac50ede7f7b8f6	STORE	true		false	false			UNKNOWN	NONE	NONE	SERVICE_VERSION_00000000000000000000000000000000	PY_EXPRESSION_4d5b9b923e3aea86a3f9e5c7f61e63a4
NAME_REFERENCE	CALLEE	ASSIGNMENT_VALUE	METHOD		PY_METHOD_09d2752e8d155ecdc30ba290a20161fa	PY_EXPRESSION_7bc51be8bcf7022e44a32f6a239b7570	0	2		Ledger	NONE	NONE		TYPE	PY_TYPE_65c006b7dc1da8d5b431a90353733207			false		91	13	91	19	PY_SCOPE_807e1c87631d22460c720a1b40564038	PY_MODULE_2f026c03952e3d7d641f6bcec50aa45e	PY_BINDING_d4754c845ace4a17b4b0834ec9fdedf5	LOAD	false		false	false			UNKNOWN	NONE	NONE	SERVICE_VERSION_00000000000000000000000000000000	PY_EXPRESSION_f80c372ed3008a3554f0827e79a970e2
CALL	ROOT	EXPRESSION_STATEMENT	METHOD		PY_METHOD_09d2752e8d155ecdc30ba290a20161fa		0	0		record	NONE	NONE		UNKNOWN				false		92	4	92	33	PY_SCOPE_807e1c87631d22460c720a1b40564038	PY_MODULE_2f026c03952e3d7d641f6bcec50aa45e		LOAD	false		false	false	ledger.record		UNKNOWN	NONE	NONE	SERVICE_VERSION_00000000000000000000000000000000	PY_EXPRESSION_f29b604dec3bd369f8b177e3eee2c3db
ATTRIBUTE_ACCESS	RECEIVER	EXPRESSION_STATEMENT	METHOD		PY_METHOD_09d2752e8d155ecdc30ba290a20161fa	PY_EXPRESSION_f29b604dec3bd369f8b177e3eee2c3db	0	1		record	NONE	NONE		UNKNOWN				false		92	4	92	17	PY_SCOPE_807e1c87631d22460c720a1b40564038	PY_MODULE_2f026c03952e3d7d641f6bcec50aa45e		LOAD	false		false	false	ledger.record		UNKNOWN	NONE	NONE	SERVICE_VERSION_00000000000000000000000000000000	PY_EXPRESSION_1e311755d2b32d7e68b70915e728e5b7
CALL	ARGUMENT	EXPRESSION_STATEMENT	METHOD		PY_METHOD_09d2752e8d155ecdc30ba290a20161fa	PY_EXPRESSION_f29b604dec3bd369f8b177e3eee2c3db	0	1		Account	NONE	NONE		UNKNOWN				false		92	18	92	32	PY_SCOPE_807e1c87631d22460c720a1b40564038	PY_MODULE_2f026c03952e3d7d641f6bcec50aa45e		LOAD	false		false	false	Account		UNKNOWN	NONE	NONE	SERVICE_VERSION_00000000000000000000000000000000	PY_EXPRESSION_424dd3c878abad6c5c18e11391b4a067
NAME_REFERENCE	ATTRIBUTE_OBJECT	EXPRESSION_STATEMENT	METHOD		PY_METHOD_09d2752e8d155ecdc30ba290a20161fa	PY_EXPRESSION_1e311755d2b32d7e68b70915e728e5b7	0	2		ledger	NONE	NONE		UNKNOWN				false		92	4	92	10	PY_SCOPE_807e1c87631d22460c720a1b40564038	PY_MODULE_2f026c03952e3d7d641f6bcec50aa45e	PY_BINDING_90f407a2fa8561011dac50ede7f7b8f6	LOAD	false		false	false			UNKNOWN	NONE	NONE	SERVICE_VERSION_00000000000000000000000000000000	PY_EXPRESSION_56c19b3bc9bd94f303c56313cef3e559
NAME_REFERENCE	CALLEE	EXPRESSION_STATEMENT	METHOD		PY_METHOD_09d2752e8d155ecdc30ba290a20161fa	PY_EXPRESSION_424dd3c878abad6c5c18e11391b4a067	0	2		Account	NONE	NONE		TYPE	PY_TYPE_160aee5ca584e3817b8783b4e148e2a8			false		92	18	92	25	PY_SCOPE_807e1c87631d22460c720a1b40564038	PY_MODULE_2f026c03952e3d7d641f6bcec50aa45e	PY_BINDING_a71bfe6cfde44b25c4bd99fb5b1af2b8	LOAD	false		false	false			UNKNOWN	NONE	NONE	SERVICE_VERSION_00000000000000000000000000000000	PY_EXPRESSION_2c9400f47000c2fd28de2f544a5e6628
NAME_REFERENCE	ARGUMENT	EXPRESSION_STATEMENT	METHOD		PY_METHOD_09d2752e8d155ecdc30ba290a20161fa	PY_EXPRESSION_424dd3c878abad6c5c18e11391b4a067	0	2		owner	NONE	NONE		UNKNOWN				false		92	26	92	31	PY_SCOPE_807e1c87631d22460c720a1b40564038	PY_MODULE_2f026c03952e3d7d641f6bcec50aa45e	PY_BINDING_85b5065eb081febc82a65651bdc3d208	LOAD	false		false	false			UNKNOWN	NONE	NONE	SERVICE_VERSION_00000000000000000000000000000000	PY_EXPRESSION_7bf695df0b7d8557d5b7005540985bd8
CALL	RETURN_VALUE	RETURN_VALUE	METHOD		PY_METHOD_09d2752e8d155ecdc30ba290a20161fa		0	0		total	NONE	NONE		UNKNOWN				false	0	93	11	93	25	PY_SCOPE_807e1c87631d22460c720a1b40564038	PY_MODULE_2f026c03952e3d7d641f6bcec50aa45e		LOAD	false		false	false	ledger.total		UNKNOWN	NONE	NONE	SERVICE_VERSION_00000000000000000000000000000000	PY_EXPRESSION_26f6db9d970424ecbd0f57886e3415b0
ATTRIBUTE_ACCESS	RECEIVER	RETURN_VALUE	METHOD		PY_METHOD_09d2752e8d155ecdc30ba290a20161fa	PY_EXPRESSION_26f6db9d970424ecbd0f57886e3415b0	0	1		total	NONE	NONE		UNKNOWN				false	0	93	11	93	23	PY_SCOPE_807e1c87631d22460c720a1b40564038	PY_MODULE_2f026c03952e3d7d641f6bcec50aa45e		LOAD	false		false	false	ledger.total		UNKNOWN	NONE	NONE	SERVICE_VERSION_00000000000000000000000000000000	PY_EXPRESSION_9de96e5925cd6a59e9b6787efd6c47dd
NAME_REFERENCE	ATTRIBUTE_OBJECT	RETURN_VALUE	METHOD		PY_METHOD_09d2752e8d155ecdc30ba290a20161fa	PY_EXPRESSION_9de96e5925cd6a59e9b6787efd6c47dd	0	2		ledger	NONE	NONE		UNKNOWN				false	0	93	11	93	17	PY_SCOPE_807e1c87631d22460c720a1b40564038	PY_MODULE_2f026c03952e3d7d641f6bcec50aa45e	PY_BINDING_90f407a2fa8561011dac50ede7f7b8f6	LOAD	false		false	false			UNKNOWN	NONE	NONE	SERVICE_VERSION_00000000000000000000000000000000	PY_EXPRESSION_ef7a12fd2af0eb2e0d2723be6f6ad84d
LITERAL	ROOT	MODULE_LEVEL_STATEMENT	METHOD		PY_METHOD_96f938fbd211816e0d2e0047feb56949		0	0	STRING	Java analogue: integration/. A realistic slice that exercises all four data-flow paths of schema section 3 in one file, in the proportions the corpus actually shows: bare-name receivers dominate, self is next, then attribute chains, then call results. Nothing exotic -- the point is that the ordinary case works end to end.	NONE	NONE		UNKNOWN				false		1	0	8	3	PY_SCOPE_52128e6c465d3dfae843bba3c50162da	PY_MODULE_26d35b2196b998f00bc6fe14819c7c1e		LOAD	false		false	false		str	BUILTIN_SCALAR	LITERAL	CERTAIN	SERVICE_VERSION_00000000000000000000000000000000	PY_EXPRESSION_fa68e401aa5fc58e42568a4116589ceb
ASSIGNMENT	ROOT	ASSIGNMENT_VALUE	METHOD		PY_METHOD_96f938fbd211816e0d2e0047feb56949		0	0			NONE	NONE		UNKNOWN				false		16	0	16	36	PY_SCOPE_52128e6c465d3dfae843bba3c50162da	PY_MODULE_26d35b2196b998f00bc6fe14819c7c1e		LOAD	false		false	false			UNKNOWN	NONE	NONE	SERVICE_VERSION_00000000000000000000000000000000	PY_EXPRESSION_b7f79a1bbe83afe4c7f6ea7987c02f4f
CALL	ASSIGNMENT_VALUE	ASSIGNMENT_VALUE	METHOD		PY_METHOD_96f938fbd211816e0d2e0047feb56949	PY_EXPRESSION_b7f79a1bbe83afe4c7f6ea7987c02f4f	0	1		getLogger	NONE	NONE		UNKNOWN				false		16	9	16	36	PY_SCOPE_52128e6c465d3dfae843bba3c50162da	PY_MODULE_26d35b2196b998f00bc6fe14819c7c1e		LOAD	false		false	false	logging.getLogger		UNKNOWN	NONE	NONE	SERVICE_VERSION_00000000000000000000000000000000	PY_EXPRESSION_7441bb0e665c1aed50208c11c00828f8
NAME_REFERENCE	ASSIGNMENT_TARGET	ASSIGNMENT_TARGET	METHOD		PY_METHOD_96f938fbd211816e0d2e0047feb56949	PY_EXPRESSION_b7f79a1bbe83afe4c7f6ea7987c02f4f	0	1		logger	NONE	NONE		UNKNOWN				false		16	0	16	6	PY_SCOPE_52128e6c465d3dfae843bba3c50162da	PY_MODULE_26d35b2196b998f00bc6fe14819c7c1e	PY_BINDING_3a789247e46d290341a6c9cfb85acfd1	STORE	true		false	false			UNKNOWN	NONE	NONE	SERVICE_VERSION_00000000000000000000000000000000	PY_EXPRESSION_9ce1be468e95b7e30e11689d0307c15f
ATTRIBUTE_ACCESS	RECEIVER	ASSIGNMENT_VALUE	METHOD		PY_METHOD_96f938fbd211816e0d2e0047feb56949	PY_EXPRESSION_7441bb0e665c1aed50208c11c00828f8	0	2		getLogger	NONE	NONE		UNKNOWN				false		16	9	16	26	PY_SCOPE_52128e6c465d3dfae843bba3c50162da	PY_MODULE_26d35b2196b998f00bc6fe14819c7c1e		LOAD	false		false	false	logging.getLogger		UNKNOWN	NONE	NONE	SERVICE_VERSION_00000000000000000000000000000000	PY_EXPRESSION_25fbcf15d5124bd15083aee735669651
NAME_REFERENCE	ARGUMENT	ASSIGNMENT_VALUE	METHOD		PY_METHOD_96f938fbd211816e0d2e0047feb56949	PY_EXPRESSION_7441bb0e665c1aed50208c11c00828f8	0	2		__name__	NONE	NONE		UNKNOWN				false		16	27	16	35	PY_SCOPE_52128e6c465d3dfae843bba3c50162da	PY_MODULE_26d35b2196b998f00bc6fe14819c7c1e	PY_BINDING_9c3d98194448d8eccec4b90e2bfeefad	LOAD	false		false	false			UNKNOWN	NONE	NONE	SERVICE_VERSION_00000000000000000000000000000000	PY_EXPRESSION_05ff977bac797accfb318925e8a03092
NAME_REFERENCE	ATTRIBUTE_OBJECT	ASSIGNMENT_VALUE	METHOD		PY_METHOD_96f938fbd211816e0d2e0047feb56949	PY_EXPRESSION_25fbcf15d5124bd15083aee735669651	0	3		logging	NONE	NONE		UNKNOWN				false		16	9	16	16	PY_SCOPE_52128e6c465d3dfae843bba3c50162da	PY_MODULE_26d35b2196b998f00bc6fe14819c7c1e	PY_BINDING_8fd2a6371d9cdf933ccd330f73f3a411	LOAD	false		false	false			UNKNOWN	NONE	NONE	SERVICE_VERSION_00000000000000000000000000000000	PY_EXPRESSION_7ab298d21bdb9f95fa0fc0136d253805
NAME_REFERENCE	BASE_CLASS	BASE_CLASS_LIST	METHOD		PY_METHOD_96f938fbd211816e0d2e0047feb56949		0	0		Exception	NONE	NONE		UNKNOWN				false		19	22	19	31	PY_SCOPE_52128e6c465d3dfae843bba3c50162da	PY_MODULE_26d35b2196b998f00bc6fe14819c7c1e	PY_BINDING_3f9d87add5ac5f2ad8c238aa511f6051	LOAD	false		false	false			UNKNOWN	NONE	NONE	SERVICE_VERSION_00000000000000000000000000000000	PY_EXPRESSION_af5e2f1e4132edf1add0d8faea327225
CALL	ROOT	EXPRESSION_STATEMENT	METHOD	PY_TYPE_954bd0ecfee39ac0c063e703d356e3a5	PY_METHOD_77c3686c61f40ebcffd88460909eda13		0	0		__init__	NONE	NONE		UNKNOWN				false		21	8	21	33	PY_SCOPE_e145df91120c70292ef7cd9cc2bdcf0f	PY_MODULE_26d35b2196b998f00bc6fe14819c7c1e		LOAD	false		false	false	__init__		UNKNOWN	NONE	NONE	SERVICE_VERSION_00000000000000000000000000000000	PY_EXPRESSION_610098cb1e9f75e4af7e44800a9ba601
ATTRIBUTE_ACCESS	RECEIVER	EXPRESSION_STATEMENT	METHOD	PY_TYPE_954bd0ecfee39ac0c063e703d356e3a5	PY_METHOD_77c3686c61f40ebcffd88460909eda13	PY_EXPRESSION_610098cb1e9f75e4af7e44800a9ba601	0	1		__init__	NONE	NONE		UNKNOWN				false		21	8	21	24	PY_SCOPE_e145df91120c70292ef7cd9cc2bdcf0f	PY_MODULE_26d35b2196b998f00bc6fe14819c7c1e		LOAD	false		false	false	__init__		UNKNOWN	NONE	NONE	SERVICE_VERSION_00000000000000000000000000000000	PY_EXPRESSION_6a6bdf2ddd07c19c79e1d542f99e2916
NAME_REFERENCE	ARGUMENT	EXPRESSION_STATEMENT	METHOD	PY_TYPE_954bd0ecfee39ac0c063e703d356e3a5	PY_METHOD_77c3686c61f40ebcffd88460909eda13	PY_EXPRESSION_610098cb1e9f75e4af7e44800a9ba601	0	1		message	NONE	NONE		UNKNOWN				false		21	25	21	32	PY_SCOPE_e145df91120c70292ef7cd9cc2bdcf0f	PY_MODULE_26d35b2196b998f00bc6fe14819c7c1e	PY_BINDING_6486f9effacca1416a3854809f5971e4	LOAD	false		false	false			UNKNOWN	NONE	NONE	SERVICE_VERSION_00000000000000000000000000000000	PY_EXPRESSION_48940305841512a49642ce2600bd19ef
CALL	ATTRIBUTE_OBJECT	EXPRESSION_STATEMENT	METHOD	PY_TYPE_954bd0ecfee39ac0c063e703d356e3a5	PY_METHOD_77c3686c61f40ebcffd88460909eda13	PY_EXPRESSION_6a6bdf2ddd07c19c79e1d542f99e2916	0	2		super	NONE	NONE		UNKNOWN				false		21	8	21	15	PY_SCOPE_e145df91120c70292ef7cd9cc2bdcf0f	PY_MODULE_26d35b2196b998f00bc6fe14819c7c1e		LOAD	false		false	false	super		UNKNOWN	NONE	NONE	SERVICE_VERSION_00000000000000000000000000000000	PY_EXPRESSION_e4c34de7dfc06d92d6782cf88cf8b255
NAME_REFERENCE	CALLEE	EXPRESSION_STATEMENT	METHOD	PY_TYPE_954bd0ecfee39ac0c063e703d356e3a5	PY_METHOD_77c3686c61f40ebcffd88460909eda13	PY_EXPRESSION_e4c34de7dfc06d92d6782cf88cf8b255	0	3		super	NONE	NONE		SUPER				false		21	8	21	13	PY_SCOPE_e145df91120c70292ef7cd9cc2bdcf0f	PY_MODULE_26d35b2196b998f00bc6fe14819c7c1e	PY_BINDING_369bc38cf930478dfd8142b38e3649d6	LOAD	false		false	false			UNKNOWN	NONE	NONE	SERVICE_VERSION_00000000000000000000000000000000	PY_EXPRESSION_3eaa2e04f25c8dc696e2a7c54b87f3a2
ASSIGNMENT	ROOT	ASSIGNMENT_VALUE	METHOD	PY_TYPE_954bd0ecfee39ac0c063e703d356e3a5	PY_METHOD_77c3686c61f40ebcffd88460909eda13		0	0			NONE	NONE		UNKNOWN				false		22	8	22	26	PY_SCOPE_e145df91120c70292ef7cd9cc2bdcf0f	PY_MODULE_26d35b2196b998f00bc6fe14819c7c1e		LOAD	false		false	false			UNKNOWN	NONE	NONE	SERVICE_VERSION_00000000000000000000000000000000	PY_EXPRESSION_6346f3038ac80063dd1b561e0aeeceee
NAME_REFERENCE	ASSIGNMENT_VALUE	ASSIGNMENT_VALUE	METHOD	PY_TYPE_954bd0ecfee39ac0c063e703d356e3a5	PY_METHOD_77c3686c61f40ebcffd88460909eda13	PY_EXPRESSION_6346f3038ac80063dd1b561e0aeeceee	0	1		field	NONE	NONE		UNKNOWN				false		22	21	22	26	PY_SCOPE_e145df91120c70292ef7cd9cc2bdcf0f	PY_MODULE_26d35b2196b998f00bc6fe14819c7c1e	PY_BINDING_d6ea1da3daf8bcd2a807bbfd39685013	LOAD	false		false	false			UNKNOWN	NONE	NONE	SERVICE_VERSION_00000000000000000000000000000000	PY_EXPRESSION_d7e6f41c1cf404b1be3312a54e57e6be
ATTRIBUTE_ACCESS	ASSIGNMENT_TARGET	ASSIGNMENT_TARGET	METHOD	PY_TYPE_954bd0ecfee39ac0c063e703d356e3a5	PY_METHOD_77c3686c61f40ebcffd88460909eda13	PY_EXPRESSION_6346f3038ac80063dd1b561e0aeeceee	0	1		field	NONE	NONE		FIELD	PY_FIELD_ab3bbe1f426645e2d667ba7354167a61			false		22	8	22	18	PY_SCOPE_e145df91120c70292ef7cd9cc2bdcf0f	PY_MODULE_26d35b2196b998f00bc6fe14819c7c1e		STORE	true		false	false	self.field		UNKNOWN	NONE	NONE	SERVICE_VERSION_00000000000000000000000000000000	PY_EXPRESSION_0cd88ff7643e242dd6aef909722800aa
SELF_REFERENCE	ATTRIBUTE_OBJECT	ASSIGNMENT_TARGET	METHOD	PY_TYPE_954bd0ecfee39ac0c063e703d356e3a5	PY_METHOD_77c3686c61f40ebcffd88460909eda13	PY_EXPRESSION_0cd88ff7643e242dd6aef909722800aa	0	2		self	NONE	NONE		SELF				false		22	8	22	12	PY_SCOPE_e145df91120c70292ef7cd9cc2bdcf0f	PY_MODULE_26d35b2196b998f00bc6fe14819c7c1e	PY_BINDING_efbbb85591338e6372454b1e9f4aed3b	LOAD	false		false	false			UNKNOWN	NONE	NONE	SERVICE_VERSION_00000000000000000000000000000000	PY_EXPRESSION_f91e510d795581160f22a9cb7db57f03
ASSIGNMENT	ROOT	ASSIGNMENT_VALUE	METHOD	PY_TYPE_954bd0ecfee39ac0c063e703d356e3a5	PY_METHOD_77c3686c61f40ebcffd88460909eda13		0	0			NONE	NONE		UNKNOWN				false		23	8	23	30	PY_SCOPE_e145df91120c70292ef7cd9cc2bdcf0f	PY_MODULE_26d35b2196b998f00bc6fe14819c7c1e		LOAD	false		false	false			UNKNOWN	NONE	NONE	SERVICE_VERSION_00000000000000000000000000000000	PY_EXPRESSION_556260ba40d578ebaf39e463cdd6c5f0
NAME_REFERENCE	ASSIGNMENT_VALUE	ASSIGNMENT_VALUE	METHOD	PY_TYPE_954bd0ecfee39ac0c063e703d356e3a5	PY_METHOD_77c3686c61f40ebcffd88460909eda13	PY_EXPRESSION_556260ba40d578ebaf39e463cdd6c5f0	0	1		message	NONE	NONE		UNKNOWN				false		23	23	23	30	PY_SCOPE_e145df91120c70292ef7cd9cc2bdcf0f	PY_MODULE_26d35b2196b998f00bc6fe14819c7c1e	PY_BINDING_6486f9effacca1416a3854809f5971e4	LOAD	false		false	false			UNKNOWN	NONE	NONE	SERVICE_VERSION_00000000000000000000000000000000	PY_EXPRESSION_2bf2f99e09c649a441fa5cfa6b308770
ATTRIBUTE_ACCESS	ASSIGNMENT_TARGET	ASSIGNMENT_TARGET	METHOD	PY_TYPE_954bd0ecfee39ac0c063e703d356e3a5	PY_METHOD_77c3686c61f40ebcffd88460909eda13	PY_EXPRESSION_556260ba40d578ebaf39e463cdd6c5f0	0	1		message	NONE	NONE		FIELD	PY_FIELD_5c2bff358e930a71a461f5f9e3bad5cc			false		23	8	23	20	PY_SCOPE_e145df91120c70292ef7cd9cc2bdcf0f	PY_MODULE_26d35b2196b998f00bc6fe14819c7c1e		STORE	true		false	false	self.message		UNKNOWN	NONE	NONE	SERVICE_VERSION_00000000000000000000000000000000	PY_EXPRESSION_0e49f699c375e5d64ba1d0fb26bbcf1c
SELF_REFERENCE	ATTRIBUTE_OBJECT	ASSIGNMENT_TARGET	METHOD	PY_TYPE_954bd0ecfee39ac0c063e703d356e3a5	PY_METHOD_77c3686c61f40ebcffd88460909eda13	PY_EXPRESSION_0e49f699c375e5d64ba1d0fb26bbcf1c	0	2		self	NONE	NONE		SELF				false		23	8	23	12	PY_SCOPE_e145df91120c70292ef7cd9cc2bdcf0f	PY_MODULE_26d35b2196b998f00bc6fe14819c7c1e	PY_BINDING_efbbb85591338e6372454b1e9f4aed3b	LOAD	false		false	false			UNKNOWN	NONE	NONE	SERVICE_VERSION_00000000000000000000000000000000	PY_EXPRESSION_53497b19d91b9bb49b9ab91ce5258361
ASSIGNMENT	ROOT	ASSIGNMENT_VALUE	METHOD	PY_TYPE_9deedaea90d20e656e8c801aca75c5ee	PY_METHOD_1e8f6ed75d03a6540fb8046c56e26610		0	0			NONE	NONE		UNKNOWN				false		27	4	27	18	PY_SCOPE_0c25c7fd07b5354c42f71ff4d7c1e384	PY_MODULE_26d35b2196b998f00bc6fe14819c7c1e		LOAD	false		false	false			UNKNOWN	NONE	NONE	SERVICE_VERSION_00000000000000000000000000000000	PY_EXPRESSION_0dc210079627ad4e3d525c826116d096
LITERAL	ASSIGNMENT_VALUE	ASSIGNMENT_VALUE	METHOD	PY_TYPE_9deedaea90d20e656e8c801aca75c5ee	PY_METHOD_1e8f6ed75d03a6540fb8046c56e26610	PY_EXPRESSION_0dc210079627ad4e3d525c826116d096	0	1	INTEGER	1	NONE	NONE		UNKNOWN				false		27	17	27	18	PY_SCOPE_0c25c7fd07b5354c42f71ff4d7c1e384	PY_MODULE_26d35b2196b998f00bc6fe14819c7c1e		LOAD	false		false	false		int	BUILTIN_SCALAR	LITERAL	CERTAIN	SERVICE_VERSION_00000000000000000000000000000000	PY_EXPRESSION_92a68f6ba7da23064d46c5ff8a554268
NAME_REFERENCE	ASSIGNMENT_TARGET	ASSIGNMENT_TARGET	METHOD	PY_TYPE_9deedaea90d20e656e8c801aca75c5ee	PY_METHOD_1e8f6ed75d03a6540fb8046c56e26610	PY_EXPRESSION_0dc210079627ad4e3d525c826116d096	0	1		MIN_AMOUNT	NONE	NONE		UNKNOWN				false		27	4	27	14	PY_SCOPE_0c25c7fd07b5354c42f71ff4d7c1e384	PY_MODULE_26d35b2196b998f00bc6fe14819c7c1e	PY_BINDING_c20b65ad06df486247ed15e164cff041	STORE	true		false	false			UNKNOWN	NONE	NONE	SERVICE_VERSION_00000000000000000000000000000000	PY_EXPRESSION_a3d8334f3ff3a7f25cc0bd61c8105617
ASSIGNMENT	ROOT	ASSIGNMENT_VALUE	METHOD	PY_TYPE_9deedaea90d20e656e8c801aca75c5ee	PY_METHOD_a06737389772974f0644c675d63ff603		0	0			NONE	NONE		UNKNOWN				false		30	8	30	24	PY_SCOPE_7beecc805440faf863bc616579b6079a	PY_MODULE_26d35b2196b998f00bc6fe14819c7c1e		LOAD	false		false	false			UNKNOWN	NONE	NONE	SERVICE_VERSION_00000000000000000000000000000000	PY_EXPRESSION_25dbbe7fc44a59e7064456e8104dec13
LIST	ASSIGNMENT_VALUE	ASSIGNMENT_VALUE	METHOD	PY_TYPE_9deedaea90d20e656e8c801aca75c5ee	PY_METHOD_a06737389772974f0644c675d63ff603	PY_EXPRESSION_25dbbe7fc44a59e7064456e8104dec13	0	1			NONE	NONE		UNKNOWN				false		30	22	30	24	PY_SCOPE_7beecc805440faf863bc616579b6079a	PY_MODULE_26d35b2196b998f00bc6fe14819c7c1e		LOAD	false		false	false		list	BUILTIN_COLLECTION	COLLECTION_LITERAL	CERTAIN	SERVICE_VERSION_00000000000000000000000000000000	PY_EXPRESSION_5bceb18a46df3d7be9e59afbdc9b25f2
ATTRIBUTE_ACCESS	ASSIGNMENT_TARGET	ASSIGNMENT_TARGET	METHOD	PY_TYPE_9deedaea90d20e656e8c801aca75c5ee	PY_METHOD_a06737389772974f0644c675d63ff603	PY_EXPRESSION_25dbbe7fc44a59e7064456e8104dec13	0	1		errors	NONE	NONE		FIELD	PY_FIELD_a37c40e4ac03a77b2f77318ee54ed7f0			false		30	8	30	19	PY_SCOPE_7beecc805440faf863bc616579b6079a	PY_MODULE_26d35b2196b998f00bc6fe14819c7c1e		STORE	true		false	false	self.errors		UNKNOWN	NONE	NONE	SERVICE_VERSION_00000000000000000000000000000000	PY_EXPRESSION_b8ab68ec54b64cfb837d741814b01d2c
SELF_REFERENCE	ATTRIBUTE_OBJECT	ASSIGNMENT_TARGET	METHOD	PY_TYPE_9deedaea90d20e656e8c801aca75c5ee	PY_METHOD_a06737389772974f0644c675d63ff603	PY_EXPRESSION_b8ab68ec54b64cfb837d741814b01d2c	0	2		self	NONE	NONE		SELF				false		30	8	30	12	PY_SCOPE_7beecc805440faf863bc616579b6079a	PY_MODULE_26d35b2196b998f00bc6fe14819c7c1e	PY_BINDING_de281079f07d95306f6c16ee368a1d27	LOAD	false		false	false			UNKNOWN	NONE	NONE	SERVICE_VERSION_00000000000000000000000000000000	PY_EXPRESSION_3835b6b2c260a7421cdb46f8d55af319
COMPARISON	CONDITION	IF_CONDITION	METHOD	PY_TYPE_9deedaea90d20e656e8c801aca75c5ee	PY_METHOD_ef374dadf3ccf3021c147e64b29396be		0	0			NONE	NONE	<	UNKNOWN				false		33	11	33	35	PY_SCOPE_b8dc116ededd481f2f425f41cddf221f	PY_MODULE_26d35b2196b998f00bc6fe14819c7c1e		LOAD	false		false	false			UNKNOWN	NONE	NONE	SERVICE_VERSION_00000000000000000000000000000000	PY_EXPRESSION_8f984041f140e4b73a155e39cdd0dd82
NAME_REFERENCE	OPERAND_LEFT	IF_CONDITION	METHOD	PY_TYPE_9deedaea90d20e656e8c801aca75c5ee	PY_METHOD_ef374dadf3ccf3021c147e64b29396be	PY_EXPRESSION_8f984041f140e4b73a155e39cdd0dd82	0	1		amount	NONE	NONE		UNKNOWN				false		33	11	33	17	PY_SCOPE_b8dc116ededd481f2f425f41cddf221f	PY_MODULE_26d35b2196b998f00bc6fe14819c7c1e	PY_BINDING_6c845b5111fa10b48c2a84bc7daa7d6f	LOAD	false		false	false			UNKNOWN	NONE	NONE	SERVICE_VERSION_00000000000000000000000000000000	PY_EXPRESSION_3702d2ad9973f3de53da3726d9212aa1
ATTRIBUTE_ACCESS	OPERAND_RIGHT	IF_CONDITION	METHOD	PY_TYPE_9deedaea90d20e656e8c801aca75c5ee	PY_METHOD_ef374dadf3ccf3021c147e64b29396be	PY_EXPRESSION_8f984041f140e4b73a155e39cdd0dd82	1	1		MIN_AMOUNT	NONE	NONE		FIELD	PY_FIELD_72484fd7fc4f3a81247f2d05ad774490			false		33	20	33	35	PY_SCOPE_b8dc116ededd481f2f425f41cddf221f	PY_MODULE_26d35b2196b998f00bc6fe14819c7c1e		LOAD	false		false	false	self.MIN_AMOUNT		UNKNOWN	NONE	NONE	SERVICE_VERSION_00000000000000000000000000000000	PY_EXPRESSION_8ff9efd052b271e181b78d65ee4cba21
SELF_REFERENCE	ATTRIBUTE_OBJECT	IF_CONDITION	METHOD	PY_TYPE_9deedaea90d20e656e8c801aca75c5ee	PY_METHOD_ef374dadf3ccf3021c147e64b29396be	PY_EXPRESSION_8ff9efd052b271e181b78d65ee4cba21	0	2		self	NONE	NONE		SELF				false		33	20	33	24	PY_SCOPE_b8dc116ededd481f2f425f41cddf221f	PY_MODULE_26d35b2196b998f00bc6fe14819c7c1e	PY_BINDING_28faac723d012a977ffffa9d286c0c09	LOAD	false		false	false			UNKNOWN	NONE	NONE	SERVICE_VERSION_00000000000000000000000000000000	PY_EXPRESSION_4a0f37d08f07af96cf756e90ef4899f2
CALL	ROOT	EXPRESSION_STATEMENT	METHOD	PY_TYPE_9deedaea90d20e656e8c801aca75c5ee	PY_METHOD_ef374dadf3ccf3021c147e64b29396be		0	0		append	NONE	NONE		UNKNOWN				false		34	12	34	70	PY_SCOPE_b8dc116ededd481f2f425f41cddf221f	PY_MODULE_26d35b2196b998f00bc6fe14819c7c1e		LOAD	false		false	false	self.errors.append		UNKNOWN	NONE	NONE	SERVICE_VERSION_00000000000000000000000000000000	PY_EXPRESSION_6a99e973b03acbd494c078e522113372
ATTRIBUTE_ACCESS	RECEIVER	EXPRESSION_STATEMENT	METHOD	PY_TYPE_9deedaea90d20e656e8c801aca75c5ee	PY_METHOD_ef374dadf3ccf3021c147e64b29396be	PY_EXPRESSION_6a99e973b03acbd494c078e522113372	0	1		append	NONE	NONE		UNKNOWN				false		34	12	34	30	PY_SCOPE_b8dc116ededd481f2f425f41cddf221f	PY_MODULE_26d35b2196b998f00bc6fe14819c7c1e		LOAD	false		false	false	self.errors.append		UNKNOWN	NONE	NONE	SERVICE_VERSION_00000000000000000000000000000000	PY_EXPRESSION_e9c901e77ccb2e084c3fe995408b83f9
CALL	ARGUMENT	EXPRESSION_STATEMENT	METHOD	PY_TYPE_9deedaea90d20e656e8c801aca75c5ee	PY_METHOD_ef374dadf3ccf3021c147e64b29396be	PY_EXPRESSION_6a99e973b03acbd494c078e522113372	0	1		ValidationError	NONE	NONE		UNKNOWN				false		34	31	34	69	PY_SCOPE_b8dc116ededd481f2f425f41cddf221f	PY_MODULE_26d35b2196b998f00bc6fe14819c7c1e		LOAD	false		false	false	ValidationError		UNKNOWN	NONE	NONE	SERVICE_VERSION_00000000000000000000000000000000	PY_EXPRESSION_9bfa351854f48d70504cf8c1818e6946
ATTRIBUTE_ACCESS	ATTRIBUTE_OBJECT	EXPRESSION_STATEMENT	METHOD	PY_TYPE_9deedaea90d20e656e8c801aca75c5ee	PY_METHOD_ef374dadf3ccf3021c147e64b29396be	PY_EXPRESSION_e9c901e77ccb2e084c3fe995408b83f9	0	2		errors	NONE	NONE		FIELD	PY_FIELD_a37c40e4ac03a77b2f77318ee54ed7f0			false		34	12	34	23	PY_SCOPE_b8dc116ededd481f2f425f41cddf221f	PY_MODULE_26d35b2196b998f00bc6fe14819c7c1e		LOAD	false		false	false	self.errors		UNKNOWN	NONE	NONE	SERVICE_VERSION_00000000000000000000000000000000	PY_EXPRESSION_c2907f3dc4c72800e0997b88d33fab9e
NAME_REFERENCE	CALLEE	EXPRESSION_STATEMENT	METHOD	PY_TYPE_9deedaea90d20e656e8c801aca75c5ee	PY_METHOD_ef374dadf3ccf3021c147e64b29396be	PY_EXPRESSION_9bfa351854f48d70504cf8c1818e6946	0	2		ValidationError	NONE	NONE		TYPE	PY_TYPE_954bd0ecfee39ac0c063e703d356e3a5			false		34	31	34	46	PY_SCOPE_b8dc116ededd481f2f425f41cddf221f	PY_MODULE_26d35b2196b998f00bc6fe14819c7c1e	PY_BINDING_19602878a81ee840a53767bfbbc7f0be	LOAD	false		false	false			UNKNOWN	NONE	NONE	SERVICE_VERSION_00000000000000000000000000000000	PY_EXPRESSION_a4f23a06745c7d6121ef9c2b2cb93664
LITERAL	ARGUMENT	EXPRESSION_STATEMENT	METHOD	PY_TYPE_9deedaea90d20e656e8c801aca75c5ee	PY_METHOD_ef374dadf3ccf3021c147e64b29396be	PY_EXPRESSION_9bfa351854f48d70504cf8c1818e6946	0	2	STRING	amount	NONE	NONE		UNKNOWN				false		34	47	34	55	PY_SCOPE_b8dc116ededd481f2f425f41cddf221f	PY_MODULE_26d35b2196b998f00bc6fe14819c7c1e		LOAD	false		false	false		str	BUILTIN_SCALAR	LITERAL	CERTAIN	SERVICE_VERSION_00000000000000000000000000000000	PY_EXPRESSION_2ce8f8647b32de5d8c8d8db2bf2c504d
LITERAL	ARGUMENT	EXPRESSION_STATEMENT	METHOD	PY_TYPE_9deedaea90d20e656e8c801aca75c5ee	PY_METHOD_ef374dadf3ccf3021c147e64b29396be	PY_EXPRESSION_9bfa351854f48d70504cf8c1818e6946	1	2	STRING	too small	NONE	NONE		UNKNOWN				false		34	57	34	68	PY_SCOPE_b8dc116ededd481f2f425f41cddf221f	PY_MODULE_26d35b2196b998f00bc6fe14819c7c1e		LOAD	false		false	false		str	BUILTIN_SCALAR	LITERAL	CERTAIN	SERVICE_VERSION_00000000000000000000000000000000	PY_EXPRESSION_35acfed1c625fd44a3286d5a20a8a2a6
SELF_REFERENCE	ATTRIBUTE_OBJECT	EXPRESSION_STATEMENT	METHOD	PY_TYPE_9deedaea90d20e656e8c801aca75c5ee	PY_METHOD_ef374dadf3ccf3021c147e64b29396be	PY_EXPRESSION_c2907f3dc4c72800e0997b88d33fab9e	0	3		self	NONE	NONE		SELF				false		34	12	34	16	PY_SCOPE_b8dc116ededd481f2f425f41cddf221f	PY_MODULE_26d35b2196b998f00bc6fe14819c7c1e	PY_BINDING_28faac723d012a977ffffa9d286c0c09	LOAD	false		false	false			UNKNOWN	NONE	NONE	SERVICE_VERSION_00000000000000000000000000000000	PY_EXPRESSION_c4069881725e1ba82251a82c5dd3408e
LITERAL	RETURN_VALUE	RETURN_VALUE	METHOD	PY_TYPE_9deedaea90d20e656e8c801aca75c5ee	PY_METHOD_ef374dadf3ccf3021c147e64b29396be		0	0	BOOLEAN	False	NONE	NONE		UNKNOWN				false	0	35	19	35	24	PY_SCOPE_b8dc116ededd481f2f425f41cddf221f	PY_MODULE_26d35b2196b998f00bc6fe14819c7c1e		LOAD	false		false	false		bool	BUILTIN_SCALAR	LITERAL	CERTAIN	SERVICE_VERSION_00000000000000000000000000000000	PY_EXPRESSION_fb62fb4a201d7ac146f81c8268f78396
LITERAL	RETURN_VALUE	RETURN_VALUE	METHOD	PY_TYPE_9deedaea90d20e656e8c801aca75c5ee	PY_METHOD_ef374dadf3ccf3021c147e64b29396be		0	0	BOOLEAN	True	NONE	NONE		UNKNOWN				false	1	36	15	36	19	PY_SCOPE_b8dc116ededd481f2f425f41cddf221f	PY_MODULE_26d35b2196b998f00bc6fe14819c7c1e		LOAD	false		false	false		bool	BUILTIN_SCALAR	LITERAL	CERTAIN	SERVICE_VERSION_00000000000000000000000000000000	PY_EXPRESSION_c2327197fb11e8261e252bdf7380a2bd
SUBSCRIPT	ANNOTATION	ANNOTATION	METHOD	PY_TYPE_9deedaea90d20e656e8c801aca75c5ee	PY_METHOD_1e8f6ed75d03a6540fb8046c56e26610		0	0			NONE	NONE		UNKNOWN				false		38	29	38	54	PY_SCOPE_0c25c7fd07b5354c42f71ff4d7c1e384	PY_MODULE_26d35b2196b998f00bc6fe14819c7c1e		LOAD	false		false	false			UNKNOWN	NONE	NONE	SERVICE_VERSION_00000000000000000000000000000000	PY_EXPRESSION_d43bdae518cda706f82cfc958a01a29e
NAME_REFERENCE	SUBSCRIPT_OBJECT	ANNOTATION	METHOD	PY_TYPE_9deedaea90d20e656e8c801aca75c5ee	PY_METHOD_1e8f6ed75d03a6540fb8046c56e26610	PY_EXPRESSION_d43bdae518cda706f82cfc958a01a29e	0	1		Optional	NONE	NONE		UNKNOWN				false		38	29	38	37	PY_SCOPE_0c25c7fd07b5354c42f71ff4d7c1e384	PY_MODULE_26d35b2196b998f00bc6fe14819c7c1e	PY_BINDING_c45c3dd9d347218dcbba90b64163742d	LOAD	false		false	false			UNKNOWN	NONE	NONE	SERVICE_VERSION_00000000000000000000000000000000	PY_EXPRESSION_caee5bbf5cebbe8b8a39420a0d51b9ac
NAME_REFERENCE	SUBSCRIPT_INDEX	ANNOTATION	METHOD	PY_TYPE_9deedaea90d20e656e8c801aca75c5ee	PY_METHOD_1e8f6ed75d03a6540fb8046c56e26610	PY_EXPRESSION_d43bdae518cda706f82cfc958a01a29e	1	1		ValidationError	NONE	NONE		TYPE	PY_TYPE_954bd0ecfee39ac0c063e703d356e3a5			false		38	38	38	53	PY_SCOPE_0c25c7fd07b5354c42f71ff4d7c1e384	PY_MODULE_26d35b2196b998f00bc6fe14819c7c1e	PY_BINDING_0f99dab6702b731afb1776c374200c64	LOAD	false		false	false			UNKNOWN	NONE	NONE	SERVICE_VERSION_00000000000000000000000000000000	PY_EXPRESSION_4762d12134ac3b1c3a71a3fef3f0f81c
UNARY_OPERATION	CONDITION	IF_CONDITION	METHOD	PY_TYPE_9deedaea90d20e656e8c801aca75c5ee	PY_METHOD_6cc51de6adf0eda0911df3654fc37b80		0	0			NONE	PREFIX	not	UNKNOWN				false		39	11	39	26	PY_SCOPE_32447883d03e473da8aa9cee3429d1dc	PY_MODULE_26d35b2196b998f00bc6fe14819c7c1e		LOAD	false		false	false			UNKNOWN	NONE	NONE	SERVICE_VERSION_00000000000000000000000000000000	PY_EXPRESSION_513ce8b7ab76a843d9ff8df1f7e638cc
ATTRIBUTE_ACCESS	UNARY_OPERAND	IF_CONDITION	METHOD	PY_TYPE_9deedaea90d20e656e8c801aca75c5ee	PY_METHOD_6cc51de6adf0eda0911df3654fc37b80	PY_EXPRESSION_513ce8b7ab76a843d9ff8df1f7e638cc	0	1		errors	NONE	NONE		FIELD	PY_FIELD_a37c40e4ac03a77b2f77318ee54ed7f0			false		39	15	39	26	PY_SCOPE_32447883d03e473da8aa9cee3429d1dc	PY_MODULE_26d35b2196b998f00bc6fe14819c7c1e		LOAD	false		false	false	self.errors		UNKNOWN	NONE	NONE	SERVICE_VERSION_00000000000000000000000000000000	PY_EXPRESSION_2b142114b795fc39b241219400949d72
SELF_REFERENCE	ATTRIBUTE_OBJECT	IF_CONDITION	METHOD	PY_TYPE_9deedaea90d20e656e8c801aca75c5ee	PY_METHOD_6cc51de6adf0eda0911df3654fc37b80	PY_EXPRESSION_2b142114b795fc39b241219400949d72	0	2		self	NONE	NONE		SELF				false		39	15	39	19	PY_SCOPE_32447883d03e473da8aa9cee3429d1dc	PY_MODULE_26d35b2196b998f00bc6fe14819c7c1e	PY_BINDING_801a6a6f40bdb4c9ecdafc10b9019e95	LOAD	false		false	false			UNKNOWN	NONE	NONE	SERVICE_VERSION_00000000000000000000000000000000	PY_EXPRESSION_38e5526b702f5a3d82d10835f071432d
LITERAL	RETURN_VALUE	RETURN_VALUE	METHOD	PY_TYPE_9deedaea90d20e656e8c801aca75c5ee	PY_METHOD_6cc51de6adf0eda0911df3654fc37b80		0	0	NONE	None	NONE	NONE		UNKNOWN				false	0	40	19	40	23	PY_SCOPE_32447883d03e473da8aa9cee3429d1dc	PY_MODULE_26d35b2196b998f00bc6fe14819c7c1e		LOAD	false		false	false		None	NONE_TYPE	LITERAL	CERTAIN	SERVICE_VERSION_00000000000000000000000000000000	PY_EXPRESSION_86ce04337f49beb0d17992ec5f82c03c
SUBSCRIPT	RETURN_VALUE	RETURN_VALUE	METHOD	PY_TYPE_9deedaea90d20e656e8c801aca75c5ee	PY_METHOD_6cc51de6adf0eda0911df3654fc37b80		0	0			NONE	NONE		UNKNOWN				false	1	41	15	41	29	PY_SCOPE_32447883d03e473da8aa9cee3429d1dc	PY_MODULE_26d35b2196b998f00bc6fe14819c7c1e		LOAD	false		false	false			UNKNOWN	NONE	NONE	SERVICE_VERSION_00000000000000000000000000000000	PY_EXPRESSION_a9140174806c3a838a3a9ead9ab304c9
ATTRIBUTE_ACCESS	SUBSCRIPT_OBJECT	RETURN_VALUE	METHOD	PY_TYPE_9deedaea90d20e656e8c801aca75c5ee	PY_METHOD_6cc51de6adf0eda0911df3654fc37b80	PY_EXPRESSION_a9140174806c3a838a3a9ead9ab304c9	0	1		errors	NONE	NONE		FIELD	PY_FIELD_a37c40e4ac03a77b2f77318ee54ed7f0			false	1	41	15	41	26	PY_SCOPE_32447883d03e473da8aa9cee3429d1dc	PY_MODULE_26d35b2196b998f00bc6fe14819c7c1e		LOAD	false		false	false	self.errors		UNKNOWN	NONE	NONE	SERVICE_VERSION_00000000000000000000000000000000	PY_EXPRESSION_f270e2d3fef110c9c78f7304f57b22ed
LITERAL	SUBSCRIPT_INDEX	RETURN_VALUE	METHOD	PY_TYPE_9deedaea90d20e656e8c801aca75c5ee	PY_METHOD_6cc51de6adf0eda0911df3654fc37b80	PY_EXPRESSION_a9140174806c3a838a3a9ead9ab304c9	1	1	INTEGER	0	NONE	NONE		UNKNOWN				false	1	41	27	41	28	PY_SCOPE_32447883d03e473da8aa9cee3429d1dc	PY_MODULE_26d35b2196b998f00bc6fe14819c7c1e		LOAD	false		false	false		int	BUILTIN_SCALAR	LITERAL	CERTAIN	SERVICE_VERSION_00000000000000000000000000000000	PY_EXPRESSION_f386e9ccae03d4370d06d48ad00a4f4e
SELF_REFERENCE	ATTRIBUTE_OBJECT	RETURN_VALUE	METHOD	PY_TYPE_9deedaea90d20e656e8c801aca75c5ee	PY_METHOD_6cc51de6adf0eda0911df3654fc37b80	PY_EXPRESSION_f270e2d3fef110c9c78f7304f57b22ed	0	2		self	NONE	NONE		SELF				false	1	41	15	41	19	PY_SCOPE_32447883d03e473da8aa9cee3429d1dc	PY_MODULE_26d35b2196b998f00bc6fe14819c7c1e	PY_BINDING_801a6a6f40bdb4c9ecdafc10b9019e95	LOAD	false		false	false			UNKNOWN	NONE	NONE	SERVICE_VERSION_00000000000000000000000000000000	PY_EXPRESSION_4273a12f17936d602c123cd9185e027b
LITERAL	DEFAULT_VALUE	DEFAULT_VALUE	METHOD	PY_TYPE_dff12876742058f9582b3f3848aa5392	PY_METHOD_e3a5ca982cbef6c812ab1b5d59760aec		1	0	NONE	None	NONE	NONE		UNKNOWN				false		45	30	45	34	PY_SCOPE_d340d2d0dceeb5567668aba983c3e9cc	PY_MODULE_26d35b2196b998f00bc6fe14819c7c1e		LOAD	false		false	false		None	NONE_TYPE	LITERAL	CERTAIN	SERVICE_VERSION_00000000000000000000000000000000	PY_EXPRESSION_c0962491f4daf74be4f051fa870be7c6
ASSIGNMENT	ROOT	ASSIGNMENT_VALUE	METHOD	PY_TYPE_dff12876742058f9582b3f3848aa5392	PY_METHOD_abfce174106901a960c915c66b87a856		0	0			NONE	NONE		UNKNOWN				false		46	8	46	64	PY_SCOPE_e73af448557437e203c63e4d64f611f8	PY_MODULE_26d35b2196b998f00bc6fe14819c7c1e		LOAD	false		false	false			UNKNOWN	NONE	NONE	SERVICE_VERSION_00000000000000000000000000000000	PY_EXPRESSION_fcc9783d0c6143d1523b6cfcd2d84214
CONDITIONAL_EXPRESSION	ASSIGNMENT_VALUE	ASSIGNMENT_VALUE	METHOD	PY_TYPE_dff12876742058f9582b3f3848aa5392	PY_METHOD_abfce174106901a960c915c66b87a856	PY_EXPRESSION_fcc9783d0c6143d1523b6cfcd2d84214	0	1			NONE	NONE		UNKNOWN				false		46	22	46	64	PY_SCOPE_e73af448557437e203c63e4d64f611f8	PY_MODULE_26d35b2196b998f00bc6fe14819c7c1e		LOAD	false		false	false			UNKNOWN	NONE	NONE	SERVICE_VERSION_00000000000000000000000000000000	PY_EXPRESSION_bd094453f5f91842f58d7425340e35a5
ATTRIBUTE_ACCESS	ASSIGNMENT_TARGET	ASSIGNMENT_TARGET	METHOD	PY_TYPE_dff12876742058f9582b3f3848aa5392	PY_METHOD_abfce174106901a960c915c66b87a856	PY_EXPRESSION_fcc9783d0c6143d1523b6cfcd2d84214	0	1		ledger	NONE	NONE		FIELD	PY_FIELD_e2ca0aa1879fcd8b6cce6dddbd0e3176			false		46	8	46	19	PY_SCOPE_e73af448557437e203c63e4d64f611f8	PY_MODULE_26d35b2196b998f00bc6fe14819c7c1e		STORE	true		false	false	self.ledger		UNKNOWN	NONE	NONE	SERVICE_VERSION_00000000000000000000000000000000	PY_EXPRESSION_517b1bb9a17610c48ce3df00c6dbb1cb
NAME_REFERENCE	BODY	ASSIGNMENT_VALUE	METHOD	PY_TYPE_dff12876742058f9582b3f3848aa5392	PY_METHOD_abfce174106901a960c915c66b87a856	PY_EXPRESSION_bd094453f5f91842f58d7425340e35a5	0	2		ledger	NONE	NONE		UNKNOWN				false		46	22	46	28	PY_SCOPE_e73af448557437e203c63e4d64f611f8	PY_MODULE_26d35b2196b998f00bc6fe14819c7c1e	PY_BINDING_d9a9f4aa68edcf2b0050478f1026d609	LOAD	false		false	false			UNKNOWN	NONE	NONE	SERVICE_VERSION_00000000000000000000000000000000	PY_EXPRESSION_cd3a294dfe76f32c54ec2d3022a3efd6
COMPARISON	CONDITION	ASSIGNMENT_VALUE	METHOD	PY_TYPE_dff12876742058f9582b3f3848aa5392	PY_METHOD_abfce174106901a960c915c66b87a856	PY_EXPRESSION_bd094453f5f91842f58d7425340e35a5	1	2			NONE	NONE	is not	UNKNOWN				false		46	32	46	50	PY_SCOPE_e73af448557437e203c63e4d64f611f8	PY_MODULE_26d35b2196b998f00bc6fe14819c7c1e		LOAD	false		false	false			UNKNOWN	NONE	NONE	SERVICE_VERSION_00000000000000000000000000000000	PY_EXPRESSION_e1597c09924c1ec5c229584d2f052945
CALL	ORELSE	ASSIGNMENT_VALUE	METHOD	PY_TYPE_dff12876742058f9582b3f3848aa5392	PY_METHOD_abfce174106901a960c915c66b87a856	PY_EXPRESSION_bd094453f5f91842f58d7425340e35a5	2	2		Ledger	NONE	NONE		UNKNOWN				false		46	56	46	64	PY_SCOPE_e73af448557437e203c63e4d64f611f8	PY_MODULE_26d35b2196b998f00bc6fe14819c7c1e		LOAD	false		false	false	Ledger		UNKNOWN	NONE	NONE	SERVICE_VERSION_00000000000000000000000000000000	PY_EXPRESSION_26ac5de676fc199034979a44792ad674
SELF_REFERENCE	ATTRIBUTE_OBJECT	ASSIGNMENT_TARGET	METHOD	PY_TYPE_dff12876742058f9582b3f3848aa5392	PY_METHOD_abfce174106901a960c915c66b87a856	PY_EXPRESSION_517b1bb9a17610c48ce3df00c6dbb1cb	0	2		self	NONE	NONE		SELF				false		46	8	46	12	PY_SCOPE_e73af448557437e203c63e4d64f611f8	PY_MODULE_26d35b2196b998f00bc6fe14819c7c1e	PY_BINDING_e14e1c1293935b3bfd30225decd7ff5c	LOAD	false		false	false			UNKNOWN	NONE	NONE	SERVICE_VERSION_00000000000000000000000000000000	PY_EXPRESSION_b8364e59e094662bc043399a108f1469
NAME_REFERENCE	OPERAND_LEFT	ASSIGNMENT_VALUE	METHOD	PY_TYPE_dff12876742058f9582b3f3848aa5392	PY_METHOD_abfce174106901a960c915c66b87a856	PY_EXPRESSION_e1597c09924c1ec5c229584d2f052945	0	3		ledger	NONE	NONE		UNKNOWN				false		46	32	46	38	PY_SCOPE_e73af448557437e203c63e4d64f611f8	PY_MODULE_26d35b2196b998f00bc6fe14819c7c1e	PY_BINDING_d9a9f4aa68edcf2b0050478f1026d609	LOAD	false		false	false			UNKNOWN	NONE	NONE	SERVICE_VERSION_00000000000000000000000000000000	PY_EXPRESSION_1710ca2b16c83eadabd6d08fc17095c9
LITERAL	OPERAND_RIGHT	ASSIGNMENT_VALUE	METHOD	PY_TYPE_dff12876742058f9582b3f3848aa5392	PY_METHOD_abfce174106901a960c915c66b87a856	PY_EXPRESSION_e1597c09924c1ec5c229584d2f052945	1	3	NONE	None	NONE	NONE		UNKNOWN				false		46	46	46	50	PY_SCOPE_e73af448557437e203c63e4d64f611f8	PY_MODULE_26d35b2196b998f00bc6fe14819c7c1e		LOAD	false		false	false		None	NONE_TYPE	LITERAL	CERTAIN	SERVICE_VERSION_00000000000000000000000000000000	PY_EXPRESSION_b1a785ac562a0b77fa4fd0a8760186aa
NAME_REFERENCE	CALLEE	ASSIGNMENT_VALUE	METHOD	PY_TYPE_dff12876742058f9582b3f3848aa5392	PY_METHOD_abfce174106901a960c915c66b87a856	PY_EXPRESSION_26ac5de676fc199034979a44792ad674	0	3		Ledger	NONE	NONE		TYPE	PY_TYPE_65c006b7dc1da8d5b431a90353733207			false		46	56	46	62	PY_SCOPE_e73af448557437e203c63e4d64f611f8	PY_MODULE_26d35b2196b998f00bc6fe14819c7c1e	PY_BINDING_34925dba2cd0a8f80acf09ae916faa61	LOAD	false		false	false			UNKNOWN	NONE	NONE	SERVICE_VERSION_00000000000000000000000000000000	PY_EXPRESSION_14f23d2031c6183632d15e21aa6493a6
ASSIGNMENT	ROOT	ASSIGNMENT_VALUE	METHOD	PY_TYPE_dff12876742058f9582b3f3848aa5392	PY_METHOD_abfce174106901a960c915c66b87a856		0	0			NONE	NONE		UNKNOWN				false		47	8	47	43	PY_SCOPE_e73af448557437e203c63e4d64f611f8	PY_MODULE_26d35b2196b998f00bc6fe14819c7c1e		LOAD	false		false	false			UNKNOWN	NONE	NONE	SERVICE_VERSION_00000000000000000000000000000000	PY_EXPRESSION_a11ef7e8a13b08d56cd08df90fef1beb
CALL	ASSIGNMENT_VALUE	ASSIGNMENT_VALUE	METHOD	PY_TYPE_dff12876742058f9582b3f3848aa5392	PY_METHOD_abfce174106901a960c915c66b87a856	PY_EXPRESSION_a11ef7e8a13b08d56cd08df90fef1beb	0	1		AccountValidator	NONE	NONE		UNKNOWN				false		47	25	47	43	PY_SCOPE_e73af448557437e203c63e4d64f611f8	PY_MODULE_26d35b2196b998f00bc6fe14819c7c1e		LOAD	false		false	false	AccountValidator		UNKNOWN	NONE	NONE	SERVICE_VERSION_00000000000000000000000000000000	PY_EXPRESSION_d8718ba90355f4853efd05434c421ddc
ATTRIBUTE_ACCESS	ASSIGNMENT_TARGET	ASSIGNMENT_TARGET	METHOD	PY_TYPE_dff12876742058f9582b3f3848aa5392	PY_METHOD_abfce174106901a960c915c66b87a856	PY_EXPRESSION_a11ef7e8a13b08d56cd08df90fef1beb	0	1		validator	NONE	NONE		FIELD	PY_FIELD_50c11b3c186cfd3cd9b11c4b7a6b4f9f			false		47	8	47	22	PY_SCOPE_e73af448557437e203c63e4d64f611f8	PY_MODULE_26d35b2196b998f00bc6fe14819c7c1e		STORE	true		false	false	self.validator		UNKNOWN	NONE	NONE	SERVICE_VERSION_00000000000000000000000000000000	PY_EXPRESSION_b33b626e90e6f18538e642fda88607c3
NAME_REFERENCE	CALLEE	ASSIGNMENT_VALUE	METHOD	PY_TYPE_dff12876742058f9582b3f3848aa5392	PY_METHOD_abfce174106901a960c915c66b87a856	PY_EXPRESSION_d8718ba90355f4853efd05434c421ddc	0	2		AccountValidator	NONE	NONE		TYPE	PY_TYPE_9deedaea90d20e656e8c801aca75c5ee			false		47	25	47	41	PY_SCOPE_e73af448557437e203c63e4d64f611f8	PY_MODULE_26d35b2196b998f00bc6fe14819c7c1e	PY_BINDING_48aabdde376037874a66760f33b8cc4c	LOAD	false		false	false			UNKNOWN	NONE	NONE	SERVICE_VERSION_00000000000000000000000000000000	PY_EXPRESSION_3ce3a0d3277aad5bcf8639c7cdc40c9e
SELF_REFERENCE	ATTRIBUTE_OBJECT	ASSIGNMENT_TARGET	METHOD	PY_TYPE_dff12876742058f9582b3f3848aa5392	PY_METHOD_abfce174106901a960c915c66b87a856	PY_EXPRESSION_b33b626e90e6f18538e642fda88607c3	0	2		self	NONE	NONE		SELF				false		47	8	47	12	PY_SCOPE_e73af448557437e203c63e4d64f611f8	PY_MODULE_26d35b2196b998f00bc6fe14819c7c1e	PY_BINDING_e14e1c1293935b3bfd30225decd7ff5c	LOAD	false		false	false			UNKNOWN	NONE	NONE	SERVICE_VERSION_00000000000000000000000000000000	PY_EXPRESSION_fd15a10cb842a6e7799cc5252a1df322
ASSIGNMENT	ROOT	ASSIGNMENT_VALUE	METHOD	PY_TYPE_dff12876742058f9582b3f3848aa5392	PY_METHOD_abfce174106901a960c915c66b87a856		0	0			NONE	NONE		UNKNOWN				false		48	8	48	26	PY_SCOPE_e73af448557437e203c63e4d64f611f8	PY_MODULE_26d35b2196b998f00bc6fe14819c7c1e		LOAD	false		false	false			UNKNOWN	NONE	NONE	SERVICE_VERSION_00000000000000000000000000000000	PY_EXPRESSION_3d0df02f008a41c479cb4482e238584c
LITERAL	ASSIGNMENT_VALUE	ASSIGNMENT_VALUE	METHOD	PY_TYPE_dff12876742058f9582b3f3848aa5392	PY_METHOD_abfce174106901a960c915c66b87a856	PY_EXPRESSION_3d0df02f008a41c479cb4482e238584c	0	1	INTEGER	0	NONE	NONE		UNKNOWN				false		48	25	48	26	PY_SCOPE_e73af448557437e203c63e4d64f611f8	PY_MODULE_26d35b2196b998f00bc6fe14819c7c1e		LOAD	false		false	false		int	BUILTIN_SCALAR	LITERAL	CERTAIN	SERVICE_VERSION_00000000000000000000000000000000	PY_EXPRESSION_217c29a09d9c4d95fcc1743f942ac6ca
ATTRIBUTE_ACCESS	ASSIGNMENT_TARGET	ASSIGNMENT_TARGET	METHOD	PY_TYPE_dff12876742058f9582b3f3848aa5392	PY_METHOD_abfce174106901a960c915c66b87a856	PY_EXPRESSION_3d0df02f008a41c479cb4482e238584c	0	1		completed	NONE	NONE		FIELD	PY_FIELD_3856f82bca2e60b70ea23bea11d99100			false		48	8	48	22	PY_SCOPE_e73af448557437e203c63e4d64f611f8	PY_MODULE_26d35b2196b998f00bc6fe14819c7c1e		STORE	true		false	false	self.completed		UNKNOWN	NONE	NONE	SERVICE_VERSION_00000000000000000000000000000000	PY_EXPRESSION_52e633cc355d65756947083518513e5d
SELF_REFERENCE	ATTRIBUTE_OBJECT	ASSIGNMENT_TARGET	METHOD	PY_TYPE_dff12876742058f9582b3f3848aa5392	PY_METHOD_abfce174106901a960c915c66b87a856	PY_EXPRESSION_52e633cc355d65756947083518513e5d	0	2		self	NONE	NONE		SELF				false		48	8	48	12	PY_SCOPE_e73af448557437e203c63e4d64f611f8	PY_MODULE_26d35b2196b998f00bc6fe14819c7c1e	PY_BINDING_e14e1c1293935b3bfd30225decd7ff5c	LOAD	false		false	false			UNKNOWN	NONE	NONE	SERVICE_VERSION_00000000000000000000000000000000	PY_EXPRESSION_2d2902abecfc2036948727392b6b26eb
CALL	ROOT	EXPRESSION_STATEMENT	METHOD	PY_TYPE_dff12876742058f9582b3f3848aa5392	PY_METHOD_a4f44c51e1252db01cd41953f6bb0547		0	0		info	NONE	NONE		UNKNOWN				false		52	8	52	68	PY_SCOPE_561cdeb2fe19353f11635cfffed51367	PY_MODULE_26d35b2196b998f00bc6fe14819c7c1e		LOAD	false		false	false	logger.info		UNKNOWN	NONE	NONE	SERVICE_VERSION_00000000000000000000000000000000	PY_EXPRESSION_29997158b1171f7fd4a5f4f6319c263a
ATTRIBUTE_ACCESS	RECEIVER	EXPRESSION_STATEMENT	METHOD	PY_TYPE_dff12876742058f9582b3f3848aa5392	PY_METHOD_a4f44c51e1252db01cd41953f6bb0547	PY_EXPRESSION_29997158b1171f7fd4a5f4f6319c263a	0	1		info	NONE	NONE		UNKNOWN				false		52	8	52	19	PY_SCOPE_561cdeb2fe19353f11635cfffed51367	PY_MODULE_26d35b2196b998f00bc6fe14819c7c1e		LOAD	false		false	false	logger.info		UNKNOWN	NONE	NONE	SERVICE_VERSION_00000000000000000000000000000000	PY_EXPRESSION_a453faaa17a622e730c7b49bd93c97c6
LITERAL	ARGUMENT	EXPRESSION_STATEMENT	METHOD	PY_TYPE_dff12876742058f9582b3f3848aa5392	PY_METHOD_a4f44c51e1252db01cd41953f6bb0547	PY_EXPRESSION_29997158b1171f7fd4a5f4f6319c263a	0	1	STRING	transfer %s -> %s	NONE	NONE		UNKNOWN				false		52	20	52	39	PY_SCOPE_561cdeb2fe19353f11635cfffed51367	PY_MODULE_26d35b2196b998f00bc6fe14819c7c1e		LOAD	false		false	false		str	BUILTIN_SCALAR	LITERAL	CERTAIN	SERVICE_VERSION_00000000000000000000000000000000	PY_EXPRESSION_f757a139c6c98c751476a7cce22949eb
NAME_REFERENCE	ARGUMENT	EXPRESSION_STATEMENT	METHOD	PY_TYPE_dff12876742058f9582b3f3848aa5392	PY_METHOD_a4f44c51e1252db01cd41953f6bb0547	PY_EXPRESSION_29997158b1171f7fd4a5f4f6319c263a	1	1		source_owner	NONE	NONE		UNKNOWN				false		52	41	52	53	PY_SCOPE_561cdeb2fe19353f11635cfffed51367	PY_MODULE_26d35b2196b998f00bc6fe14819c7c1e	PY_BINDING_064634200bd313b04c90673df719dff8	LOAD	false		false	false			UNKNOWN	NONE	NONE	SERVICE_VERSION_00000000000000000000000000000000	PY_EXPRESSION_8c01cd3b6b32a2b1fdbebc2911268865
NAME_REFERENCE	ARGUMENT	EXPRESSION_STATEMENT	METHOD	PY_TYPE_dff12876742058f9582b3f3848aa5392	PY_METHOD_a4f44c51e1252db01cd41953f6bb0547	PY_EXPRESSION_29997158b1171f7fd4a5f4f6319c263a	2	1		target_owner	NONE	NONE		UNKNOWN				false		52	55	52	67	PY_SCOPE_561cdeb2fe19353f11635cfffed51367	PY_MODULE_26d35b2196b998f00bc6fe14819c7c1e	PY_BINDING_67b661a1d73a7bdcac71fcbdd5fa77bd	LOAD	false		false	false			UNKNOWN	NONE	NONE	SERVICE_VERSION_00000000000000000000000000000000	PY_EXPRESSION_41f79de2049760e57da8b3b203ee41dc
NAME_REFERENCE	ATTRIBUTE_OBJECT	EXPRESSION_STATEMENT	METHOD	PY_TYPE_dff12876742058f9582b3f3848aa5392	PY_METHOD_a4f44c51e1252db01cd41953f6bb0547	PY_EXPRESSION_a453faaa17a622e730c7b49bd93c97c6	0	2		logger	NONE	NONE		UNKNOWN				false		52	8	52	14	PY_SCOPE_561cdeb2fe19353f11635cfffed51367	PY_MODULE_26d35b2196b998f00bc6fe14819c7c1e	PY_BINDING_8b01d3e640d440ba63fd79def484772f	LOAD	false		false	false			UNKNOWN	NONE	NONE	SERVICE_VERSION_00000000000000000000000000000000	PY_EXPRESSION_47710d741a21551aa6e8e7bb531fe27b
ASSIGNMENT	ROOT	ASSIGNMENT_VALUE	METHOD	PY_TYPE_dff12876742058f9582b3f3848aa5392	PY_METHOD_a4f44c51e1252db01cd41953f6bb0547		0	0			NONE	NONE		UNKNOWN				false		55	8	55	43	PY_SCOPE_561cdeb2fe19353f11635cfffed51367	PY_MODULE_26d35b2196b998f00bc6fe14819c7c1e		LOAD	false		false	false			UNKNOWN	NONE	NONE	SERVICE_VERSION_00000000000000000000000000000000	PY_EXPRESSION_7c1ae045684b45d45d29c5fb03475eec
CALL	ASSIGNMENT_VALUE	ASSIGNMENT_VALUE	METHOD	PY_TYPE_dff12876742058f9582b3f3848aa5392	PY_METHOD_a4f44c51e1252db01cd41953f6bb0547	PY_EXPRESSION_7c1ae045684b45d45d29c5fb03475eec	0	1		find_account	NONE	NONE		UNKNOWN				false		55	17	55	43	PY_SCOPE_561cdeb2fe19353f11635cfffed51367	PY_MODULE_26d35b2196b998f00bc6fe14819c7c1e		LOAD	false		false	false	find_account		UNKNOWN	NONE	NONE	SERVICE_VERSION_00000000000000000000000000000000	PY_EXPRESSION_c537ceae5e91a37db734e2d14e69584c
NAME_REFERENCE	ASSIGNMENT_TARGET	ASSIGNMENT_TARGET	METHOD	PY_TYPE_dff12876742058f9582b3f3848aa5392	PY_METHOD_a4f44c51e1252db01cd41953f6bb0547	PY_EXPRESSION_7c1ae045684b45d45d29c5fb03475eec	0	1		source	NONE	NONE		UNKNOWN				false		55	8	55	14	PY_SCOPE_561cdeb2fe19353f11635cfffed51367	PY_MODULE_26d35b2196b998f00bc6fe14819c7c1e	PY_BINDING_a7b2e6896dbb4101fd88701ecef94ac1	STORE	true		false	false			UNKNOWN	NONE	NONE	SERVICE_VERSION_00000000000000000000000000000000	PY_EXPRESSION_63b88cf32dfdd9bb7c17ccb75747a315
NAME_REFERENCE	CALLEE	ASSIGNMENT_VALUE	METHOD	PY_TYPE_dff12876742058f9582b3f3848aa5392	PY_METHOD_a4f44c51e1252db01cd41953f6bb0547	PY_EXPRESSION_c537ceae5e91a37db734e2d14e69584c	0	2		find_account	NONE	NONE		METHOD	PY_METHOD_499d987a935671c184ee14ca08435562			false		55	17	55	29	PY_SCOPE_561cdeb2fe19353f11635cfffed51367	PY_MODULE_26d35b2196b998f00bc6fe14819c7c1e	PY_BINDING_6166ae660094e07282c4cdfe19c50889	LOAD	false		false	false			UNKNOWN	NONE	NONE	SERVICE_VERSION_00000000000000000000000000000000	PY_EXPRESSION_544dc3ae3498860ae59d38556157a160
NAME_REFERENCE	ARGUMENT	ASSIGNMENT_VALUE	METHOD	PY_TYPE_dff12876742058f9582b3f3848aa5392	PY_METHOD_a4f44c51e1252db01cd41953f6bb0547	PY_EXPRESSION_c537ceae5e91a37db734e2d14e69584c	0	2		source_owner	NONE	NONE		UNKNOWN				false		55	30	55	42	PY_SCOPE_561cdeb2fe19353f11635cfffed51367	PY_MODULE_26d35b2196b998f00bc6fe14819c7c1e	PY_BINDING_064634200bd313b04c90673df719dff8	LOAD	false		false	false			UNKNOWN	NONE	NONE	SERVICE_VERSION_00000000000000000000000000000000	PY_EXPRESSION_89de860e7aa95f7b72579cab5f22eed8
ASSIGNMENT	ROOT	ASSIGNMENT_VALUE	METHOD	PY_TYPE_dff12876742058f9582b3f3848aa5392	PY_METHOD_a4f44c51e1252db01cd41953f6bb0547		0	0			NONE	NONE		UNKNOWN				false		56	8	56	43	PY_SCOPE_561cdeb2fe19353f11635cfffed51367	PY_MODULE_26d35b2196b998f00bc6fe14819c7c1e		LOAD	false		false	false			UNKNOWN	NONE	NONE	SERVICE_VERSION_00000000000000000000000000000000	PY_EXPRESSION_d0967168be47552273de874f62220fc4
CALL	ASSIGNMENT_VALUE	ASSIGNMENT_VALUE	METHOD	PY_TYPE_dff12876742058f9582b3f3848aa5392	PY_METHOD_a4f44c51e1252db01cd41953f6bb0547	PY_EXPRESSION_d0967168be47552273de874f62220fc4	0	1		find_account	NONE	NONE		UNKNOWN				false		56	17	56	43	PY_SCOPE_561cdeb2fe19353f11635cfffed51367	PY_MODULE_26d35b2196b998f00bc6fe14819c7c1e		LOAD	false		false	false	find_account		UNKNOWN	NONE	NONE	SERVICE_VERSION_00000000000000000000000000000000	PY_EXPRESSION_51d02786b506898408350f4f450eae81
NAME_REFERENCE	ASSIGNMENT_TARGET	ASSIGNMENT_TARGET	METHOD	PY_TYPE_dff12876742058f9582b3f3848aa5392	PY_METHOD_a4f44c51e1252db01cd41953f6bb0547	PY_EXPRESSION_d0967168be47552273de874f62220fc4	0	1		target	NONE	NONE		UNKNOWN				false		56	8	56	14	PY_SCOPE_561cdeb2fe19353f11635cfffed51367	PY_MODULE_26d35b2196b998f00bc6fe14819c7c1e	PY_BINDING_03ade7eff4d7078d90840f85fa4f00b9	STORE	true		false	false			UNKNOWN	NONE	NONE	SERVICE_VERSION_00000000000000000000000000000000	PY_EXPRESSION_cd5ca216aafc08d01cda7bb858258e42
NAME_REFERENCE	CALLEE	ASSIGNMENT_VALUE	METHOD	PY_TYPE_dff12876742058f9582b3f3848aa5392	PY_METHOD_a4f44c51e1252db01cd41953f6bb0547	PY_EXPRESSION_51d02786b506898408350f4f450eae81	0	2		find_account	NONE	NONE		METHOD	PY_METHOD_499d987a935671c184ee14ca08435562			false		56	17	56	29	PY_SCOPE_561cdeb2fe19353f11635cfffed51367	PY_MODULE_26d35b2196b998f00bc6fe14819c7c1e	PY_BINDING_6166ae660094e07282c4cdfe19c50889	LOAD	false		false	false			UNKNOWN	NONE	NONE	SERVICE_VERSION_00000000000000000000000000000000	PY_EXPRESSION_3ec457234d7438cd6447774aa07a7972
NAME_REFERENCE	ARGUMENT	ASSIGNMENT_VALUE	METHOD	PY_TYPE_dff12876742058f9582b3f3848aa5392	PY_METHOD_a4f44c51e1252db01cd41953f6bb0547	PY_EXPRESSION_51d02786b506898408350f4f450eae81	0	2		target_owner	NONE	NONE		UNKNOWN				false		56	30	56	42	PY_SCOPE_561cdeb2fe19353f11635cfffed51367	PY_MODULE_26d35b2196b998f00bc6fe14819c7c1e	PY_BINDING_67b661a1d73a7bdcac71fcbdd5fa77bd	LOAD	false		false	false			UNKNOWN	NONE	NONE	SERVICE_VERSION_00000000000000000000000000000000	PY_EXPRESSION_addf99627695b265e0ce974c5eb6b8d3
UNARY_OPERATION	CONDITION	IF_CONDITION	METHOD	PY_TYPE_dff12876742058f9582b3f3848aa5392	PY_METHOD_a4f44c51e1252db01cd41953f6bb0547		0	0			NONE	PREFIX	not	UNKNOWN				false		59	11	59	43	PY_SCOPE_561cdeb2fe19353f11635cfffed51367	PY_MODULE_26d35b2196b998f00bc6fe14819c7c1e		LOAD	false		false	false			UNKNOWN	NONE	NONE	SERVICE_VERSION_00000000000000000000000000000000	PY_EXPRESSION_568a54d909efc37bfd929049176641fb
CALL	UNARY_OPERAND	IF_CONDITION	METHOD	PY_TYPE_dff12876742058f9582b3f3848aa5392	PY_METHOD_a4f44c51e1252db01cd41953f6bb0547	PY_EXPRESSION_568a54d909efc37bfd929049176641fb	0	1		validate_amount	NONE	NONE		UNKNOWN				false		59	15	59	43	PY_SCOPE_561cdeb2fe19353f11635cfffed51367	PY_MODULE_26d35b2196b998f00bc6fe14819c7c1e		LOAD	false		false	false	self.validate_amount		UNKNOWN	NONE	NONE	SERVICE_VERSION_00000000000000000000000000000000	PY_EXPRESSION_5549a799de4bed965216428dc6ad9659
ATTRIBUTE_ACCESS	RECEIVER	IF_CONDITION	METHOD	PY_TYPE_dff12876742058f9582b3f3848aa5392	PY_METHOD_a4f44c51e1252db01cd41953f6bb0547	PY_EXPRESSION_5549a799de4bed965216428dc6ad9659	0	2		validate_amount	NONE	NONE		UNKNOWN				false		59	15	59	35	PY_SCOPE_561cdeb2fe19353f11635cfffed51367	PY_MODULE_26d35b2196b998f00bc6fe14819c7c1e		LOAD	false		false	false	self.validate_amount		UNKNOWN	NONE	NONE	SERVICE_VERSION_00000000000000000000000000000000	PY_EXPRESSION_0db0ba6ac575eff27aba65ba047587e1
NAME_REFERENCE	ARGUMENT	IF_CONDITION	METHOD	PY_TYPE_dff12876742058f9582b3f3848aa5392	PY_METHOD_a4f44c51e1252db01cd41953f6bb0547	PY_EXPRESSION_5549a799de4bed965216428dc6ad9659	0	2		amount	NONE	NONE		UNKNOWN				false		59	36	59	42	PY_SCOPE_561cdeb2fe19353f11635cfffed51367	PY_MODULE_26d35b2196b998f00bc6fe14819c7c1e	PY_BINDING_6ce2f2556e65988577a66ac513d55563	LOAD	false		false	false			UNKNOWN	NONE	NONE	SERVICE_VERSION_00000000000000000000000000000000	PY_EXPRESSION_183f18914e4c9a5ee146e6ac5ecf4cf9
SELF_REFERENCE	ATTRIBUTE_OBJECT	IF_CONDITION	METHOD	PY_TYPE_dff12876742058f9582b3f3848aa5392	PY_METHOD_a4f44c51e1252db01cd41953f6bb0547	PY_EXPRESSION_0db0ba6ac575eff27aba65ba047587e1	0	3		self	NONE	NONE		SELF				false		59	15	59	19	PY_SCOPE_561cdeb2fe19353f11635cfffed51367	PY_MODULE_26d35b2196b998f00bc6fe14819c7c1e	PY_BINDING_bcc029071369487732b1e9eccdcd7eb7	LOAD	false		false	false			UNKNOWN	NONE	NONE	SERVICE_VERSION_00000000000000000000000000000000	PY_EXPRESSION_4e0bf83f7811f28722b09e70f62adf1c
ASSIGNMENT	ROOT	ASSIGNMENT_VALUE	METHOD	PY_TYPE_dff12876742058f9582b3f3848aa5392	PY_METHOD_a4f44c51e1252db01cd41953f6bb0547		0	0			NONE	NONE		UNKNOWN				false		61	12	61	48	PY_SCOPE_561cdeb2fe19353f11635cfffed51367	PY_MODULE_26d35b2196b998f00bc6fe14819c7c1e		LOAD	false		false	false			UNKNOWN	NONE	NONE	SERVICE_VERSION_00000000000000000000000000000000	PY_EXPRESSION_c8a0c9baf1ca539451656bceb7e46bfd
CALL	ASSIGNMENT_VALUE	ASSIGNMENT_VALUE	METHOD	PY_TYPE_dff12876742058f9582b3f3848aa5392	PY_METHOD_a4f44c51e1252db01cd41953f6bb0547	PY_EXPRESSION_c8a0c9baf1ca539451656bceb7e46bfd	0	1		first_error	NONE	NONE		UNKNOWN				false		61	20	61	48	PY_SCOPE_561cdeb2fe19353f11635cfffed51367	PY_MODULE_26d35b2196b998f00bc6fe14819c7c1e		LOAD	false		false	false	self.validator.first_error		UNKNOWN	NONE	NONE	SERVICE_VERSION_00000000000000000000000000000000	PY_EXPRESSION_188988e1a3c8cb921b10ddabef199c51
NAME_REFERENCE	ASSIGNMENT_TARGET	ASSIGNMENT_TARGET	METHOD	PY_TYPE_dff12876742058f9582b3f3848aa5392	PY_METHOD_a4f44c51e1252db01cd41953f6bb0547	PY_EXPRESSION_c8a0c9baf1ca539451656bceb7e46bfd	0	1		error	NONE	NONE		UNKNOWN				false		61	12	61	17	PY_SCOPE_561cdeb2fe19353f11635cfffed51367	PY_MODULE_26d35b2196b998f00bc6fe14819c7c1e	PY_BINDING_dbaadca53e6b978578f6894afb5cf2d7	STORE	true		false	false			UNKNOWN	NONE	NONE	SERVICE_VERSION_00000000000000000000000000000000	PY_EXPRESSION_0e09cddff03b862d0744369c71a185dc
ATTRIBUTE_ACCESS	RECEIVER	ASSIGNMENT_VALUE	METHOD	PY_TYPE_dff12876742058f9582b3f3848aa5392	PY_METHOD_a4f44c51e1252db01cd41953f6bb0547	PY_EXPRESSION_188988e1a3c8cb921b10ddabef199c51	0	2		first_error	NONE	NONE		UNKNOWN				false		61	20	61	46	PY_SCOPE_561cdeb2fe19353f11635cfffed51367	PY_MODULE_26d35b2196b998f00bc6fe14819c7c1e		LOAD	false		false	false	self.validator.first_error		UNKNOWN	NONE	NONE	SERVICE_VERSION_00000000000000000000000000000000	PY_EXPRESSION_9d0bdbacf57c4fb666d10fe2ef3b23b2
ATTRIBUTE_ACCESS	ATTRIBUTE_OBJECT	ASSIGNMENT_VALUE	METHOD	PY_TYPE_dff12876742058f9582b3f3848aa5392	PY_METHOD_a4f44c51e1252db01cd41953f6bb0547	PY_EXPRESSION_9d0bdbacf57c4fb666d10fe2ef3b23b2	0	3		validator	NONE	NONE		FIELD	PY_FIELD_50c11b3c186cfd3cd9b11c4b7a6b4f9f			false		61	20	61	34	PY_SCOPE_561cdeb2fe19353f11635cfffed51367	PY_MODULE_26d35b2196b998f00bc6fe14819c7c1e		LOAD	false		false	false	self.validator		UNKNOWN	NONE	NONE	SERVICE_VERSION_00000000000000000000000000000000	PY_EXPRESSION_bf4478f436af9bc6bd1abd76b60d96cd
SELF_REFERENCE	ATTRIBUTE_OBJECT	ASSIGNMENT_VALUE	METHOD	PY_TYPE_dff12876742058f9582b3f3848aa5392	PY_METHOD_a4f44c51e1252db01cd41953f6bb0547	PY_EXPRESSION_bf4478f436af9bc6bd1abd76b60d96cd	0	4		self	NONE	NONE		SELF				false		61	20	61	24	PY_SCOPE_561cdeb2fe19353f11635cfffed51367	PY_MODULE_26d35b2196b998f00bc6fe14819c7c1e	PY_BINDING_bcc029071369487732b1e9eccdcd7eb7	LOAD	false		false	false			UNKNOWN	NONE	NONE	SERVICE_VERSION_00000000000000000000000000000000	PY_EXPRESSION_47b25ff21fd61dfdd30b900c4ac8ee50
CONDITIONAL_EXPRESSION	RAISE_EXC	RAISE_VALUE	METHOD	PY_TYPE_dff12876742058f9582b3f3848aa5392	PY_METHOD_a4f44c51e1252db01cd41953f6bb0547		0	0			NONE	NONE		UNKNOWN				false		62	18	62	82	PY_SCOPE_561cdeb2fe19353f11635cfffed51367	PY_MODULE_26d35b2196b998f00bc6fe14819c7c1e		LOAD	false		false	false			UNKNOWN	NONE	NONE	SERVICE_VERSION_00000000000000000000000000000000	PY_EXPRESSION_8fb4325a26bcafdd15aad9a71b1f9aeb
NAME_REFERENCE	BODY	RAISE_VALUE	METHOD	PY_TYPE_dff12876742058f9582b3f3848aa5392	PY_METHOD_a4f44c51e1252db01cd41953f6bb0547	PY_EXPRESSION_8fb4325a26bcafdd15aad9a71b1f9aeb	0	1		error	NONE	NONE		UNKNOWN				false		62	18	62	23	PY_SCOPE_561cdeb2fe19353f11635cfffed51367	PY_MODULE_26d35b2196b998f00bc6fe14819c7c1e	PY_BINDING_dbaadca53e6b978578f6894afb5cf2d7	LOAD	false		false	false			UNKNOWN	NONE	NONE	SERVICE_VERSION_00000000000000000000000000000000	PY_EXPRESSION_fae3d33a04bb7a7ddf827249d339fbba
COMPARISON	CONDITION	RAISE_VALUE	METHOD	PY_TYPE_dff12876742058f9582b3f3848aa5392	PY_METHOD_a4f44c51e1252db01cd41953f6bb0547	PY_EXPRESSION_8fb4325a26bcafdd15aad9a71b1f9aeb	1	1			NONE	NONE	is not	UNKNOWN				false		62	27	62	44	PY_SCOPE_561cdeb2fe19353f11635cfffed51367	PY_MODULE_26d35b2196b998f00bc6fe14819c7c1e		LOAD	false		false	false			UNKNOWN	NONE	NONE	SERVICE_VERSION_00000000000000000000000000000000	PY_EXPRESSION_c407e1564a2c3dba1ea71ea479e91077
CALL	ORELSE	RAISE_VALUE	METHOD	PY_TYPE_dff12876742058f9582b3f3848aa5392	PY_METHOD_a4f44c51e1252db01cd41953f6bb0547	PY_EXPRESSION_8fb4325a26bcafdd15aad9a71b1f9aeb	2	1		ValidationError	NONE	NONE		UNKNOWN				false		62	50	62	82	PY_SCOPE_561cdeb2fe19353f11635cfffed51367	PY_MODULE_26d35b2196b998f00bc6fe14819c7c1e		LOAD	false		false	false	ValidationError		UNKNOWN	NONE	NONE	SERVICE_VERSION_00000000000000000000000000000000	PY_EXPRESSION_656e854575096bf52063384144c1c7ed
NAME_REFERENCE	OPERAND_LEFT	RAISE_VALUE	METHOD	PY_TYPE_dff12876742058f9582b3f3848aa5392	PY_METHOD_a4f44c51e1252db01cd41953f6bb0547	PY_EXPRESSION_c407e1564a2c3dba1ea71ea479e91077	0	2		error	NONE	NONE		UNKNOWN				false		62	27	62	32	PY_SCOPE_561cdeb2fe19353f11635cfffed51367	PY_MODULE_26d35b2196b998f00bc6fe14819c7c1e	PY_BINDING_dbaadca53e6b978578f6894afb5cf2d7	LOAD	false		false	false			UNKNOWN	NONE	NONE	SERVICE_VERSION_00000000000000000000000000000000	PY_EXPRESSION_29e9c9519013fd0dd45dd4993c735c00
LITERAL	OPERAND_RIGHT	RAISE_VALUE	METHOD	PY_TYPE_dff12876742058f9582b3f3848aa5392	PY_METHOD_a4f44c51e1252db01cd41953f6bb0547	PY_EXPRESSION_c407e1564a2c3dba1ea71ea479e91077	1	2	NONE	None	NONE	NONE		UNKNOWN				false		62	40	62	44	PY_SCOPE_561cdeb2fe19353f11635cfffed51367	PY_MODULE_26d35b2196b998f00bc6fe14819c7c1e		LOAD	false		false	false		None	NONE_TYPE	LITERAL	CERTAIN	SERVICE_VERSION_00000000000000000000000000000000	PY_EXPRESSION_084c49c51dc8d4245016bfdfb573a97d
NAME_REFERENCE	CALLEE	RAISE_VALUE	METHOD	PY_TYPE_dff12876742058f9582b3f3848aa5392	PY_METHOD_a4f44c51e1252db01cd41953f6bb0547	PY_EXPRESSION_656e854575096bf52063384144c1c7ed	0	2		ValidationError	NONE	NONE		TYPE	PY_TYPE_954bd0ecfee39ac0c063e703d356e3a5			false		62	50	62	65	PY_SCOPE_561cdeb2fe19353f11635cfffed51367	PY_MODULE_26d35b2196b998f00bc6fe14819c7c1e	PY_BINDING_ebbdb95dac3eefcb544ec06fc67ce77e	LOAD	false		false	false			UNKNOWN	NONE	NONE	SERVICE_VERSION_00000000000000000000000000000000	PY_EXPRESSION_e76fb668b458b03eef41ef83356340cc
LITERAL	ARGUMENT	RAISE_VALUE	METHOD	PY_TYPE_dff12876742058f9582b3f3848aa5392	PY_METHOD_a4f44c51e1252db01cd41953f6bb0547	PY_EXPRESSION_656e854575096bf52063384144c1c7ed	0	2	STRING	amount	NONE	NONE		UNKNOWN				false		62	66	62	74	PY_SCOPE_561cdeb2fe19353f11635cfffed51367	PY_MODULE_26d35b2196b998f00bc6fe14819c7c1e		LOAD	false		false	false		str	BUILTIN_SCALAR	LITERAL	CERTAIN	SERVICE_VERSION_00000000000000000000000000000000	PY_EXPRESSION_ac1403f776535033ad25c74600a21b96
LITERAL	ARGUMENT	RAISE_VALUE	METHOD	PY_TYPE_dff12876742058f9582b3f3848aa5392	PY_METHOD_a4f44c51e1252db01cd41953f6bb0547	PY_EXPRESSION_656e854575096bf52063384144c1c7ed	1	2	STRING	bad	NONE	NONE		UNKNOWN				false		62	76	62	81	PY_SCOPE_561cdeb2fe19353f11635cfffed51367	PY_MODULE_26d35b2196b998f00bc6fe14819c7c1e		LOAD	false		false	false		str	BUILTIN_SCALAR	LITERAL	CERTAIN	SERVICE_VERSION_00000000000000000000000000000000	PY_EXPRESSION_6f8746735c97a5df5b62e47113cfeaa0
CALL	ROOT	EXPRESSION_STATEMENT	METHOD	PY_TYPE_dff12876742058f9582b3f3848aa5392	PY_METHOD_a4f44c51e1252db01cd41953f6bb0547		0	0		balance	NONE	NONE		UNKNOWN				false		65	8	65	41	PY_SCOPE_561cdeb2fe19353f11635cfffed51367	PY_MODULE_26d35b2196b998f00bc6fe14819c7c1e		LOAD	false		false	false	balance		UNKNOWN	NONE	NONE	SERVICE_VERSION_00000000000000000000000000000000	PY_EXPRESSION_62f3980ba36c5c6ea31033b973e2488e
ATTRIBUTE_ACCESS	RECEIVER	EXPRESSION_STATEMENT	METHOD	PY_TYPE_dff12876742058f9582b3f3848aa5392	PY_METHOD_a4f44c51e1252db01cd41953f6bb0547	PY_EXPRESSION_62f3980ba36c5c6ea31033b973e2488e	0	1		balance	NONE	NONE		UNKNOWN				false		65	8	65	39	PY_SCOPE_561cdeb2fe19353f11635cfffed51367	PY_MODULE_26d35b2196b998f00bc6fe14819c7c1e		LOAD	false		false	false	balance		UNKNOWN	NONE	NONE	SERVICE_VERSION_00000000000000000000000000000000	PY_EXPRESSION_4d7d1f29c9df41c1d894482ce9c76d2b
CALL	ATTRIBUTE_OBJECT	EXPRESSION_STATEMENT	METHOD	PY_TYPE_dff12876742058f9582b3f3848aa5392	PY_METHOD_a4f44c51e1252db01cd41953f6bb0547	PY_EXPRESSION_4d7d1f29c9df41c1d894482ce9c76d2b	0	2		withdraw	NONE	NONE		UNKNOWN				false		65	8	65	31	PY_SCOPE_561cdeb2fe19353f11635cfffed51367	PY_MODULE_26d35b2196b998f00bc6fe14819c7c1e		LOAD	false		false	false	source.withdraw		UNKNOWN	NONE	NONE	SERVICE_VERSION_00000000000000000000000000000000	PY_EXPRESSION_485ec106afcbba707b04bd79c892ec8c
ATTRIBUTE_ACCESS	RECEIVER	EXPRESSION_STATEMENT	METHOD	PY_TYPE_dff12876742058f9582b3f3848aa5392	PY_METHOD_a4f44c51e1252db01cd41953f6bb0547	PY_EXPRESSION_485ec106afcbba707b04bd79c892ec8c	0	3		withdraw	NONE	NONE		UNKNOWN				false		65	8	65	23	PY_SCOPE_561cdeb2fe19353f11635cfffed51367	PY_MODULE_26d35b2196b998f00bc6fe14819c7c1e		LOAD	false		false	false	source.withdraw		UNKNOWN	NONE	NONE	SERVICE_VERSION_00000000000000000000000000000000	PY_EXPRESSION_c4811a878f846a7b7707071c976ec2a9
NAME_REFERENCE	ARGUMENT	EXPRESSION_STATEMENT	METHOD	PY_TYPE_dff12876742058f9582b3f3848aa5392	PY_METHOD_a4f44c51e1252db01cd41953f6bb0547	PY_EXPRESSION_485ec106afcbba707b04bd79c892ec8c	0	3		amount	NONE	NONE		UNKNOWN				false		65	24	65	30	PY_SCOPE_561cdeb2fe19353f11635cfffed51367	PY_MODULE_26d35b2196b998f00bc6fe14819c7c1e	PY_BINDING_6ce2f2556e65988577a66ac513d55563	LOAD	false		false	false			UNKNOWN	NONE	NONE	SERVICE_VERSION_00000000000000000000000000000000	PY_EXPRESSION_0a072e5b74b2b3912e4d90ab5ab874e5
NAME_REFERENCE	ATTRIBUTE_OBJECT	EXPRESSION_STATEMENT	METHOD	PY_TYPE_dff12876742058f9582b3f3848aa5392	PY_METHOD_a4f44c51e1252db01cd41953f6bb0547	PY_EXPRESSION_c4811a878f846a7b7707071c976ec2a9	0	4		source	NONE	NONE		UNKNOWN				false		65	8	65	14	PY_SCOPE_561cdeb2fe19353f11635cfffed51367	PY_MODULE_26d35b2196b998f00bc6fe14819c7c1e	PY_BINDING_a7b2e6896dbb4101fd88701ecef94ac1	LOAD	false		false	false			UNKNOWN	NONE	NONE	SERVICE_VERSION_00000000000000000000000000000000	PY_EXPRESSION_efcc3d4af12923b60b7ab0229ef6bd00
CALL	ROOT	EXPRESSION_STATEMENT	METHOD	PY_TYPE_dff12876742058f9582b3f3848aa5392	PY_METHOD_a4f44c51e1252db01cd41953f6bb0547		0	0		deposit	NONE	NONE		UNKNOWN				false		66	8	66	30	PY_SCOPE_561cdeb2fe19353f11635cfffed51367	PY_MODULE_26d35b2196b998f00bc6fe14819c7c1e		LOAD	false		false	false	target.deposit		UNKNOWN	NONE	NONE	SERVICE_VERSION_00000000000000000000000000000000	PY_EXPRESSION_c07651fe4f742535433c4412b02dfc2a
ATTRIBUTE_ACCESS	RECEIVER	EXPRESSION_STATEMENT	METHOD	PY_TYPE_dff12876742058f9582b3f3848aa5392	PY_METHOD_a4f44c51e1252db01cd41953f6bb0547	PY_EXPRESSION_c07651fe4f742535433c4412b02dfc2a	0	1		deposit	NONE	NONE		UNKNOWN				false		66	8	66	22	PY_SCOPE_561cdeb2fe19353f11635cfffed51367	PY_MODULE_26d35b2196b998f00bc6fe14819c7c1e		LOAD	false		false	false	target.deposit		UNKNOWN	NONE	NONE	SERVICE_VERSION_00000000000000000000000000000000	PY_EXPRESSION_33900219dd0e057267c3a6eda55e6915
NAME_REFERENCE	ARGUMENT	EXPRESSION_STATEMENT	METHOD	PY_TYPE_dff12876742058f9582b3f3848aa5392	PY_METHOD_a4f44c51e1252db01cd41953f6bb0547	PY_EXPRESSION_c07651fe4f742535433c4412b02dfc2a	0	1		amount	NONE	NONE		UNKNOWN				false		66	23	66	29	PY_SCOPE_561cdeb2fe19353f11635cfffed51367	PY_MODULE_26d35b2196b998f00bc6fe14819c7c1e	PY_BINDING_6ce2f2556e65988577a66ac513d55563	LOAD	false		false	false			UNKNOWN	NONE	NONE	SERVICE_VERSION_00000000000000000000000000000000	PY_EXPRESSION_783255362f27aa2632a0cf5374b434f1
NAME_REFERENCE	ATTRIBUTE_OBJECT	EXPRESSION_STATEMENT	METHOD	PY_TYPE_dff12876742058f9582b3f3848aa5392	PY_METHOD_a4f44c51e1252db01cd41953f6bb0547	PY_EXPRESSION_33900219dd0e057267c3a6eda55e6915	0	2		target	NONE	NONE		UNKNOWN				false		66	8	66	14	PY_SCOPE_561cdeb2fe19353f11635cfffed51367	PY_MODULE_26d35b2196b998f00bc6fe14819c7c1e	PY_BINDING_03ade7eff4d7078d90840f85fa4f00b9	LOAD	false		false	false			UNKNOWN	NONE	NONE	SERVICE_VERSION_00000000000000000000000000000000	PY_EXPRESSION_9db3a41c88d40f0f3e84094ea063d153
CALL	ROOT	EXPRESSION_STATEMENT	METHOD	PY_TYPE_dff12876742058f9582b3f3848aa5392	PY_METHOD_a4f44c51e1252db01cd41953f6bb0547		0	0		record	NONE	NONE		UNKNOWN				false		69	8	69	34	PY_SCOPE_561cdeb2fe19353f11635cfffed51367	PY_MODULE_26d35b2196b998f00bc6fe14819c7c1e		LOAD	false		false	false	self.ledger.record		UNKNOWN	NONE	NONE	SERVICE_VERSION_00000000000000000000000000000000	PY_EXPRESSION_a7cccc015e89762aa709329088ae544c
ATTRIBUTE_ACCESS	RECEIVER	EXPRESSION_STATEMENT	METHOD	PY_TYPE_dff12876742058f9582b3f3848aa5392	PY_METHOD_a4f44c51e1252db01cd41953f6bb0547	PY_EXPRESSION_a7cccc015e89762aa709329088ae544c	0	1		record	NONE	NONE		UNKNOWN				false		69	8	69	26	PY_SCOPE_561cdeb2fe19353f11635cfffed51367	PY_MODULE_26d35b2196b998f00bc6fe14819c7c1e		LOAD	false		false	false	self.ledger.record		UNKNOWN	NONE	NONE	SERVICE_VERSION_00000000000000000000000000000000	PY_EXPRESSION_be34926eb38c87932b8cdc56e2be61eb
NAME_REFERENCE	ARGUMENT	EXPRESSION_STATEMENT	METHOD	PY_TYPE_dff12876742058f9582b3f3848aa5392	PY_METHOD_a4f44c51e1252db01cd41953f6bb0547	PY_EXPRESSION_a7cccc015e89762aa709329088ae544c	0	1		source	NONE	NONE		UNKNOWN				false		69	27	69	33	PY_SCOPE_561cdeb2fe19353f11635cfffed51367	PY_MODULE_26d35b2196b998f00bc6fe14819c7c1e	PY_BINDING_a7b2e6896dbb4101fd88701ecef94ac1	LOAD	false		false	false			UNKNOWN	NONE	NONE	SERVICE_VERSION_00000000000000000000000000000000	PY_EXPRESSION_4886a5f640895eeb62cbf25895ae23b3
ATTRIBUTE_ACCESS	ATTRIBUTE_OBJECT	EXPRESSION_STATEMENT	METHOD	PY_TYPE_dff12876742058f9582b3f3848aa5392	PY_METHOD_a4f44c51e1252db01cd41953f6bb0547	PY_EXPRESSION_be34926eb38c87932b8cdc56e2be61eb	0	2		ledger	NONE	NONE		FIELD	PY_FIELD_e2ca0aa1879fcd8b6cce6dddbd0e3176			false		69	8	69	19	PY_SCOPE_561cdeb2fe19353f11635cfffed51367	PY_MODULE_26d35b2196b998f00bc6fe14819c7c1e		LOAD	false		false	false	self.ledger		UNKNOWN	NONE	NONE	SERVICE_VERSION_00000000000000000000000000000000	PY_EXPRESSION_18d7d2225d8e1749f3be484b35a69539
SELF_REFERENCE	ATTRIBUTE_OBJECT	EXPRESSION_STATEMENT	METHOD	PY_TYPE_dff12876742058f9582b3f3848aa5392	PY_METHOD_a4f44c51e1252db01cd41953f6bb0547	PY_EXPRESSION_18d7d2225d8e1749f3be484b35a69539	0	3		self	NONE	NONE		SELF				false		69	8	69	12	PY_SCOPE_561cdeb2fe19353f11635cfffed51367	PY_MODULE_26d35b2196b998f00bc6fe14819c7c1e	PY_BINDING_bcc029071369487732b1e9eccdcd7eb7	LOAD	false		false	false			UNKNOWN	NONE	NONE	SERVICE_VERSION_00000000000000000000000000000000	PY_EXPRESSION_57863e79878b016ea3515e21bedc6d02
CALL	ROOT	EXPRESSION_STATEMENT	METHOD	PY_TYPE_dff12876742058f9582b3f3848aa5392	PY_METHOD_a4f44c51e1252db01cd41953f6bb0547		0	0		record	NONE	NONE		UNKNOWN				false		70	8	70	34	PY_SCOPE_561cdeb2fe19353f11635cfffed51367	PY_MODULE_26d35b2196b998f00bc6fe14819c7c1e		LOAD	false		false	false	self.ledger.record		UNKNOWN	NONE	NONE	SERVICE_VERSION_00000000000000000000000000000000	PY_EXPRESSION_e07aedb386a9957564a5dcb22373ea02
ATTRIBUTE_ACCESS	RECEIVER	EXPRESSION_STATEMENT	METHOD	PY_TYPE_dff12876742058f9582b3f3848aa5392	PY_METHOD_a4f44c51e1252db01cd41953f6bb0547	PY_EXPRESSION_e07aedb386a9957564a5dcb22373ea02	0	1		record	NONE	NONE		UNKNOWN				false		70	8	70	26	PY_SCOPE_561cdeb2fe19353f11635cfffed51367	PY_MODULE_26d35b2196b998f00bc6fe14819c7c1e		LOAD	false		false	false	self.ledger.record		UNKNOWN	NONE	NONE	SERVICE_VERSION_00000000000000000000000000000000	PY_EXPRESSION_5c3f2a1e46956e88c7cf3abb48cf3e91
NAME_REFERENCE	ARGUMENT	EXPRESSION_STATEMENT	METHOD	PY_TYPE_dff12876742058f9582b3f3848aa5392	PY_METHOD_a4f44c51e1252db01cd41953f6bb0547	PY_EXPRESSION_e07aedb386a9957564a5dcb22373ea02	0	1		target	NONE	NONE		UNKNOWN				false		70	27	70	33	PY_SCOPE_561cdeb2fe19353f11635cfffed51367	PY_MODULE_26d35b2196b998f00bc6fe14819c7c1e	PY_BINDING_03ade7eff4d7078d90840f85fa4f00b9	LOAD	false		false	false			UNKNOWN	NONE	NONE	SERVICE_VERSION_00000000000000000000000000000000	PY_EXPRESSION_866d7fd599316a378f36fdd56bc21a93
ATTRIBUTE_ACCESS	ATTRIBUTE_OBJECT	EXPRESSION_STATEMENT	METHOD	PY_TYPE_dff12876742058f9582b3f3848aa5392	PY_METHOD_a4f44c51e1252db01cd41953f6bb0547	PY_EXPRESSION_5c3f2a1e46956e88c7cf3abb48cf3e91	0	2		ledger	NONE	NONE		FIELD	PY_FIELD_e2ca0aa1879fcd8b6cce6dddbd0e3176			false		70	8	70	19	PY_SCOPE_561cdeb2fe19353f11635cfffed51367	PY_MODULE_26d35b2196b998f00bc6fe14819c7c1e		LOAD	false		false	false	self.ledger		UNKNOWN	NONE	NONE	SERVICE_VERSION_00000000000000000000000000000000	PY_EXPRESSION_aa94e417df74e077457a554d7bd68e60
SELF_REFERENCE	ATTRIBUTE_OBJECT	EXPRESSION_STATEMENT	METHOD	PY_TYPE_dff12876742058f9582b3f3848aa5392	PY_METHOD_a4f44c51e1252db01cd41953f6bb0547	PY_EXPRESSION_aa94e417df74e077457a554d7bd68e60	0	3		self	NONE	NONE		SELF				false		70	8	70	12	PY_SCOPE_561cdeb2fe19353f11635cfffed51367	PY_MODULE_26d35b2196b998f00bc6fe14819c7c1e	PY_BINDING_bcc029071369487732b1e9eccdcd7eb7	LOAD	false		false	false			UNKNOWN	NONE	NONE	SERVICE_VERSION_00000000000000000000000000000000	PY_EXPRESSION_f5305be229e7820b197be4c82d6c540d
LITERAL	ASSIGNMENT_VALUE	AUGMENTED_ASSIGNMENT	METHOD	PY_TYPE_dff12876742058f9582b3f3848aa5392	PY_METHOD_a4f44c51e1252db01cd41953f6bb0547		0	0	INTEGER	1	NONE	NONE		UNKNOWN				false		72	26	72	27	PY_SCOPE_561cdeb2fe19353f11635cfffed51367	PY_MODULE_26d35b2196b998f00bc6fe14819c7c1e		LOAD	false		false	false		int	BUILTIN_SCALAR	LITERAL	CERTAIN	SERVICE_VERSION_00000000000000000000000000000000	PY_EXPRESSION_965ea637ca00f15f3775640635957cb5
ATTRIBUTE_ACCESS	ASSIGNMENT_TARGET	AUGMENTED_ASSIGNMENT	METHOD	PY_TYPE_dff12876742058f9582b3f3848aa5392	PY_METHOD_a4f44c51e1252db01cd41953f6bb0547		0	0		completed	NONE	NONE		FIELD	PY_FIELD_3856f82bca2e60b70ea23bea11d99100			false		72	8	72	22	PY_SCOPE_561cdeb2fe19353f11635cfffed51367	PY_MODULE_26d35b2196b998f00bc6fe14819c7c1e		STORE	true		false	false	self.completed		UNKNOWN	NONE	NONE	SERVICE_VERSION_00000000000000000000000000000000	PY_EXPRESSION_a903c2470c52c57aeb10d45ba3c262ac
SELF_REFERENCE	ATTRIBUTE_OBJECT	AUGMENTED_ASSIGNMENT	METHOD	PY_TYPE_dff12876742058f9582b3f3848aa5392	PY_METHOD_a4f44c51e1252db01cd41953f6bb0547	PY_EXPRESSION_a903c2470c52c57aeb10d45ba3c262ac	0	1		self	NONE	NONE		SELF				false		72	8	72	12	PY_SCOPE_561cdeb2fe19353f11635cfffed51367	PY_MODULE_26d35b2196b998f00bc6fe14819c7c1e	PY_BINDING_bcc029071369487732b1e9eccdcd7eb7	LOAD	false		false	false			UNKNOWN	NONE	NONE	SERVICE_VERSION_00000000000000000000000000000000	PY_EXPRESSION_25dcff394723f459b3848578741657bb
CALL	RETURN_VALUE	RETURN_VALUE	METHOD	PY_TYPE_dff12876742058f9582b3f3848aa5392	PY_METHOD_a4f44c51e1252db01cd41953f6bb0547		0	0		summary	NONE	NONE		UNKNOWN				false	0	73	15	73	29	PY_SCOPE_561cdeb2fe19353f11635cfffed51367	PY_MODULE_26d35b2196b998f00bc6fe14819c7c1e		LOAD	false		false	false	self.summary		UNKNOWN	NONE	NONE	SERVICE_VERSION_00000000000000000000000000000000	PY_EXPRESSION_20ce67fc39b8b4c8bc1a0062f7191b8e
ATTRIBUTE_ACCESS	RECEIVER	RETURN_VALUE	METHOD	PY_TYPE_dff12876742058f9582b3f3848aa5392	PY_METHOD_a4f44c51e1252db01cd41953f6bb0547	PY_EXPRESSION_20ce67fc39b8b4c8bc1a0062f7191b8e	0	1		summary	NONE	NONE		UNKNOWN				false	0	73	15	73	27	PY_SCOPE_561cdeb2fe19353f11635cfffed51367	PY_MODULE_26d35b2196b998f00bc6fe14819c7c1e		LOAD	false		false	false	self.summary		UNKNOWN	NONE	NONE	SERVICE_VERSION_00000000000000000000000000000000	PY_EXPRESSION_29d3e6ccc342dcc6d958ffa9c6a8cb00
SELF_REFERENCE	ATTRIBUTE_OBJECT	RETURN_VALUE	METHOD	PY_TYPE_dff12876742058f9582b3f3848aa5392	PY_METHOD_a4f44c51e1252db01cd41953f6bb0547	PY_EXPRESSION_29d3e6ccc342dcc6d958ffa9c6a8cb00	0	2		self	NONE	NONE		SELF				false	0	73	15	73	19	PY_SCOPE_561cdeb2fe19353f11635cfffed51367	PY_MODULE_26d35b2196b998f00bc6fe14819c7c1e	PY_BINDING_bcc029071369487732b1e9eccdcd7eb7	LOAD	false		false	false			UNKNOWN	NONE	NONE	SERVICE_VERSION_00000000000000000000000000000000	PY_EXPRESSION_dabdf38f5641798db2f9c1fd7bd4995b
CALL	RETURN_VALUE	RETURN_VALUE	METHOD	PY_TYPE_dff12876742058f9582b3f3848aa5392	PY_METHOD_f152f38c0c5e01350b26d4ccebd7fc8d		0	0		validate	NONE	NONE		UNKNOWN				false	0	77	15	77	46	PY_SCOPE_bd2c8a1a0b122058fb4b10728e8e4c8a	PY_MODULE_26d35b2196b998f00bc6fe14819c7c1e		LOAD	false		false	false	self.validator.validate		UNKNOWN	NONE	NONE	SERVICE_VERSION_00000000000000000000000000000000	PY_EXPRESSION_573387f39a9498ea26bd6b074b8f764f
ATTRIBUTE_ACCESS	RECEIVER	RETURN_VALUE	METHOD	PY_TYPE_dff12876742058f9582b3f3848aa5392	PY_METHOD_f152f38c0c5e01350b26d4ccebd7fc8d	PY_EXPRESSION_573387f39a9498ea26bd6b074b8f764f	0	1		validate	NONE	NONE		UNKNOWN				false	0	77	15	77	38	PY_SCOPE_bd2c8a1a0b122058fb4b10728e8e4c8a	PY_MODULE_26d35b2196b998f00bc6fe14819c7c1e		LOAD	false		false	false	self.validator.validate		UNKNOWN	NONE	NONE	SERVICE_VERSION_00000000000000000000000000000000	PY_EXPRESSION_10133a24174eccd9fa5aec9603215661
NAME_REFERENCE	ARGUMENT	RETURN_VALUE	METHOD	PY_TYPE_dff12876742058f9582b3f3848aa5392	PY_METHOD_f152f38c0c5e01350b26d4ccebd7fc8d	PY_EXPRESSION_573387f39a9498ea26bd6b074b8f764f	0	1		amount	NONE	NONE		UNKNOWN				false	0	77	39	77	45	PY_SCOPE_bd2c8a1a0b122058fb4b10728e8e4c8a	PY_MODULE_26d35b2196b998f00bc6fe14819c7c1e	PY_BINDING_ebc75c9791adc5576cc9c0e6c5719871	LOAD	false		false	false			UNKNOWN	NONE	NONE	SERVICE_VERSION_00000000000000000000000000000000	PY_EXPRESSION_5cf87e1f668b858fb8efa7608681e7e6
ATTRIBUTE_ACCESS	ATTRIBUTE_OBJECT	RETURN_VALUE	METHOD	PY_TYPE_dff12876742058f9582b3f3848aa5392	PY_METHOD_f152f38c0c5e01350b26d4ccebd7fc8d	PY_EXPRESSION_10133a24174eccd9fa5aec9603215661	0	2		validator	NONE	NONE		FIELD	PY_FIELD_50c11b3c186cfd3cd9b11c4b7a6b4f9f			false	0	77	15	77	29	PY_SCOPE_bd2c8a1a0b122058fb4b10728e8e4c8a	PY_MODULE_26d35b2196b998f00bc6fe14819c7c1e		LOAD	false		false	false	self.validator		UNKNOWN	NONE	NONE	SERVICE_VERSION_00000000000000000000000000000000	PY_EXPRESSION_712d72af1e6afe9edf17b22e0eb5093c
SELF_REFERENCE	ATTRIBUTE_OBJECT	RETURN_VALUE	METHOD	PY_TYPE_dff12876742058f9582b3f3848aa5392	PY_METHOD_f152f38c0c5e01350b26d4ccebd7fc8d	PY_EXPRESSION_712d72af1e6afe9edf17b22e0eb5093c	0	3		self	NONE	NONE		SELF				false	0	77	15	77	19	PY_SCOPE_bd2c8a1a0b122058fb4b10728e8e4c8a	PY_MODULE_26d35b2196b998f00bc6fe14819c7c1e	PY_BINDING_b0ef4dc47bcc6ba2a3a62f2cdb3eb720	LOAD	false		false	false			UNKNOWN	NONE	NONE	SERVICE_VERSION_00000000000000000000000000000000	PY_EXPRESSION_354104ee629f81c984eefd26faa5625e
DICT	RETURN_VALUE	RETURN_VALUE	METHOD	PY_TYPE_dff12876742058f9582b3f3848aa5392	PY_METHOD_edd03c03ab2416f2845f0f56293c18dd		0	0			NONE	NONE		UNKNOWN				false	0	81	15	84	9	PY_SCOPE_803c71b45a1182b2f11c2cae26dd3c75	PY_MODULE_26d35b2196b998f00bc6fe14819c7c1e		LOAD	false		false	false		dict	BUILTIN_COLLECTION	COLLECTION_LITERAL	CERTAIN	SERVICE_VERSION_00000000000000000000000000000000	PY_EXPRESSION_aaedd355a3fb257803b3a04e2fd8b086
LITERAL	ARGUMENT	RETURN_VALUE	METHOD	PY_TYPE_dff12876742058f9582b3f3848aa5392	PY_METHOD_edd03c03ab2416f2845f0f56293c18dd	PY_EXPRESSION_aaedd355a3fb257803b3a04e2fd8b086	0	1	STRING	total	NONE	NONE		UNKNOWN				false	0	82	12	82	19	PY_SCOPE_803c71b45a1182b2f11c2cae26dd3c75	PY_MODULE_26d35b2196b998f00bc6fe14819c7c1e		LOAD	false		false	false		str	BUILTIN_SCALAR	LITERAL	CERTAIN	SERVICE_VERSION_00000000000000000000000000000000	PY_EXPRESSION_7a8b0f0929236b7ecd131016d56f61ce
CALL	ARGUMENT	RETURN_VALUE	METHOD	PY_TYPE_dff12876742058f9582b3f3848aa5392	PY_METHOD_edd03c03ab2416f2845f0f56293c18dd	PY_EXPRESSION_aaedd355a3fb257803b3a04e2fd8b086	1	1		total	NONE	NONE		UNKNOWN				false	0	82	21	82	40	PY_SCOPE_803c71b45a1182b2f11c2cae26dd3c75	PY_MODULE_26d35b2196b998f00bc6fe14819c7c1e		LOAD	false		false	false	self.ledger.total		UNKNOWN	NONE	NONE	SERVICE_VERSION_00000000000000000000000000000000	PY_EXPRESSION_59b8ff5c4288c54cba19548c9a0fcc11
LITERAL	ARGUMENT	RETURN_VALUE	METHOD	PY_TYPE_dff12876742058f9582b3f3848aa5392	PY_METHOD_edd03c03ab2416f2845f0f56293c18dd	PY_EXPRESSION_aaedd355a3fb257803b3a04e2fd8b086	0	1	STRING	completed	NONE	NONE		UNKNOWN				false	0	83	12	83	23	PY_SCOPE_803c71b45a1182b2f11c2cae26dd3c75	PY_MODULE_26d35b2196b998f00bc6fe14819c7c1e		LOAD	false		false	false		str	BUILTIN_SCALAR	LITERAL	CERTAIN	SERVICE_VERSION_00000000000000000000000000000000	PY_EXPRESSION_fddf7387a9d861bed39dbef46031c1c7
ATTRIBUTE_ACCESS	ARGUMENT	RETURN_VALUE	METHOD	PY_TYPE_dff12876742058f9582b3f3848aa5392	PY_METHOD_edd03c03ab2416f2845f0f56293c18dd	PY_EXPRESSION_aaedd355a3fb257803b3a04e2fd8b086	1	1		completed	NONE	NONE		FIELD	PY_FIELD_3856f82bca2e60b70ea23bea11d99100			false	0	83	25	83	39	PY_SCOPE_803c71b45a1182b2f11c2cae26dd3c75	PY_MODULE_26d35b2196b998f00bc6fe14819c7c1e		LOAD	false		false	false	self.completed		UNKNOWN	NONE	NONE	SERVICE_VERSION_00000000000000000000000000000000	PY_EXPRESSION_16d1476b8e0742d8c333aa5530448aea
ATTRIBUTE_ACCESS	RECEIVER	RETURN_VALUE	METHOD	PY_TYPE_dff12876742058f9582b3f3848aa5392	PY_METHOD_edd03c03ab2416f2845f0f56293c18dd	PY_EXPRESSION_59b8ff5c4288c54cba19548c9a0fcc11	0	2		total	NONE	NONE		UNKNOWN				false	0	82	21	82	38	PY_SCOPE_803c71b45a1182b2f11c2cae26dd3c75	PY_MODULE_26d35b2196b998f00bc6fe14819c7c1e		LOAD	false		false	false	self.ledger.total		UNKNOWN	NONE	NONE	SERVICE_VERSION_00000000000000000000000000000000	PY_EXPRESSION_a05bc1cf46d64fc90ac0ad9e1b4fffd3
SELF_REFERENCE	ATTRIBUTE_OBJECT	RETURN_VALUE	METHOD	PY_TYPE_dff12876742058f9582b3f3848aa5392	PY_METHOD_edd03c03ab2416f2845f0f56293c18dd	PY_EXPRESSION_16d1476b8e0742d8c333aa5530448aea	0	2		self	NONE	NONE		SELF				false	0	83	25	83	29	PY_SCOPE_803c71b45a1182b2f11c2cae26dd3c75	PY_MODULE_26d35b2196b998f00bc6fe14819c7c1e	PY_BINDING_73f8c4de7ad5422e0792bd96845cc944	LOAD	false		false	false			UNKNOWN	NONE	NONE	SERVICE_VERSION_00000000000000000000000000000000	PY_EXPRESSION_29d9d670178a3d51ec042c828f450328
ATTRIBUTE_ACCESS	ATTRIBUTE_OBJECT	RETURN_VALUE	METHOD	PY_TYPE_dff12876742058f9582b3f3848aa5392	PY_METHOD_edd03c03ab2416f2845f0f56293c18dd	PY_EXPRESSION_a05bc1cf46d64fc90ac0ad9e1b4fffd3	0	3		ledger	NONE	NONE		FIELD	PY_FIELD_e2ca0aa1879fcd8b6cce6dddbd0e3176			false	0	82	21	82	32	PY_SCOPE_803c71b45a1182b2f11c2cae26dd3c75	PY_MODULE_26d35b2196b998f00bc6fe14819c7c1e		LOAD	false		false	false	self.ledger		UNKNOWN	NONE	NONE	SERVICE_VERSION_00000000000000000000000000000000	PY_EXPRESSION_b72081801c56d75504305e320b549e46
SELF_REFERENCE	ATTRIBUTE_OBJECT	RETURN_VALUE	METHOD	PY_TYPE_dff12876742058f9582b3f3848aa5392	PY_METHOD_edd03c03ab2416f2845f0f56293c18dd	PY_EXPRESSION_b72081801c56d75504305e320b549e46	0	4		self	NONE	NONE		SELF				false	0	82	21	82	25	PY_SCOPE_803c71b45a1182b2f11c2cae26dd3c75	PY_MODULE_26d35b2196b998f00bc6fe14819c7c1e	PY_BINDING_73f8c4de7ad5422e0792bd96845cc944	LOAD	false		false	false			UNKNOWN	NONE	NONE	SERVICE_VERSION_00000000000000000000000000000000	PY_EXPRESSION_a1c0733cdba19455c80821a911e78598
ASSIGNMENT	ROOT	ASSIGNMENT_VALUE	METHOD	PY_TYPE_dff12876742058f9582b3f3848aa5392	PY_METHOD_6ff262cc7fe657bfb02c1bd9bf0a9a20		0	0			NONE	NONE		UNKNOWN				false		87	8	87	20	PY_SCOPE_8b1ebbedc3c91952fcd8ef60fc23658d	PY_MODULE_26d35b2196b998f00bc6fe14819c7c1e		LOAD	false		false	false			UNKNOWN	NONE	NONE	SERVICE_VERSION_00000000000000000000000000000000	PY_EXPRESSION_858009d2ea73af5ef377db420cf77b11
LIST	ASSIGNMENT_VALUE	ASSIGNMENT_VALUE	METHOD	PY_TYPE_dff12876742058f9582b3f3848aa5392	PY_METHOD_6ff262cc7fe657bfb02c1bd9bf0a9a20	PY_EXPRESSION_858009d2ea73af5ef377db420cf77b11	0	1			NONE	NONE		UNKNOWN				false		87	18	87	20	PY_SCOPE_8b1ebbedc3c91952fcd8ef60fc23658d	PY_MODULE_26d35b2196b998f00bc6fe14819c7c1e		LOAD	false		false	false		list	BUILTIN_COLLECTION	COLLECTION_LITERAL	CERTAIN	SERVICE_VERSION_00000000000000000000000000000000	PY_EXPRESSION_d335f9f112ac96f4e9856bf30420d21c
NAME_REFERENCE	ASSIGNMENT_TARGET	ASSIGNMENT_TARGET	METHOD	PY_TYPE_dff12876742058f9582b3f3848aa5392	PY_METHOD_6ff262cc7fe657bfb02c1bd9bf0a9a20	PY_EXPRESSION_858009d2ea73af5ef377db420cf77b11	0	1		results	NONE	NONE		UNKNOWN				false		87	8	87	15	PY_SCOPE_8b1ebbedc3c91952fcd8ef60fc23658d	PY_MODULE_26d35b2196b998f00bc6fe14819c7c1e	PY_BINDING_9d0accf3af8ee225358c3527a804ad39	STORE	true		false	false			UNKNOWN	NONE	NONE	SERVICE_VERSION_00000000000000000000000000000000	PY_EXPRESSION_6f40d0dd11174cbb40ebd460e0f2193a
NAME_REFERENCE	ROOT	FOR_ITERABLE	METHOD	PY_TYPE_dff12876742058f9582b3f3848aa5392	PY_METHOD_6ff262cc7fe657bfb02c1bd9bf0a9a20		0	0		pairs	NONE	NONE		UNKNOWN				false		88	42	88	47	PY_SCOPE_8b1ebbedc3c91952fcd8ef60fc23658d	PY_MODULE_26d35b2196b998f00bc6fe14819c7c1e	PY_BINDING_ffc3f274243f342f28c71a4d6d8265a7	LOAD	false		false	false			UNKNOWN	NONE	NONE	SERVICE_VERSION_00000000000000000000000000000000	PY_EXPRESSION_49c0416c5734358039f2b0c02ef45a92
TUPLE	ROOT	FOR_TARGET	METHOD	PY_TYPE_dff12876742058f9582b3f3848aa5392	PY_METHOD_6ff262cc7fe657bfb02c1bd9bf0a9a20		0	0			NONE	NONE		UNKNOWN				false		88	12	88	38	PY_SCOPE_8b1ebbedc3c91952fcd8ef60fc23658d	PY_MODULE_26d35b2196b998f00bc6fe14819c7c1e		STORE	true		false	false			UNKNOWN	NONE	NONE	SERVICE_VERSION_00000000000000000000000000000000	PY_EXPRESSION_5251d68281abc4d0908e5ac824538283
NAME_REFERENCE	ARGUMENT	FOR_TARGET	METHOD	PY_TYPE_dff12876742058f9582b3f3848aa5392	PY_METHOD_6ff262cc7fe657bfb02c1bd9bf0a9a20	PY_EXPRESSION_5251d68281abc4d0908e5ac824538283	0	1		source_owner	NONE	NONE		UNKNOWN				false		88	12	88	24	PY_SCOPE_8b1ebbedc3c91952fcd8ef60fc23658d	PY_MODULE_26d35b2196b998f00bc6fe14819c7c1e	PY_BINDING_ce14cf78310a884f6bda0a59f3505895	STORE	true		false	false			UNKNOWN	NONE	NONE	SERVICE_VERSION_00000000000000000000000000000000	PY_EXPRESSION_21186296e94370e270d254b165c69c66
NAME_REFERENCE	ARGUMENT	FOR_TARGET	METHOD	PY_TYPE_dff12876742058f9582b3f3848aa5392	PY_METHOD_6ff262cc7fe657bfb02c1bd9bf0a9a20	PY_EXPRESSION_5251d68281abc4d0908e5ac824538283	1	1		target_owner	NONE	NONE		UNKNOWN				false		88	26	88	38	PY_SCOPE_8b1ebbedc3c91952fcd8ef60fc23658d	PY_MODULE_26d35b2196b998f00bc6fe14819c7c1e	PY_BINDING_23e541cca602f2161ddb7fa5f8504a60	STORE	true		false	false			UNKNOWN	NONE	NONE	SERVICE_VERSION_00000000000000000000000000000000	PY_EXPRESSION_94044e72285f0ddb0a16e88eb4cd12f7
CALL	ROOT	EXPRESSION_STATEMENT	METHOD	PY_TYPE_dff12876742058f9582b3f3848aa5392	PY_METHOD_6ff262cc7fe657bfb02c1bd9bf0a9a20		0	0		append	NONE	NONE		UNKNOWN				false		90	16	90	81	PY_SCOPE_8b1ebbedc3c91952fcd8ef60fc23658d	PY_MODULE_26d35b2196b998f00bc6fe14819c7c1e		LOAD	false		false	false	results.append		UNKNOWN	NONE	NONE	SERVICE_VERSION_00000000000000000000000000000000	PY_EXPRESSION_aa6d14697aae0cb4570bb6b943328a94
ATTRIBUTE_ACCESS	RECEIVER	EXPRESSION_STATEMENT	METHOD	PY_TYPE_dff12876742058f9582b3f3848aa5392	PY_METHOD_6ff262cc7fe657bfb02c1bd9bf0a9a20	PY_EXPRESSION_aa6d14697aae0cb4570bb6b943328a94	0	1		append	NONE	NONE		UNKNOWN				false		90	16	90	30	PY_SCOPE_8b1ebbedc3c91952fcd8ef60fc23658d	PY_MODULE_26d35b2196b998f00bc6fe14819c7c1e		LOAD	false		false	false	results.append		UNKNOWN	NONE	NONE	SERVICE_VERSION_00000000000000000000000000000000	PY_EXPRESSION_624617af41ad9b360be3c81f4ba9cb91
CALL	ARGUMENT	EXPRESSION_STATEMENT	METHOD	PY_TYPE_dff12876742058f9582b3f3848aa5392	PY_METHOD_6ff262cc7fe657bfb02c1bd9bf0a9a20	PY_EXPRESSION_aa6d14697aae0cb4570bb6b943328a94	0	1		transfer	NONE	NONE		UNKNOWN				false		90	31	90	80	PY_SCOPE_8b1ebbedc3c91952fcd8ef60fc23658d	PY_MODULE_26d35b2196b998f00bc6fe14819c7c1e		LOAD	false		false	false	self.transfer		UNKNOWN	NONE	NONE	SERVICE_VERSION_00000000000000000000000000000000	PY_EXPRESSION_1a26e889073e5fc2b19e2777da2febe2
NAME_REFERENCE	ATTRIBUTE_OBJECT	EXPRESSION_STATEMENT	METHOD	PY_TYPE_dff12876742058f9582b3f3848aa5392	PY_METHOD_6ff262cc7fe657bfb02c1bd9bf0a9a20	PY_EXPRESSION_624617af41ad9b360be3c81f4ba9cb91	0	2		results	NONE	NONE		UNKNOWN				false		90	16	90	23	PY_SCOPE_8b1ebbedc3c91952fcd8ef60fc23658d	PY_MODULE_26d35b2196b998f00bc6fe14819c7c1e	PY_BINDING_9d0accf3af8ee225358c3527a804ad39	LOAD	false		false	false			UNKNOWN	NONE	NONE	SERVICE_VERSION_00000000000000000000000000000000	PY_EXPRESSION_2eb00622cb12b528868b4d027a80defa
ATTRIBUTE_ACCESS	RECEIVER	EXPRESSION_STATEMENT	METHOD	PY_TYPE_dff12876742058f9582b3f3848aa5392	PY_METHOD_6ff262cc7fe657bfb02c1bd9bf0a9a20	PY_EXPRESSION_1a26e889073e5fc2b19e2777da2febe2	0	2		transfer	NONE	NONE		UNKNOWN				false		90	31	90	44	PY_SCOPE_8b1ebbedc3c91952fcd8ef60fc23658d	PY_MODULE_26d35b2196b998f00bc6fe14819c7c1e		LOAD	false		false	false	self.transfer		UNKNOWN	NONE	NONE	SERVICE_VERSION_00000000000000000000000000000000	PY_EXPRESSION_7ce6a3368f207c7a8e56d78fb38c016e
NAME_REFERENCE	ARGUMENT	EXPRESSION_STATEMENT	METHOD	PY_TYPE_dff12876742058f9582b3f3848aa5392	PY_METHOD_6ff262cc7fe657bfb02c1bd9bf0a9a20	PY_EXPRESSION_1a26e889073e5fc2b19e2777da2febe2	0	2		source_owner	NONE	NONE		UNKNOWN				false		90	45	90	57	PY_SCOPE_8b1ebbedc3c91952fcd8ef60fc23658d	PY_MODULE_26d35b2196b998f00bc6fe14819c7c1e	PY_BINDING_ce14cf78310a884f6bda0a59f3505895	LOAD	false		false	false			UNKNOWN	NONE	NONE	SERVICE_VERSION_00000000000000000000000000000000	PY_EXPRESSION_57b9bf93a4ec02c9647ab36bfdc2ea4c
NAME_REFERENCE	ARGUMENT	EXPRESSION_STATEMENT	METHOD	PY_TYPE_dff12876742058f9582b3f3848aa5392	PY_METHOD_6ff262cc7fe657bfb02c1bd9bf0a9a20	PY_EXPRESSION_1a26e889073e5fc2b19e2777da2febe2	1	2		target_owner	NONE	NONE		UNKNOWN				false		90	59	90	71	PY_SCOPE_8b1ebbedc3c91952fcd8ef60fc23658d	PY_MODULE_26d35b2196b998f00bc6fe14819c7c1e	PY_BINDING_23e541cca602f2161ddb7fa5f8504a60	LOAD	false		false	false			UNKNOWN	NONE	NONE	SERVICE_VERSION_00000000000000000000000000000000	PY_EXPRESSION_c313318b1b9c0d4d6d6f0ef0e96ed83a
NAME_REFERENCE	ARGUMENT	EXPRESSION_STATEMENT	METHOD	PY_TYPE_dff12876742058f9582b3f3848aa5392	PY_METHOD_6ff262cc7fe657bfb02c1bd9bf0a9a20	PY_EXPRESSION_1a26e889073e5fc2b19e2777da2febe2	2	2		amount	NONE	NONE		UNKNOWN				false		90	73	90	79	PY_SCOPE_8b1ebbedc3c91952fcd8ef60fc23658d	PY_MODULE_26d35b2196b998f00bc6fe14819c7c1e	PY_BINDING_5ded7054d20434dede387c11b7ddf739	LOAD	false		false	false			UNKNOWN	NONE	NONE	SERVICE_VERSION_00000000000000000000000000000000	PY_EXPRESSION_7e5b48c8b825372621c2f1ce40e8fa71
SELF_REFERENCE	ATTRIBUTE_OBJECT	EXPRESSION_STATEMENT	METHOD	PY_TYPE_dff12876742058f9582b3f3848aa5392	PY_METHOD_6ff262cc7fe657bfb02c1bd9bf0a9a20	PY_EXPRESSION_7ce6a3368f207c7a8e56d78fb38c016e	0	3		self	NONE	NONE		SELF				false		90	31	90	35	PY_SCOPE_8b1ebbedc3c91952fcd8ef60fc23658d	PY_MODULE_26d35b2196b998f00bc6fe14819c7c1e	PY_BINDING_d883e0ca86a4b3ce2271683d5e9a40ef	LOAD	false		false	false			UNKNOWN	NONE	NONE	SERVICE_VERSION_00000000000000000000000000000000	PY_EXPRESSION_de1a9662936bc4f728d9c42766717e0b
NAME_REFERENCE	EXCEPT_TYPE	EXCEPT_TYPE	METHOD	PY_TYPE_dff12876742058f9582b3f3848aa5392	PY_METHOD_6ff262cc7fe657bfb02c1bd9bf0a9a20		0	0		ValidationError	NONE	NONE		TYPE	PY_TYPE_954bd0ecfee39ac0c063e703d356e3a5			false		91	19	91	34	PY_SCOPE_8b1ebbedc3c91952fcd8ef60fc23658d	PY_MODULE_26d35b2196b998f00bc6fe14819c7c1e	PY_BINDING_473fe56c0a070242e7cacfc1340cc132	LOAD	false		false	false			UNKNOWN	NONE	NONE	SERVICE_VERSION_00000000000000000000000000000000	PY_EXPRESSION_f8646b9cb55a40de4f7c569aab1777d0
NAME_REFERENCE	EXCEPT_TARGET	EXCEPT_TYPE	METHOD	PY_TYPE_dff12876742058f9582b3f3848aa5392	PY_METHOD_6ff262cc7fe657bfb02c1bd9bf0a9a20		0	0		err	NONE	NONE		UNKNOWN				false		91	38	91	41	PY_SCOPE_8b1ebbedc3c91952fcd8ef60fc23658d	PY_MODULE_26d35b2196b998f00bc6fe14819c7c1e	PY_BINDING_2773b868f24b17548b36816f8d5439d3	STORE	true		false	false			UNKNOWN	NONE	NONE	SERVICE_VERSION_00000000000000000000000000000000	PY_EXPRESSION_82401ad5b487ed3c789d3e8e7ac73fd9
CALL	ROOT	EXPRESSION_STATEMENT	METHOD	PY_TYPE_dff12876742058f9582b3f3848aa5392	PY_METHOD_6ff262cc7fe657bfb02c1bd9bf0a9a20		0	0		warning	NONE	NONE		UNKNOWN				false		92	16	92	58	PY_SCOPE_8b1ebbedc3c91952fcd8ef60fc23658d	PY_MODULE_26d35b2196b998f00bc6fe14819c7c1e		LOAD	false		false	false	logger.warning		UNKNOWN	NONE	NONE	SERVICE_VERSION_00000000000000000000000000000000	PY_EXPRESSION_d196a7580e3ceb91e652363c83013f0a
ATTRIBUTE_ACCESS	RECEIVER	EXPRESSION_STATEMENT	METHOD	PY_TYPE_dff12876742058f9582b3f3848aa5392	PY_METHOD_6ff262cc7fe657bfb02c1bd9bf0a9a20	PY_EXPRESSION_d196a7580e3ceb91e652363c83013f0a	0	1		warning	NONE	NONE		UNKNOWN				false		92	16	92	30	PY_SCOPE_8b1ebbedc3c91952fcd8ef60fc23658d	PY_MODULE_26d35b2196b998f00bc6fe14819c7c1e		LOAD	false		false	false	logger.warning		UNKNOWN	NONE	NONE	SERVICE_VERSION_00000000000000000000000000000000	PY_EXPRESSION_31093e8950a17c66a590f06bb12fbd3c
LITERAL	ARGUMENT	EXPRESSION_STATEMENT	METHOD	PY_TYPE_dff12876742058f9582b3f3848aa5392	PY_METHOD_6ff262cc7fe657bfb02c1bd9bf0a9a20	PY_EXPRESSION_d196a7580e3ceb91e652363c83013f0a	0	1	STRING	skipped: %s	NONE	NONE		UNKNOWN				false		92	31	92	44	PY_SCOPE_8b1ebbedc3c91952fcd8ef60fc23658d	PY_MODULE_26d35b2196b998f00bc6fe14819c7c1e		LOAD	false		false	false		str	BUILTIN_SCALAR	LITERAL	CERTAIN	SERVICE_VERSION_00000000000000000000000000000000	PY_EXPRESSION_25faa91da09a5a103192ae6a557d79ad
ATTRIBUTE_ACCESS	ARGUMENT	EXPRESSION_STATEMENT	METHOD	PY_TYPE_dff12876742058f9582b3f3848aa5392	PY_METHOD_6ff262cc7fe657bfb02c1bd9bf0a9a20	PY_EXPRESSION_d196a7580e3ceb91e652363c83013f0a	1	1		message	NONE	NONE		UNKNOWN				false		92	46	92	57	PY_SCOPE_8b1ebbedc3c91952fcd8ef60fc23658d	PY_MODULE_26d35b2196b998f00bc6fe14819c7c1e		LOAD	false		false	false	err.message		UNKNOWN	NONE	NONE	SERVICE_VERSION_00000000000000000000000000000000	PY_EXPRESSION_dbeabd4d96099878ea3094d60d64f77d
NAME_REFERENCE	ATTRIBUTE_OBJECT	EXPRESSION_STATEMENT	METHOD	PY_TYPE_dff12876742058f9582b3f3848aa5392	PY_METHOD_6ff262cc7fe657bfb02c1bd9bf0a9a20	PY_EXPRESSION_31093e8950a17c66a590f06bb12fbd3c	0	2		logger	NONE	NONE		UNKNOWN				false		92	16	92	22	PY_SCOPE_8b1ebbedc3c91952fcd8ef60fc23658d	PY_MODULE_26d35b2196b998f00bc6fe14819c7c1e	PY_BINDING_5585174a30be1e73f14aa4f11ad539bd	LOAD	false		false	false			UNKNOWN	NONE	NONE	SERVICE_VERSION_00000000000000000000000000000000	PY_EXPRESSION_b1ec00d8a7cf9386042c261fa83c6df8
NAME_REFERENCE	ATTRIBUTE_OBJECT	EXPRESSION_STATEMENT	METHOD	PY_TYPE_dff12876742058f9582b3f3848aa5392	PY_METHOD_6ff262cc7fe657bfb02c1bd9bf0a9a20	PY_EXPRESSION_dbeabd4d96099878ea3094d60d64f77d	0	2		err	NONE	NONE		UNKNOWN				false		92	46	92	49	PY_SCOPE_8b1ebbedc3c91952fcd8ef60fc23658d	PY_MODULE_26d35b2196b998f00bc6fe14819c7c1e	PY_BINDING_2773b868f24b17548b36816f8d5439d3	LOAD	false		false	false			UNKNOWN	NONE	NONE	SERVICE_VERSION_00000000000000000000000000000000	PY_EXPRESSION_7dcaa13c020066a37ef1517ecb5800b7
NAME_REFERENCE	RETURN_VALUE	RETURN_VALUE	METHOD	PY_TYPE_dff12876742058f9582b3f3848aa5392	PY_METHOD_6ff262cc7fe657bfb02c1bd9bf0a9a20		0	0		results	NONE	NONE		UNKNOWN				false	0	94	15	94	22	PY_SCOPE_8b1ebbedc3c91952fcd8ef60fc23658d	PY_MODULE_26d35b2196b998f00bc6fe14819c7c1e	PY_BINDING_9d0accf3af8ee225358c3527a804ad39	LOAD	false		false	false			UNKNOWN	NONE	NONE	SERVICE_VERSION_00000000000000000000000000000000	PY_EXPRESSION_614109785d9d57517b55a66f462e08c2
LIST_COMPREHENSION	RETURN_VALUE	RETURN_VALUE	METHOD	PY_TYPE_dff12876742058f9582b3f3848aa5392	PY_METHOD_eaf26aa958aceeff13711f31f5d8af05		0	0			LIST	NONE		UNKNOWN		PY_SCOPE_a612bde078bcb50516f90f7d84efca59		false	0	98	15	98	88	PY_SCOPE_cf70edccbfc7c4c9cec9f3b3489486a3	PY_MODULE_26d35b2196b998f00bc6fe14819c7c1e		LOAD	false		false	false		list	BUILTIN_COLLECTION	COMPREHENSION	CERTAIN	SERVICE_VERSION_00000000000000000000000000000000	PY_EXPRESSION_5325957d614480e4ec23400f8a745604
ATTRIBUTE_ACCESS	COMPREHENSION_ITERABLE	RETURN_VALUE	METHOD	PY_TYPE_dff12876742058f9582b3f3848aa5392	PY_METHOD_eaf26aa958aceeff13711f31f5d8af05	PY_EXPRESSION_5325957d614480e4ec23400f8a745604	0	1		entries	NONE	NONE		UNKNOWN				false	0	98	45	98	64	PY_SCOPE_cf70edccbfc7c4c9cec9f3b3489486a3	PY_MODULE_26d35b2196b998f00bc6fe14819c7c1e		LOAD	false		false	false	self.ledger.entries		UNKNOWN	NONE	NONE	SERVICE_VERSION_00000000000000000000000000000000	PY_EXPRESSION_2910a23ce430a4fec64778454c8090e9
NAME_REFERENCE	COMPREHENSION_TARGET	COMPREHENSION	METHOD	PY_TYPE_dff12876742058f9582b3f3848aa5392	PY_METHOD_eaf26aa958aceeff13711f31f5d8af05	PY_EXPRESSION_5325957d614480e4ec23400f8a745604	0	1		entry	NONE	NONE		UNKNOWN				false	0	98	36	98	41	PY_SCOPE_a612bde078bcb50516f90f7d84efca59	PY_MODULE_26d35b2196b998f00bc6fe14819c7c1e	PY_BINDING_09db5879c0d355cb2c51afe13c77974e	STORE	true		false	false			UNKNOWN	NONE	NONE	SERVICE_VERSION_00000000000000000000000000000000	PY_EXPRESSION_442c11c60dfc72a94571a3544aa9ad9b
CALL	COMPREHENSION_ELEMENT	COMPREHENSION	METHOD	PY_TYPE_dff12876742058f9582b3f3848aa5392	PY_METHOD_eaf26aa958aceeff13711f31f5d8af05	PY_EXPRESSION_5325957d614480e4ec23400f8a745604	0	1		balance	NONE	NONE		UNKNOWN				false	0	98	16	98	31	PY_SCOPE_a612bde078bcb50516f90f7d84efca59	PY_MODULE_26d35b2196b998f00bc6fe14819c7c1e		LOAD	false		false	false	entry.balance		UNKNOWN	NONE	NONE	SERVICE_VERSION_00000000000000000000000000000000	PY_EXPRESSION_a2c8de4abdca139eaa05194806918189
COMPARISON	COMPREHENSION_CONDITION	COMPREHENSION	METHOD	PY_TYPE_dff12876742058f9582b3f3848aa5392	PY_METHOD_eaf26aa958aceeff13711f31f5d8af05	PY_EXPRESSION_5325957d614480e4ec23400f8a745604	1	1			NONE	NONE	>	UNKNOWN				false	0	98	68	98	87	PY_SCOPE_a612bde078bcb50516f90f7d84efca59	PY_MODULE_26d35b2196b998f00bc6fe14819c7c1e		LOAD	false		false	false			UNKNOWN	NONE	NONE	SERVICE_VERSION_00000000000000000000000000000000	PY_EXPRESSION_5a8fcb75394cee796fb24165f6e7b480
ATTRIBUTE_ACCESS	ATTRIBUTE_OBJECT	RETURN_VALUE	METHOD	PY_TYPE_dff12876742058f9582b3f3848aa5392	PY_METHOD_eaf26aa958aceeff13711f31f5d8af05	PY_EXPRESSION_2910a23ce430a4fec64778454c8090e9	0	2		ledger	NONE	NONE		FIELD	PY_FIELD_e2ca0aa1879fcd8b6cce6dddbd0e3176			false	0	98	45	98	56	PY_SCOPE_cf70edccbfc7c4c9cec9f3b3489486a3	PY_MODULE_26d35b2196b998f00bc6fe14819c7c1e		LOAD	false		false	false	self.ledger		UNKNOWN	NONE	NONE	SERVICE_VERSION_00000000000000000000000000000000	PY_EXPRESSION_8991a322bbf75368d186531928adc78b
ATTRIBUTE_ACCESS	RECEIVER	COMPREHENSION	METHOD	PY_TYPE_dff12876742058f9582b3f3848aa5392	PY_METHOD_eaf26aa958aceeff13711f31f5d8af05	PY_EXPRESSION_a2c8de4abdca139eaa05194806918189	0	2		balance	NONE	NONE		UNKNOWN				false	0	98	16	98	29	PY_SCOPE_a612bde078bcb50516f90f7d84efca59	PY_MODULE_26d35b2196b998f00bc6fe14819c7c1e		LOAD	false		false	false	entry.balance		UNKNOWN	NONE	NONE	SERVICE_VERSION_00000000000000000000000000000000	PY_EXPRESSION_1bce7fd3e1596198113dd6f6eab568bf
CALL	OPERAND_LEFT	COMPREHENSION	METHOD	PY_TYPE_dff12876742058f9582b3f3848aa5392	PY_METHOD_eaf26aa958aceeff13711f31f5d8af05	PY_EXPRESSION_5a8fcb75394cee796fb24165f6e7b480	0	2		balance	NONE	NONE		UNKNOWN				false	0	98	68	98	83	PY_SCOPE_a612bde078bcb50516f90f7d84efca59	PY_MODULE_26d35b2196b998f00bc6fe14819c7c1e		LOAD	false		false	false	entry.balance		UNKNOWN	NONE	NONE	SERVICE_VERSION_00000000000000000000000000000000	PY_EXPRESSION_b5d2a4f31ce7e9a168498e91676f5193
LITERAL	OPERAND_RIGHT	COMPREHENSION	METHOD	PY_TYPE_dff12876742058f9582b3f3848aa5392	PY_METHOD_eaf26aa958aceeff13711f31f5d8af05	PY_EXPRESSION_5a8fcb75394cee796fb24165f6e7b480	1	2	INTEGER	0	NONE	NONE		UNKNOWN				false	0	98	86	98	87	PY_SCOPE_a612bde078bcb50516f90f7d84efca59	PY_MODULE_26d35b2196b998f00bc6fe14819c7c1e		LOAD	false		false	false		int	BUILTIN_SCALAR	LITERAL	CERTAIN	SERVICE_VERSION_00000000000000000000000000000000	PY_EXPRESSION_08906db983cd8bbf9bc0e3372b3c2562
SELF_REFERENCE	ATTRIBUTE_OBJECT	RETURN_VALUE	METHOD	PY_TYPE_dff12876742058f9582b3f3848aa5392	PY_METHOD_eaf26aa958aceeff13711f31f5d8af05	PY_EXPRESSION_8991a322bbf75368d186531928adc78b	0	3		self	NONE	NONE		SELF				false	0	98	45	98	49	PY_SCOPE_cf70edccbfc7c4c9cec9f3b3489486a3	PY_MODULE_26d35b2196b998f00bc6fe14819c7c1e	PY_BINDING_122b4e61ffa95b51f4420c7873b11d50	LOAD	false		false	false			UNKNOWN	NONE	NONE	SERVICE_VERSION_00000000000000000000000000000000	PY_EXPRESSION_3f00447cdb634d07c8e4393e169c5600
NAME_REFERENCE	ATTRIBUTE_OBJECT	COMPREHENSION	METHOD	PY_TYPE_dff12876742058f9582b3f3848aa5392	PY_METHOD_eaf26aa958aceeff13711f31f5d8af05	PY_EXPRESSION_1bce7fd3e1596198113dd6f6eab568bf	0	3		entry	NONE	NONE		UNKNOWN				false	0	98	16	98	21	PY_SCOPE_a612bde078bcb50516f90f7d84efca59	PY_MODULE_26d35b2196b998f00bc6fe14819c7c1e	PY_BINDING_09db5879c0d355cb2c51afe13c77974e	LOAD	false		false	false			UNKNOWN	NONE	NONE	SERVICE_VERSION_00000000000000000000000000000000	PY_EXPRESSION_e48afc6c42ea5c9dabfd6fdf9a2acbee
ATTRIBUTE_ACCESS	RECEIVER	COMPREHENSION	METHOD	PY_TYPE_dff12876742058f9582b3f3848aa5392	PY_METHOD_eaf26aa958aceeff13711f31f5d8af05	PY_EXPRESSION_b5d2a4f31ce7e9a168498e91676f5193	0	3		balance	NONE	NONE		UNKNOWN				false	0	98	68	98	81	PY_SCOPE_a612bde078bcb50516f90f7d84efca59	PY_MODULE_26d35b2196b998f00bc6fe14819c7c1e		LOAD	false		false	false	entry.balance		UNKNOWN	NONE	NONE	SERVICE_VERSION_00000000000000000000000000000000	PY_EXPRESSION_4b032eccfe8eabcca1418eea2a5f9f99
NAME_REFERENCE	ATTRIBUTE_OBJECT	COMPREHENSION	METHOD	PY_TYPE_dff12876742058f9582b3f3848aa5392	PY_METHOD_eaf26aa958aceeff13711f31f5d8af05	PY_EXPRESSION_4b032eccfe8eabcca1418eea2a5f9f99	0	4		entry	NONE	NONE		UNKNOWN				false	0	98	68	98	73	PY_SCOPE_a612bde078bcb50516f90f7d84efca59	PY_MODULE_26d35b2196b998f00bc6fe14819c7c1e	PY_BINDING_09db5879c0d355cb2c51afe13c77974e	LOAD	false		false	false			UNKNOWN	NONE	NONE	SERVICE_VERSION_00000000000000000000000000000000	PY_EXPRESSION_5413d8bb190efb4e66179330c0bbaec7
LITERAL	DEFAULT_VALUE	DEFAULT_VALUE	METHOD		PY_METHOD_96f938fbd211816e0d2e0047feb56949		1	0	INTEGER	10	NONE	NONE		UNKNOWN				false		101	22	101	24	PY_SCOPE_52128e6c465d3dfae843bba3c50162da	PY_MODULE_26d35b2196b998f00bc6fe14819c7c1e		LOAD	false		false	false		int	BUILTIN_SCALAR	LITERAL	CERTAIN	SERVICE_VERSION_00000000000000000000000000000000	PY_EXPRESSION_f73e2f648a34fafc296d07df1be8a3e8
ASSIGNMENT	ROOT	ASSIGNMENT_VALUE	METHOD		PY_METHOD_b31da01fa40e522acd2f356bd1e5af56		0	0			NONE	NONE		UNKNOWN				false		102	4	102	31	PY_SCOPE_a48078cc69c57cb076771ddc75a26984	PY_MODULE_26d35b2196b998f00bc6fe14819c7c1e		LOAD	false		false	false			UNKNOWN	NONE	NONE	SERVICE_VERSION_00000000000000000000000000000000	PY_EXPRESSION_272d6ed05f8938634fe47c2a51bd0c08
CALL	ASSIGNMENT_VALUE	ASSIGNMENT_VALUE	METHOD		PY_METHOD_b31da01fa40e522acd2f356bd1e5af56	PY_EXPRESSION_272d6ed05f8938634fe47c2a51bd0c08	0	1		TransferService	NONE	NONE		UNKNOWN				false		102	14	102	31	PY_SCOPE_a48078cc69c57cb076771ddc75a26984	PY_MODULE_26d35b2196b998f00bc6fe14819c7c1e		LOAD	false		false	false	TransferService		UNKNOWN	NONE	NONE	SERVICE_VERSION_00000000000000000000000000000000	PY_EXPRESSION_b70a914f15231928f36242c883754996
NAME_REFERENCE	ASSIGNMENT_TARGET	ASSIGNMENT_TARGET	METHOD		PY_METHOD_b31da01fa40e522acd2f356bd1e5af56	PY_EXPRESSION_272d6ed05f8938634fe47c2a51bd0c08	0	1		service	NONE	NONE		UNKNOWN				false		102	4	102	11	PY_SCOPE_a48078cc69c57cb076771ddc75a26984	PY_MODULE_26d35b2196b998f00bc6fe14819c7c1e	PY_BINDING_b3bcea2f744d65bdc9ebd75b4a48f6c9	STORE	true		false	false			UNKNOWN	NONE	NONE	SERVICE_VERSION_00000000000000000000000000000000	PY_EXPRESSION_66f3cedcf810001f9cee14ae29805888
NAME_REFERENCE	CALLEE	ASSIGNMENT_VALUE	METHOD		PY_METHOD_b31da01fa40e522acd2f356bd1e5af56	PY_EXPRESSION_b70a914f15231928f36242c883754996	0	2		TransferService	NONE	NONE		TYPE	PY_TYPE_dff12876742058f9582b3f3848aa5392			false		102	14	102	29	PY_SCOPE_a48078cc69c57cb076771ddc75a26984	PY_MODULE_26d35b2196b998f00bc6fe14819c7c1e	PY_BINDING_d74703e2859751d19d7f7912211fe55c	LOAD	false		false	false			UNKNOWN	NONE	NONE	SERVICE_VERSION_00000000000000000000000000000000	PY_EXPRESSION_b2149776675b33bd62e5372b4e5d37c8
ASSIGNMENT	ROOT	ASSIGNMENT_VALUE	METHOD		PY_METHOD_b31da01fa40e522acd2f356bd1e5af56		0	0			NONE	NONE		UNKNOWN				false		103	4	103	41	PY_SCOPE_a48078cc69c57cb076771ddc75a26984	PY_MODULE_26d35b2196b998f00bc6fe14819c7c1e		LOAD	false		false	false			UNKNOWN	NONE	NONE	SERVICE_VERSION_00000000000000000000000000000000	PY_EXPRESSION_3b9d1a86002f0dce60495bca22f207aa
CALL	ASSIGNMENT_VALUE	ASSIGNMENT_VALUE	METHOD		PY_METHOD_b31da01fa40e522acd2f356bd1e5af56	PY_EXPRESSION_3b9d1a86002f0dce60495bca22f207aa	0	1		bulk	NONE	NONE		UNKNOWN				false		103	14	103	41	PY_SCOPE_a48078cc69c57cb076771ddc75a26984	PY_MODULE_26d35b2196b998f00bc6fe14819c7c1e		LOAD	false		false	false	service.bulk		UNKNOWN	NONE	NONE	SERVICE_VERSION_00000000000000000000000000000000	PY_EXPRESSION_385235bc7589b86ad6d4f0efb459beca
NAME_REFERENCE	ASSIGNMENT_TARGET	ASSIGNMENT_TARGET	METHOD		PY_METHOD_b31da01fa40e522acd2f356bd1e5af56	PY_EXPRESSION_3b9d1a86002f0dce60495bca22f207aa	0	1		outcome	NONE	NONE		UNKNOWN				false		103	4	103	11	PY_SCOPE_a48078cc69c57cb076771ddc75a26984	PY_MODULE_26d35b2196b998f00bc6fe14819c7c1e	PY_BINDING_ea86c002e866697b51702c921a52728b	STORE	true		false	false			UNKNOWN	NONE	NONE	SERVICE_VERSION_00000000000000000000000000000000	PY_EXPRESSION_ccfc4c85f19176e4a3f76affbd26bbb4
ATTRIBUTE_ACCESS	RECEIVER	ASSIGNMENT_VALUE	METHOD		PY_METHOD_b31da01fa40e522acd2f356bd1e5af56	PY_EXPRESSION_385235bc7589b86ad6d4f0efb459beca	0	2		bulk	NONE	NONE		UNKNOWN				false		103	14	103	26	PY_SCOPE_a48078cc69c57cb076771ddc75a26984	PY_MODULE_26d35b2196b998f00bc6fe14819c7c1e		LOAD	false		false	false	service.bulk		UNKNOWN	NONE	NONE	SERVICE_VERSION_00000000000000000000000000000000	PY_EXPRESSION_3eda3085b94052fac9657254cadaa8e4
NAME_REFERENCE	ARGUMENT	ASSIGNMENT_VALUE	METHOD		PY_METHOD_b31da01fa40e522acd2f356bd1e5af56	PY_EXPRESSION_385235bc7589b86ad6d4f0efb459beca	0	2		pairs	NONE	NONE		UNKNOWN				false		103	27	103	32	PY_SCOPE_a48078cc69c57cb076771ddc75a26984	PY_MODULE_26d35b2196b998f00bc6fe14819c7c1e	PY_BINDING_f20a54362c2236802bc7f52e26ea658a	LOAD	false		false	false			UNKNOWN	NONE	NONE	SERVICE_VERSION_00000000000000000000000000000000	PY_EXPRESSION_651dcf32ddf5449be4a37859d2b8d6f2
NAME_REFERENCE	ARGUMENT	ASSIGNMENT_VALUE	METHOD		PY_METHOD_b31da01fa40e522acd2f356bd1e5af56	PY_EXPRESSION_385235bc7589b86ad6d4f0efb459beca	1	2		amount	NONE	NONE		UNKNOWN				false		103	34	103	40	PY_SCOPE_a48078cc69c57cb076771ddc75a26984	PY_MODULE_26d35b2196b998f00bc6fe14819c7c1e	PY_BINDING_0e44b63e7c527e0c8f6ea83d73aa3b5b	LOAD	false		false	false			UNKNOWN	NONE	NONE	SERVICE_VERSION_00000000000000000000000000000000	PY_EXPRESSION_68f8c26c7ceafb59e87fc81ece3d9379
NAME_REFERENCE	ATTRIBUTE_OBJECT	ASSIGNMENT_VALUE	METHOD		PY_METHOD_b31da01fa40e522acd2f356bd1e5af56	PY_EXPRESSION_3eda3085b94052fac9657254cadaa8e4	0	3		service	NONE	NONE		UNKNOWN				false		103	14	103	21	PY_SCOPE_a48078cc69c57cb076771ddc75a26984	PY_MODULE_26d35b2196b998f00bc6fe14819c7c1e	PY_BINDING_b3bcea2f744d65bdc9ebd75b4a48f6c9	LOAD	false		false	false			UNKNOWN	NONE	NONE	SERVICE_VERSION_00000000000000000000000000000000	PY_EXPRESSION_406882210216ab34984ff9e890b6f0f2
NAME_REFERENCE	RETURN_VALUE	RETURN_VALUE	METHOD		PY_METHOD_b31da01fa40e522acd2f356bd1e5af56		0	0		service	NONE	NONE		UNKNOWN				false	0	104	11	104	18	PY_SCOPE_a48078cc69c57cb076771ddc75a26984	PY_MODULE_26d35b2196b998f00bc6fe14819c7c1e	PY_BINDING_b3bcea2f744d65bdc9ebd75b4a48f6c9	LOAD	false		false	false			UNKNOWN	NONE	NONE	SERVICE_VERSION_00000000000000000000000000000000	PY_EXPRESSION_9cf3ece276dab9180b17575c8a89937c
NAME_REFERENCE	RETURN_VALUE	RETURN_VALUE	METHOD		PY_METHOD_b31da01fa40e522acd2f356bd1e5af56		1	0		outcome	NONE	NONE		UNKNOWN				false	0	104	20	104	27	PY_SCOPE_a48078cc69c57cb076771ddc75a26984	PY_MODULE_26d35b2196b998f00bc6fe14819c7c1e	PY_BINDING_ea86c002e866697b51702c921a52728b	LOAD	false		false	false			UNKNOWN	NONE	NONE	SERVICE_VERSION_00000000000000000000000000000000	PY_EXPRESSION_519c7042589659799678c642ffc46f1a
LITERAL	ROOT	MODULE_LEVEL_STATEMENT	METHOD		PY_METHOD_a8bfd074a868eda7ddd94f14345cb9ff		0	0	STRING	Java analogue: local-variables/. Path (1) again, but through LOCALS rather than imports. Locals are 36.8% of bare-name receivers -- the second-largest bucket. Whether a local is resolvable depends entirely on the shape of what is assigned into it, so this fixture walks the shapes in order of how much they give away.	NONE	NONE		UNKNOWN				false		1	0	7	3	PY_SCOPE_75674551fc694a700896e9c0038131ce	PY_MODULE_47bc7c208a0cd524af17965fb97762d1		LOAD	false		false	false		str	BUILTIN_SCALAR	LITERAL	CERTAIN	SERVICE_VERSION_00000000000000000000000000000000	PY_EXPRESSION_94cf31d4c7144bba2a72162f856f0a1f
ASSIGNMENT	ROOT	ASSIGNMENT_VALUE	METHOD		PY_METHOD_6df727a74135257df391e3449ce0ee7a		0	0			NONE	NONE		UNKNOWN				false		15	4	15	28	PY_SCOPE_9207b314ad99bbecb3a27534be644311	PY_MODULE_47bc7c208a0cd524af17965fb97762d1		LOAD	false		false	false			UNKNOWN	NONE	NONE	SERVICE_VERSION_00000000000000000000000000000000	PY_EXPRESSION_6360dcec93f866c7d67c81580bd9fe02
CALL	ASSIGNMENT_VALUE	ASSIGNMENT_VALUE	METHOD		PY_METHOD_6df727a74135257df391e3449ce0ee7a	PY_EXPRESSION_6360dcec93f866c7d67c81580bd9fe02	0	1		Account	NONE	NONE		UNKNOWN				false		15	14	15	28	PY_SCOPE_9207b314ad99bbecb3a27534be644311	PY_MODULE_47bc7c208a0cd524af17965fb97762d1		LOAD	false		false	false	Account		UNKNOWN	NONE	NONE	SERVICE_VERSION_00000000000000000000000000000000	PY_EXPRESSION_c3d2a2c4b7e14371669f0c9275857527
NAME_REFERENCE	ASSIGNMENT_TARGET	ASSIGNMENT_TARGET	METHOD		PY_METHOD_6df727a74135257df391e3449ce0ee7a	PY_EXPRESSION_6360dcec93f866c7d67c81580bd9fe02	0	1		account	NONE	NONE		UNKNOWN				false		15	4	15	11	PY_SCOPE_9207b314ad99bbecb3a27534be644311	PY_MODULE_47bc7c208a0cd524af17965fb97762d1	PY_BINDING_36df3c80b6c6aa0cd50a0c7ac2971f9f	STORE	true		false	false			UNKNOWN	NONE	NONE	SERVICE_VERSION_00000000000000000000000000000000	PY_EXPRESSION_8d17fba93c2e3fcd88817ef5f136296e
NAME_REFERENCE	CALLEE	ASSIGNMENT_VALUE	METHOD		PY_METHOD_6df727a74135257df391e3449ce0ee7a	PY_EXPRESSION_c3d2a2c4b7e14371669f0c9275857527	0	2		Account	NONE	NONE		TYPE	PY_TYPE_160aee5ca584e3817b8783b4e148e2a8			false		15	14	15	21	PY_SCOPE_9207b314ad99bbecb3a27534be644311	PY_MODULE_47bc7c208a0cd524af17965fb97762d1	PY_BINDING_cf4538068616f07230c0e73cbcbdd60d	LOAD	false		false	false			UNKNOWN	NONE	NONE	SERVICE_VERSION_00000000000000000000000000000000	PY_EXPRESSION_65ae8441871851f1321a6d4e002363dd
NAME_REFERENCE	ARGUMENT	ASSIGNMENT_VALUE	METHOD		PY_METHOD_6df727a74135257df391e3449ce0ee7a	PY_EXPRESSION_c3d2a2c4b7e14371669f0c9275857527	0	2		owner	NONE	NONE		UNKNOWN				false		15	22	15	27	PY_SCOPE_9207b314ad99bbecb3a27534be644311	PY_MODULE_47bc7c208a0cd524af17965fb97762d1	PY_BINDING_0abcc96ddfbb63fc5d70d77175c21303	LOAD	false		false	false			UNKNOWN	NONE	NONE	SERVICE_VERSION_00000000000000000000000000000000	PY_EXPRESSION_a4004329938a6719ef1795ffd899b805
CALL	RETURN_VALUE	RETURN_VALUE	METHOD		PY_METHOD_6df727a74135257df391e3449ce0ee7a		0	0		balance	NONE	NONE		UNKNOWN				false	0	16	11	16	28	PY_SCOPE_9207b314ad99bbecb3a27534be644311	PY_MODULE_47bc7c208a0cd524af17965fb97762d1		LOAD	false		false	false	account.balance		UNKNOWN	NONE	NONE	SERVICE_VERSION_00000000000000000000000000000000	PY_EXPRESSION_5b1983e90c3165a9448ba8363466ff1e
ATTRIBUTE_ACCESS	RECEIVER	RETURN_VALUE	METHOD		PY_METHOD_6df727a74135257df391e3449ce0ee7a	PY_EXPRESSION_5b1983e90c3165a9448ba8363466ff1e	0	1		balance	NONE	NONE		UNKNOWN				false	0	16	11	16	26	PY_SCOPE_9207b314ad99bbecb3a27534be644311	PY_MODULE_47bc7c208a0cd524af17965fb97762d1		LOAD	false		false	false	account.balance		UNKNOWN	NONE	NONE	SERVICE_VERSION_00000000000000000000000000000000	PY_EXPRESSION_a5ab81b82fb72d66acb5e34ee5e341ee
NAME_REFERENCE	ATTRIBUTE_OBJECT	RETURN_VALUE	METHOD		PY_METHOD_6df727a74135257df391e3449ce0ee7a	PY_EXPRESSION_a5ab81b82fb72d66acb5e34ee5e341ee	0	2		account	NONE	NONE		UNKNOWN				false	0	16	11	16	18	PY_SCOPE_9207b314ad99bbecb3a27534be644311	PY_MODULE_47bc7c208a0cd524af17965fb97762d1	PY_BINDING_36df3c80b6c6aa0cd50a0c7ac2971f9f	LOAD	false		false	false			UNKNOWN	NONE	NONE	SERVICE_VERSION_00000000000000000000000000000000	PY_EXPRESSION_6c82e365ad18f038efceddb18bf50d3b
ASSIGNMENT	ROOT	ASSIGNMENT_VALUE	METHOD		PY_METHOD_f3b9ff22c6471370791c51ab89a2a391		0	0			NONE	NONE		UNKNOWN				false		21	4	21	30	PY_SCOPE_0947230b6d900e428a32312de29ec98d	PY_MODULE_47bc7c208a0cd524af17965fb97762d1		LOAD	false		false	false			UNKNOWN	NONE	NONE	SERVICE_VERSION_00000000000000000000000000000000	PY_EXPRESSION_6ac9701296d71b88187a49803eba0a69
CALL	ASSIGNMENT_VALUE	ASSIGNMENT_VALUE	METHOD		PY_METHOD_f3b9ff22c6471370791c51ab89a2a391	PY_EXPRESSION_6ac9701296d71b88187a49803eba0a69	0	1		Account	NONE	NONE		UNKNOWN				false		21	14	21	30	PY_SCOPE_0947230b6d900e428a32312de29ec98d	PY_MODULE_47bc7c208a0cd524af17965fb97762d1		LOAD	false		false	false	Account		UNKNOWN	NONE	NONE	SERVICE_VERSION_00000000000000000000000000000000	PY_EXPRESSION_ec525897b0669ae8b3ceb61f1ffa162a
NAME_REFERENCE	ASSIGNMENT_TARGET	ASSIGNMENT_TARGET	METHOD		PY_METHOD_f3b9ff22c6471370791c51ab89a2a391	PY_EXPRESSION_6ac9701296d71b88187a49803eba0a69	0	1		account	NONE	NONE		UNKNOWN				false		21	4	21	11	PY_SCOPE_0947230b6d900e428a32312de29ec98d	PY_MODULE_47bc7c208a0cd524af17965fb97762d1	PY_BINDING_9b771eaf65605129224b24f374d4f555	STORE	true		false	false			UNKNOWN	NONE	NONE	SERVICE_VERSION_00000000000000000000000000000000	PY_EXPRESSION_0f00c49777da1085ce837852d19e2694
NAME_REFERENCE	CALLEE	ASSIGNMENT_VALUE	METHOD		PY_METHOD_f3b9ff22c6471370791c51ab89a2a391	PY_EXPRESSION_ec525897b0669ae8b3ceb61f1ffa162a	0	2		Account	NONE	NONE		TYPE	PY_TYPE_160aee5ca584e3817b8783b4e148e2a8			false		21	14	21	21	PY_SCOPE_0947230b6d900e428a32312de29ec98d	PY_MODULE_47bc7c208a0cd524af17965fb97762d1	PY_BINDING_c1768eb7f7cc75a38b1ca7a50113e8e1	LOAD	false		false	false			UNKNOWN	NONE	NONE	SERVICE_VERSION_00000000000000000000000000000000	PY_EXPRESSION_909ec63ae3e25ddf383a3c5749b49130
NAME_REFERENCE	ARGUMENT	ASSIGNMENT_VALUE	METHOD		PY_METHOD_f3b9ff22c6471370791c51ab89a2a391	PY_EXPRESSION_ec525897b0669ae8b3ceb61f1ffa162a	0	2		owner_a	NONE	NONE		UNKNOWN				false		21	22	21	29	PY_SCOPE_0947230b6d900e428a32312de29ec98d	PY_MODULE_47bc7c208a0cd524af17965fb97762d1	PY_BINDING_492b372b774cb2d33844a39d50a14e3e	LOAD	false		false	false			UNKNOWN	NONE	NONE	SERVICE_VERSION_00000000000000000000000000000000	PY_EXPRESSION_10597bc2bc3d3dfd701f497fb3a79ff7
ASSIGNMENT	ROOT	ASSIGNMENT_VALUE	METHOD		PY_METHOD_f3b9ff22c6471370791c51ab89a2a391		0	0			NONE	NONE		UNKNOWN				false		22	4	22	30	PY_SCOPE_0947230b6d900e428a32312de29ec98d	PY_MODULE_47bc7c208a0cd524af17965fb97762d1		LOAD	false		false	false			UNKNOWN	NONE	NONE	SERVICE_VERSION_00000000000000000000000000000000	PY_EXPRESSION_732f06c6bb44e66d4f7453d00e42b393
CALL	ASSIGNMENT_VALUE	ASSIGNMENT_VALUE	METHOD		PY_METHOD_f3b9ff22c6471370791c51ab89a2a391	PY_EXPRESSION_732f06c6bb44e66d4f7453d00e42b393	0	1		Account	NONE	NONE		UNKNOWN				false		22	14	22	30	PY_SCOPE_0947230b6d900e428a32312de29ec98d	PY_MODULE_47bc7c208a0cd524af17965fb97762d1		LOAD	false		false	false	Account		UNKNOWN	NONE	NONE	SERVICE_VERSION_00000000000000000000000000000000	PY_EXPRESSION_c35e3e76489ec9cfb335b6832a811858
NAME_REFERENCE	ASSIGNMENT_TARGET	ASSIGNMENT_TARGET	METHOD		PY_METHOD_f3b9ff22c6471370791c51ab89a2a391	PY_EXPRESSION_732f06c6bb44e66d4f7453d00e42b393	0	1		account	NONE	NONE		UNKNOWN				false		22	4	22	11	PY_SCOPE_0947230b6d900e428a32312de29ec98d	PY_MODULE_47bc7c208a0cd524af17965fb97762d1	PY_BINDING_9b771eaf65605129224b24f374d4f555	STORE	true		false	false			UNKNOWN	NONE	NONE	SERVICE_VERSION_00000000000000000000000000000000	PY_EXPRESSION_3facaef88a7bc8a0f9759af578a8ac45
NAME_REFERENCE	CALLEE	ASSIGNMENT_VALUE	METHOD		PY_METHOD_f3b9ff22c6471370791c51ab89a2a391	PY_EXPRESSION_c35e3e76489ec9cfb335b6832a811858	0	2		Account	NONE	NONE		TYPE	PY_TYPE_160aee5ca584e3817b8783b4e148e2a8			false		22	14	22	21	PY_SCOPE_0947230b6d900e428a32312de29ec98d	PY_MODULE_47bc7c208a0cd524af17965fb97762d1	PY_BINDING_c1768eb7f7cc75a38b1ca7a50113e8e1	LOAD	false		false	false			UNKNOWN	NONE	NONE	SERVICE_VERSION_00000000000000000000000000000000	PY_EXPRESSION_91e5fba745edb20252a2bfcb1323e141
NAME_REFERENCE	ARGUMENT	ASSIGNMENT_VALUE	METHOD		PY_METHOD_f3b9ff22c6471370791c51ab89a2a391	PY_EXPRESSION_c35e3e76489ec9cfb335b6832a811858	0	2		owner_b	NONE	NONE		UNKNOWN				false		22	22	22	29	PY_SCOPE_0947230b6d900e428a32312de29ec98d	PY_MODULE_47bc7c208a0cd524af17965fb97762d1	PY_BINDING_0e252c0a815d30e10704283665062c6b	LOAD	false		false	false			UNKNOWN	NONE	NONE	SERVICE_VERSION_00000000000000000000000000000000	PY_EXPRESSION_da6f953915b16f57a2951573855e5aaf
CALL	RETURN_VALUE	RETURN_VALUE	METHOD		PY_METHOD_f3b9ff22c6471370791c51ab89a2a391		0	0		balance	NONE	NONE		UNKNOWN				false	0	23	11	23	28	PY_SCOPE_0947230b6d900e428a32312de29ec98d	PY_MODULE_47bc7c208a0cd524af17965fb97762d1		LOAD	false		false	false	account.balance		UNKNOWN	NONE	NONE	SERVICE_VERSION_00000000000000000000000000000000	PY_EXPRESSION_5d26a2430c8ef10fb08decd7a3dbe2ad
ATTRIBUTE_ACCESS	RECEIVER	RETURN_VALUE	METHOD		PY_METHOD_f3b9ff22c6471370791c51ab89a2a391	PY_EXPRESSION_5d26a2430c8ef10fb08decd7a3dbe2ad	0	1		balance	NONE	NONE		UNKNOWN				false	0	23	11	23	26	PY_SCOPE_0947230b6d900e428a32312de29ec98d	PY_MODULE_47bc7c208a0cd524af17965fb97762d1		LOAD	false		false	false	account.balance		UNKNOWN	NONE	NONE	SERVICE_VERSION_00000000000000000000000000000000	PY_EXPRESSION_35cd8070d2c8db789892698121755066
NAME_REFERENCE	ATTRIBUTE_OBJECT	RETURN_VALUE	METHOD		PY_METHOD_f3b9ff22c6471370791c51ab89a2a391	PY_EXPRESSION_35cd8070d2c8db789892698121755066	0	2		account	NONE	NONE		UNKNOWN				false	0	23	11	23	18	PY_SCOPE_0947230b6d900e428a32312de29ec98d	PY_MODULE_47bc7c208a0cd524af17965fb97762d1	PY_BINDING_9b771eaf65605129224b24f374d4f555	LOAD	false		false	false			UNKNOWN	NONE	NONE	SERVICE_VERSION_00000000000000000000000000000000	PY_EXPRESSION_92d56cf88e7f929295dbbdb4dc0de26d
ASSIGNMENT	ROOT	ASSIGNMENT_VALUE	METHOD		PY_METHOD_5d27ec7d7b451c232e77d5b035cc9c27		0	0			NONE	NONE		UNKNOWN				false		29	4	29	27	PY_SCOPE_c3d0e3e580a1b73422e86693d5b5dd40	PY_MODULE_47bc7c208a0cd524af17965fb97762d1		LOAD	false		false	false			UNKNOWN	NONE	NONE	SERVICE_VERSION_00000000000000000000000000000000	PY_EXPRESSION_0014b3d74490f8aa9b4f4c3fc1880111
CALL	ASSIGNMENT_VALUE	ASSIGNMENT_VALUE	METHOD		PY_METHOD_5d27ec7d7b451c232e77d5b035cc9c27	PY_EXPRESSION_0014b3d74490f8aa9b4f4c3fc1880111	0	1		Account	NONE	NONE		UNKNOWN				false		29	13	29	27	PY_SCOPE_c3d0e3e580a1b73422e86693d5b5dd40	PY_MODULE_47bc7c208a0cd524af17965fb97762d1		LOAD	false		false	false	Account		UNKNOWN	NONE	NONE	SERVICE_VERSION_00000000000000000000000000000000	PY_EXPRESSION_d4feac7737da493b407c51b12476089d
NAME_REFERENCE	ASSIGNMENT_TARGET	ASSIGNMENT_TARGET	METHOD		PY_METHOD_5d27ec7d7b451c232e77d5b035cc9c27	PY_EXPRESSION_0014b3d74490f8aa9b4f4c3fc1880111	0	1		holder	NONE	NONE		UNKNOWN				false		29	4	29	10	PY_SCOPE_c3d0e3e580a1b73422e86693d5b5dd40	PY_MODULE_47bc7c208a0cd524af17965fb97762d1	PY_BINDING_5129d9de25fb8f45ca0fbe6ff37f922c	STORE	true		false	false			UNKNOWN	NONE	NONE	SERVICE_VERSION_00000000000000000000000000000000	PY_EXPRESSION_f9444c604a28dba5de359ce1d49372a9
NAME_REFERENCE	CALLEE	ASSIGNMENT_VALUE	METHOD		PY_METHOD_5d27ec7d7b451c232e77d5b035cc9c27	PY_EXPRESSION_d4feac7737da493b407c51b12476089d	0	2		Account	NONE	NONE		TYPE	PY_TYPE_160aee5ca584e3817b8783b4e148e2a8			false		29	13	29	20	PY_SCOPE_c3d0e3e580a1b73422e86693d5b5dd40	PY_MODULE_47bc7c208a0cd524af17965fb97762d1	PY_BINDING_f41f766ce2a5711473a39ca83f90d595	LOAD	false		false	false			UNKNOWN	NONE	NONE	SERVICE_VERSION_00000000000000000000000000000000	PY_EXPRESSION_54fd1380ce010d3d01cf7466c37bdbf9
NAME_REFERENCE	ARGUMENT	ASSIGNMENT_VALUE	METHOD		PY_METHOD_5d27ec7d7b451c232e77d5b035cc9c27	PY_EXPRESSION_d4feac7737da493b407c51b12476089d	0	2		owner	NONE	NONE		UNKNOWN				false		29	21	29	26	PY_SCOPE_c3d0e3e580a1b73422e86693d5b5dd40	PY_MODULE_47bc7c208a0cd524af17965fb97762d1	PY_BINDING_e55f6072ba009cfca1f96036fce3844c	LOAD	false		false	false			UNKNOWN	NONE	NONE	SERVICE_VERSION_00000000000000000000000000000000	PY_EXPRESSION_102c4366e297f2e6df3f7b1adee10809
ASSIGNMENT	ROOT	ASSIGNMENT_VALUE	METHOD		PY_METHOD_5d27ec7d7b451c232e77d5b035cc9c27		0	0			NONE	NONE		UNKNOWN				false		30	4	30	21	PY_SCOPE_c3d0e3e580a1b73422e86693d5b5dd40	PY_MODULE_47bc7c208a0cd524af17965fb97762d1		LOAD	false		false	false			UNKNOWN	NONE	NONE	SERVICE_VERSION_00000000000000000000000000000000	PY_EXPRESSION_fab060a8d9c4ee4a54c3f9a565fdae1b
CALL	ASSIGNMENT_VALUE	ASSIGNMENT_VALUE	METHOD		PY_METHOD_5d27ec7d7b451c232e77d5b035cc9c27	PY_EXPRESSION_fab060a8d9c4ee4a54c3f9a565fdae1b	0	1		Ledger	NONE	NONE		UNKNOWN				false		30	13	30	21	PY_SCOPE_c3d0e3e580a1b73422e86693d5b5dd40	PY_MODULE_47bc7c208a0cd524af17965fb97762d1		LOAD	false		false	false	Ledger		UNKNOWN	NONE	NONE	SERVICE_VERSION_00000000000000000000000000000000	PY_EXPRESSION_6dbf03c864584d182a2c00adcc8eda69
NAME_REFERENCE	ASSIGNMENT_TARGET	ASSIGNMENT_TARGET	METHOD		PY_METHOD_5d27ec7d7b451c232e77d5b035cc9c27	PY_EXPRESSION_fab060a8d9c4ee4a54c3f9a565fdae1b	0	1		holder	NONE	NONE		UNKNOWN				false		30	4	30	10	PY_SCOPE_c3d0e3e580a1b73422e86693d5b5dd40	PY_MODULE_47bc7c208a0cd524af17965fb97762d1	PY_BINDING_5129d9de25fb8f45ca0fbe6ff37f922c	STORE	true		false	false			UNKNOWN	NONE	NONE	SERVICE_VERSION_00000000000000000000000000000000	PY_EXPRESSION_5ce535e169c2313e0c825ddc28756554
NAME_REFERENCE	CALLEE	ASSIGNMENT_VALUE	METHOD		PY_METHOD_5d27ec7d7b451c232e77d5b035cc9c27	PY_EXPRESSION_6dbf03c864584d182a2c00adcc8eda69	0	2		Ledger	NONE	NONE		TYPE	PY_TYPE_65c006b7dc1da8d5b431a90353733207			false		30	13	30	19	PY_SCOPE_c3d0e3e580a1b73422e86693d5b5dd40	PY_MODULE_47bc7c208a0cd524af17965fb97762d1	PY_BINDING_f927443c171d3f47a3b94a3d5ad298fb	LOAD	false		false	false			UNKNOWN	NONE	NONE	SERVICE_VERSION_00000000000000000000000000000000	PY_EXPRESSION_0462eba30cf693395808f15ce70b3175
NAME_REFERENCE	RETURN_VALUE	RETURN_VALUE	METHOD		PY_METHOD_5d27ec7d7b451c232e77d5b035cc9c27		0	0		holder	NONE	NONE		UNKNOWN				false	0	31	11	31	17	PY_SCOPE_c3d0e3e580a1b73422e86693d5b5dd40	PY_MODULE_47bc7c208a0cd524af17965fb97762d1	PY_BINDING_5129d9de25fb8f45ca0fbe6ff37f922c	LOAD	false		false	false			UNKNOWN	NONE	NONE	SERVICE_VERSION_00000000000000000000000000000000	PY_EXPRESSION_8e6431b7344b9d993165d83821d3424f
ASSIGNMENT	ROOT	ASSIGNMENT_VALUE	METHOD		PY_METHOD_2eeec59a3521598c683dff81f2a0e297		0	0			NONE	NONE		UNKNOWN				false		36	4	36	26	PY_SCOPE_1c01573b2f73b7529e3aadcddb666b6d	PY_MODULE_47bc7c208a0cd524af17965fb97762d1		LOAD	false		false	false			UNKNOWN	NONE	NONE	SERVICE_VERSION_00000000000000000000000000000000	PY_EXPRESSION_0ec68d2c23ee11164601a1768e08faab
CALL	ASSIGNMENT_VALUE	ASSIGNMENT_VALUE	METHOD		PY_METHOD_2eeec59a3521598c683dff81f2a0e297	PY_EXPRESSION_0ec68d2c23ee11164601a1768e08faab	0	1		Account	NONE	NONE		UNKNOWN				false		36	12	36	26	PY_SCOPE_1c01573b2f73b7529e3aadcddb666b6d	PY_MODULE_47bc7c208a0cd524af17965fb97762d1		LOAD	false		false	false	Account		UNKNOWN	NONE	NONE	SERVICE_VERSION_00000000000000000000000000000000	PY_EXPRESSION_960f0c7d49c968a4016c50b8ffc78817
NAME_REFERENCE	ASSIGNMENT_TARGET	ASSIGNMENT_TARGET	METHOD		PY_METHOD_2eeec59a3521598c683dff81f2a0e297	PY_EXPRESSION_0ec68d2c23ee11164601a1768e08faab	0	1		value	NONE	NONE		UNKNOWN				false		36	4	36	9	PY_SCOPE_1c01573b2f73b7529e3aadcddb666b6d	PY_MODULE_47bc7c208a0cd524af17965fb97762d1	PY_BINDING_3ae883b87ac9070ef6869517ee8ba76b	STORE	true		false	false			UNKNOWN	NONE	NONE	SERVICE_VERSION_00000000000000000000000000000000	PY_EXPRESSION_02076d66657c0fcbf7e7593f248394ae
NAME_REFERENCE	CALLEE	ASSIGNMENT_VALUE	METHOD		PY_METHOD_2eeec59a3521598c683dff81f2a0e297	PY_EXPRESSION_960f0c7d49c968a4016c50b8ffc78817	0	2		Account	NONE	NONE		TYPE	PY_TYPE_160aee5ca584e3817b8783b4e148e2a8			false		36	12	36	19	PY_SCOPE_1c01573b2f73b7529e3aadcddb666b6d	PY_MODULE_47bc7c208a0cd524af17965fb97762d1	PY_BINDING_83dc111047c1917c68d20f09d6d13f8b	LOAD	false		false	false			UNKNOWN	NONE	NONE	SERVICE_VERSION_00000000000000000000000000000000	PY_EXPRESSION_fc6c9b74edaf5463101c03d4c28434e0
NAME_REFERENCE	ARGUMENT	ASSIGNMENT_VALUE	METHOD		PY_METHOD_2eeec59a3521598c683dff81f2a0e297	PY_EXPRESSION_960f0c7d49c968a4016c50b8ffc78817	0	2		owner	NONE	NONE		UNKNOWN				false		36	20	36	25	PY_SCOPE_1c01573b2f73b7529e3aadcddb666b6d	PY_MODULE_47bc7c208a0cd524af17965fb97762d1	PY_BINDING_9f08fa0a2c647fb472078ae23f2cc1be	LOAD	false		false	false			UNKNOWN	NONE	NONE	SERVICE_VERSION_00000000000000000000000000000000	PY_EXPRESSION_c600759a5bba1f10e34c0382cca603ca
NAME_REFERENCE	CONDITION	IF_CONDITION	METHOD		PY_METHOD_2eeec59a3521598c683dff81f2a0e297		0	0		flag	NONE	NONE		UNKNOWN				false		37	7	37	11	PY_SCOPE_1c01573b2f73b7529e3aadcddb666b6d	PY_MODULE_47bc7c208a0cd524af17965fb97762d1	PY_BINDING_f48ea2a21eb1a536f73440b101ca62c9	LOAD	false		false	false			UNKNOWN	NONE	NONE	SERVICE_VERSION_00000000000000000000000000000000	PY_EXPRESSION_05ad0c3f7233d6234ced6c3fcfb2105c
ASSIGNMENT	ROOT	ASSIGNMENT_VALUE	METHOD		PY_METHOD_2eeec59a3521598c683dff81f2a0e297		0	0			NONE	NONE		UNKNOWN				false		38	8	38	24	PY_SCOPE_1c01573b2f73b7529e3aadcddb666b6d	PY_MODULE_47bc7c208a0cd524af17965fb97762d1		LOAD	false		false	false			UNKNOWN	NONE	NONE	SERVICE_VERSION_00000000000000000000000000000000	PY_EXPRESSION_d7a4c1bb93b1266090bd6dcaea3e9b4d
CALL	ASSIGNMENT_VALUE	ASSIGNMENT_VALUE	METHOD		PY_METHOD_2eeec59a3521598c683dff81f2a0e297	PY_EXPRESSION_d7a4c1bb93b1266090bd6dcaea3e9b4d	0	1		Ledger	NONE	NONE		UNKNOWN				false		38	16	38	24	PY_SCOPE_1c01573b2f73b7529e3aadcddb666b6d	PY_MODULE_47bc7c208a0cd524af17965fb97762d1		LOAD	false		false	false	Ledger		UNKNOWN	NONE	NONE	SERVICE_VERSION_00000000000000000000000000000000	PY_EXPRESSION_381806fa7cc38f7f1bff9becfb2acd55
NAME_REFERENCE	ASSIGNMENT_TARGET	ASSIGNMENT_TARGET	METHOD		PY_METHOD_2eeec59a3521598c683dff81f2a0e297	PY_EXPRESSION_d7a4c1bb93b1266090bd6dcaea3e9b4d	0	1		value	NONE	NONE		UNKNOWN				false		38	8	38	13	PY_SCOPE_1c01573b2f73b7529e3aadcddb666b6d	PY_MODULE_47bc7c208a0cd524af17965fb97762d1	PY_BINDING_3ae883b87ac9070ef6869517ee8ba76b	STORE	true		false	false			UNKNOWN	NONE	NONE	SERVICE_VERSION_00000000000000000000000000000000	PY_EXPRESSION_323f4849680efdb987f9c07e4c308a7b
NAME_REFERENCE	CALLEE	ASSIGNMENT_VALUE	METHOD		PY_METHOD_2eeec59a3521598c683dff81f2a0e297	PY_EXPRESSION_381806fa7cc38f7f1bff9becfb2acd55	0	2		Ledger	NONE	NONE		TYPE	PY_TYPE_65c006b7dc1da8d5b431a90353733207			false		38	16	38	22	PY_SCOPE_1c01573b2f73b7529e3aadcddb666b6d	PY_MODULE_47bc7c208a0cd524af17965fb97762d1	PY_BINDING_b37e087ecf979b1ca1f6599c19e0a61e	LOAD	false		false	false			UNKNOWN	NONE	NONE	SERVICE_VERSION_00000000000000000000000000000000	PY_EXPRESSION_c48a4df8c5cc67b662125661d5e06792
NAME_REFERENCE	RETURN_VALUE	RETURN_VALUE	METHOD		PY_METHOD_2eeec59a3521598c683dff81f2a0e297		0	0		value	NONE	NONE		UNKNOWN				false	0	39	11	39	16	PY_SCOPE_1c01573b2f73b7529e3aadcddb666b6d	PY_MODULE_47bc7c208a0cd524af17965fb97762d1	PY_BINDING_3ae883b87ac9070ef6869517ee8ba76b	LOAD	false		false	false			UNKNOWN	NONE	NONE	SERVICE_VERSION_00000000000000000000000000000000	PY_EXPRESSION_f72a5c40bae2ec10c6f5972914467bab
ASSIGNMENT	ROOT	ASSIGNMENT_VALUE	METHOD		PY_METHOD_ec8c06151fd2f99fa4b987fb11cdd8bb		0	0			NONE	NONE		UNKNOWN				false		43	4	43	36	PY_SCOPE_eaf723bf913753ad15d0f724adefe6ab	PY_MODULE_47bc7c208a0cd524af17965fb97762d1		LOAD	false		false	false			UNKNOWN	NONE	NONE	SERVICE_VERSION_00000000000000000000000000000000	PY_EXPRESSION_8d2acdfa69d8ff4b1675c4cf438fcec2
CALL	ASSIGNMENT_VALUE	ASSIGNMENT_VALUE	METHOD		PY_METHOD_ec8c06151fd2f99fa4b987fb11cdd8bb	PY_EXPRESSION_8d2acdfa69d8ff4b1675c4cf438fcec2	0	1		balance	NONE	NONE		UNKNOWN				false		43	12	43	36	PY_SCOPE_eaf723bf913753ad15d0f724adefe6ab	PY_MODULE_47bc7c208a0cd524af17965fb97762d1		LOAD	false		false	false	balance		UNKNOWN	NONE	NONE	SERVICE_VERSION_00000000000000000000000000000000	PY_EXPRESSION_ed4c9d6bf304d88dab7acec9893e1f81
NAME_REFERENCE	ASSIGNMENT_TARGET	ASSIGNMENT_TARGET	METHOD		PY_METHOD_ec8c06151fd2f99fa4b987fb11cdd8bb	PY_EXPRESSION_8d2acdfa69d8ff4b1675c4cf438fcec2	0	1		total	NONE	NONE		UNKNOWN				false		43	4	43	9	PY_SCOPE_eaf723bf913753ad15d0f724adefe6ab	PY_MODULE_47bc7c208a0cd524af17965fb97762d1	PY_BINDING_cda077017a6b703af86e3711399d88c8	STORE	true		false	false			UNKNOWN	NONE	NONE	SERVICE_VERSION_00000000000000000000000000000000	PY_EXPRESSION_4bcc8863055b875b304eb163e0cb3067
ATTRIBUTE_ACCESS	RECEIVER	ASSIGNMENT_VALUE	METHOD		PY_METHOD_ec8c06151fd2f99fa4b987fb11cdd8bb	PY_EXPRESSION_ed4c9d6bf304d88dab7acec9893e1f81	0	2		balance	NONE	NONE		UNKNOWN				false		43	12	43	34	PY_SCOPE_eaf723bf913753ad15d0f724adefe6ab	PY_MODULE_47bc7c208a0cd524af17965fb97762d1		LOAD	false		false	false	balance		UNKNOWN	NONE	NONE	SERVICE_VERSION_00000000000000000000000000000000	PY_EXPRESSION_85c3c794e98058159415675916522c8a
CALL	ATTRIBUTE_OBJECT	ASSIGNMENT_VALUE	METHOD		PY_METHOD_ec8c06151fd2f99fa4b987fb11cdd8bb	PY_EXPRESSION_85c3c794e98058159415675916522c8a	0	3		Account	NONE	NONE		UNKNOWN				false		43	12	43	26	PY_SCOPE_eaf723bf913753ad15d0f724adefe6ab	PY_MODULE_47bc7c208a0cd524af17965fb97762d1		LOAD	false		false	false	Account		UNKNOWN	NONE	NONE	SERVICE_VERSION_00000000000000000000000000000000	PY_EXPRESSION_168abeb327da30e028821eaf8c6839cc
NAME_REFERENCE	CALLEE	ASSIGNMENT_VALUE	METHOD		PY_METHOD_ec8c06151fd2f99fa4b987fb11cdd8bb	PY_EXPRESSION_168abeb327da30e028821eaf8c6839cc	0	4		Account	NONE	NONE		TYPE	PY_TYPE_160aee5ca584e3817b8783b4e148e2a8			false		43	12	43	19	PY_SCOPE_eaf723bf913753ad15d0f724adefe6ab	PY_MODULE_47bc7c208a0cd524af17965fb97762d1	PY_BINDING_2245013e279eb5cbebae84de6574ba2f	LOAD	false		false	false			UNKNOWN	NONE	NONE	SERVICE_VERSION_00000000000000000000000000000000	PY_EXPRESSION_3d36b8f4d8213c0be01355362618746a
NAME_REFERENCE	ARGUMENT	ASSIGNMENT_VALUE	METHOD		PY_METHOD_ec8c06151fd2f99fa4b987fb11cdd8bb	PY_EXPRESSION_168abeb327da30e028821eaf8c6839cc	0	4		owner	NONE	NONE		UNKNOWN				false		43	20	43	25	PY_SCOPE_eaf723bf913753ad15d0f724adefe6ab	PY_MODULE_47bc7c208a0cd524af17965fb97762d1	PY_BINDING_a179ea28edebd1e019e6416ca3b1ff34	LOAD	false		false	false			UNKNOWN	NONE	NONE	SERVICE_VERSION_00000000000000000000000000000000	PY_EXPRESSION_a1e1f8ceceadeaf22c09d5a803df8e89
LITERAL	ASSIGNMENT_VALUE	AUGMENTED_ASSIGNMENT	METHOD		PY_METHOD_ec8c06151fd2f99fa4b987fb11cdd8bb		0	0	INTEGER	10	NONE	NONE		UNKNOWN				false		44	13	44	15	PY_SCOPE_eaf723bf913753ad15d0f724adefe6ab	PY_MODULE_47bc7c208a0cd524af17965fb97762d1		LOAD	false		false	false		int	BUILTIN_SCALAR	LITERAL	CERTAIN	SERVICE_VERSION_00000000000000000000000000000000	PY_EXPRESSION_bc2030b4ec9a028d009afb4641e3e054
NAME_REFERENCE	ASSIGNMENT_TARGET	AUGMENTED_ASSIGNMENT	METHOD		PY_METHOD_ec8c06151fd2f99fa4b987fb11cdd8bb		0	0		total	NONE	NONE		UNKNOWN				false		44	4	44	9	PY_SCOPE_eaf723bf913753ad15d0f724adefe6ab	PY_MODULE_47bc7c208a0cd524af17965fb97762d1	PY_BINDING_cda077017a6b703af86e3711399d88c8	STORE	true		false	false			UNKNOWN	NONE	NONE	SERVICE_VERSION_00000000000000000000000000000000	PY_EXPRESSION_7db3dcb8539efb7132704191591b7a23
LITERAL	ASSIGNMENT_VALUE	AUGMENTED_ASSIGNMENT	METHOD		PY_METHOD_ec8c06151fd2f99fa4b987fb11cdd8bb		0	0	INTEGER	3	NONE	NONE		UNKNOWN				false		45	13	45	14	PY_SCOPE_eaf723bf913753ad15d0f724adefe6ab	PY_MODULE_47bc7c208a0cd524af17965fb97762d1		LOAD	false		false	false		int	BUILTIN_SCALAR	LITERAL	CERTAIN	SERVICE_VERSION_00000000000000000000000000000000	PY_EXPRESSION_5bffc4fa6d469726a83805f9041e839b
NAME_REFERENCE	ASSIGNMENT_TARGET	AUGMENTED_ASSIGNMENT	METHOD		PY_METHOD_ec8c06151fd2f99fa4b987fb11cdd8bb		0	0		total	NONE	NONE		UNKNOWN				false		45	4	45	9	PY_SCOPE_eaf723bf913753ad15d0f724adefe6ab	PY_MODULE_47bc7c208a0cd524af17965fb97762d1	PY_BINDING_cda077017a6b703af86e3711399d88c8	STORE	true		false	false			UNKNOWN	NONE	NONE	SERVICE_VERSION_00000000000000000000000000000000	PY_EXPRESSION_c410d4e8cd58de53eda58abbc1456e55
NAME_REFERENCE	RETURN_VALUE	RETURN_VALUE	METHOD		PY_METHOD_ec8c06151fd2f99fa4b987fb11cdd8bb		0	0		total	NONE	NONE		UNKNOWN				false	0	46	11	46	16	PY_SCOPE_eaf723bf913753ad15d0f724adefe6ab	PY_MODULE_47bc7c208a0cd524af17965fb97762d1	PY_BINDING_cda077017a6b703af86e3711399d88c8	LOAD	false		false	false			UNKNOWN	NONE	NONE	SERVICE_VERSION_00000000000000000000000000000000	PY_EXPRESSION_fb9057c021b05812c656f7e947765143
ASSIGNMENT	ROOT	ASSIGNMENT_VALUE	METHOD		PY_METHOD_235c0b8f122fbf9b7735fce5bf83e57d		0	0			NONE	NONE		UNKNOWN				false		51	4	51	13	PY_SCOPE_5cad0001ad5c2d0fd41e1ff52dcdd7e5	PY_MODULE_47bc7c208a0cd524af17965fb97762d1		LOAD	false		false	false			UNKNOWN	NONE	NONE	SERVICE_VERSION_00000000000000000000000000000000	PY_EXPRESSION_10ad7b7b424276d876a599b48665442e
LITERAL	ASSIGNMENT_VALUE	ASSIGNMENT_VALUE	METHOD		PY_METHOD_235c0b8f122fbf9b7735fce5bf83e57d	PY_EXPRESSION_10ad7b7b424276d876a599b48665442e	0	1	INTEGER	3	NONE	NONE		UNKNOWN				false		51	12	51	13	PY_SCOPE_5cad0001ad5c2d0fd41e1ff52dcdd7e5	PY_MODULE_47bc7c208a0cd524af17965fb97762d1		LOAD	false		false	false		int	BUILTIN_SCALAR	LITERAL	CERTAIN	SERVICE_VERSION_00000000000000000000000000000000	PY_EXPRESSION_69b791680bd07237abfae69e6a30646a
NAME_REFERENCE	ASSIGNMENT_TARGET	ASSIGNMENT_TARGET	METHOD		PY_METHOD_235c0b8f122fbf9b7735fce5bf83e57d	PY_EXPRESSION_10ad7b7b424276d876a599b48665442e	0	1		count	NONE	NONE		UNKNOWN				false		51	4	51	9	PY_SCOPE_5cad0001ad5c2d0fd41e1ff52dcdd7e5	PY_MODULE_47bc7c208a0cd524af17965fb97762d1	PY_BINDING_046677d51818f76aa1b152eab8c053cf	STORE	true		false	false			UNKNOWN	NONE	NONE	SERVICE_VERSION_00000000000000000000000000000000	PY_EXPRESSION_e467c7bcd0579d529fbb08dda0fc15f9
ASSIGNMENT	ROOT	ASSIGNMENT_VALUE	METHOD		PY_METHOD_235c0b8f122fbf9b7735fce5bf83e57d		0	0			NONE	NONE		UNKNOWN				false		52	4	52	20	PY_SCOPE_5cad0001ad5c2d0fd41e1ff52dcdd7e5	PY_MODULE_47bc7c208a0cd524af17965fb97762d1		LOAD	false		false	false			UNKNOWN	NONE	NONE	SERVICE_VERSION_00000000000000000000000000000000	PY_EXPRESSION_a46910cc013dcdc7fca367369c021fc2
LITERAL	ASSIGNMENT_VALUE	ASSIGNMENT_VALUE	METHOD		PY_METHOD_235c0b8f122fbf9b7735fce5bf83e57d	PY_EXPRESSION_a46910cc013dcdc7fca367369c021fc2	0	1	STRING	ledger	NONE	NONE		UNKNOWN				false		52	12	52	20	PY_SCOPE_5cad0001ad5c2d0fd41e1ff52dcdd7e5	PY_MODULE_47bc7c208a0cd524af17965fb97762d1		LOAD	false		false	false		str	BUILTIN_SCALAR	LITERAL	CERTAIN	SERVICE_VERSION_00000000000000000000000000000000	PY_EXPRESSION_98320618acf40dcc62a967fdac7a483a
NAME_REFERENCE	ASSIGNMENT_TARGET	ASSIGNMENT_TARGET	METHOD		PY_METHOD_235c0b8f122fbf9b7735fce5bf83e57d	PY_EXPRESSION_a46910cc013dcdc7fca367369c021fc2	0	1		label	NONE	NONE		UNKNOWN				false		52	4	52	9	PY_SCOPE_5cad0001ad5c2d0fd41e1ff52dcdd7e5	PY_MODULE_47bc7c208a0cd524af17965fb97762d1	PY_BINDING_cb8bce96e7166b20e5010073fcfca25d	STORE	true		false	false			UNKNOWN	NONE	NONE	SERVICE_VERSION_00000000000000000000000000000000	PY_EXPRESSION_7f4197843ec26f87cdec4ed1085269a2
ASSIGNMENT	ROOT	ASSIGNMENT_VALUE	METHOD		PY_METHOD_235c0b8f122fbf9b7735fce5bf83e57d		0	0			NONE	NONE		UNKNOWN				false		53	4	53	15	PY_SCOPE_5cad0001ad5c2d0fd41e1ff52dcdd7e5	PY_MODULE_47bc7c208a0cd524af17965fb97762d1		LOAD	false		false	false			UNKNOWN	NONE	NONE	SERVICE_VERSION_00000000000000000000000000000000	PY_EXPRESSION_5e196fa023f466189fe362f38ccce5d5
LITERAL	ASSIGNMENT_VALUE	ASSIGNMENT_VALUE	METHOD		PY_METHOD_235c0b8f122fbf9b7735fce5bf83e57d	PY_EXPRESSION_5e196fa023f466189fe362f38ccce5d5	0	1	FLOAT	1.5	NONE	NONE		UNKNOWN				false		53	12	53	15	PY_SCOPE_5cad0001ad5c2d0fd41e1ff52dcdd7e5	PY_MODULE_47bc7c208a0cd524af17965fb97762d1		LOAD	false		false	false		float	BUILTIN_SCALAR	LITERAL	CERTAIN	SERVICE_VERSION_00000000000000000000000000000000	PY_EXPRESSION_0079606a85a1a5dbdb144c15c2010c27
NAME_REFERENCE	ASSIGNMENT_TARGET	ASSIGNMENT_TARGET	METHOD		PY_METHOD_235c0b8f122fbf9b7735fce5bf83e57d	PY_EXPRESSION_5e196fa023f466189fe362f38ccce5d5	0	1		ratio	NONE	NONE		UNKNOWN				false		53	4	53	9	PY_SCOPE_5cad0001ad5c2d0fd41e1ff52dcdd7e5	PY_MODULE_47bc7c208a0cd524af17965fb97762d1	PY_BINDING_c35ed438d83e2693b1790db5d9e05d37	STORE	true		false	false			UNKNOWN	NONE	NONE	SERVICE_VERSION_00000000000000000000000000000000	PY_EXPRESSION_705a8a97dc362415469a7a5c493d7e65
ASSIGNMENT	ROOT	ASSIGNMENT_VALUE	METHOD		PY_METHOD_235c0b8f122fbf9b7735fce5bf83e57d		0	0			NONE	NONE		UNKNOWN				false		54	4	54	21	PY_SCOPE_5cad0001ad5c2d0fd41e1ff52dcdd7e5	PY_MODULE_47bc7c208a0cd524af17965fb97762d1		LOAD	false		false	false			UNKNOWN	NONE	NONE	SERVICE_VERSION_00000000000000000000000000000000	PY_EXPRESSION_4a9c33c81d09dab785793ec40dee4c80
LIST	ASSIGNMENT_VALUE	ASSIGNMENT_VALUE	METHOD		PY_METHOD_235c0b8f122fbf9b7735fce5bf83e57d	PY_EXPRESSION_4a9c33c81d09dab785793ec40dee4c80	0	1			NONE	NONE		UNKNOWN				false		54	12	54	21	PY_SCOPE_5cad0001ad5c2d0fd41e1ff52dcdd7e5	PY_MODULE_47bc7c208a0cd524af17965fb97762d1		LOAD	false		false	false		list	BUILTIN_COLLECTION	COLLECTION_LITERAL	CERTAIN	SERVICE_VERSION_00000000000000000000000000000000	PY_EXPRESSION_3f25159866e7119ad6812896d1d2e662
NAME_REFERENCE	ASSIGNMENT_TARGET	ASSIGNMENT_TARGET	METHOD		PY_METHOD_235c0b8f122fbf9b7735fce5bf83e57d	PY_EXPRESSION_4a9c33c81d09dab785793ec40dee4c80	0	1		flags	NONE	NONE		UNKNOWN				false		54	4	54	9	PY_SCOPE_5cad0001ad5c2d0fd41e1ff52dcdd7e5	PY_MODULE_47bc7c208a0cd524af17965fb97762d1	PY_BINDING_deccb38ce8439e5d12af661891f91dbe	STORE	true		false	false			UNKNOWN	NONE	NONE	SERVICE_VERSION_00000000000000000000000000000000	PY_EXPRESSION_fd2b32de5b7c777a40bc79312cc0c41b
LITERAL	ARGUMENT	ASSIGNMENT_VALUE	METHOD		PY_METHOD_235c0b8f122fbf9b7735fce5bf83e57d	PY_EXPRESSION_3f25159866e7119ad6812896d1d2e662	0	2	INTEGER	1	NONE	NONE		UNKNOWN				false		54	13	54	14	PY_SCOPE_5cad0001ad5c2d0fd41e1ff52dcdd7e5	PY_MODULE_47bc7c208a0cd524af17965fb97762d1		LOAD	false		false	false		int	BUILTIN_SCALAR	LITERAL	CERTAIN	SERVICE_VERSION_00000000000000000000000000000000	PY_EXPRESSION_1f5f0f46cc31b318b76bb6bf3c158dc7
LITERAL	ARGUMENT	ASSIGNMENT_VALUE	METHOD		PY_METHOD_235c0b8f122fbf9b7735fce5bf83e57d	PY_EXPRESSION_3f25159866e7119ad6812896d1d2e662	1	2	INTEGER	2	NONE	NONE		UNKNOWN				false		54	16	54	17	PY_SCOPE_5cad0001ad5c2d0fd41e1ff52dcdd7e5	PY_MODULE_47bc7c208a0cd524af17965fb97762d1		LOAD	false		false	false		int	BUILTIN_SCALAR	LITERAL	CERTAIN	SERVICE_VERSION_00000000000000000000000000000000	PY_EXPRESSION_deb454917eae50fbab938a9f60cf39d0
LITERAL	ARGUMENT	ASSIGNMENT_VALUE	METHOD		PY_METHOD_235c0b8f122fbf9b7735fce5bf83e57d	PY_EXPRESSION_3f25159866e7119ad6812896d1d2e662	2	2	INTEGER	3	NONE	NONE		UNKNOWN				false		54	19	54	20	PY_SCOPE_5cad0001ad5c2d0fd41e1ff52dcdd7e5	PY_MODULE_47bc7c208a0cd524af17965fb97762d1		LOAD	false		false	false		int	BUILTIN_SCALAR	LITERAL	CERTAIN	SERVICE_VERSION_00000000000000000000000000000000	PY_EXPRESSION_5ee8f0b533c8685cedadad54a56f62e5
ASSIGNMENT	ROOT	ASSIGNMENT_VALUE	METHOD		PY_METHOD_235c0b8f122fbf9b7735fce5bf83e57d		0	0			NONE	NONE		UNKNOWN				false		55	4	55	22	PY_SCOPE_5cad0001ad5c2d0fd41e1ff52dcdd7e5	PY_MODULE_47bc7c208a0cd524af17965fb97762d1		LOAD	false		false	false			UNKNOWN	NONE	NONE	SERVICE_VERSION_00000000000000000000000000000000	PY_EXPRESSION_04ad2b1e20dc73f1f3d738a6025c4226
DICT	ASSIGNMENT_VALUE	ASSIGNMENT_VALUE	METHOD		PY_METHOD_235c0b8f122fbf9b7735fce5bf83e57d	PY_EXPRESSION_04ad2b1e20dc73f1f3d738a6025c4226	0	1			NONE	NONE		UNKNOWN				false		55	14	55	22	PY_SCOPE_5cad0001ad5c2d0fd41e1ff52dcdd7e5	PY_MODULE_47bc7c208a0cd524af17965fb97762d1		LOAD	false		false	false		dict	BUILTIN_COLLECTION	COLLECTION_LITERAL	CERTAIN	SERVICE_VERSION_00000000000000000000000000000000	PY_EXPRESSION_da984a7ffbeceb9cde1aa5bbc0962ee6
NAME_REFERENCE	ASSIGNMENT_TARGET	ASSIGNMENT_TARGET	METHOD		PY_METHOD_235c0b8f122fbf9b7735fce5bf83e57d	PY_EXPRESSION_04ad2b1e20dc73f1f3d738a6025c4226	0	1		mapping	NONE	NONE		UNKNOWN				false		55	4	55	11	PY_SCOPE_5cad0001ad5c2d0fd41e1ff52dcdd7e5	PY_MODULE_47bc7c208a0cd524af17965fb97762d1	PY_BINDING_5eb5aec8378edf27ad0272eb98e41cea	STORE	true		false	false			UNKNOWN	NONE	NONE	SERVICE_VERSION_00000000000000000000000000000000	PY_EXPRESSION_8d420c62f537101058203bdd21412c95
LITERAL	ARGUMENT	ASSIGNMENT_VALUE	METHOD		PY_METHOD_235c0b8f122fbf9b7735fce5bf83e57d	PY_EXPRESSION_da984a7ffbeceb9cde1aa5bbc0962ee6	0	2	STRING	a	NONE	NONE		UNKNOWN				false		55	15	55	18	PY_SCOPE_5cad0001ad5c2d0fd41e1ff52dcdd7e5	PY_MODULE_47bc7c208a0cd524af17965fb97762d1		LOAD	false		false	false		str	BUILTIN_SCALAR	LITERAL	CERTAIN	SERVICE_VERSION_00000000000000000000000000000000	PY_EXPRESSION_c2a7a5b6d0b23fbd7672711a399050c8
LITERAL	ARGUMENT	ASSIGNMENT_VALUE	METHOD		PY_METHOD_235c0b8f122fbf9b7735fce5bf83e57d	PY_EXPRESSION_da984a7ffbeceb9cde1aa5bbc0962ee6	1	2	INTEGER	1	NONE	NONE		UNKNOWN				false		55	20	55	21	PY_SCOPE_5cad0001ad5c2d0fd41e1ff52dcdd7e5	PY_MODULE_47bc7c208a0cd524af17965fb97762d1		LOAD	false		false	false		int	BUILTIN_SCALAR	LITERAL	CERTAIN	SERVICE_VERSION_00000000000000000000000000000000	PY_EXPRESSION_dd36c0b0463237ddd36e10ead7d6ada6
ASSIGNMENT	ROOT	ASSIGNMENT_VALUE	METHOD		PY_METHOD_235c0b8f122fbf9b7735fce5bf83e57d		0	0			NONE	NONE		UNKNOWN				false		56	4	56	19	PY_SCOPE_5cad0001ad5c2d0fd41e1ff52dcdd7e5	PY_MODULE_47bc7c208a0cd524af17965fb97762d1		LOAD	false		false	false			UNKNOWN	NONE	NONE	SERVICE_VERSION_00000000000000000000000000000000	PY_EXPRESSION_826d7f8ac4b9a17ad0e801430138d0c4
SET	ASSIGNMENT_VALUE	ASSIGNMENT_VALUE	METHOD		PY_METHOD_235c0b8f122fbf9b7735fce5bf83e57d	PY_EXPRESSION_826d7f8ac4b9a17ad0e801430138d0c4	0	1			NONE	NONE		UNKNOWN				false		56	13	56	19	PY_SCOPE_5cad0001ad5c2d0fd41e1ff52dcdd7e5	PY_MODULE_47bc7c208a0cd524af17965fb97762d1		LOAD	false		false	false		set	BUILTIN_COLLECTION	COLLECTION_LITERAL	CERTAIN	SERVICE_VERSION_00000000000000000000000000000000	PY_EXPRESSION_4b53abc5cfb4c6b7964e96167cfad628
NAME_REFERENCE	ASSIGNMENT_TARGET	ASSIGNMENT_TARGET	METHOD		PY_METHOD_235c0b8f122fbf9b7735fce5bf83e57d	PY_EXPRESSION_826d7f8ac4b9a17ad0e801430138d0c4	0	1		unique	NONE	NONE		UNKNOWN				false		56	4	56	10	PY_SCOPE_5cad0001ad5c2d0fd41e1ff52dcdd7e5	PY_MODULE_47bc7c208a0cd524af17965fb97762d1	PY_BINDING_d4e7b60a224f982be979732c6f2f2895	STORE	true		false	false			UNKNOWN	NONE	NONE	SERVICE_VERSION_00000000000000000000000000000000	PY_EXPRESSION_2e55f4b1d90de7fab82f9a75a157143c
LITERAL	ARGUMENT	ASSIGNMENT_VALUE	METHOD		PY_METHOD_235c0b8f122fbf9b7735fce5bf83e57d	PY_EXPRESSION_4b53abc5cfb4c6b7964e96167cfad628	0	2	INTEGER	1	NONE	NONE		UNKNOWN				false		56	14	56	15	PY_SCOPE_5cad0001ad5c2d0fd41e1ff52dcdd7e5	PY_MODULE_47bc7c208a0cd524af17965fb97762d1		LOAD	false		false	false		int	BUILTIN_SCALAR	LITERAL	CERTAIN	SERVICE_VERSION_00000000000000000000000000000000	PY_EXPRESSION_4ca094695dfc8b06e5aed1a710de4ad6
LITERAL	ARGUMENT	ASSIGNMENT_VALUE	METHOD		PY_METHOD_235c0b8f122fbf9b7735fce5bf83e57d	PY_EXPRESSION_4b53abc5cfb4c6b7964e96167cfad628	1	2	INTEGER	2	NONE	NONE		UNKNOWN				false		56	17	56	18	PY_SCOPE_5cad0001ad5c2d0fd41e1ff52dcdd7e5	PY_MODULE_47bc7c208a0cd524af17965fb97762d1		LOAD	false		false	false		int	BUILTIN_SCALAR	LITERAL	CERTAIN	SERVICE_VERSION_00000000000000000000000000000000	PY_EXPRESSION_04f02efe10a47781ab415c928ce78068
ASSIGNMENT	ROOT	ASSIGNMENT_VALUE	METHOD		PY_METHOD_235c0b8f122fbf9b7735fce5bf83e57d		0	0			NONE	NONE		UNKNOWN				false		57	4	57	17	PY_SCOPE_5cad0001ad5c2d0fd41e1ff52dcdd7e5	PY_MODULE_47bc7c208a0cd524af17965fb97762d1		LOAD	false		false	false			UNKNOWN	NONE	NONE	SERVICE_VERSION_00000000000000000000000000000000	PY_EXPRESSION_9f66146c47043f14080a0cd93b8093d0
TUPLE	ASSIGNMENT_VALUE	ASSIGNMENT_VALUE	METHOD		PY_METHOD_235c0b8f122fbf9b7735fce5bf83e57d	PY_EXPRESSION_9f66146c47043f14080a0cd93b8093d0	0	1			NONE	NONE		UNKNOWN				false		57	11	57	17	PY_SCOPE_5cad0001ad5c2d0fd41e1ff52dcdd7e5	PY_MODULE_47bc7c208a0cd524af17965fb97762d1		LOAD	false		false	false		tuple	BUILTIN_COLLECTION	COLLECTION_LITERAL	CERTAIN	SERVICE_VERSION_00000000000000000000000000000000	PY_EXPRESSION_c7c264ed9b79f97c2ecd169b7e2a2691
NAME_REFERENCE	ASSIGNMENT_TARGET	ASSIGNMENT_TARGET	METHOD		PY_METHOD_235c0b8f122fbf9b7735fce5bf83e57d	PY_EXPRESSION_9f66146c47043f14080a0cd93b8093d0	0	1		pair	NONE	NONE		UNKNOWN				false		57	4	57	8	PY_SCOPE_5cad0001ad5c2d0fd41e1ff52dcdd7e5	PY_MODULE_47bc7c208a0cd524af17965fb97762d1	PY_BINDING_911b3f7724d075306e604671806b994d	STORE	true		false	false			UNKNOWN	NONE	NONE	SERVICE_VERSION_00000000000000000000000000000000	PY_EXPRESSION_22697277a774bd00e9cbe88d96f111e8
LITERAL	ARGUMENT	ASSIGNMENT_VALUE	METHOD		PY_METHOD_235c0b8f122fbf9b7735fce5bf83e57d	PY_EXPRESSION_c7c264ed9b79f97c2ecd169b7e2a2691	0	2	INTEGER	1	NONE	NONE		UNKNOWN				false		57	12	57	13	PY_SCOPE_5cad0001ad5c2d0fd41e1ff52dcdd7e5	PY_MODULE_47bc7c208a0cd524af17965fb97762d1		LOAD	false		false	false		int	BUILTIN_SCALAR	LITERAL	CERTAIN	SERVICE_VERSION_00000000000000000000000000000000	PY_EXPRESSION_127a2f622800c810851e5c8a82c3d130
LITERAL	ARGUMENT	ASSIGNMENT_VALUE	METHOD		PY_METHOD_235c0b8f122fbf9b7735fce5bf83e57d	PY_EXPRESSION_c7c264ed9b79f97c2ecd169b7e2a2691	1	2	INTEGER	2	NONE	NONE		UNKNOWN				false		57	15	57	16	PY_SCOPE_5cad0001ad5c2d0fd41e1ff52dcdd7e5	PY_MODULE_47bc7c208a0cd524af17965fb97762d1		LOAD	false		false	false		int	BUILTIN_SCALAR	LITERAL	CERTAIN	SERVICE_VERSION_00000000000000000000000000000000	PY_EXPRESSION_36eba00b37556a97eb0c91673276fc28
CALL	RETURN_VALUE	RETURN_VALUE	METHOD		PY_METHOD_235c0b8f122fbf9b7735fce5bf83e57d		0	0		bit_length	NONE	NONE		UNKNOWN				false	0	58	11	58	29	PY_SCOPE_5cad0001ad5c2d0fd41e1ff52dcdd7e5	PY_MODULE_47bc7c208a0cd524af17965fb97762d1		LOAD	false		false	false	count.bit_length		UNKNOWN	NONE	NONE	SERVICE_VERSION_00000000000000000000000000000000	PY_EXPRESSION_e87aff3fd894ec5f9d7516f00fd05a49
CALL	RETURN_VALUE	RETURN_VALUE	METHOD		PY_METHOD_235c0b8f122fbf9b7735fce5bf83e57d		1	0		upper	NONE	NONE		UNKNOWN				false	0	58	31	58	44	PY_SCOPE_5cad0001ad5c2d0fd41e1ff52dcdd7e5	PY_MODULE_47bc7c208a0cd524af17965fb97762d1		LOAD	false		false	false	label.upper		UNKNOWN	NONE	NONE	SERVICE_VERSION_00000000000000000000000000000000	PY_EXPRESSION_37c26b169c7cafe346d1d84e1f211946
CALL	RETURN_VALUE	RETURN_VALUE	METHOD		PY_METHOD_235c0b8f122fbf9b7735fce5bf83e57d		2	0		is_integer	NONE	NONE		UNKNOWN				false	0	58	46	58	64	PY_SCOPE_5cad0001ad5c2d0fd41e1ff52dcdd7e5	PY_MODULE_47bc7c208a0cd524af17965fb97762d1		LOAD	false		false	false	ratio.is_integer		UNKNOWN	NONE	NONE	SERVICE_VERSION_00000000000000000000000000000000	PY_EXPRESSION_d8e6be929badc9ef86bdac55646efe8e
ATTRIBUTE_ACCESS	RETURN_VALUE	RETURN_VALUE	METHOD		PY_METHOD_235c0b8f122fbf9b7735fce5bf83e57d		3	0		append	NONE	NONE		UNKNOWN				false	0	58	66	58	78	PY_SCOPE_5cad0001ad5c2d0fd41e1ff52dcdd7e5	PY_MODULE_47bc7c208a0cd524af17965fb97762d1		LOAD	false		false	false	flags.append		UNKNOWN	NONE	NONE	SERVICE_VERSION_00000000000000000000000000000000	PY_EXPRESSION_e0b319a11948618b1f52ee35c87f93b3
CALL	RETURN_VALUE	RETURN_VALUE	METHOD		PY_METHOD_235c0b8f122fbf9b7735fce5bf83e57d		5	0		keys	NONE	NONE		UNKNOWN				false	0	59	8	59	22	PY_SCOPE_5cad0001ad5c2d0fd41e1ff52dcdd7e5	PY_MODULE_47bc7c208a0cd524af17965fb97762d1		LOAD	false		false	false	mapping.keys		UNKNOWN	NONE	NONE	SERVICE_VERSION_00000000000000000000000000000000	PY_EXPRESSION_f832dbfadf467fae7772799b8a60f11b
ATTRIBUTE_ACCESS	RETURN_VALUE	RETURN_VALUE	METHOD		PY_METHOD_235c0b8f122fbf9b7735fce5bf83e57d		6	0		add	NONE	NONE		UNKNOWN				false	0	59	24	59	34	PY_SCOPE_5cad0001ad5c2d0fd41e1ff52dcdd7e5	PY_MODULE_47bc7c208a0cd524af17965fb97762d1		LOAD	false		false	false	unique.add		UNKNOWN	NONE	NONE	SERVICE_VERSION_00000000000000000000000000000000	PY_EXPRESSION_3d84c82d149a287c311ab389e86b1111
ATTRIBUTE_ACCESS	RETURN_VALUE	RETURN_VALUE	METHOD		PY_METHOD_235c0b8f122fbf9b7735fce5bf83e57d		7	0		count	NONE	NONE		UNKNOWN				false	0	59	36	59	46	PY_SCOPE_5cad0001ad5c2d0fd41e1ff52dcdd7e5	PY_MODULE_47bc7c208a0cd524af17965fb97762d1		LOAD	false		false	false	pair.count		UNKNOWN	NONE	NONE	SERVICE_VERSION_00000000000000000000000000000000	PY_EXPRESSION_ad1dba7b5bd4850e45d4caef994ade08
ATTRIBUTE_ACCESS	RECEIVER	RETURN_VALUE	METHOD		PY_METHOD_235c0b8f122fbf9b7735fce5bf83e57d	PY_EXPRESSION_e87aff3fd894ec5f9d7516f00fd05a49	0	1		bit_length	NONE	NONE		UNKNOWN				false	0	58	11	58	27	PY_SCOPE_5cad0001ad5c2d0fd41e1ff52dcdd7e5	PY_MODULE_47bc7c208a0cd524af17965fb97762d1		LOAD	false		false	false	count.bit_length		UNKNOWN	NONE	NONE	SERVICE_VERSION_00000000000000000000000000000000	PY_EXPRESSION_738a967a453441b3360b6403de5958d9
ATTRIBUTE_ACCESS	RECEIVER	RETURN_VALUE	METHOD		PY_METHOD_235c0b8f122fbf9b7735fce5bf83e57d	PY_EXPRESSION_37c26b169c7cafe346d1d84e1f211946	0	1		upper	NONE	NONE		UNKNOWN				false	0	58	31	58	42	PY_SCOPE_5cad0001ad5c2d0fd41e1ff52dcdd7e5	PY_MODULE_47bc7c208a0cd524af17965fb97762d1		LOAD	false		false	false	label.upper		UNKNOWN	NONE	NONE	SERVICE_VERSION_00000000000000000000000000000000	PY_EXPRESSION_98144ebe80e4150fb3faffbf6ce0b348
ATTRIBUTE_ACCESS	RECEIVER	RETURN_VALUE	METHOD		PY_METHOD_235c0b8f122fbf9b7735fce5bf83e57d	PY_EXPRESSION_d8e6be929badc9ef86bdac55646efe8e	0	1		is_integer	NONE	NONE		UNKNOWN				false	0	58	46	58	62	PY_SCOPE_5cad0001ad5c2d0fd41e1ff52dcdd7e5	PY_MODULE_47bc7c208a0cd524af17965fb97762d1		LOAD	false		false	false	ratio.is_integer		UNKNOWN	NONE	NONE	SERVICE_VERSION_00000000000000000000000000000000	PY_EXPRESSION_aac2c2bf709fb45687b4ad86c4b85414
NAME_REFERENCE	ATTRIBUTE_OBJECT	RETURN_VALUE	METHOD		PY_METHOD_235c0b8f122fbf9b7735fce5bf83e57d	PY_EXPRESSION_e0b319a11948618b1f52ee35c87f93b3	0	1		flags	NONE	NONE		UNKNOWN				false	0	58	66	58	71	PY_SCOPE_5cad0001ad5c2d0fd41e1ff52dcdd7e5	PY_MODULE_47bc7c208a0cd524af17965fb97762d1	PY_BINDING_deccb38ce8439e5d12af661891f91dbe	LOAD	false		false	false			UNKNOWN	NONE	NONE	SERVICE_VERSION_00000000000000000000000000000000	PY_EXPRESSION_eb5afb48496590b47bd9a22135f5218c
ATTRIBUTE_ACCESS	RECEIVER	RETURN_VALUE	METHOD		PY_METHOD_235c0b8f122fbf9b7735fce5bf83e57d	PY_EXPRESSION_f832dbfadf467fae7772799b8a60f11b	0	1		keys	NONE	NONE		UNKNOWN				false	0	59	8	59	20	PY_SCOPE_5cad0001ad5c2d0fd41e1ff52dcdd7e5	PY_MODULE_47bc7c208a0cd524af17965fb97762d1		LOAD	false		false	false	mapping.keys		UNKNOWN	NONE	NONE	SERVICE_VERSION_00000000000000000000000000000000	PY_EXPRESSION_be469a3a43a64070dff071e168b45358
NAME_REFERENCE	ATTRIBUTE_OBJECT	RETURN_VALUE	METHOD		PY_METHOD_235c0b8f122fbf9b7735fce5bf83e57d	PY_EXPRESSION_3d84c82d149a287c311ab389e86b1111	0	1		unique	NONE	NONE		UNKNOWN				false	0	59	24	59	30	PY_SCOPE_5cad0001ad5c2d0fd41e1ff52dcdd7e5	PY_MODULE_47bc7c208a0cd524af17965fb97762d1	PY_BINDING_d4e7b60a224f982be979732c6f2f2895	LOAD	false		false	false			UNKNOWN	NONE	NONE	SERVICE_VERSION_00000000000000000000000000000000	PY_EXPRESSION_8113c34c34842f0e3ac68d191be9d248
NAME_REFERENCE	ATTRIBUTE_OBJECT	RETURN_VALUE	METHOD		PY_METHOD_235c0b8f122fbf9b7735fce5bf83e57d	PY_EXPRESSION_ad1dba7b5bd4850e45d4caef994ade08	0	1		pair	NONE	NONE		UNKNOWN				false	0	59	36	59	40	PY_SCOPE_5cad0001ad5c2d0fd41e1ff52dcdd7e5	PY_MODULE_47bc7c208a0cd524af17965fb97762d1	PY_BINDING_911b3f7724d075306e604671806b994d	LOAD	false		false	false			UNKNOWN	NONE	NONE	SERVICE_VERSION_00000000000000000000000000000000	PY_EXPRESSION_c2425a5eb9c45d9ccd1103d54da23545
NAME_REFERENCE	ATTRIBUTE_OBJECT	RETURN_VALUE	METHOD		PY_METHOD_235c0b8f122fbf9b7735fce5bf83e57d	PY_EXPRESSION_738a967a453441b3360b6403de5958d9	0	2		count	NONE	NONE		UNKNOWN				false	0	58	11	58	16	PY_SCOPE_5cad0001ad5c2d0fd41e1ff52dcdd7e5	PY_MODULE_47bc7c208a0cd524af17965fb97762d1	PY_BINDING_046677d51818f76aa1b152eab8c053cf	LOAD	false		false	false			UNKNOWN	NONE	NONE	SERVICE_VERSION_00000000000000000000000000000000	PY_EXPRESSION_475938b5dd695207c0a8c42512ab1ce5
NAME_REFERENCE	ATTRIBUTE_OBJECT	RETURN_VALUE	METHOD		PY_METHOD_235c0b8f122fbf9b7735fce5bf83e57d	PY_EXPRESSION_98144ebe80e4150fb3faffbf6ce0b348	0	2		label	NONE	NONE		UNKNOWN				false	0	58	31	58	36	PY_SCOPE_5cad0001ad5c2d0fd41e1ff52dcdd7e5	PY_MODULE_47bc7c208a0cd524af17965fb97762d1	PY_BINDING_cb8bce96e7166b20e5010073fcfca25d	LOAD	false		false	false			UNKNOWN	NONE	NONE	SERVICE_VERSION_00000000000000000000000000000000	PY_EXPRESSION_97091a3337e90707e6e3291dceac07b2
NAME_REFERENCE	ATTRIBUTE_OBJECT	RETURN_VALUE	METHOD		PY_METHOD_235c0b8f122fbf9b7735fce5bf83e57d	PY_EXPRESSION_aac2c2bf709fb45687b4ad86c4b85414	0	2		ratio	NONE	NONE		UNKNOWN				false	0	58	46	58	51	PY_SCOPE_5cad0001ad5c2d0fd41e1ff52dcdd7e5	PY_MODULE_47bc7c208a0cd524af17965fb97762d1	PY_BINDING_c35ed438d83e2693b1790db5d9e05d37	LOAD	false		false	false			UNKNOWN	NONE	NONE	SERVICE_VERSION_00000000000000000000000000000000	PY_EXPRESSION_d303dd586d771c636f8eee995c56792d
NAME_REFERENCE	ATTRIBUTE_OBJECT	RETURN_VALUE	METHOD		PY_METHOD_235c0b8f122fbf9b7735fce5bf83e57d	PY_EXPRESSION_be469a3a43a64070dff071e168b45358	0	2		mapping	NONE	NONE		UNKNOWN				false	0	59	8	59	15	PY_SCOPE_5cad0001ad5c2d0fd41e1ff52dcdd7e5	PY_MODULE_47bc7c208a0cd524af17965fb97762d1	PY_BINDING_5eb5aec8378edf27ad0272eb98e41cea	LOAD	false		false	false			UNKNOWN	NONE	NONE	SERVICE_VERSION_00000000000000000000000000000000	PY_EXPRESSION_7c49431e5b1cd50d42118ea2bc7d1fd6
ASSIGNMENT	ROOT	ASSIGNMENT_VALUE	METHOD		PY_METHOD_55d63cabcde6c02166699295507fc726		0	0			NONE	NONE		UNKNOWN				false		64	4	64	33	PY_SCOPE_d2889ff2828c2d3bd3c8d3d8219c12fd	PY_MODULE_47bc7c208a0cd524af17965fb97762d1		LOAD	false		false	false			UNKNOWN	NONE	NONE	SERVICE_VERSION_00000000000000000000000000000000	PY_EXPRESSION_8856a4aa698ca3c79cdc0e3ea01cdbf6
CALL	ASSIGNMENT_VALUE	ASSIGNMENT_VALUE	METHOD		PY_METHOD_55d63cabcde6c02166699295507fc726	PY_EXPRESSION_8856a4aa698ca3c79cdc0e3ea01cdbf6	0	1		find_account	NONE	NONE		UNKNOWN				false		64	14	64	33	PY_SCOPE_d2889ff2828c2d3bd3c8d3d8219c12fd	PY_MODULE_47bc7c208a0cd524af17965fb97762d1		LOAD	false		false	false	find_account		UNKNOWN	NONE	NONE	SERVICE_VERSION_00000000000000000000000000000000	PY_EXPRESSION_c0a998d5803d1dcd690173a9b9d5715c
NAME_REFERENCE	ASSIGNMENT_TARGET	ASSIGNMENT_TARGET	METHOD		PY_METHOD_55d63cabcde6c02166699295507fc726	PY_EXPRESSION_8856a4aa698ca3c79cdc0e3ea01cdbf6	0	1		account	NONE	NONE		UNKNOWN				false		64	4	64	11	PY_SCOPE_d2889ff2828c2d3bd3c8d3d8219c12fd	PY_MODULE_47bc7c208a0cd524af17965fb97762d1	PY_BINDING_0e59fa03fe81d6be2524a75255eb1867	STORE	true		false	false			UNKNOWN	NONE	NONE	SERVICE_VERSION_00000000000000000000000000000000	PY_EXPRESSION_921dc22b9d291a1b95678a385c571a26
NAME_REFERENCE	CALLEE	ASSIGNMENT_VALUE	METHOD		PY_METHOD_55d63cabcde6c02166699295507fc726	PY_EXPRESSION_c0a998d5803d1dcd690173a9b9d5715c	0	2		find_account	NONE	NONE		METHOD	PY_METHOD_499d987a935671c184ee14ca08435562			false		64	14	64	26	PY_SCOPE_d2889ff2828c2d3bd3c8d3d8219c12fd	PY_MODULE_47bc7c208a0cd524af17965fb97762d1	PY_BINDING_a8bb5b6fb347dbf8ab31399acb5872f3	LOAD	false		false	false			UNKNOWN	NONE	NONE	SERVICE_VERSION_00000000000000000000000000000000	PY_EXPRESSION_baa409233cc4b423aceee1b6c07815e1
NAME_REFERENCE	ARGUMENT	ASSIGNMENT_VALUE	METHOD		PY_METHOD_55d63cabcde6c02166699295507fc726	PY_EXPRESSION_c0a998d5803d1dcd690173a9b9d5715c	0	2		owner	NONE	NONE		UNKNOWN				false		64	27	64	32	PY_SCOPE_d2889ff2828c2d3bd3c8d3d8219c12fd	PY_MODULE_47bc7c208a0cd524af17965fb97762d1	PY_BINDING_ab008ba6ade0874dd26b24ac6661b5d5	LOAD	false		false	false			UNKNOWN	NONE	NONE	SERVICE_VERSION_00000000000000000000000000000000	PY_EXPRESSION_fc3a31f9f56c7454d0a02c7fe0c9cad3
CALL	RETURN_VALUE	RETURN_VALUE	METHOD		PY_METHOD_55d63cabcde6c02166699295507fc726		0	0		balance	NONE	NONE		UNKNOWN				false	0	65	11	65	28	PY_SCOPE_d2889ff2828c2d3bd3c8d3d8219c12fd	PY_MODULE_47bc7c208a0cd524af17965fb97762d1		LOAD	false		false	false	account.balance		UNKNOWN	NONE	NONE	SERVICE_VERSION_00000000000000000000000000000000	PY_EXPRESSION_16295f8f5de2c205e8db7246cf6ac9a2
ATTRIBUTE_ACCESS	RECEIVER	RETURN_VALUE	METHOD		PY_METHOD_55d63cabcde6c02166699295507fc726	PY_EXPRESSION_16295f8f5de2c205e8db7246cf6ac9a2	0	1		balance	NONE	NONE		UNKNOWN				false	0	65	11	65	26	PY_SCOPE_d2889ff2828c2d3bd3c8d3d8219c12fd	PY_MODULE_47bc7c208a0cd524af17965fb97762d1		LOAD	false		false	false	account.balance		UNKNOWN	NONE	NONE	SERVICE_VERSION_00000000000000000000000000000000	PY_EXPRESSION_31bf709ddc7c7a76aae180333d0d6ac3
NAME_REFERENCE	ATTRIBUTE_OBJECT	RETURN_VALUE	METHOD		PY_METHOD_55d63cabcde6c02166699295507fc726	PY_EXPRESSION_31bf709ddc7c7a76aae180333d0d6ac3	0	2		account	NONE	NONE		UNKNOWN				false	0	65	11	65	18	PY_SCOPE_d2889ff2828c2d3bd3c8d3d8219c12fd	PY_MODULE_47bc7c208a0cd524af17965fb97762d1	PY_BINDING_0e59fa03fe81d6be2524a75255eb1867	LOAD	false		false	false			UNKNOWN	NONE	NONE	SERVICE_VERSION_00000000000000000000000000000000	PY_EXPRESSION_46e76905f6a3625adc8d41acc414a190
ASSIGNMENT	ROOT	ASSIGNMENT_VALUE	METHOD		PY_METHOD_0efa377ac39f391980ffcc8615583924		0	0			NONE	NONE		UNKNOWN				false		69	4	69	26	PY_SCOPE_3afcc59b2be3c17c25a6de243386c1ea	PY_MODULE_47bc7c208a0cd524af17965fb97762d1		LOAD	false		false	false			UNKNOWN	NONE	NONE	SERVICE_VERSION_00000000000000000000000000000000	PY_EXPRESSION_b703ce009407ad0675a414987fd79853
CALL	ASSIGNMENT_VALUE	ASSIGNMENT_VALUE	METHOD		PY_METHOD_0efa377ac39f391980ffcc8615583924	PY_EXPRESSION_b703ce009407ad0675a414987fd79853	0	1		Account	NONE	NONE		UNKNOWN				false		69	12	69	26	PY_SCOPE_3afcc59b2be3c17c25a6de243386c1ea	PY_MODULE_47bc7c208a0cd524af17965fb97762d1		LOAD	false		false	false	Account		UNKNOWN	NONE	NONE	SERVICE_VERSION_00000000000000000000000000000000	PY_EXPRESSION_d56397d10a62f9a1873e4900597544e8
NAME_REFERENCE	ASSIGNMENT_TARGET	ASSIGNMENT_TARGET	METHOD		PY_METHOD_0efa377ac39f391980ffcc8615583924	PY_EXPRESSION_b703ce009407ad0675a414987fd79853	0	1		first	NONE	NONE		UNKNOWN				false		69	4	69	9	PY_SCOPE_3afcc59b2be3c17c25a6de243386c1ea	PY_MODULE_47bc7c208a0cd524af17965fb97762d1	PY_BINDING_349d6e1f9dba81f6ed8ae9b65c54172f	STORE	true		false	false			UNKNOWN	NONE	NONE	SERVICE_VERSION_00000000000000000000000000000000	PY_EXPRESSION_556a79afe922ea173064ac9e2593b7d9
NAME_REFERENCE	CALLEE	ASSIGNMENT_VALUE	METHOD		PY_METHOD_0efa377ac39f391980ffcc8615583924	PY_EXPRESSION_d56397d10a62f9a1873e4900597544e8	0	2		Account	NONE	NONE		TYPE	PY_TYPE_160aee5ca584e3817b8783b4e148e2a8			false		69	12	69	19	PY_SCOPE_3afcc59b2be3c17c25a6de243386c1ea	PY_MODULE_47bc7c208a0cd524af17965fb97762d1	PY_BINDING_caa7ba0dd7ff1d58dde0fe20ce149e49	LOAD	false		false	false			UNKNOWN	NONE	NONE	SERVICE_VERSION_00000000000000000000000000000000	PY_EXPRESSION_25e19f56a2e4222d43f3baa45d6468e1
NAME_REFERENCE	ARGUMENT	ASSIGNMENT_VALUE	METHOD		PY_METHOD_0efa377ac39f391980ffcc8615583924	PY_EXPRESSION_d56397d10a62f9a1873e4900597544e8	0	2		owner	NONE	NONE		UNKNOWN				false		69	20	69	25	PY_SCOPE_3afcc59b2be3c17c25a6de243386c1ea	PY_MODULE_47bc7c208a0cd524af17965fb97762d1	PY_BINDING_ee0c8ccc265b53cf155831f20d233e48	LOAD	false		false	false			UNKNOWN	NONE	NONE	SERVICE_VERSION_00000000000000000000000000000000	PY_EXPRESSION_07c3ece4f4c1c743233519e7d308897c
ASSIGNMENT	ROOT	ASSIGNMENT_VALUE	METHOD		PY_METHOD_0efa377ac39f391980ffcc8615583924		0	0			NONE	NONE		UNKNOWN				false		70	4	70	18	PY_SCOPE_3afcc59b2be3c17c25a6de243386c1ea	PY_MODULE_47bc7c208a0cd524af17965fb97762d1		LOAD	false		false	false			UNKNOWN	NONE	NONE	SERVICE_VERSION_00000000000000000000000000000000	PY_EXPRESSION_5699d85dcb6b5ce1406d8a6dad2de451
NAME_REFERENCE	ASSIGNMENT_VALUE	ASSIGNMENT_VALUE	METHOD		PY_METHOD_0efa377ac39f391980ffcc8615583924	PY_EXPRESSION_5699d85dcb6b5ce1406d8a6dad2de451	0	1		first	NONE	NONE		UNKNOWN				false		70	13	70	18	PY_SCOPE_3afcc59b2be3c17c25a6de243386c1ea	PY_MODULE_47bc7c208a0cd524af17965fb97762d1	PY_BINDING_349d6e1f9dba81f6ed8ae9b65c54172f	LOAD	false		false	false			UNKNOWN	NONE	NONE	SERVICE_VERSION_00000000000000000000000000000000	PY_EXPRESSION_7f667482221361b7face096ca376d4e7
NAME_REFERENCE	ASSIGNMENT_TARGET	ASSIGNMENT_TARGET	METHOD		PY_METHOD_0efa377ac39f391980ffcc8615583924	PY_EXPRESSION_5699d85dcb6b5ce1406d8a6dad2de451	0	1		second	NONE	NONE		UNKNOWN				false		70	4	70	10	PY_SCOPE_3afcc59b2be3c17c25a6de243386c1ea	PY_MODULE_47bc7c208a0cd524af17965fb97762d1	PY_BINDING_822203cbac647e67d80dd4d968c17a3d	STORE	true		false	false			UNKNOWN	NONE	NONE	SERVICE_VERSION_00000000000000000000000000000000	PY_EXPRESSION_03088568a8f3eed469af3cb2af9f28d2
CALL	RETURN_VALUE	RETURN_VALUE	METHOD		PY_METHOD_0efa377ac39f391980ffcc8615583924		0	0		balance	NONE	NONE		UNKNOWN				false	0	71	11	71	27	PY_SCOPE_3afcc59b2be3c17c25a6de243386c1ea	PY_MODULE_47bc7c208a0cd524af17965fb97762d1		LOAD	false		false	false	second.balance		UNKNOWN	NONE	NONE	SERVICE_VERSION_00000000000000000000000000000000	PY_EXPRESSION_0daaa3eed6ba87390176bd2b40786a41
ATTRIBUTE_ACCESS	RECEIVER	RETURN_VALUE	METHOD		PY_METHOD_0efa377ac39f391980ffcc8615583924	PY_EXPRESSION_0daaa3eed6ba87390176bd2b40786a41	0	1		balance	NONE	NONE		UNKNOWN				false	0	71	11	71	25	PY_SCOPE_3afcc59b2be3c17c25a6de243386c1ea	PY_MODULE_47bc7c208a0cd524af17965fb97762d1		LOAD	false		false	false	second.balance		UNKNOWN	NONE	NONE	SERVICE_VERSION_00000000000000000000000000000000	PY_EXPRESSION_15fe015e00e8d633cb6829efd9226bdd
NAME_REFERENCE	ATTRIBUTE_OBJECT	RETURN_VALUE	METHOD		PY_METHOD_0efa377ac39f391980ffcc8615583924	PY_EXPRESSION_15fe015e00e8d633cb6829efd9226bdd	0	2		second	NONE	NONE		UNKNOWN				false	0	71	11	71	17	PY_SCOPE_3afcc59b2be3c17c25a6de243386c1ea	PY_MODULE_47bc7c208a0cd524af17965fb97762d1	PY_BINDING_822203cbac647e67d80dd4d968c17a3d	LOAD	false		false	false			UNKNOWN	NONE	NONE	SERVICE_VERSION_00000000000000000000000000000000	PY_EXPRESSION_5a254610fd0fdc8dbe109d08dc874403
ASSIGNMENT	ROOT	ASSIGNMENT_VALUE	METHOD		PY_METHOD_6ac5301ac6ac937d6d587955607e61cb		0	0			NONE	NONE		UNKNOWN				false		75	4	75	28	PY_SCOPE_41fa4a619bc4a4477ad80ed830b5bf27	PY_MODULE_47bc7c208a0cd524af17965fb97762d1		LOAD	false		false	false			UNKNOWN	NONE	NONE	SERVICE_VERSION_00000000000000000000000000000000	PY_EXPRESSION_bf8848a2ca6fcd80f65c46a1ac09f3a5
ATTRIBUTE_ACCESS	ASSIGNMENT_VALUE	ASSIGNMENT_VALUE	METHOD		PY_METHOD_6ac5301ac6ac937d6d587955607e61cb	PY_EXPRESSION_bf8848a2ca6fcd80f65c46a1ac09f3a5	0	1		entries	NONE	NONE		UNKNOWN				false		75	14	75	28	PY_SCOPE_41fa4a619bc4a4477ad80ed830b5bf27	PY_MODULE_47bc7c208a0cd524af17965fb97762d1		LOAD	false		false	false	ledger.entries		UNKNOWN	NONE	NONE	SERVICE_VERSION_00000000000000000000000000000000	PY_EXPRESSION_a0a3e69c8843f00f9743b263bfe924ef
NAME_REFERENCE	ASSIGNMENT_TARGET	ASSIGNMENT_TARGET	METHOD		PY_METHOD_6ac5301ac6ac937d6d587955607e61cb	PY_EXPRESSION_bf8848a2ca6fcd80f65c46a1ac09f3a5	0	1		entries	NONE	NONE		UNKNOWN				false		75	4	75	11	PY_SCOPE_41fa4a619bc4a4477ad80ed830b5bf27	PY_MODULE_47bc7c208a0cd524af17965fb97762d1	PY_BINDING_f45d7d0e0d117f3570037102878e6b41	STORE	true		false	false			UNKNOWN	NONE	NONE	SERVICE_VERSION_00000000000000000000000000000000	PY_EXPRESSION_09355bde51e32291f42d9595687ad557
NAME_REFERENCE	ATTRIBUTE_OBJECT	ASSIGNMENT_VALUE	METHOD		PY_METHOD_6ac5301ac6ac937d6d587955607e61cb	PY_EXPRESSION_a0a3e69c8843f00f9743b263bfe924ef	0	2		ledger	NONE	NONE		UNKNOWN				false		75	14	75	20	PY_SCOPE_41fa4a619bc4a4477ad80ed830b5bf27	PY_MODULE_47bc7c208a0cd524af17965fb97762d1	PY_BINDING_8baf6ad6f362719d473ead90fb94e50e	LOAD	false		false	false			UNKNOWN	NONE	NONE	SERVICE_VERSION_00000000000000000000000000000000	PY_EXPRESSION_bcf6defdd826c316e22e32a44abaa2ef
ATTRIBUTE_ACCESS	RETURN_VALUE	RETURN_VALUE	METHOD		PY_METHOD_6ac5301ac6ac937d6d587955607e61cb		0	0		append	NONE	NONE		UNKNOWN				false	0	76	11	76	25	PY_SCOPE_41fa4a619bc4a4477ad80ed830b5bf27	PY_MODULE_47bc7c208a0cd524af17965fb97762d1		LOAD	false		false	false	entries.append		UNKNOWN	NONE	NONE	SERVICE_VERSION_00000000000000000000000000000000	PY_EXPRESSION_79471c96ba03fbb834ffbf14d115a850
NAME_REFERENCE	ATTRIBUTE_OBJECT	RETURN_VALUE	METHOD		PY_METHOD_6ac5301ac6ac937d6d587955607e61cb	PY_EXPRESSION_79471c96ba03fbb834ffbf14d115a850	0	1		entries	NONE	NONE		UNKNOWN				false	0	76	11	76	18	PY_SCOPE_41fa4a619bc4a4477ad80ed830b5bf27	PY_MODULE_47bc7c208a0cd524af17965fb97762d1	PY_BINDING_f45d7d0e0d117f3570037102878e6b41	LOAD	false		false	false			UNKNOWN	NONE	NONE	SERVICE_VERSION_00000000000000000000000000000000	PY_EXPRESSION_b5866ffd5a541f65bac43b0fb1f7c779
ASSIGNMENT	ROOT	ASSIGNMENT_VALUE	METHOD		PY_METHOD_5bee5f26bf4c1e3dd26662f34bd2bf49		0	0			NONE	NONE		UNKNOWN				false		81	4	81	15	PY_SCOPE_ba10b89745294c0aedc34df8d8405bf0	PY_MODULE_47bc7c208a0cd524af17965fb97762d1		LOAD	false		false	false			UNKNOWN	NONE	NONE	SERVICE_VERSION_00000000000000000000000000000000	PY_EXPRESSION_ab234c20cffb1410b4f5ec6f184d3bd1
LITERAL	ASSIGNMENT_VALUE	ASSIGNMENT_VALUE	METHOD		PY_METHOD_5bee5f26bf4c1e3dd26662f34bd2bf49	PY_EXPRESSION_ab234c20cffb1410b4f5ec6f184d3bd1	0	1	INTEGER	0	NONE	NONE		UNKNOWN				false		81	14	81	15	PY_SCOPE_ba10b89745294c0aedc34df8d8405bf0	PY_MODULE_47bc7c208a0cd524af17965fb97762d1		LOAD	false		false	false		int	BUILTIN_SCALAR	LITERAL	CERTAIN	SERVICE_VERSION_00000000000000000000000000000000	PY_EXPRESSION_19fd0fdadd7b1e419ef647cce8f60c08
NAME_REFERENCE	ASSIGNMENT_TARGET	ASSIGNMENT_TARGET	METHOD		PY_METHOD_5bee5f26bf4c1e3dd26662f34bd2bf49	PY_EXPRESSION_ab234c20cffb1410b4f5ec6f184d3bd1	0	1		running	NONE	NONE		UNKNOWN				false		81	4	81	11	PY_SCOPE_ba10b89745294c0aedc34df8d8405bf0	PY_MODULE_47bc7c208a0cd524af17965fb97762d1	PY_BINDING_d7701b5e3e51a458a53873338dd9a007	STORE	true		false	false			UNKNOWN	NONE	NONE	SERVICE_VERSION_00000000000000000000000000000000	PY_EXPRESSION_6fb21ea0fda2b07042b21a82ada477d0
NAME_REFERENCE	ROOT	FOR_ITERABLE	METHOD		PY_METHOD_5bee5f26bf4c1e3dd26662f34bd2bf49		0	0		accounts	NONE	NONE		UNKNOWN				false		82	19	82	27	PY_SCOPE_ba10b89745294c0aedc34df8d8405bf0	PY_MODULE_47bc7c208a0cd524af17965fb97762d1	PY_BINDING_bb431f55ea6ffc4f02b7b8a9c36f6118	LOAD	false		false	false			UNKNOWN	NONE	NONE	SERVICE_VERSION_00000000000000000000000000000000	PY_EXPRESSION_de88a71ddede09d5ea9d7521f8ee85ce
NAME_REFERENCE	ROOT	FOR_TARGET	METHOD		PY_METHOD_5bee5f26bf4c1e3dd26662f34bd2bf49		0	0		account	NONE	NONE		UNKNOWN				false		82	8	82	15	PY_SCOPE_ba10b89745294c0aedc34df8d8405bf0	PY_MODULE_47bc7c208a0cd524af17965fb97762d1	PY_BINDING_6b8542a5fafb3c8b8217fd0f9dd42c4b	STORE	true		false	false			UNKNOWN	NONE	NONE	SERVICE_VERSION_00000000000000000000000000000000	PY_EXPRESSION_89dd3244d576557e3094a698255c94a4
ASSIGNMENT	ROOT	ASSIGNMENT_VALUE	METHOD		PY_METHOD_5bee5f26bf4c1e3dd26662f34bd2bf49		0	0			NONE	NONE		UNKNOWN				false		83	8	83	45	PY_SCOPE_ba10b89745294c0aedc34df8d8405bf0	PY_MODULE_47bc7c208a0cd524af17965fb97762d1		LOAD	false		false	false			UNKNOWN	NONE	NONE	SERVICE_VERSION_00000000000000000000000000000000	PY_EXPRESSION_24463e5ce00a7e790cd2b9d35a36369e
BINARY_OPERATION	ASSIGNMENT_VALUE	ASSIGNMENT_VALUE	METHOD		PY_METHOD_5bee5f26bf4c1e3dd26662f34bd2bf49	PY_EXPRESSION_24463e5ce00a7e790cd2b9d35a36369e	0	1			NONE	NONE	+	UNKNOWN				false		83	18	83	45	PY_SCOPE_ba10b89745294c0aedc34df8d8405bf0	PY_MODULE_47bc7c208a0cd524af17965fb97762d1		LOAD	false		false	false			UNKNOWN	NONE	NONE	SERVICE_VERSION_00000000000000000000000000000000	PY_EXPRESSION_c9366bb8bd1b4a525046fb8d5576a1f1
NAME_REFERENCE	ASSIGNMENT_TARGET	ASSIGNMENT_TARGET	METHOD		PY_METHOD_5bee5f26bf4c1e3dd26662f34bd2bf49	PY_EXPRESSION_24463e5ce00a7e790cd2b9d35a36369e	0	1		running	NONE	NONE		UNKNOWN				false		83	8	83	15	PY_SCOPE_ba10b89745294c0aedc34df8d8405bf0	PY_MODULE_47bc7c208a0cd524af17965fb97762d1	PY_BINDING_d7701b5e3e51a458a53873338dd9a007	STORE	true		false	false			UNKNOWN	NONE	NONE	SERVICE_VERSION_00000000000000000000000000000000	PY_EXPRESSION_c8a136488a3a551b0732353e32c743f1
NAME_REFERENCE	OPERAND_LEFT	ASSIGNMENT_VALUE	METHOD		PY_METHOD_5bee5f26bf4c1e3dd26662f34bd2bf49	PY_EXPRESSION_c9366bb8bd1b4a525046fb8d5576a1f1	0	2		running	NONE	NONE		UNKNOWN				false		83	18	83	25	PY_SCOPE_ba10b89745294c0aedc34df8d8405bf0	PY_MODULE_47bc7c208a0cd524af17965fb97762d1	PY_BINDING_d7701b5e3e51a458a53873338dd9a007	LOAD	false		false	false			UNKNOWN	NONE	NONE	SERVICE_VERSION_00000000000000000000000000000000	PY_EXPRESSION_f9ba32d3b5c2f8a9dff706143f4b8399
CALL	OPERAND_RIGHT	ASSIGNMENT_VALUE	METHOD		PY_METHOD_5bee5f26bf4c1e3dd26662f34bd2bf49	PY_EXPRESSION_c9366bb8bd1b4a525046fb8d5576a1f1	1	2		balance	NONE	NONE		UNKNOWN				false		83	28	83	45	PY_SCOPE_ba10b89745294c0aedc34df8d8405bf0	PY_MODULE_47bc7c208a0cd524af17965fb97762d1		LOAD	false		false	false	account.balance		UNKNOWN	NONE	NONE	SERVICE_VERSION_00000000000000000000000000000000	PY_EXPRESSION_ab2aff9fcce7e94dad89505ae10108c2
ATTRIBUTE_ACCESS	RECEIVER	ASSIGNMENT_VALUE	METHOD		PY_METHOD_5bee5f26bf4c1e3dd26662f34bd2bf49	PY_EXPRESSION_ab2aff9fcce7e94dad89505ae10108c2	0	3		balance	NONE	NONE		UNKNOWN				false		83	28	83	43	PY_SCOPE_ba10b89745294c0aedc34df8d8405bf0	PY_MODULE_47bc7c208a0cd524af17965fb97762d1		LOAD	false		false	false	account.balance		UNKNOWN	NONE	NONE	SERVICE_VERSION_00000000000000000000000000000000	PY_EXPRESSION_dae7ce826b2aca5915353c484917acd8
NAME_REFERENCE	ATTRIBUTE_OBJECT	ASSIGNMENT_VALUE	METHOD		PY_METHOD_5bee5f26bf4c1e3dd26662f34bd2bf49	PY_EXPRESSION_dae7ce826b2aca5915353c484917acd8	0	4		account	NONE	NONE		UNKNOWN				false		83	28	83	35	PY_SCOPE_ba10b89745294c0aedc34df8d8405bf0	PY_MODULE_47bc7c208a0cd524af17965fb97762d1	PY_BINDING_6b8542a5fafb3c8b8217fd0f9dd42c4b	LOAD	false		false	false			UNKNOWN	NONE	NONE	SERVICE_VERSION_00000000000000000000000000000000	PY_EXPRESSION_af2518f928fc59b4a6eec70ca478bd57
NAME_REFERENCE	RETURN_VALUE	RETURN_VALUE	METHOD		PY_METHOD_5bee5f26bf4c1e3dd26662f34bd2bf49		0	0		running	NONE	NONE		UNKNOWN				false	0	84	11	84	18	PY_SCOPE_ba10b89745294c0aedc34df8d8405bf0	PY_MODULE_47bc7c208a0cd524af17965fb97762d1	PY_BINDING_d7701b5e3e51a458a53873338dd9a007	LOAD	false		false	false			UNKNOWN	NONE	NONE	SERVICE_VERSION_00000000000000000000000000000000	PY_EXPRESSION_f006b6cfa6715cc807f8d018fad7f2d4
CALL	WITH_CONTEXT	WITH_CONTEXT	METHOD		PY_METHOD_1536eea9d235cae8d2cdc753cf867ab3		0	0		open	NONE	NONE		UNKNOWN				false		88	9	88	19	PY_SCOPE_b573c25e547f415b4814cbc16bf215db	PY_MODULE_47bc7c208a0cd524af17965fb97762d1		LOAD	false		false	false	open		UNKNOWN	NONE	NONE	SERVICE_VERSION_00000000000000000000000000000000	PY_EXPRESSION_0b4933fca49a19ded28095c115e518c7
NAME_REFERENCE	CALLEE	WITH_CONTEXT	METHOD		PY_METHOD_1536eea9d235cae8d2cdc753cf867ab3	PY_EXPRESSION_0b4933fca49a19ded28095c115e518c7	0	1		open	NONE	NONE		UNKNOWN				false		88	9	88	13	PY_SCOPE_b573c25e547f415b4814cbc16bf215db	PY_MODULE_47bc7c208a0cd524af17965fb97762d1	PY_BINDING_22df00820cabc7efac220a31eca806f2	LOAD	false		false	false			UNKNOWN	NONE	NONE	SERVICE_VERSION_00000000000000000000000000000000	PY_EXPRESSION_66663a963961f1bf3dad74a72b259703
NAME_REFERENCE	ARGUMENT	WITH_CONTEXT	METHOD		PY_METHOD_1536eea9d235cae8d2cdc753cf867ab3	PY_EXPRESSION_0b4933fca49a19ded28095c115e518c7	0	1		path	NONE	NONE		UNKNOWN				false		88	14	88	18	PY_SCOPE_b573c25e547f415b4814cbc16bf215db	PY_MODULE_47bc7c208a0cd524af17965fb97762d1	PY_BINDING_831655085c7ebcf3b62c52f9f7c67141	LOAD	false		false	false			UNKNOWN	NONE	NONE	SERVICE_VERSION_00000000000000000000000000000000	PY_EXPRESSION_5c7e35ca90f0707ee7c37694c8fc5842
NAME_REFERENCE	WITH_TARGET	WITH_TARGET	METHOD		PY_METHOD_1536eea9d235cae8d2cdc753cf867ab3		0	0		handle	NONE	NONE		UNKNOWN				false		88	23	88	29	PY_SCOPE_b573c25e547f415b4814cbc16bf215db	PY_MODULE_47bc7c208a0cd524af17965fb97762d1	PY_BINDING_421e8b413f368e57d94693b8c60d0dbd	STORE	true		false	false			UNKNOWN	NONE	NONE	SERVICE_VERSION_00000000000000000000000000000000	PY_EXPRESSION_1cdc593004c4ca482837ab5940117f06
CALL	RETURN_VALUE	RETURN_VALUE	METHOD		PY_METHOD_1536eea9d235cae8d2cdc753cf867ab3		0	0		read	NONE	NONE		UNKNOWN				false	0	89	15	89	28	PY_SCOPE_b573c25e547f415b4814cbc16bf215db	PY_MODULE_47bc7c208a0cd524af17965fb97762d1		LOAD	false		false	false	handle.read		UNKNOWN	NONE	NONE	SERVICE_VERSION_00000000000000000000000000000000	PY_EXPRESSION_2daa5788bcd83d46d25e5e2a8969a359
ATTRIBUTE_ACCESS	RECEIVER	RETURN_VALUE	METHOD		PY_METHOD_1536eea9d235cae8d2cdc753cf867ab3	PY_EXPRESSION_2daa5788bcd83d46d25e5e2a8969a359	0	1		read	NONE	NONE		UNKNOWN				false	0	89	15	89	26	PY_SCOPE_b573c25e547f415b4814cbc16bf215db	PY_MODULE_47bc7c208a0cd524af17965fb97762d1		LOAD	false		false	false	handle.read		UNKNOWN	NONE	NONE	SERVICE_VERSION_00000000000000000000000000000000	PY_EXPRESSION_a43d7e6879c4374b0c1df6948429770c
NAME_REFERENCE	ATTRIBUTE_OBJECT	RETURN_VALUE	METHOD		PY_METHOD_1536eea9d235cae8d2cdc753cf867ab3	PY_EXPRESSION_a43d7e6879c4374b0c1df6948429770c	0	2		handle	NONE	NONE		UNKNOWN				false	0	89	15	89	21	PY_SCOPE_b573c25e547f415b4814cbc16bf215db	PY_MODULE_47bc7c208a0cd524af17965fb97762d1	PY_BINDING_421e8b413f368e57d94693b8c60d0dbd	LOAD	false		false	false			UNKNOWN	NONE	NONE	SERVICE_VERSION_00000000000000000000000000000000	PY_EXPRESSION_19abcb87811bfc3f86a8bb2c55e68467
ASSIGNMENT	ROOT	ASSIGNMENT_VALUE	METHOD		PY_METHOD_972c3645b5a93c9b52c60d8000dd3b60		0	0			NONE	NONE		UNKNOWN				false		93	4	93	22	PY_SCOPE_f577a54fd7c4f78d95f7d813d36aa072	PY_MODULE_47bc7c208a0cd524af17965fb97762d1		LOAD	false		false	false			UNKNOWN	NONE	NONE	SERVICE_VERSION_00000000000000000000000000000000	PY_EXPRESSION_3693ff3b642aca53ebeb37795a0b1791
NAME_REFERENCE	ASSIGNMENT_VALUE	ASSIGNMENT_VALUE	METHOD		PY_METHOD_972c3645b5a93c9b52c60d8000dd3b60	PY_EXPRESSION_3693ff3b642aca53ebeb37795a0b1791	0	1		pair	NONE	NONE		UNKNOWN				false		93	18	93	22	PY_SCOPE_f577a54fd7c4f78d95f7d813d36aa072	PY_MODULE_47bc7c208a0cd524af17965fb97762d1	PY_BINDING_b1d70b65aae6acadd00bc9b83d62a2ce	LOAD	false		false	false			UNKNOWN	NONE	NONE	SERVICE_VERSION_00000000000000000000000000000000	PY_EXPRESSION_4460a3261048a73dbefa3e4af63a2273
TUPLE	ASSIGNMENT_TARGET	ASSIGNMENT_TARGET	METHOD		PY_METHOD_972c3645b5a93c9b52c60d8000dd3b60	PY_EXPRESSION_3693ff3b642aca53ebeb37795a0b1791	0	1			NONE	NONE		UNKNOWN				false		93	4	93	15	PY_SCOPE_f577a54fd7c4f78d95f7d813d36aa072	PY_MODULE_47bc7c208a0cd524af17965fb97762d1		STORE	true		false	false			UNKNOWN	NONE	NONE	SERVICE_VERSION_00000000000000000000000000000000	PY_EXPRESSION_7200dd929f93917b2d68bf3dfc0190a7
NAME_REFERENCE	ARGUMENT	ASSIGNMENT_TARGET	METHOD		PY_METHOD_972c3645b5a93c9b52c60d8000dd3b60	PY_EXPRESSION_7200dd929f93917b2d68bf3dfc0190a7	0	2		left	NONE	NONE		UNKNOWN				false		93	4	93	8	PY_SCOPE_f577a54fd7c4f78d95f7d813d36aa072	PY_MODULE_47bc7c208a0cd524af17965fb97762d1	PY_BINDING_f98015db8c827ca54c47b6933d578814	STORE	true		false	false			UNKNOWN	NONE	NONE	SERVICE_VERSION_00000000000000000000000000000000	PY_EXPRESSION_0a58dbbfad1c322a3b47d51ec51e6e2e
NAME_REFERENCE	ARGUMENT	ASSIGNMENT_TARGET	METHOD		PY_METHOD_972c3645b5a93c9b52c60d8000dd3b60	PY_EXPRESSION_7200dd929f93917b2d68bf3dfc0190a7	1	2		right	NONE	NONE		UNKNOWN				false		93	10	93	15	PY_SCOPE_f577a54fd7c4f78d95f7d813d36aa072	PY_MODULE_47bc7c208a0cd524af17965fb97762d1	PY_BINDING_51113d09a4f5674848345dc09916f8f5	STORE	true		false	false			UNKNOWN	NONE	NONE	SERVICE_VERSION_00000000000000000000000000000000	PY_EXPRESSION_969205eec4a127997ca104490a3bf7c3
CALL	RETURN_VALUE	RETURN_VALUE	METHOD		PY_METHOD_972c3645b5a93c9b52c60d8000dd3b60		0	0		balance	NONE	NONE		UNKNOWN				false	0	94	11	94	25	PY_SCOPE_f577a54fd7c4f78d95f7d813d36aa072	PY_MODULE_47bc7c208a0cd524af17965fb97762d1		LOAD	false		false	false	left.balance		UNKNOWN	NONE	NONE	SERVICE_VERSION_00000000000000000000000000000000	PY_EXPRESSION_9aee94586f2529bfc0c5c833a7096165
CALL	RETURN_VALUE	RETURN_VALUE	METHOD		PY_METHOD_972c3645b5a93c9b52c60d8000dd3b60		1	0		total	NONE	NONE		UNKNOWN				false	0	94	27	94	40	PY_SCOPE_f577a54fd7c4f78d95f7d813d36aa072	PY_MODULE_47bc7c208a0cd524af17965fb97762d1		LOAD	false		false	false	right.total		UNKNOWN	NONE	NONE	SERVICE_VERSION_00000000000000000000000000000000	PY_EXPRESSION_ae3eb22dbfe417ae0557a7b8fd3b025e
ATTRIBUTE_ACCESS	RECEIVER	RETURN_VALUE	METHOD		PY_METHOD_972c3645b5a93c9b52c60d8000dd3b60	PY_EXPRESSION_9aee94586f2529bfc0c5c833a7096165	0	1		balance	NONE	NONE		UNKNOWN				false	0	94	11	94	23	PY_SCOPE_f577a54fd7c4f78d95f7d813d36aa072	PY_MODULE_47bc7c208a0cd524af17965fb97762d1		LOAD	false		false	false	left.balance		UNKNOWN	NONE	NONE	SERVICE_VERSION_00000000000000000000000000000000	PY_EXPRESSION_bda1bfe168ab4a88709982d93e144ba8
ATTRIBUTE_ACCESS	RECEIVER	RETURN_VALUE	METHOD		PY_METHOD_972c3645b5a93c9b52c60d8000dd3b60	PY_EXPRESSION_ae3eb22dbfe417ae0557a7b8fd3b025e	0	1		total	NONE	NONE		UNKNOWN				false	0	94	27	94	38	PY_SCOPE_f577a54fd7c4f78d95f7d813d36aa072	PY_MODULE_47bc7c208a0cd524af17965fb97762d1		LOAD	false		false	false	right.total		UNKNOWN	NONE	NONE	SERVICE_VERSION_00000000000000000000000000000000	PY_EXPRESSION_2d5abbce85baf8ef5f25c562ae771e40
NAME_REFERENCE	ATTRIBUTE_OBJECT	RETURN_VALUE	METHOD		PY_METHOD_972c3645b5a93c9b52c60d8000dd3b60	PY_EXPRESSION_bda1bfe168ab4a88709982d93e144ba8	0	2		left	NONE	NONE		UNKNOWN				false	0	94	11	94	15	PY_SCOPE_f577a54fd7c4f78d95f7d813d36aa072	PY_MODULE_47bc7c208a0cd524af17965fb97762d1	PY_BINDING_f98015db8c827ca54c47b6933d578814	LOAD	false		false	false			UNKNOWN	NONE	NONE	SERVICE_VERSION_00000000000000000000000000000000	PY_EXPRESSION_d5bbca74dfa1605c3e6c31d9ff557784
NAME_REFERENCE	ATTRIBUTE_OBJECT	RETURN_VALUE	METHOD		PY_METHOD_972c3645b5a93c9b52c60d8000dd3b60	PY_EXPRESSION_2d5abbce85baf8ef5f25c562ae771e40	0	2		right	NONE	NONE		UNKNOWN				false	0	94	27	94	32	PY_SCOPE_f577a54fd7c4f78d95f7d813d36aa072	PY_MODULE_47bc7c208a0cd524af17965fb97762d1	PY_BINDING_51113d09a4f5674848345dc09916f8f5	LOAD	false		false	false			UNKNOWN	NONE	NONE	SERVICE_VERSION_00000000000000000000000000000000	PY_EXPRESSION_9333f67ce32cc3c81282516bc4dd7d34
ASSIGNMENT	ROOT	ASSIGNMENT_VALUE	METHOD		PY_METHOD_60ba9a680d87a61627cf5d14c81f273e		0	0			NONE	NONE		UNKNOWN				false		98	4	98	23	PY_SCOPE_8bbe73c7c5b3117e2a578aba2dfa9700	PY_MODULE_47bc7c208a0cd524af17965fb97762d1		LOAD	false		false	false			UNKNOWN	NONE	NONE	SERVICE_VERSION_00000000000000000000000000000000	PY_EXPRESSION_07da2c78538c5d4cac0244a8749867b2
NAME_REFERENCE	ASSIGNMENT_VALUE	ASSIGNMENT_VALUE	METHOD		PY_METHOD_60ba9a680d87a61627cf5d14c81f273e	PY_EXPRESSION_07da2c78538c5d4cac0244a8749867b2	0	1		items	NONE	NONE		UNKNOWN				false		98	18	98	23	PY_SCOPE_8bbe73c7c5b3117e2a578aba2dfa9700	PY_MODULE_47bc7c208a0cd524af17965fb97762d1	PY_BINDING_eb60d9b52000e691e49253d49d008cdb	LOAD	false		false	false			UNKNOWN	NONE	NONE	SERVICE_VERSION_00000000000000000000000000000000	PY_EXPRESSION_cbc5f26f404d3f00411c7fc228ce6673
TUPLE	ASSIGNMENT_TARGET	ASSIGNMENT_TARGET	METHOD		PY_METHOD_60ba9a680d87a61627cf5d14c81f273e	PY_EXPRESSION_07da2c78538c5d4cac0244a8749867b2	0	1			NONE	NONE		UNKNOWN				false		98	4	98	15	PY_SCOPE_8bbe73c7c5b3117e2a578aba2dfa9700	PY_MODULE_47bc7c208a0cd524af17965fb97762d1		STORE	true		false	false			UNKNOWN	NONE	NONE	SERVICE_VERSION_00000000000000000000000000000000	PY_EXPRESSION_ff758b0b5bd09c98ddb7be999bd68e9d
NAME_REFERENCE	ARGUMENT	ASSIGNMENT_TARGET	METHOD		PY_METHOD_60ba9a680d87a61627cf5d14c81f273e	PY_EXPRESSION_ff758b0b5bd09c98ddb7be999bd68e9d	0	2		head	NONE	NONE		UNKNOWN				false		98	4	98	8	PY_SCOPE_8bbe73c7c5b3117e2a578aba2dfa9700	PY_MODULE_47bc7c208a0cd524af17965fb97762d1	PY_BINDING_5e879bafe404a4835460f7386f36eab3	STORE	true		false	false			UNKNOWN	NONE	NONE	SERVICE_VERSION_00000000000000000000000000000000	PY_EXPRESSION_fe6cf59a1011e23333f203f6d9437a97
STARRED	ARGUMENT	ASSIGNMENT_TARGET	METHOD		PY_METHOD_60ba9a680d87a61627cf5d14c81f273e	PY_EXPRESSION_ff758b0b5bd09c98ddb7be999bd68e9d	1	2			NONE	NONE		UNKNOWN				false		98	10	98	15	PY_SCOPE_8bbe73c7c5b3117e2a578aba2dfa9700	PY_MODULE_47bc7c208a0cd524af17965fb97762d1		STORE	true		false	false			UNKNOWN	NONE	NONE	SERVICE_VERSION_00000000000000000000000000000000	PY_EXPRESSION_a5524566482e59b0a5c5518aa2bff1dc
NAME_REFERENCE	ARGUMENT	ASSIGNMENT_TARGET	METHOD		PY_METHOD_60ba9a680d87a61627cf5d14c81f273e	PY_EXPRESSION_a5524566482e59b0a5c5518aa2bff1dc	0	3		tail	NONE	NONE		UNKNOWN				false		98	11	98	15	PY_SCOPE_8bbe73c7c5b3117e2a578aba2dfa9700	PY_MODULE_47bc7c208a0cd524af17965fb97762d1	PY_BINDING_5ebccc68db43cde31b00719e0422484c	STORE	true		false	true			UNKNOWN	NONE	NONE	SERVICE_VERSION_00000000000000000000000000000000	PY_EXPRESSION_e33c9ba4ec782fcc4b54e15b16a430e2
CALL	RETURN_VALUE	RETURN_VALUE	METHOD		PY_METHOD_60ba9a680d87a61627cf5d14c81f273e		0	0		balance	NONE	NONE		UNKNOWN				false	0	99	11	99	25	PY_SCOPE_8bbe73c7c5b3117e2a578aba2dfa9700	PY_MODULE_47bc7c208a0cd524af17965fb97762d1		LOAD	false		false	false	head.balance		UNKNOWN	NONE	NONE	SERVICE_VERSION_00000000000000000000000000000000	PY_EXPRESSION_a19390a1d468d8307be96737e8037351
NAME_REFERENCE	RETURN_VALUE	RETURN_VALUE	METHOD		PY_METHOD_60ba9a680d87a61627cf5d14c81f273e		1	0		tail	NONE	NONE		UNKNOWN				false	0	99	27	99	31	PY_SCOPE_8bbe73c7c5b3117e2a578aba2dfa9700	PY_MODULE_47bc7c208a0cd524af17965fb97762d1	PY_BINDING_5ebccc68db43cde31b00719e0422484c	LOAD	false		false	false			UNKNOWN	NONE	NONE	SERVICE_VERSION_00000000000000000000000000000000	PY_EXPRESSION_68e899fbfb99d4eaae53b85fbe119acc
ATTRIBUTE_ACCESS	RECEIVER	RETURN_VALUE	METHOD		PY_METHOD_60ba9a680d87a61627cf5d14c81f273e	PY_EXPRESSION_a19390a1d468d8307be96737e8037351	0	1		balance	NONE	NONE		UNKNOWN				false	0	99	11	99	23	PY_SCOPE_8bbe73c7c5b3117e2a578aba2dfa9700	PY_MODULE_47bc7c208a0cd524af17965fb97762d1		LOAD	false		false	false	head.balance		UNKNOWN	NONE	NONE	SERVICE_VERSION_00000000000000000000000000000000	PY_EXPRESSION_ba23e6c9bda69312f545f83306400ea5
NAME_REFERENCE	ATTRIBUTE_OBJECT	RETURN_VALUE	METHOD		PY_METHOD_60ba9a680d87a61627cf5d14c81f273e	PY_EXPRESSION_ba23e6c9bda69312f545f83306400ea5	0	2		head	NONE	NONE		UNKNOWN				false	0	99	11	99	15	PY_SCOPE_8bbe73c7c5b3117e2a578aba2dfa9700	PY_MODULE_47bc7c208a0cd524af17965fb97762d1	PY_BINDING_5e879bafe404a4835460f7386f36eab3	LOAD	false		false	false			UNKNOWN	NONE	NONE	SERVICE_VERSION_00000000000000000000000000000000	PY_EXPRESSION_c1b1aada33ee1369fc5015c8edd52110
COMPARISON	CONDITION	IF_CONDITION	METHOD		PY_METHOD_3515c175a33ee571eb6bca647c579262		0	0			NONE	NONE	is not	UNKNOWN				false		103	7	103	46	PY_SCOPE_31f769b98174428d37fa3db6d8c00bf7	PY_MODULE_47bc7c208a0cd524af17965fb97762d1		LOAD	false		false	false			UNKNOWN	NONE	NONE	SERVICE_VERSION_00000000000000000000000000000000	PY_EXPRESSION_4ffce81803f36d4be652f758a5681aaa
LITERAL	OPERAND_RIGHT	IF_CONDITION	METHOD		PY_METHOD_3515c175a33ee571eb6bca647c579262	PY_EXPRESSION_4ffce81803f36d4be652f758a5681aaa	1	1	NONE	None	NONE	NONE		UNKNOWN				false		103	42	103	46	PY_SCOPE_31f769b98174428d37fa3db6d8c00bf7	PY_MODULE_47bc7c208a0cd524af17965fb97762d1		LOAD	false		false	false		None	NONE_TYPE	LITERAL	CERTAIN	SERVICE_VERSION_00000000000000000000000000000000	PY_EXPRESSION_6ef09de987bcc68bf88730ecd7264871
ASSIGNMENT_EXPRESSION	OPERAND_LEFT	IF_CONDITION	METHOD		PY_METHOD_3515c175a33ee571eb6bca647c579262	PY_EXPRESSION_4ffce81803f36d4be652f758a5681aaa	0	1		account	NONE	NONE	:=	UNKNOWN				false		103	8	103	33	PY_SCOPE_31f769b98174428d37fa3db6d8c00bf7	PY_MODULE_47bc7c208a0cd524af17965fb97762d1		LOAD	false		false	false			UNKNOWN	NONE	NONE	SERVICE_VERSION_00000000000000000000000000000000	PY_EXPRESSION_9cb561a891a67c3824c760b05ab53811
CALL	ASSIGNMENT_VALUE	IF_CONDITION	METHOD		PY_METHOD_3515c175a33ee571eb6bca647c579262	PY_EXPRESSION_9cb561a891a67c3824c760b05ab53811	1	2		Account	NONE	NONE		UNKNOWN				false		103	19	103	33	PY_SCOPE_31f769b98174428d37fa3db6d8c00bf7	PY_MODULE_47bc7c208a0cd524af17965fb97762d1		LOAD	false		false	false	Account		UNKNOWN	NONE	NONE	SERVICE_VERSION_00000000000000000000000000000000	PY_EXPRESSION_dd609201425feb1b52db0e012b8613c2
NAME_REFERENCE	ASSIGNMENT_TARGET	IF_CONDITION	METHOD		PY_METHOD_3515c175a33ee571eb6bca647c579262	PY_EXPRESSION_9cb561a891a67c3824c760b05ab53811	0	2		account	NONE	NONE		UNKNOWN				false		103	8	103	15	PY_SCOPE_31f769b98174428d37fa3db6d8c00bf7	PY_MODULE_47bc7c208a0cd524af17965fb97762d1	PY_BINDING_68a1b4070c68b48499a35d4aacd52249	STORE	true		false	false			UNKNOWN	NONE	NONE	SERVICE_VERSION_00000000000000000000000000000000	PY_EXPRESSION_282cd7e9035671e66fc2878820d151ed
NAME_REFERENCE	CALLEE	IF_CONDITION	METHOD		PY_METHOD_3515c175a33ee571eb6bca647c579262	PY_EXPRESSION_dd609201425feb1b52db0e012b8613c2	0	3		Account	NONE	NONE		TYPE	PY_TYPE_160aee5ca584e3817b8783b4e148e2a8			false		103	19	103	26	PY_SCOPE_31f769b98174428d37fa3db6d8c00bf7	PY_MODULE_47bc7c208a0cd524af17965fb97762d1	PY_BINDING_3d3ad1469a2b67574fb7ce73ec5ed6eb	LOAD	false		false	false			UNKNOWN	NONE	NONE	SERVICE_VERSION_00000000000000000000000000000000	PY_EXPRESSION_236065a875783de4cf4800b59946e542
NAME_REFERENCE	ARGUMENT	IF_CONDITION	METHOD		PY_METHOD_3515c175a33ee571eb6bca647c579262	PY_EXPRESSION_dd609201425feb1b52db0e012b8613c2	0	3		owner	NONE	NONE		UNKNOWN				false		103	27	103	32	PY_SCOPE_31f769b98174428d37fa3db6d8c00bf7	PY_MODULE_47bc7c208a0cd524af17965fb97762d1	PY_BINDING_0eef2faca3393edd61ce940c2006f455	LOAD	false		false	false			UNKNOWN	NONE	NONE	SERVICE_VERSION_00000000000000000000000000000000	PY_EXPRESSION_78b53869512172acc880ee87b3d091b0
CALL	RETURN_VALUE	RETURN_VALUE	METHOD		PY_METHOD_3515c175a33ee571eb6bca647c579262		0	0		balance	NONE	NONE		UNKNOWN				false	0	104	15	104	32	PY_SCOPE_31f769b98174428d37fa3db6d8c00bf7	PY_MODULE_47bc7c208a0cd524af17965fb97762d1		LOAD	false		false	false	account.balance		UNKNOWN	NONE	NONE	SERVICE_VERSION_00000000000000000000000000000000	PY_EXPRESSION_31373ff3b23f936e1497afb43bf71a72
ATTRIBUTE_ACCESS	RECEIVER	RETURN_VALUE	METHOD		PY_METHOD_3515c175a33ee571eb6bca647c579262	PY_EXPRESSION_31373ff3b23f936e1497afb43bf71a72	0	1		balance	NONE	NONE		UNKNOWN				false	0	104	15	104	30	PY_SCOPE_31f769b98174428d37fa3db6d8c00bf7	PY_MODULE_47bc7c208a0cd524af17965fb97762d1		LOAD	false		false	false	account.balance		UNKNOWN	NONE	NONE	SERVICE_VERSION_00000000000000000000000000000000	PY_EXPRESSION_df647a13c2b93ce7bfa00d179e150109
NAME_REFERENCE	ATTRIBUTE_OBJECT	RETURN_VALUE	METHOD		PY_METHOD_3515c175a33ee571eb6bca647c579262	PY_EXPRESSION_df647a13c2b93ce7bfa00d179e150109	0	2		account	NONE	NONE		UNKNOWN				false	0	104	15	104	22	PY_SCOPE_31f769b98174428d37fa3db6d8c00bf7	PY_MODULE_47bc7c208a0cd524af17965fb97762d1	PY_BINDING_68a1b4070c68b48499a35d4aacd52249	LOAD	false		false	false			UNKNOWN	NONE	NONE	SERVICE_VERSION_00000000000000000000000000000000	PY_EXPRESSION_374780db4a63836f7e0baec65254c143
LITERAL	RETURN_VALUE	RETURN_VALUE	METHOD		PY_METHOD_3515c175a33ee571eb6bca647c579262		0	0	INTEGER	0	NONE	NONE		UNKNOWN				false	1	105	11	105	12	PY_SCOPE_31f769b98174428d37fa3db6d8c00bf7	PY_MODULE_47bc7c208a0cd524af17965fb97762d1		LOAD	false		false	false		int	BUILTIN_SCALAR	LITERAL	CERTAIN	SERVICE_VERSION_00000000000000000000000000000000	PY_EXPRESSION_865bfa20433b9d09cc4cdbeaa129f532
ASSIGNMENT	ROOT	ASSIGNMENT_VALUE	METHOD		PY_METHOD_228a2731b54001e4be8fe0e3dbd7d641		0	0			NONE	NONE		UNKNOWN				false		110	4	110	22	PY_SCOPE_a60a41a954c99d92226f74321fc379e3	PY_MODULE_47bc7c208a0cd524af17965fb97762d1		LOAD	false		false	false			UNKNOWN	NONE	NONE	SERVICE_VERSION_00000000000000000000000000000000	PY_EXPRESSION_721e2f8e853692a1d24adb189f9a09e1
CALL	ASSIGNMENT_VALUE	ASSIGNMENT_VALUE	METHOD		PY_METHOD_228a2731b54001e4be8fe0e3dbd7d641	PY_EXPRESSION_721e2f8e853692a1d24adb189f9a09e1	0	1		Ledger	NONE	NONE		UNKNOWN				false		110	14	110	22	PY_SCOPE_a60a41a954c99d92226f74321fc379e3	PY_MODULE_47bc7c208a0cd524af17965fb97762d1		LOAD	false		false	false	Ledger		UNKNOWN	NONE	NONE	SERVICE_VERSION_00000000000000000000000000000000	PY_EXPRESSION_e60bcbafce4b72fe862739c1095972ad
NAME_REFERENCE	ASSIGNMENT_TARGET	ASSIGNMENT_TARGET	METHOD		PY_METHOD_228a2731b54001e4be8fe0e3dbd7d641	PY_EXPRESSION_721e2f8e853692a1d24adb189f9a09e1	0	1		account	NONE	NONE		UNKNOWN				false		110	4	110	11	PY_SCOPE_a60a41a954c99d92226f74321fc379e3	PY_MODULE_47bc7c208a0cd524af17965fb97762d1	PY_BINDING_6ad33a2b01ca3102668371baca6910de	STORE	true		false	false			UNKNOWN	NONE	NONE	SERVICE_VERSION_00000000000000000000000000000000	PY_EXPRESSION_7792f8f24e00cf9f14b5efd172c777a5
NAME_REFERENCE	CALLEE	ASSIGNMENT_VALUE	METHOD		PY_METHOD_228a2731b54001e4be8fe0e3dbd7d641	PY_EXPRESSION_e60bcbafce4b72fe862739c1095972ad	0	2		Ledger	NONE	NONE		TYPE	PY_TYPE_65c006b7dc1da8d5b431a90353733207			false		110	14	110	20	PY_SCOPE_a60a41a954c99d92226f74321fc379e3	PY_MODULE_47bc7c208a0cd524af17965fb97762d1	PY_BINDING_487680f20387f7cbd6d3607644b7d480	LOAD	false		false	false			UNKNOWN	NONE	NONE	SERVICE_VERSION_00000000000000000000000000000000	PY_EXPRESSION_912fd800bbb7d80f96d4d86acfc4a309
CALL	RETURN_VALUE	RETURN_VALUE	METHOD		PY_METHOD_228a2731b54001e4be8fe0e3dbd7d641		0	0		total	NONE	NONE		UNKNOWN				false	0	111	11	111	26	PY_SCOPE_a60a41a954c99d92226f74321fc379e3	PY_MODULE_47bc7c208a0cd524af17965fb97762d1		LOAD	false		false	false	account.total		UNKNOWN	NONE	NONE	SERVICE_VERSION_00000000000000000000000000000000	PY_EXPRESSION_28fc0b2e4ada263f287798d21b03f34e
ATTRIBUTE_ACCESS	RECEIVER	RETURN_VALUE	METHOD		PY_METHOD_228a2731b54001e4be8fe0e3dbd7d641	PY_EXPRESSION_28fc0b2e4ada263f287798d21b03f34e	0	1		total	NONE	NONE		UNKNOWN				false	0	111	11	111	24	PY_SCOPE_a60a41a954c99d92226f74321fc379e3	PY_MODULE_47bc7c208a0cd524af17965fb97762d1		LOAD	false		false	false	account.total		UNKNOWN	NONE	NONE	SERVICE_VERSION_00000000000000000000000000000000	PY_EXPRESSION_61c13e74b16561c9c9b9e392b924e356
NAME_REFERENCE	ATTRIBUTE_OBJECT	RETURN_VALUE	METHOD		PY_METHOD_228a2731b54001e4be8fe0e3dbd7d641	PY_EXPRESSION_61c13e74b16561c9c9b9e392b924e356	0	2		account	NONE	NONE		UNKNOWN				false	0	111	11	111	18	PY_SCOPE_a60a41a954c99d92226f74321fc379e3	PY_MODULE_47bc7c208a0cd524af17965fb97762d1	PY_BINDING_6ad33a2b01ca3102668371baca6910de	LOAD	false		false	false			UNKNOWN	NONE	NONE	SERVICE_VERSION_00000000000000000000000000000000	PY_EXPRESSION_a9bb8b8277353ad200c476bb47ca0d16
LITERAL	ROOT	MODULE_LEVEL_STATEMENT	METHOD		PY_METHOD_8baf05ae00af71aeecd786062bcb7361		0	0	STRING	Java analogue: imports/ (package-level re-export). A package __init__ that re-exports names from submodules. `pkg.Account` is a valid path to a class declared in pkg.models, which the engine can only follow by chasing the import chain -- and only if __all__ permits it.	NONE	NONE		UNKNOWN				false		1	0	6	3	PY_SCOPE_b73c03b86ab5928df2fe75561c200d60	PY_MODULE_f6cea4e9d38d07a6a42f1b08a125bac4		LOAD	false		false	false		str	BUILTIN_SCALAR	LITERAL	CERTAIN	SERVICE_VERSION_00000000000000000000000000000000	PY_EXPRESSION_1461938f57ef8090d9e08e4e60c0d66c
ASSIGNMENT	ROOT	ASSIGNMENT_VALUE	METHOD		PY_METHOD_8baf05ae00af71aeecd786062bcb7361		0	0			NONE	NONE		UNKNOWN				false		11	0	11	47	PY_SCOPE_b73c03b86ab5928df2fe75561c200d60	PY_MODULE_f6cea4e9d38d07a6a42f1b08a125bac4		LOAD	false		false	false			UNKNOWN	NONE	NONE	SERVICE_VERSION_00000000000000000000000000000000	PY_EXPRESSION_a08c31c7c291c4e57e951f49bcbd75c1
LIST	ASSIGNMENT_VALUE	ASSIGNMENT_VALUE	METHOD		PY_METHOD_8baf05ae00af71aeecd786062bcb7361	PY_EXPRESSION_a08c31c7c291c4e57e951f49bcbd75c1	0	1			NONE	NONE		UNKNOWN				false		11	10	11	47	PY_SCOPE_b73c03b86ab5928df2fe75561c200d60	PY_MODULE_f6cea4e9d38d07a6a42f1b08a125bac4		LOAD	false		false	false		list	BUILTIN_COLLECTION	COLLECTION_LITERAL	CERTAIN	SERVICE_VERSION_00000000000000000000000000000000	PY_EXPRESSION_b6b9aa2e63334c883b32c00b9f3d52f8
NAME_REFERENCE	ASSIGNMENT_TARGET	ASSIGNMENT_TARGET	METHOD		PY_METHOD_8baf05ae00af71aeecd786062bcb7361	PY_EXPRESSION_a08c31c7c291c4e57e951f49bcbd75c1	0	1		__all__	NONE	NONE		UNKNOWN				false		11	0	11	7	PY_SCOPE_b73c03b86ab5928df2fe75561c200d60	PY_MODULE_f6cea4e9d38d07a6a42f1b08a125bac4	PY_BINDING_d4456cf6346a2da58fab38647de5a4ca	STORE	true		false	false			UNKNOWN	NONE	NONE	SERVICE_VERSION_00000000000000000000000000000000	PY_EXPRESSION_733c3c8ef25fe5924b04ac6fb70e7d2c
LITERAL	ARGUMENT	ASSIGNMENT_VALUE	METHOD		PY_METHOD_8baf05ae00af71aeecd786062bcb7361	PY_EXPRESSION_b6b9aa2e63334c883b32c00b9f3d52f8	0	2	STRING	Account	NONE	NONE		UNKNOWN				false		11	11	11	20	PY_SCOPE_b73c03b86ab5928df2fe75561c200d60	PY_MODULE_f6cea4e9d38d07a6a42f1b08a125bac4		LOAD	false		false	false		str	BUILTIN_SCALAR	LITERAL	CERTAIN	SERVICE_VERSION_00000000000000000000000000000000	PY_EXPRESSION_45500d3058b85f84845b1f448e16dca6
LITERAL	ARGUMENT	ASSIGNMENT_VALUE	METHOD		PY_METHOD_8baf05ae00af71aeecd786062bcb7361	PY_EXPRESSION_b6b9aa2e63334c883b32c00b9f3d52f8	1	2	STRING	Ledger	NONE	NONE		UNKNOWN				false		11	22	11	30	PY_SCOPE_b73c03b86ab5928df2fe75561c200d60	PY_MODULE_f6cea4e9d38d07a6a42f1b08a125bac4		LOAD	false		false	false		str	BUILTIN_SCALAR	LITERAL	CERTAIN	SERVICE_VERSION_00000000000000000000000000000000	PY_EXPRESSION_1503534064c19bdd2bba451dd7e93372
LITERAL	ARGUMENT	ASSIGNMENT_VALUE	METHOD		PY_METHOD_8baf05ae00af71aeecd786062bcb7361	PY_EXPRESSION_b6b9aa2e63334c883b32c00b9f3d52f8	2	2	STRING	find_account	NONE	NONE		UNKNOWN				false		11	32	11	46	PY_SCOPE_b73c03b86ab5928df2fe75561c200d60	PY_MODULE_f6cea4e9d38d07a6a42f1b08a125bac4		LOAD	false		false	false		str	BUILTIN_SCALAR	LITERAL	CERTAIN	SERVICE_VERSION_00000000000000000000000000000000	PY_EXPRESSION_70a4fa8415820afcaf9ca840d26f1371
LITERAL	ROOT	MODULE_LEVEL_STATEMENT	METHOD		PY_METHOD_296867f1523d44be2bf2d7ecd8c49dcf		0	0	STRING	Java analogue: type-registry/ (declaration site in another module).	NONE	NONE		UNKNOWN				false		1	0	1	73	PY_SCOPE_c36e0f2c836b876e6dd802443d88744e	PY_MODULE_8cbfa051f91ccce50d30f3a888c9a1c4		LOAD	false		false	false		str	BUILTIN_SCALAR	LITERAL	CERTAIN	SERVICE_VERSION_00000000000000000000000000000000	PY_EXPRESSION_5c42dbf8c0c02fa91aab134a5f74ce68
LITERAL	ROOT	CLASS_BODY_STATEMENT	METHOD	PY_TYPE_160aee5ca584e3817b8783b4e148e2a8	PY_METHOD_29cfd01704760a497a4e12818e37e4a0		0	0	STRING	Target of cross-module resolution from several other fixtures.	NONE	NONE		UNKNOWN				false		5	4	5	72	PY_SCOPE_a37d46567f5ae891133263a4fd94c2b8	PY_MODULE_8cbfa051f91ccce50d30f3a888c9a1c4		LOAD	false		false	false		str	BUILTIN_SCALAR	LITERAL	CERTAIN	SERVICE_VERSION_00000000000000000000000000000000	PY_EXPRESSION_0054a6039c9555b7b7f4029029006803
ASSIGNMENT	ROOT	ASSIGNMENT_VALUE	METHOD	PY_TYPE_160aee5ca584e3817b8783b4e148e2a8	PY_METHOD_dc6277195e51a441e745d86113d605f7		0	0			NONE	NONE		UNKNOWN				false		8	8	8	26	PY_SCOPE_581ea31b2d31edb6282a9c48ea49b439	PY_MODULE_8cbfa051f91ccce50d30f3a888c9a1c4		LOAD	false		false	false			UNKNOWN	NONE	NONE	SERVICE_VERSION_00000000000000000000000000000000	PY_EXPRESSION_2f0f0bb268f4ac45857073332db7b509
NAME_REFERENCE	ASSIGNMENT_VALUE	ASSIGNMENT_VALUE	METHOD	PY_TYPE_160aee5ca584e3817b8783b4e148e2a8	PY_METHOD_dc6277195e51a441e745d86113d605f7	PY_EXPRESSION_2f0f0bb268f4ac45857073332db7b509	0	1		owner	NONE	NONE		UNKNOWN				false		8	21	8	26	PY_SCOPE_581ea31b2d31edb6282a9c48ea49b439	PY_MODULE_8cbfa051f91ccce50d30f3a888c9a1c4	PY_BINDING_5533544d64aa0b917aefe63b4a0b3f47	LOAD	false		false	false			UNKNOWN	NONE	NONE	SERVICE_VERSION_00000000000000000000000000000000	PY_EXPRESSION_51beb0281e19a79e5a85be0839391def
ATTRIBUTE_ACCESS	ASSIGNMENT_TARGET	ASSIGNMENT_TARGET	METHOD	PY_TYPE_160aee5ca584e3817b8783b4e148e2a8	PY_METHOD_dc6277195e51a441e745d86113d605f7	PY_EXPRESSION_2f0f0bb268f4ac45857073332db7b509	0	1		owner	NONE	NONE		FIELD	PY_FIELD_2270811be1fe998c8f73306922746434			false		8	8	8	18	PY_SCOPE_581ea31b2d31edb6282a9c48ea49b439	PY_MODULE_8cbfa051f91ccce50d30f3a888c9a1c4		STORE	true		false	false	self.owner		UNKNOWN	NONE	NONE	SERVICE_VERSION_00000000000000000000000000000000	PY_EXPRESSION_3378f5d0e7d42f3a8857ef19e9249379
SELF_REFERENCE	ATTRIBUTE_OBJECT	ASSIGNMENT_TARGET	METHOD	PY_TYPE_160aee5ca584e3817b8783b4e148e2a8	PY_METHOD_dc6277195e51a441e745d86113d605f7	PY_EXPRESSION_3378f5d0e7d42f3a8857ef19e9249379	0	2		self	NONE	NONE		SELF				false		8	8	8	12	PY_SCOPE_581ea31b2d31edb6282a9c48ea49b439	PY_MODULE_8cbfa051f91ccce50d30f3a888c9a1c4	PY_BINDING_53cd0d0812e206b5ca0576c0a783d162	LOAD	false		false	false			UNKNOWN	NONE	NONE	SERVICE_VERSION_00000000000000000000000000000000	PY_EXPRESSION_b93c144f991a0ffe89eea3795805bd2d
ASSIGNMENT	ROOT	ASSIGNMENT_VALUE	METHOD	PY_TYPE_160aee5ca584e3817b8783b4e148e2a8	PY_METHOD_dc6277195e51a441e745d86113d605f7		0	0			NONE	NONE		UNKNOWN				false		9	8	9	25	PY_SCOPE_581ea31b2d31edb6282a9c48ea49b439	PY_MODULE_8cbfa051f91ccce50d30f3a888c9a1c4		LOAD	false		false	false			UNKNOWN	NONE	NONE	SERVICE_VERSION_00000000000000000000000000000000	PY_EXPRESSION_044337ebeb7049aa1f2bc200dd81c22a
LITERAL	ASSIGNMENT_VALUE	ASSIGNMENT_VALUE	METHOD	PY_TYPE_160aee5ca584e3817b8783b4e148e2a8	PY_METHOD_dc6277195e51a441e745d86113d605f7	PY_EXPRESSION_044337ebeb7049aa1f2bc200dd81c22a	0	1	INTEGER	0	NONE	NONE		UNKNOWN				false		9	24	9	25	PY_SCOPE_581ea31b2d31edb6282a9c48ea49b439	PY_MODULE_8cbfa051f91ccce50d30f3a888c9a1c4		LOAD	false		false	false		int	BUILTIN_SCALAR	LITERAL	CERTAIN	SERVICE_VERSION_00000000000000000000000000000000	PY_EXPRESSION_968b77b1d275ab142f8c97fcf7a3c4c7
ATTRIBUTE_ACCESS	ASSIGNMENT_TARGET	ASSIGNMENT_TARGET	METHOD	PY_TYPE_160aee5ca584e3817b8783b4e148e2a8	PY_METHOD_dc6277195e51a441e745d86113d605f7	PY_EXPRESSION_044337ebeb7049aa1f2bc200dd81c22a	0	1		_balance	NONE	NONE		FIELD	PY_FIELD_500ec2c584ef70fea5f9b50440d54689			false		9	8	9	21	PY_SCOPE_581ea31b2d31edb6282a9c48ea49b439	PY_MODULE_8cbfa051f91ccce50d30f3a888c9a1c4		STORE	true		false	false	self._balance		UNKNOWN	NONE	NONE	SERVICE_VERSION_00000000000000000000000000000000	PY_EXPRESSION_f7eef4237aee9feb507e5d990b7f8a60
SELF_REFERENCE	ATTRIBUTE_OBJECT	ASSIGNMENT_TARGET	METHOD	PY_TYPE_160aee5ca584e3817b8783b4e148e2a8	PY_METHOD_dc6277195e51a441e745d86113d605f7	PY_EXPRESSION_f7eef4237aee9feb507e5d990b7f8a60	0	2		self	NONE	NONE		SELF				false		9	8	9	12	PY_SCOPE_581ea31b2d31edb6282a9c48ea49b439	PY_MODULE_8cbfa051f91ccce50d30f3a888c9a1c4	PY_BINDING_53cd0d0812e206b5ca0576c0a783d162	LOAD	false		false	false			UNKNOWN	NONE	NONE	SERVICE_VERSION_00000000000000000000000000000000	PY_EXPRESSION_c641b007ebefc0be15da0cfdb0eda272
ASSIGNMENT	ROOT	ASSIGNMENT_VALUE	METHOD	PY_TYPE_160aee5ca584e3817b8783b4e148e2a8	PY_METHOD_93ce37faa7f1fc202c129087153a5fbb		0	0			NONE	NONE		UNKNOWN				false		12	8	12	46	PY_SCOPE_4c94211a1d05e38fe636e394683acc7e	PY_MODULE_8cbfa051f91ccce50d30f3a888c9a1c4		LOAD	false		false	false			UNKNOWN	NONE	NONE	SERVICE_VERSION_00000000000000000000000000000000	PY_EXPRESSION_9109aa246372508592b8d40075a026c4
BINARY_OPERATION	ASSIGNMENT_VALUE	ASSIGNMENT_VALUE	METHOD	PY_TYPE_160aee5ca584e3817b8783b4e148e2a8	PY_METHOD_93ce37faa7f1fc202c129087153a5fbb	PY_EXPRESSION_9109aa246372508592b8d40075a026c4	0	1			NONE	NONE	+	UNKNOWN				false		12	24	12	46	PY_SCOPE_4c94211a1d05e38fe636e394683acc7e	PY_MODULE_8cbfa051f91ccce50d30f3a888c9a1c4		LOAD	false		false	false			UNKNOWN	NONE	NONE	SERVICE_VERSION_00000000000000000000000000000000	PY_EXPRESSION_06223411eb804a4931e006ddddb66af7
ATTRIBUTE_ACCESS	ASSIGNMENT_TARGET	ASSIGNMENT_TARGET	METHOD	PY_TYPE_160aee5ca584e3817b8783b4e148e2a8	PY_METHOD_93ce37faa7f1fc202c129087153a5fbb	PY_EXPRESSION_9109aa246372508592b8d40075a026c4	0	1		_balance	NONE	NONE		FIELD	PY_FIELD_500ec2c584ef70fea5f9b50440d54689			false		12	8	12	21	PY_SCOPE_4c94211a1d05e38fe636e394683acc7e	PY_MODULE_8cbfa051f91ccce50d30f3a888c9a1c4		STORE	true		false	false	self._balance		UNKNOWN	NONE	NONE	SERVICE_VERSION_00000000000000000000000000000000	PY_EXPRESSION_29996c05aeb8da8e827bbce3640cf07e
ATTRIBUTE_ACCESS	OPERAND_LEFT	ASSIGNMENT_VALUE	METHOD	PY_TYPE_160aee5ca584e3817b8783b4e148e2a8	PY_METHOD_93ce37faa7f1fc202c129087153a5fbb	PY_EXPRESSION_06223411eb804a4931e006ddddb66af7	0	2		_balance	NONE	NONE		FIELD	PY_FIELD_500ec2c584ef70fea5f9b50440d54689			false		12	24	12	37	PY_SCOPE_4c94211a1d05e38fe636e394683acc7e	PY_MODULE_8cbfa051f91ccce50d30f3a888c9a1c4		LOAD	false		false	false	self._balance		UNKNOWN	NONE	NONE	SERVICE_VERSION_00000000000000000000000000000000	PY_EXPRESSION_5a46b12db1330000c4aef014b88cd32d
NAME_REFERENCE	OPERAND_RIGHT	ASSIGNMENT_VALUE	METHOD	PY_TYPE_160aee5ca584e3817b8783b4e148e2a8	PY_METHOD_93ce37faa7f1fc202c129087153a5fbb	PY_EXPRESSION_06223411eb804a4931e006ddddb66af7	1	2		amount	NONE	NONE		UNKNOWN				false		12	40	12	46	PY_SCOPE_4c94211a1d05e38fe636e394683acc7e	PY_MODULE_8cbfa051f91ccce50d30f3a888c9a1c4	PY_BINDING_f5903c50128844e925ac1ab96fde71ce	LOAD	false		false	false			UNKNOWN	NONE	NONE	SERVICE_VERSION_00000000000000000000000000000000	PY_EXPRESSION_a1673238aac601f68285f7bb3f946041
SELF_REFERENCE	ATTRIBUTE_OBJECT	ASSIGNMENT_TARGET	METHOD	PY_TYPE_160aee5ca584e3817b8783b4e148e2a8	PY_METHOD_93ce37faa7f1fc202c129087153a5fbb	PY_EXPRESSION_29996c05aeb8da8e827bbce3640cf07e	0	2		self	NONE	NONE		SELF				false		12	8	12	12	PY_SCOPE_4c94211a1d05e38fe636e394683acc7e	PY_MODULE_8cbfa051f91ccce50d30f3a888c9a1c4	PY_BINDING_2ba9041321f51867a9bef928f85800db	LOAD	false		false	false			UNKNOWN	NONE	NONE	SERVICE_VERSION_00000000000000000000000000000000	PY_EXPRESSION_64f21139a74a22fb1cfe9db58f083b6b
SELF_REFERENCE	ATTRIBUTE_OBJECT	ASSIGNMENT_VALUE	METHOD	PY_TYPE_160aee5ca584e3817b8783b4e148e2a8	PY_METHOD_93ce37faa7f1fc202c129087153a5fbb	PY_EXPRESSION_5a46b12db1330000c4aef014b88cd32d	0	3		self	NONE	NONE		SELF				false		12	24	12	28	PY_SCOPE_4c94211a1d05e38fe636e394683acc7e	PY_MODULE_8cbfa051f91ccce50d30f3a888c9a1c4	PY_BINDING_2ba9041321f51867a9bef928f85800db	LOAD	false		false	false			UNKNOWN	NONE	NONE	SERVICE_VERSION_00000000000000000000000000000000	PY_EXPRESSION_d2fda9099ffae3daab744e1d8a41ea7b
SELF_REFERENCE	RETURN_VALUE	RETURN_VALUE	METHOD	PY_TYPE_160aee5ca584e3817b8783b4e148e2a8	PY_METHOD_93ce37faa7f1fc202c129087153a5fbb		0	0		self	NONE	NONE		SELF				false	0	13	15	13	19	PY_SCOPE_4c94211a1d05e38fe636e394683acc7e	PY_MODULE_8cbfa051f91ccce50d30f3a888c9a1c4	PY_BINDING_2ba9041321f51867a9bef928f85800db	LOAD	false		false	false			UNKNOWN	NONE	NONE	SERVICE_VERSION_00000000000000000000000000000000	PY_EXPRESSION_42e56271d480b1e4af91d81a83ca516f
ASSIGNMENT	ROOT	ASSIGNMENT_VALUE	METHOD	PY_TYPE_160aee5ca584e3817b8783b4e148e2a8	PY_METHOD_0d60949b38638eb134c10acb0722032d		0	0			NONE	NONE		UNKNOWN				false		16	8	16	46	PY_SCOPE_625d4c42611410209750451582b9676b	PY_MODULE_8cbfa051f91ccce50d30f3a888c9a1c4		LOAD	false		false	false			UNKNOWN	NONE	NONE	SERVICE_VERSION_00000000000000000000000000000000	PY_EXPRESSION_7b498788495fa720ab006f414ccdea55
BINARY_OPERATION	ASSIGNMENT_VALUE	ASSIGNMENT_VALUE	METHOD	PY_TYPE_160aee5ca584e3817b8783b4e148e2a8	PY_METHOD_0d60949b38638eb134c10acb0722032d	PY_EXPRESSION_7b498788495fa720ab006f414ccdea55	0	1			NONE	NONE	-	UNKNOWN				false		16	24	16	46	PY_SCOPE_625d4c42611410209750451582b9676b	PY_MODULE_8cbfa051f91ccce50d30f3a888c9a1c4		LOAD	false		false	false			UNKNOWN	NONE	NONE	SERVICE_VERSION_00000000000000000000000000000000	PY_EXPRESSION_904f5ccaa35a2fbccb554c2b79cf2c1a
ATTRIBUTE_ACCESS	ASSIGNMENT_TARGET	ASSIGNMENT_TARGET	METHOD	PY_TYPE_160aee5ca584e3817b8783b4e148e2a8	PY_METHOD_0d60949b38638eb134c10acb0722032d	PY_EXPRESSION_7b498788495fa720ab006f414ccdea55	0	1		_balance	NONE	NONE		FIELD	PY_FIELD_500ec2c584ef70fea5f9b50440d54689			false		16	8	16	21	PY_SCOPE_625d4c42611410209750451582b9676b	PY_MODULE_8cbfa051f91ccce50d30f3a888c9a1c4		STORE	true		false	false	self._balance		UNKNOWN	NONE	NONE	SERVICE_VERSION_00000000000000000000000000000000	PY_EXPRESSION_52cf3eab2cb9c83a1ed15ad0c62a3cc9
ATTRIBUTE_ACCESS	OPERAND_LEFT	ASSIGNMENT_VALUE	METHOD	PY_TYPE_160aee5ca584e3817b8783b4e148e2a8	PY_METHOD_0d60949b38638eb134c10acb0722032d	PY_EXPRESSION_904f5ccaa35a2fbccb554c2b79cf2c1a	0	2		_balance	NONE	NONE		FIELD	PY_FIELD_500ec2c584ef70fea5f9b50440d54689			false		16	24	16	37	PY_SCOPE_625d4c42611410209750451582b9676b	PY_MODULE_8cbfa051f91ccce50d30f3a888c9a1c4		LOAD	false		false	false	self._balance		UNKNOWN	NONE	NONE	SERVICE_VERSION_00000000000000000000000000000000	PY_EXPRESSION_dac657f4f66489a6850fa25c9ac91baf
NAME_REFERENCE	OPERAND_RIGHT	ASSIGNMENT_VALUE	METHOD	PY_TYPE_160aee5ca584e3817b8783b4e148e2a8	PY_METHOD_0d60949b38638eb134c10acb0722032d	PY_EXPRESSION_904f5ccaa35a2fbccb554c2b79cf2c1a	1	2		amount	NONE	NONE		UNKNOWN				false		16	40	16	46	PY_SCOPE_625d4c42611410209750451582b9676b	PY_MODULE_8cbfa051f91ccce50d30f3a888c9a1c4	PY_BINDING_1e2d0e2ac3d43b34e872d6c68556f97b	LOAD	false		false	false			UNKNOWN	NONE	NONE	SERVICE_VERSION_00000000000000000000000000000000	PY_EXPRESSION_a545d0e1f9cefd9b176f7683b7862ba3
SELF_REFERENCE	ATTRIBUTE_OBJECT	ASSIGNMENT_TARGET	METHOD	PY_TYPE_160aee5ca584e3817b8783b4e148e2a8	PY_METHOD_0d60949b38638eb134c10acb0722032d	PY_EXPRESSION_52cf3eab2cb9c83a1ed15ad0c62a3cc9	0	2		self	NONE	NONE		SELF				false		16	8	16	12	PY_SCOPE_625d4c42611410209750451582b9676b	PY_MODULE_8cbfa051f91ccce50d30f3a888c9a1c4	PY_BINDING_63c89a9d5553590c877b825dd829df06	LOAD	false		false	false			UNKNOWN	NONE	NONE	SERVICE_VERSION_00000000000000000000000000000000	PY_EXPRESSION_08ef39d858d28a76b709245f009c8384
SELF_REFERENCE	ATTRIBUTE_OBJECT	ASSIGNMENT_VALUE	METHOD	PY_TYPE_160aee5ca584e3817b8783b4e148e2a8	PY_METHOD_0d60949b38638eb134c10acb0722032d	PY_EXPRESSION_dac657f4f66489a6850fa25c9ac91baf	0	3		self	NONE	NONE		SELF				false		16	24	16	28	PY_SCOPE_625d4c42611410209750451582b9676b	PY_MODULE_8cbfa051f91ccce50d30f3a888c9a1c4	PY_BINDING_63c89a9d5553590c877b825dd829df06	LOAD	false		false	false			UNKNOWN	NONE	NONE	SERVICE_VERSION_00000000000000000000000000000000	PY_EXPRESSION_257f0a407543ab3243a298239e06879a
SELF_REFERENCE	RETURN_VALUE	RETURN_VALUE	METHOD	PY_TYPE_160aee5ca584e3817b8783b4e148e2a8	PY_METHOD_0d60949b38638eb134c10acb0722032d		0	0		self	NONE	NONE		SELF				false	0	17	15	17	19	PY_SCOPE_625d4c42611410209750451582b9676b	PY_MODULE_8cbfa051f91ccce50d30f3a888c9a1c4	PY_BINDING_63c89a9d5553590c877b825dd829df06	LOAD	false		false	false			UNKNOWN	NONE	NONE	SERVICE_VERSION_00000000000000000000000000000000	PY_EXPRESSION_54dd7a761e569915ca3e13fd8eb95072
ATTRIBUTE_ACCESS	RETURN_VALUE	RETURN_VALUE	METHOD	PY_TYPE_160aee5ca584e3817b8783b4e148e2a8	PY_METHOD_2daf7e33379db78d4331396946451ab6		0	0		_balance	NONE	NONE		FIELD	PY_FIELD_500ec2c584ef70fea5f9b50440d54689			false	0	20	15	20	28	PY_SCOPE_ae5e2d207a0954ac5adbd546bc0b18f3	PY_MODULE_8cbfa051f91ccce50d30f3a888c9a1c4		LOAD	false		false	false	self._balance		UNKNOWN	NONE	NONE	SERVICE_VERSION_00000000000000000000000000000000	PY_EXPRESSION_54ee18240975fd51891e33b506788d7b
SELF_REFERENCE	ATTRIBUTE_OBJECT	RETURN_VALUE	METHOD	PY_TYPE_160aee5ca584e3817b8783b4e148e2a8	PY_METHOD_2daf7e33379db78d4331396946451ab6	PY_EXPRESSION_54ee18240975fd51891e33b506788d7b	0	1		self	NONE	NONE		SELF				false	0	20	15	20	19	PY_SCOPE_ae5e2d207a0954ac5adbd546bc0b18f3	PY_MODULE_8cbfa051f91ccce50d30f3a888c9a1c4	PY_BINDING_5c23a866712a1df7bc6f0b3bb3df8e1a	LOAD	false		false	false			UNKNOWN	NONE	NONE	SERVICE_VERSION_00000000000000000000000000000000	PY_EXPRESSION_586363313dbe0f8ad575e2ea4e05c0b0
ASSIGNMENT	ROOT	ASSIGNMENT_VALUE	METHOD	PY_TYPE_65c006b7dc1da8d5b431a90353733207	PY_METHOD_5764aa80b833351d5a0f492138499490		0	0			NONE	NONE		UNKNOWN				false		25	8	25	25	PY_SCOPE_3b1a69275da2dbc6745fc94a2c1c45ee	PY_MODULE_8cbfa051f91ccce50d30f3a888c9a1c4		LOAD	false		false	false			UNKNOWN	NONE	NONE	SERVICE_VERSION_00000000000000000000000000000000	PY_EXPRESSION_9076c5f3a0cb33981917a9793fc9af90
LIST	ASSIGNMENT_VALUE	ASSIGNMENT_VALUE	METHOD	PY_TYPE_65c006b7dc1da8d5b431a90353733207	PY_METHOD_5764aa80b833351d5a0f492138499490	PY_EXPRESSION_9076c5f3a0cb33981917a9793fc9af90	0	1			NONE	NONE		UNKNOWN				false		25	23	25	25	PY_SCOPE_3b1a69275da2dbc6745fc94a2c1c45ee	PY_MODULE_8cbfa051f91ccce50d30f3a888c9a1c4		LOAD	false		false	false		list	BUILTIN_COLLECTION	COLLECTION_LITERAL	CERTAIN	SERVICE_VERSION_00000000000000000000000000000000	PY_EXPRESSION_4dece41e1b523d9000a0b7edbe1c801d
ATTRIBUTE_ACCESS	ASSIGNMENT_TARGET	ASSIGNMENT_TARGET	METHOD	PY_TYPE_65c006b7dc1da8d5b431a90353733207	PY_METHOD_5764aa80b833351d5a0f492138499490	PY_EXPRESSION_9076c5f3a0cb33981917a9793fc9af90	0	1		entries	NONE	NONE		FIELD	PY_FIELD_3b2cb152f46c84bb0f430b9e30f6610b			false		25	8	25	20	PY_SCOPE_3b1a69275da2dbc6745fc94a2c1c45ee	PY_MODULE_8cbfa051f91ccce50d30f3a888c9a1c4		STORE	true		false	false	self.entries		UNKNOWN	NONE	NONE	SERVICE_VERSION_00000000000000000000000000000000	PY_EXPRESSION_5264387550fe2d25ca004503d9d3f2fe
SELF_REFERENCE	ATTRIBUTE_OBJECT	ASSIGNMENT_TARGET	METHOD	PY_TYPE_65c006b7dc1da8d5b431a90353733207	PY_METHOD_5764aa80b833351d5a0f492138499490	PY_EXPRESSION_5264387550fe2d25ca004503d9d3f2fe	0	2		self	NONE	NONE		SELF				false		25	8	25	12	PY_SCOPE_3b1a69275da2dbc6745fc94a2c1c45ee	PY_MODULE_8cbfa051f91ccce50d30f3a888c9a1c4	PY_BINDING_0ae483da4a1219d76ef929d13a60b509	LOAD	false		false	false			UNKNOWN	NONE	NONE	SERVICE_VERSION_00000000000000000000000000000000	PY_EXPRESSION_2804be2e0e5bbd1d6ae6cb04588d1ddb
CALL	ROOT	EXPRESSION_STATEMENT	METHOD	PY_TYPE_65c006b7dc1da8d5b431a90353733207	PY_METHOD_943114e5f7e3a86f5971328f318a5e0d		0	0		append	NONE	NONE		UNKNOWN				false		30	8	30	36	PY_SCOPE_43fa8227f19b945bb1fd9d7294283d50	PY_MODULE_8cbfa051f91ccce50d30f3a888c9a1c4		LOAD	false		false	false	self.entries.append		UNKNOWN	NONE	NONE	SERVICE_VERSION_00000000000000000000000000000000	PY_EXPRESSION_07a94b37a23ee44a1f97a5769b6fd4f5
ATTRIBUTE_ACCESS	RECEIVER	EXPRESSION_STATEMENT	METHOD	PY_TYPE_65c006b7dc1da8d5b431a90353733207	PY_METHOD_943114e5f7e3a86f5971328f318a5e0d	PY_EXPRESSION_07a94b37a23ee44a1f97a5769b6fd4f5	0	1		append	NONE	NONE		UNKNOWN				false		30	8	30	27	PY_SCOPE_43fa8227f19b945bb1fd9d7294283d50	PY_MODULE_8cbfa051f91ccce50d30f3a888c9a1c4		LOAD	false		false	false	self.entries.append		UNKNOWN	NONE	NONE	SERVICE_VERSION_00000000000000000000000000000000	PY_EXPRESSION_f2c6649319df86ac0f1e6071d297e451
NAME_REFERENCE	ARGUMENT	EXPRESSION_STATEMENT	METHOD	PY_TYPE_65c006b7dc1da8d5b431a90353733207	PY_METHOD_943114e5f7e3a86f5971328f318a5e0d	PY_EXPRESSION_07a94b37a23ee44a1f97a5769b6fd4f5	0	1		account	NONE	NONE		UNKNOWN				false		30	28	30	35	PY_SCOPE_43fa8227f19b945bb1fd9d7294283d50	PY_MODULE_8cbfa051f91ccce50d30f3a888c9a1c4	PY_BINDING_6e3dd1c420d61315c647935c54a79fcf	LOAD	false		false	false			UNKNOWN	NONE	NONE	SERVICE_VERSION_00000000000000000000000000000000	PY_EXPRESSION_c12400ffa379459c6f76944c1ee97139
ATTRIBUTE_ACCESS	ATTRIBUTE_OBJECT	EXPRESSION_STATEMENT	METHOD	PY_TYPE_65c006b7dc1da8d5b431a90353733207	PY_METHOD_943114e5f7e3a86f5971328f318a5e0d	PY_EXPRESSION_f2c6649319df86ac0f1e6071d297e451	0	2		entries	NONE	NONE		FIELD	PY_FIELD_3b2cb152f46c84bb0f430b9e30f6610b			false		30	8	30	20	PY_SCOPE_43fa8227f19b945bb1fd9d7294283d50	PY_MODULE_8cbfa051f91ccce50d30f3a888c9a1c4		LOAD	false		false	false	self.entries		UNKNOWN	NONE	NONE	SERVICE_VERSION_00000000000000000000000000000000	PY_EXPRESSION_bf1532b120f210e3395d00ea68442975
SELF_REFERENCE	ATTRIBUTE_OBJECT	EXPRESSION_STATEMENT	METHOD	PY_TYPE_65c006b7dc1da8d5b431a90353733207	PY_METHOD_943114e5f7e3a86f5971328f318a5e0d	PY_EXPRESSION_bf1532b120f210e3395d00ea68442975	0	3		self	NONE	NONE		SELF				false		30	8	30	12	PY_SCOPE_43fa8227f19b945bb1fd9d7294283d50	PY_MODULE_8cbfa051f91ccce50d30f3a888c9a1c4	PY_BINDING_a62f91f98f091ce70297bf1d6cd0dcf6	LOAD	false		false	false			UNKNOWN	NONE	NONE	SERVICE_VERSION_00000000000000000000000000000000	PY_EXPRESSION_ac84badcc80de860b31b2ca29f15ff9a
SELF_REFERENCE	RETURN_VALUE	RETURN_VALUE	METHOD	PY_TYPE_65c006b7dc1da8d5b431a90353733207	PY_METHOD_943114e5f7e3a86f5971328f318a5e0d		0	0		self	NONE	NONE		SELF				false	0	31	15	31	19	PY_SCOPE_43fa8227f19b945bb1fd9d7294283d50	PY_MODULE_8cbfa051f91ccce50d30f3a888c9a1c4	PY_BINDING_a62f91f98f091ce70297bf1d6cd0dcf6	LOAD	false		false	false			UNKNOWN	NONE	NONE	SERVICE_VERSION_00000000000000000000000000000000	PY_EXPRESSION_f0c6755617497e3e5bdb27444185f7a7
ASSIGNMENT	ROOT	ASSIGNMENT_VALUE	METHOD	PY_TYPE_65c006b7dc1da8d5b431a90353733207	PY_METHOD_8028747b9b8ea746a7c3fa92b556c409		0	0			NONE	NONE		UNKNOWN				false		34	8	34	19	PY_SCOPE_95e92094f22f000742a4266ce6e52dbf	PY_MODULE_8cbfa051f91ccce50d30f3a888c9a1c4		LOAD	false		false	false			UNKNOWN	NONE	NONE	SERVICE_VERSION_00000000000000000000000000000000	PY_EXPRESSION_bf78edce55a80b9959e5a658405f0e94
LITERAL	ASSIGNMENT_VALUE	ASSIGNMENT_VALUE	METHOD	PY_TYPE_65c006b7dc1da8d5b431a90353733207	PY_METHOD_8028747b9b8ea746a7c3fa92b556c409	PY_EXPRESSION_bf78edce55a80b9959e5a658405f0e94	0	1	INTEGER	0	NONE	NONE		UNKNOWN				false		34	18	34	19	PY_SCOPE_95e92094f22f000742a4266ce6e52dbf	PY_MODULE_8cbfa051f91ccce50d30f3a888c9a1c4		LOAD	false		false	false		int	BUILTIN_SCALAR	LITERAL	CERTAIN	SERVICE_VERSION_00000000000000000000000000000000	PY_EXPRESSION_922df57b0edad7764b92a6fffe3970e2
NAME_REFERENCE	ASSIGNMENT_TARGET	ASSIGNMENT_TARGET	METHOD	PY_TYPE_65c006b7dc1da8d5b431a90353733207	PY_METHOD_8028747b9b8ea746a7c3fa92b556c409	PY_EXPRESSION_bf78edce55a80b9959e5a658405f0e94	0	1		running	NONE	NONE		UNKNOWN				false		34	8	34	15	PY_SCOPE_95e92094f22f000742a4266ce6e52dbf	PY_MODULE_8cbfa051f91ccce50d30f3a888c9a1c4	PY_BINDING_305e9489040e0c2f0a2aa46638fcd97a	STORE	true		false	false			UNKNOWN	NONE	NONE	SERVICE_VERSION_00000000000000000000000000000000	PY_EXPRESSION_f46bbaf4a5eb17c62e9b17c73da41eb7
ATTRIBUTE_ACCESS	ROOT	FOR_ITERABLE	METHOD	PY_TYPE_65c006b7dc1da8d5b431a90353733207	PY_METHOD_8028747b9b8ea746a7c3fa92b556c409		0	0		entries	NONE	NONE		FIELD	PY_FIELD_3b2cb152f46c84bb0f430b9e30f6610b			false		35	21	35	33	PY_SCOPE_95e92094f22f000742a4266ce6e52dbf	PY_MODULE_8cbfa051f91ccce50d30f3a888c9a1c4		LOAD	false		false	false	self.entries		UNKNOWN	NONE	NONE	SERVICE_VERSION_00000000000000000000000000000000	PY_EXPRESSION_9ee584d9d2b88fc2e8058677b2379d49
SELF_REFERENCE	ATTRIBUTE_OBJECT	FOR_ITERABLE	METHOD	PY_TYPE_65c006b7dc1da8d5b431a90353733207	PY_METHOD_8028747b9b8ea746a7c3fa92b556c409	PY_EXPRESSION_9ee584d9d2b88fc2e8058677b2379d49	0	1		self	NONE	NONE		SELF				false		35	21	35	25	PY_SCOPE_95e92094f22f000742a4266ce6e52dbf	PY_MODULE_8cbfa051f91ccce50d30f3a888c9a1c4	PY_BINDING_ae3ef2270d4e18c6e959586f4ab13167	LOAD	false		false	false			UNKNOWN	NONE	NONE	SERVICE_VERSION_00000000000000000000000000000000	PY_EXPRESSION_18d3cbd9a792d881c3341c1d4a79e703
NAME_REFERENCE	ROOT	FOR_TARGET	METHOD	PY_TYPE_65c006b7dc1da8d5b431a90353733207	PY_METHOD_8028747b9b8ea746a7c3fa92b556c409		0	0		entry	NONE	NONE		UNKNOWN				false		35	12	35	17	PY_SCOPE_95e92094f22f000742a4266ce6e52dbf	PY_MODULE_8cbfa051f91ccce50d30f3a888c9a1c4	PY_BINDING_4cfd7c1caedbfa52ac4b39e939558e63	STORE	true		false	false			UNKNOWN	NONE	NONE	SERVICE_VERSION_00000000000000000000000000000000	PY_EXPRESSION_3886a72c85079fa907201f7f44a56d49
ASSIGNMENT	ROOT	ASSIGNMENT_VALUE	METHOD	PY_TYPE_65c006b7dc1da8d5b431a90353733207	PY_METHOD_8028747b9b8ea746a7c3fa92b556c409		0	0			NONE	NONE		UNKNOWN				false		36	12	36	47	PY_SCOPE_95e92094f22f000742a4266ce6e52dbf	PY_MODULE_8cbfa051f91ccce50d30f3a888c9a1c4		LOAD	false		false	false			UNKNOWN	NONE	NONE	SERVICE_VERSION_00000000000000000000000000000000	PY_EXPRESSION_a4d4da99a1b2c561873c8a27c3143d9d
BINARY_OPERATION	ASSIGNMENT_VALUE	ASSIGNMENT_VALUE	METHOD	PY_TYPE_65c006b7dc1da8d5b431a90353733207	PY_METHOD_8028747b9b8ea746a7c3fa92b556c409	PY_EXPRESSION_a4d4da99a1b2c561873c8a27c3143d9d	0	1			NONE	NONE	+	UNKNOWN				false		36	22	36	47	PY_SCOPE_95e92094f22f000742a4266ce6e52dbf	PY_MODULE_8cbfa051f91ccce50d30f3a888c9a1c4		LOAD	false		false	false			UNKNOWN	NONE	NONE	SERVICE_VERSION_00000000000000000000000000000000	PY_EXPRESSION_0bfa0d9ef2c0ff59d6047a9458ec69db
NAME_REFERENCE	ASSIGNMENT_TARGET	ASSIGNMENT_TARGET	METHOD	PY_TYPE_65c006b7dc1da8d5b431a90353733207	PY_METHOD_8028747b9b8ea746a7c3fa92b556c409	PY_EXPRESSION_a4d4da99a1b2c561873c8a27c3143d9d	0	1		running	NONE	NONE		UNKNOWN				false		36	12	36	19	PY_SCOPE_95e92094f22f000742a4266ce6e52dbf	PY_MODULE_8cbfa051f91ccce50d30f3a888c9a1c4	PY_BINDING_305e9489040e0c2f0a2aa46638fcd97a	STORE	true		false	false			UNKNOWN	NONE	NONE	SERVICE_VERSION_00000000000000000000000000000000	PY_EXPRESSION_f36360d5d4d8073ac762c352cfd069bf
NAME_REFERENCE	OPERAND_LEFT	ASSIGNMENT_VALUE	METHOD	PY_TYPE_65c006b7dc1da8d5b431a90353733207	PY_METHOD_8028747b9b8ea746a7c3fa92b556c409	PY_EXPRESSION_0bfa0d9ef2c0ff59d6047a9458ec69db	0	2		running	NONE	NONE		UNKNOWN				false		36	22	36	29	PY_SCOPE_95e92094f22f000742a4266ce6e52dbf	PY_MODULE_8cbfa051f91ccce50d30f3a888c9a1c4	PY_BINDING_305e9489040e0c2f0a2aa46638fcd97a	LOAD	false		false	false			UNKNOWN	NONE	NONE	SERVICE_VERSION_00000000000000000000000000000000	PY_EXPRESSION_323031aabea1418bf1746f5b2acf091c
CALL	OPERAND_RIGHT	ASSIGNMENT_VALUE	METHOD	PY_TYPE_65c006b7dc1da8d5b431a90353733207	PY_METHOD_8028747b9b8ea746a7c3fa92b556c409	PY_EXPRESSION_0bfa0d9ef2c0ff59d6047a9458ec69db	1	2		balance	NONE	NONE		UNKNOWN				false		36	32	36	47	PY_SCOPE_95e92094f22f000742a4266ce6e52dbf	PY_MODULE_8cbfa051f91ccce50d30f3a888c9a1c4		LOAD	false		false	false	entry.balance		UNKNOWN	NONE	NONE	SERVICE_VERSION_00000000000000000000000000000000	PY_EXPRESSION_e3865feb40602927687cf60efcb2b7de
ATTRIBUTE_ACCESS	RECEIVER	ASSIGNMENT_VALUE	METHOD	PY_TYPE_65c006b7dc1da8d5b431a90353733207	PY_METHOD_8028747b9b8ea746a7c3fa92b556c409	PY_EXPRESSION_e3865feb40602927687cf60efcb2b7de	0	3		balance	NONE	NONE		UNKNOWN				false		36	32	36	45	PY_SCOPE_95e92094f22f000742a4266ce6e52dbf	PY_MODULE_8cbfa051f91ccce50d30f3a888c9a1c4		LOAD	false		false	false	entry.balance		UNKNOWN	NONE	NONE	SERVICE_VERSION_00000000000000000000000000000000	PY_EXPRESSION_d2577c0dacb0477ddb19c093c303cc43
NAME_REFERENCE	ATTRIBUTE_OBJECT	ASSIGNMENT_VALUE	METHOD	PY_TYPE_65c006b7dc1da8d5b431a90353733207	PY_METHOD_8028747b9b8ea746a7c3fa92b556c409	PY_EXPRESSION_d2577c0dacb0477ddb19c093c303cc43	0	4		entry	NONE	NONE		UNKNOWN				false		36	32	36	37	PY_SCOPE_95e92094f22f000742a4266ce6e52dbf	PY_MODULE_8cbfa051f91ccce50d30f3a888c9a1c4	PY_BINDING_4cfd7c1caedbfa52ac4b39e939558e63	LOAD	false		false	false			UNKNOWN	NONE	NONE	SERVICE_VERSION_00000000000000000000000000000000	PY_EXPRESSION_cca75cbdf488c346678470364860455a
NAME_REFERENCE	RETURN_VALUE	RETURN_VALUE	METHOD	PY_TYPE_65c006b7dc1da8d5b431a90353733207	PY_METHOD_8028747b9b8ea746a7c3fa92b556c409		0	0		running	NONE	NONE		UNKNOWN				false	0	37	15	37	22	PY_SCOPE_95e92094f22f000742a4266ce6e52dbf	PY_MODULE_8cbfa051f91ccce50d30f3a888c9a1c4	PY_BINDING_305e9489040e0c2f0a2aa46638fcd97a	LOAD	false		false	false			UNKNOWN	NONE	NONE	SERVICE_VERSION_00000000000000000000000000000000	PY_EXPRESSION_166613ed87378a946b8b1a28c634654a
LITERAL	ROOT	MODULE_LEVEL_STATEMENT	METHOD		PY_METHOD_3056fcbeffd1306c1486d70c7df9aa5e		0	0	STRING	Java analogue: imports/ (module-function target).	NONE	NONE		UNKNOWN				false		1	0	1	55	PY_SCOPE_b0dc193066d1e98655f560bf296da410	PY_MODULE_d3b70aaf7bb86c1af4aacf97de85878b		LOAD	false		false	false		str	BUILTIN_SCALAR	LITERAL	CERTAIN	SERVICE_VERSION_00000000000000000000000000000000	PY_EXPRESSION_9c291bff362cea1ffe771f7b81ef3962
ASSIGNMENT	ROOT	ASSIGNMENT_VALUE	METHOD		PY_METHOD_3056fcbeffd1306c1486d70c7df9aa5e		0	0			NONE	NONE		UNKNOWN				false		5	0	5	11	PY_SCOPE_b0dc193066d1e98655f560bf296da410	PY_MODULE_d3b70aaf7bb86c1af4aacf97de85878b		LOAD	false		false	false			UNKNOWN	NONE	NONE	SERVICE_VERSION_00000000000000000000000000000000	PY_EXPRESSION_d948bb18ef723b330dced1b5bab80e40
DICT	ASSIGNMENT_VALUE	ASSIGNMENT_VALUE	METHOD		PY_METHOD_3056fcbeffd1306c1486d70c7df9aa5e	PY_EXPRESSION_d948bb18ef723b330dced1b5bab80e40	0	1			NONE	NONE		UNKNOWN				false		5	9	5	11	PY_SCOPE_b0dc193066d1e98655f560bf296da410	PY_MODULE_d3b70aaf7bb86c1af4aacf97de85878b		LOAD	false		false	false		dict	BUILTIN_COLLECTION	COLLECTION_LITERAL	CERTAIN	SERVICE_VERSION_00000000000000000000000000000000	PY_EXPRESSION_7432e692cb3f7a305d58522233f05cc9
NAME_REFERENCE	ASSIGNMENT_TARGET	ASSIGNMENT_TARGET	METHOD		PY_METHOD_3056fcbeffd1306c1486d70c7df9aa5e	PY_EXPRESSION_d948bb18ef723b330dced1b5bab80e40	0	1		_STORE	NONE	NONE		UNKNOWN				false		5	0	5	6	PY_SCOPE_b0dc193066d1e98655f560bf296da410	PY_MODULE_d3b70aaf7bb86c1af4aacf97de85878b	PY_BINDING_e9bbcb1bb39d6e96d23398c55e71abac	STORE	true		false	false			UNKNOWN	NONE	NONE	SERVICE_VERSION_00000000000000000000000000000000	PY_EXPRESSION_e859b5dde7850871c5de8db01971993f
LITERAL	ROOT	EXPRESSION_STATEMENT	METHOD		PY_METHOD_499d987a935671c184ee14ca08435562		0	0	STRING	Returns an Account, but says so nowhere -- return typing must infer it.	NONE	NONE		UNKNOWN				false		9	4	9	81	PY_SCOPE_07f0e6cd7c826d1f1184f8f6801dee10	PY_MODULE_d3b70aaf7bb86c1af4aacf97de85878b		LOAD	false		false	false		str	BUILTIN_SCALAR	LITERAL	CERTAIN	SERVICE_VERSION_00000000000000000000000000000000	PY_EXPRESSION_328cb94bafc2aba6cf4b83bfcf36d2a1
ASSIGNMENT	ROOT	ASSIGNMENT_VALUE	METHOD		PY_METHOD_499d987a935671c184ee14ca08435562		0	0			NONE	NONE		UNKNOWN				false		10	4	10	32	PY_SCOPE_07f0e6cd7c826d1f1184f8f6801dee10	PY_MODULE_d3b70aaf7bb86c1af4aacf97de85878b		LOAD	false		false	false			UNKNOWN	NONE	NONE	SERVICE_VERSION_00000000000000000000000000000000	PY_EXPRESSION_34ddb6c19cfdaf65a3e170053c079580
CALL	ASSIGNMENT_VALUE	ASSIGNMENT_VALUE	METHOD		PY_METHOD_499d987a935671c184ee14ca08435562	PY_EXPRESSION_34ddb6c19cfdaf65a3e170053c079580	0	1		get	NONE	NONE		UNKNOWN				false		10	15	10	32	PY_SCOPE_07f0e6cd7c826d1f1184f8f6801dee10	PY_MODULE_d3b70aaf7bb86c1af4aacf97de85878b		LOAD	false		false	false	_STORE.get		UNKNOWN	NONE	NONE	SERVICE_VERSION_00000000000000000000000000000000	PY_EXPRESSION_3a7a831b95e675fa588d026f28556ae4
NAME_REFERENCE	ASSIGNMENT_TARGET	ASSIGNMENT_TARGET	METHOD		PY_METHOD_499d987a935671c184ee14ca08435562	PY_EXPRESSION_34ddb6c19cfdaf65a3e170053c079580	0	1		existing	NONE	NONE		UNKNOWN				false		10	4	10	12	PY_SCOPE_07f0e6cd7c826d1f1184f8f6801dee10	PY_MODULE_d3b70aaf7bb86c1af4aacf97de85878b	PY_BINDING_c5ac5f3c9a4fd0d9f7a31ffacc7e3817	STORE	true		false	false			UNKNOWN	NONE	NONE	SERVICE_VERSION_00000000000000000000000000000000	PY_EXPRESSION_8f4d069b2f611a705c92dce7c4ca0680
ATTRIBUTE_ACCESS	RECEIVER	ASSIGNMENT_VALUE	METHOD		PY_METHOD_499d987a935671c184ee14ca08435562	PY_EXPRESSION_3a7a831b95e675fa588d026f28556ae4	0	2		get	NONE	NONE		UNKNOWN				false		10	15	10	25	PY_SCOPE_07f0e6cd7c826d1f1184f8f6801dee10	PY_MODULE_d3b70aaf7bb86c1af4aacf97de85878b		LOAD	false		false	false	_STORE.get		UNKNOWN	NONE	NONE	SERVICE_VERSION_00000000000000000000000000000000	PY_EXPRESSION_f708ae4ae2c5d4c9beed93756e91cb14
NAME_REFERENCE	ARGUMENT	ASSIGNMENT_VALUE	METHOD		PY_METHOD_499d987a935671c184ee14ca08435562	PY_EXPRESSION_3a7a831b95e675fa588d026f28556ae4	0	2		owner	NONE	NONE		UNKNOWN				false		10	26	10	31	PY_SCOPE_07f0e6cd7c826d1f1184f8f6801dee10	PY_MODULE_d3b70aaf7bb86c1af4aacf97de85878b	PY_BINDING_3bfc736cb756c78f57a6463d71e598b1	LOAD	false		false	false			UNKNOWN	NONE	NONE	SERVICE_VERSION_00000000000000000000000000000000	PY_EXPRESSION_6ee73c867024165fe9cbc5dbc02d4408
NAME_REFERENCE	ATTRIBUTE_OBJECT	ASSIGNMENT_VALUE	METHOD		PY_METHOD_499d987a935671c184ee14ca08435562	PY_EXPRESSION_f708ae4ae2c5d4c9beed93756e91cb14	0	3		_STORE	NONE	NONE		UNKNOWN				false		10	15	10	21	PY_SCOPE_07f0e6cd7c826d1f1184f8f6801dee10	PY_MODULE_d3b70aaf7bb86c1af4aacf97de85878b	PY_BINDING_350b7715250ca529791766f8d9b678aa	LOAD	false		false	false			UNKNOWN	NONE	NONE	SERVICE_VERSION_00000000000000000000000000000000	PY_EXPRESSION_d6ec30e515c405e248df85de5b0b095d
COMPARISON	CONDITION	IF_CONDITION	METHOD		PY_METHOD_499d987a935671c184ee14ca08435562		0	0			NONE	NONE	is	UNKNOWN				false		11	7	11	23	PY_SCOPE_07f0e6cd7c826d1f1184f8f6801dee10	PY_MODULE_d3b70aaf7bb86c1af4aacf97de85878b		LOAD	false		false	false			UNKNOWN	NONE	NONE	SERVICE_VERSION_00000000000000000000000000000000	PY_EXPRESSION_788c33142089d624613f480418551266
NAME_REFERENCE	OPERAND_LEFT	IF_CONDITION	METHOD		PY_METHOD_499d987a935671c184ee14ca08435562	PY_EXPRESSION_788c33142089d624613f480418551266	0	1		existing	NONE	NONE		UNKNOWN				false		11	7	11	15	PY_SCOPE_07f0e6cd7c826d1f1184f8f6801dee10	PY_MODULE_d3b70aaf7bb86c1af4aacf97de85878b	PY_BINDING_c5ac5f3c9a4fd0d9f7a31ffacc7e3817	LOAD	false		false	false			UNKNOWN	NONE	NONE	SERVICE_VERSION_00000000000000000000000000000000	PY_EXPRESSION_c1b78692d132c643e76005458736179c
LITERAL	OPERAND_RIGHT	IF_CONDITION	METHOD		PY_METHOD_499d987a935671c184ee14ca08435562	PY_EXPRESSION_788c33142089d624613f480418551266	1	1	NONE	None	NONE	NONE		UNKNOWN				false		11	19	11	23	PY_SCOPE_07f0e6cd7c826d1f1184f8f6801dee10	PY_MODULE_d3b70aaf7bb86c1af4aacf97de85878b		LOAD	false		false	false		None	NONE_TYPE	LITERAL	CERTAIN	SERVICE_VERSION_00000000000000000000000000000000	PY_EXPRESSION_a653f0ea96f7188accf44ce2e50eaa44
ASSIGNMENT	ROOT	ASSIGNMENT_VALUE	METHOD		PY_METHOD_499d987a935671c184ee14ca08435562		0	0			NONE	NONE		UNKNOWN				false		12	8	12	33	PY_SCOPE_07f0e6cd7c826d1f1184f8f6801dee10	PY_MODULE_d3b70aaf7bb86c1af4aacf97de85878b		LOAD	false		false	false			UNKNOWN	NONE	NONE	SERVICE_VERSION_00000000000000000000000000000000	PY_EXPRESSION_3407cc697514f63a5aaf4c5dbf4f4f7a
CALL	ASSIGNMENT_VALUE	ASSIGNMENT_VALUE	METHOD		PY_METHOD_499d987a935671c184ee14ca08435562	PY_EXPRESSION_3407cc697514f63a5aaf4c5dbf4f4f7a	0	1		Account	NONE	NONE		UNKNOWN				false		12	19	12	33	PY_SCOPE_07f0e6cd7c826d1f1184f8f6801dee10	PY_MODULE_d3b70aaf7bb86c1af4aacf97de85878b		LOAD	false		false	false	Account		UNKNOWN	NONE	NONE	SERVICE_VERSION_00000000000000000000000000000000	PY_EXPRESSION_d8f0d776a75cbcd80f995b1cc3970240
NAME_REFERENCE	ASSIGNMENT_TARGET	ASSIGNMENT_TARGET	METHOD		PY_METHOD_499d987a935671c184ee14ca08435562	PY_EXPRESSION_3407cc697514f63a5aaf4c5dbf4f4f7a	0	1		existing	NONE	NONE		UNKNOWN				false		12	8	12	16	PY_SCOPE_07f0e6cd7c826d1f1184f8f6801dee10	PY_MODULE_d3b70aaf7bb86c1af4aacf97de85878b	PY_BINDING_c5ac5f3c9a4fd0d9f7a31ffacc7e3817	STORE	true		false	false			UNKNOWN	NONE	NONE	SERVICE_VERSION_00000000000000000000000000000000	PY_EXPRESSION_81874e0451ef11c7f6ea5c9735a31a99
NAME_REFERENCE	CALLEE	ASSIGNMENT_VALUE	METHOD		PY_METHOD_499d987a935671c184ee14ca08435562	PY_EXPRESSION_d8f0d776a75cbcd80f995b1cc3970240	0	2		Account	NONE	NONE		TYPE	PY_TYPE_160aee5ca584e3817b8783b4e148e2a8			false		12	19	12	26	PY_SCOPE_07f0e6cd7c826d1f1184f8f6801dee10	PY_MODULE_d3b70aaf7bb86c1af4aacf97de85878b	PY_BINDING_bf3a524e6f5e99f2328b7d037e6b5aa5	LOAD	false		false	false			UNKNOWN	NONE	NONE	SERVICE_VERSION_00000000000000000000000000000000	PY_EXPRESSION_24a522165ee07179113faea1e750bbd5
NAME_REFERENCE	ARGUMENT	ASSIGNMENT_VALUE	METHOD		PY_METHOD_499d987a935671c184ee14ca08435562	PY_EXPRESSION_d8f0d776a75cbcd80f995b1cc3970240	0	2		owner	NONE	NONE		UNKNOWN				false		12	27	12	32	PY_SCOPE_07f0e6cd7c826d1f1184f8f6801dee10	PY_MODULE_d3b70aaf7bb86c1af4aacf97de85878b	PY_BINDING_3bfc736cb756c78f57a6463d71e598b1	LOAD	false		false	false			UNKNOWN	NONE	NONE	SERVICE_VERSION_00000000000000000000000000000000	PY_EXPRESSION_6313d0868eb06d7c34f9814062c92fdf
ASSIGNMENT	ROOT	ASSIGNMENT_VALUE	METHOD		PY_METHOD_499d987a935671c184ee14ca08435562		0	0			NONE	NONE		UNKNOWN				false		13	8	13	32	PY_SCOPE_07f0e6cd7c826d1f1184f8f6801dee10	PY_MODULE_d3b70aaf7bb86c1af4aacf97de85878b		LOAD	false		false	false			UNKNOWN	NONE	NONE	SERVICE_VERSION_00000000000000000000000000000000	PY_EXPRESSION_26e19fd84869b85ac84549ad7350714d
NAME_REFERENCE	ASSIGNMENT_VALUE	ASSIGNMENT_VALUE	METHOD		PY_METHOD_499d987a935671c184ee14ca08435562	PY_EXPRESSION_26e19fd84869b85ac84549ad7350714d	0	1		existing	NONE	NONE		UNKNOWN				false		13	24	13	32	PY_SCOPE_07f0e6cd7c826d1f1184f8f6801dee10	PY_MODULE_d3b70aaf7bb86c1af4aacf97de85878b	PY_BINDING_c5ac5f3c9a4fd0d9f7a31ffacc7e3817	LOAD	false		false	false			UNKNOWN	NONE	NONE	SERVICE_VERSION_00000000000000000000000000000000	PY_EXPRESSION_9cba0c06b9e0bc8dfecf651b0df4ec50
SUBSCRIPT	ASSIGNMENT_TARGET	ASSIGNMENT_TARGET	METHOD		PY_METHOD_499d987a935671c184ee14ca08435562	PY_EXPRESSION_26e19fd84869b85ac84549ad7350714d	0	1			NONE	NONE		UNKNOWN				false		13	8	13	21	PY_SCOPE_07f0e6cd7c826d1f1184f8f6801dee10	PY_MODULE_d3b70aaf7bb86c1af4aacf97de85878b		STORE	true		false	false			UNKNOWN	NONE	NONE	SERVICE_VERSION_00000000000000000000000000000000	PY_EXPRESSION_f81742224f88111e9dd46da769c5db51
NAME_REFERENCE	SUBSCRIPT_OBJECT	ASSIGNMENT_TARGET	METHOD		PY_METHOD_499d987a935671c184ee14ca08435562	PY_EXPRESSION_f81742224f88111e9dd46da769c5db51	0	2		_STORE	NONE	NONE		UNKNOWN				false		13	8	13	14	PY_SCOPE_07f0e6cd7c826d1f1184f8f6801dee10	PY_MODULE_d3b70aaf7bb86c1af4aacf97de85878b	PY_BINDING_350b7715250ca529791766f8d9b678aa	LOAD	false		false	false			UNKNOWN	NONE	NONE	SERVICE_VERSION_00000000000000000000000000000000	PY_EXPRESSION_967824a19e39079e5591387d2dd09460
NAME_REFERENCE	SUBSCRIPT_INDEX	ASSIGNMENT_TARGET	METHOD		PY_METHOD_499d987a935671c184ee14ca08435562	PY_EXPRESSION_f81742224f88111e9dd46da769c5db51	1	2		owner	NONE	NONE		UNKNOWN				false		13	15	13	20	PY_SCOPE_07f0e6cd7c826d1f1184f8f6801dee10	PY_MODULE_d3b70aaf7bb86c1af4aacf97de85878b	PY_BINDING_3bfc736cb756c78f57a6463d71e598b1	LOAD	false		false	false			UNKNOWN	NONE	NONE	SERVICE_VERSION_00000000000000000000000000000000	PY_EXPRESSION_1153fd074cfc54818ecab08cf17a8d70
NAME_REFERENCE	RETURN_VALUE	RETURN_VALUE	METHOD		PY_METHOD_499d987a935671c184ee14ca08435562		0	0		existing	NONE	NONE		UNKNOWN				false	0	14	11	14	19	PY_SCOPE_07f0e6cd7c826d1f1184f8f6801dee10	PY_MODULE_d3b70aaf7bb86c1af4aacf97de85878b	PY_BINDING_c5ac5f3c9a4fd0d9f7a31ffacc7e3817	LOAD	false		false	false			UNKNOWN	NONE	NONE	SERVICE_VERSION_00000000000000000000000000000000	PY_EXPRESSION_c6688bea8541a6ac6fd15f7354e02351
CALL	RETURN_VALUE	RETURN_VALUE	METHOD		PY_METHOD_c6b222269a1a7635b00cfd26ca93a0a0		0	0		Ledger	NONE	NONE		UNKNOWN				false	0	19	11	19	19	PY_SCOPE_fb4cc01be5576fc19e7b2cc5221cb8ac	PY_MODULE_d3b70aaf7bb86c1af4aacf97de85878b		LOAD	false		false	false	Ledger		UNKNOWN	NONE	NONE	SERVICE_VERSION_00000000000000000000000000000000	PY_EXPRESSION_05b075909384a01eda38e771e75a8d5e
NAME_REFERENCE	CALLEE	RETURN_VALUE	METHOD		PY_METHOD_c6b222269a1a7635b00cfd26ca93a0a0	PY_EXPRESSION_05b075909384a01eda38e771e75a8d5e	0	1		Ledger	NONE	NONE		TYPE	PY_TYPE_65c006b7dc1da8d5b431a90353733207			false	0	19	11	19	17	PY_SCOPE_fb4cc01be5576fc19e7b2cc5221cb8ac	PY_MODULE_d3b70aaf7bb86c1af4aacf97de85878b	PY_BINDING_9715ca1defc4146b5a9ca15c0b217c2e	LOAD	false		false	false			UNKNOWN	NONE	NONE	SERVICE_VERSION_00000000000000000000000000000000	PY_EXPRESSION_8b8ceed5ac90b162d1c9b234095b43a3
LITERAL	ROOT	MODULE_LEVEL_STATEMENT	METHOD		PY_METHOD_bd913403446f53c97ce398b453c4852b		0	0	STRING	Java analogue: type-registry/ + integration/. The measured problem, in miniature: naive name-based dispatch gives 24.63 candidate callees per attribute call site. This fixture defines ONE method name on many unrelated classes, then calls it through receivers of varying resolvability -- so the reduction each mechanism buys can be measured rather than asserted. `save` is defined on 6 classes here. A receiver the engine cannot type fans to all 6; a receiver it can type resolves to 1.	NONE	NONE		UNKNOWN				false		1	0	11	3	PY_SCOPE_f25a2ac6417c803d75b08559c6f07233	PY_MODULE_ce17961cb9b5fed9cec337ad16f99cf3		LOAD	false		false	false		str	BUILTIN_SCALAR	LITERAL	CERTAIN	SERVICE_VERSION_00000000000000000000000000000000	PY_EXPRESSION_984d51277b6681bfb62b7a735520fbce
TUPLE	RETURN_VALUE	RETURN_VALUE	METHOD	PY_TYPE_4a78cff9ea347266ea18f2844136becc	PY_METHOD_d0a3633a3eba729adb0e740bffa1e5e3		0	0			NONE	NONE		UNKNOWN				false	0	18	15	18	29	PY_SCOPE_1205849f62a6a23c49afc49d7c397343	PY_MODULE_ce17961cb9b5fed9cec337ad16f99cf3		LOAD	false		false	false		tuple	BUILTIN_COLLECTION	COLLECTION_LITERAL	CERTAIN	SERVICE_VERSION_00000000000000000000000000000000	PY_EXPRESSION_30540028e5df7100421a3a929a40ab8f
LITERAL	ARGUMENT	RETURN_VALUE	METHOD	PY_TYPE_4a78cff9ea347266ea18f2844136becc	PY_METHOD_d0a3633a3eba729adb0e740bffa1e5e3	PY_EXPRESSION_30540028e5df7100421a3a929a40ab8f	0	1	STRING	file	NONE	NONE		UNKNOWN				false	0	18	16	18	22	PY_SCOPE_1205849f62a6a23c49afc49d7c397343	PY_MODULE_ce17961cb9b5fed9cec337ad16f99cf3		LOAD	false		false	false		str	BUILTIN_SCALAR	LITERAL	CERTAIN	SERVICE_VERSION_00000000000000000000000000000000	PY_EXPRESSION_2c4df1a7ce8b7eee01d70acbeef9a616
NAME_REFERENCE	ARGUMENT	RETURN_VALUE	METHOD	PY_TYPE_4a78cff9ea347266ea18f2844136becc	PY_METHOD_d0a3633a3eba729adb0e740bffa1e5e3	PY_EXPRESSION_30540028e5df7100421a3a929a40ab8f	1	1		item	NONE	NONE		UNKNOWN				false	0	18	24	18	28	PY_SCOPE_1205849f62a6a23c49afc49d7c397343	PY_MODULE_ce17961cb9b5fed9cec337ad16f99cf3	PY_BINDING_626a4a63f0eb6fafb3953cc8617e96ba	LOAD	false		false	false			UNKNOWN	NONE	NONE	SERVICE_VERSION_00000000000000000000000000000000	PY_EXPRESSION_87a8bfcc4993a105ce4b9a4e428d19f7
TUPLE	RETURN_VALUE	RETURN_VALUE	METHOD	PY_TYPE_6dca4a3f45f56313692e08e18aacced1	PY_METHOD_86c3460cbafe7c4762e0475506871165		0	0			NONE	NONE		UNKNOWN				false	0	23	15	23	27	PY_SCOPE_110b9ed5f2005b54a6908e8fbcd5a246	PY_MODULE_ce17961cb9b5fed9cec337ad16f99cf3		LOAD	false		false	false		tuple	BUILTIN_COLLECTION	COLLECTION_LITERAL	CERTAIN	SERVICE_VERSION_00000000000000000000000000000000	PY_EXPRESSION_d19ffffaf6a114cc1bf05338cf99f758
LITERAL	ARGUMENT	RETURN_VALUE	METHOD	PY_TYPE_6dca4a3f45f56313692e08e18aacced1	PY_METHOD_86c3460cbafe7c4762e0475506871165	PY_EXPRESSION_d19ffffaf6a114cc1bf05338cf99f758	0	1	STRING	db	NONE	NONE		UNKNOWN				false	0	23	16	23	20	PY_SCOPE_110b9ed5f2005b54a6908e8fbcd5a246	PY_MODULE_ce17961cb9b5fed9cec337ad16f99cf3		LOAD	false		false	false		str	BUILTIN_SCALAR	LITERAL	CERTAIN	SERVICE_VERSION_00000000000000000000000000000000	PY_EXPRESSION_5524d9e75653772491eb4ab9a16e4f82
NAME_REFERENCE	ARGUMENT	RETURN_VALUE	METHOD	PY_TYPE_6dca4a3f45f56313692e08e18aacced1	PY_METHOD_86c3460cbafe7c4762e0475506871165	PY_EXPRESSION_d19ffffaf6a114cc1bf05338cf99f758	1	1		item	NONE	NONE		UNKNOWN				false	0	23	22	23	26	PY_SCOPE_110b9ed5f2005b54a6908e8fbcd5a246	PY_MODULE_ce17961cb9b5fed9cec337ad16f99cf3	PY_BINDING_86e05eb87dce817f491b8cf8025ad5c4	LOAD	false		false	false			UNKNOWN	NONE	NONE	SERVICE_VERSION_00000000000000000000000000000000	PY_EXPRESSION_6172122e6012fc5fe7caff5c6304cdb3
TUPLE	RETURN_VALUE	RETURN_VALUE	METHOD	PY_TYPE_370308d5c9f53659a6b458a2a5ff6cfc	PY_METHOD_0a2b9d7901b11b3729382f7f4b742b57		0	0			NONE	NONE		UNKNOWN				false	0	28	15	28	31	PY_SCOPE_26922f4b2c126046dfc39c772a5a0ef1	PY_MODULE_ce17961cb9b5fed9cec337ad16f99cf3		LOAD	false		false	false		tuple	BUILTIN_COLLECTION	COLLECTION_LITERAL	CERTAIN	SERVICE_VERSION_00000000000000000000000000000000	PY_EXPRESSION_39e40391fc02aff85d18e7c140caf8d3
LITERAL	ARGUMENT	RETURN_VALUE	METHOD	PY_TYPE_370308d5c9f53659a6b458a2a5ff6cfc	PY_METHOD_0a2b9d7901b11b3729382f7f4b742b57	PY_EXPRESSION_39e40391fc02aff85d18e7c140caf8d3	0	1	STRING	memory	NONE	NONE		UNKNOWN				false	0	28	16	28	24	PY_SCOPE_26922f4b2c126046dfc39c772a5a0ef1	PY_MODULE_ce17961cb9b5fed9cec337ad16f99cf3		LOAD	false		false	false		str	BUILTIN_SCALAR	LITERAL	CERTAIN	SERVICE_VERSION_00000000000000000000000000000000	PY_EXPRESSION_dddf388c129cdbff9ea3047b81c66fa2
NAME_REFERENCE	ARGUMENT	RETURN_VALUE	METHOD	PY_TYPE_370308d5c9f53659a6b458a2a5ff6cfc	PY_METHOD_0a2b9d7901b11b3729382f7f4b742b57	PY_EXPRESSION_39e40391fc02aff85d18e7c140caf8d3	1	1		item	NONE	NONE		UNKNOWN				false	0	28	26	28	30	PY_SCOPE_26922f4b2c126046dfc39c772a5a0ef1	PY_MODULE_ce17961cb9b5fed9cec337ad16f99cf3	PY_BINDING_0738be87d4f804620de5750a38535593	LOAD	false		false	false			UNKNOWN	NONE	NONE	SERVICE_VERSION_00000000000000000000000000000000	PY_EXPRESSION_6c16dedf8dd763739775e0e6375ba5bb
LITERAL	RETURN_VALUE	RETURN_VALUE	METHOD	PY_TYPE_b48a89d9a21e6f57306bbc7868e8dca5	PY_METHOD_8853dce881486a02decc7d6c32afe8ac		0	0	NONE	None	NONE	NONE		UNKNOWN				false	0	33	15	33	19	PY_SCOPE_ae08c751d38f9dfb6832f4b601b29118	PY_MODULE_ce17961cb9b5fed9cec337ad16f99cf3		LOAD	false		false	false		None	NONE_TYPE	LITERAL	CERTAIN	SERVICE_VERSION_00000000000000000000000000000000	PY_EXPRESSION_93eddcf1d45c706a728d4b47cac195ca
TUPLE	RETURN_VALUE	RETURN_VALUE	METHOD	PY_TYPE_9cd9e6de4d223d020fcdc1b477d3fd03	PY_METHOD_be2f161faf11518db7e25b6631a5ff03		0	0			NONE	NONE		UNKNOWN				false	0	38	15	38	30	PY_SCOPE_ec279fa1649e3e35973068a5c557be98	PY_MODULE_ce17961cb9b5fed9cec337ad16f99cf3		LOAD	false		false	false		tuple	BUILTIN_COLLECTION	COLLECTION_LITERAL	CERTAIN	SERVICE_VERSION_00000000000000000000000000000000	PY_EXPRESSION_2bf8f8fac6977c4590a73506108af023
LITERAL	ARGUMENT	RETURN_VALUE	METHOD	PY_TYPE_9cd9e6de4d223d020fcdc1b477d3fd03	PY_METHOD_be2f161faf11518db7e25b6631a5ff03	PY_EXPRESSION_2bf8f8fac6977c4590a73506108af023	0	1	STRING	audit	NONE	NONE		UNKNOWN				false	0	38	16	38	23	PY_SCOPE_ec279fa1649e3e35973068a5c557be98	PY_MODULE_ce17961cb9b5fed9cec337ad16f99cf3		LOAD	false		false	false		str	BUILTIN_SCALAR	LITERAL	CERTAIN	SERVICE_VERSION_00000000000000000000000000000000	PY_EXPRESSION_88bc2a2abe4e431d8c8073ba5bc63591
NAME_REFERENCE	ARGUMENT	RETURN_VALUE	METHOD	PY_TYPE_9cd9e6de4d223d020fcdc1b477d3fd03	PY_METHOD_be2f161faf11518db7e25b6631a5ff03	PY_EXPRESSION_2bf8f8fac6977c4590a73506108af023	1	1		item	NONE	NONE		UNKNOWN				false	0	38	25	38	29	PY_SCOPE_ec279fa1649e3e35973068a5c557be98	PY_MODULE_ce17961cb9b5fed9cec337ad16f99cf3	PY_BINDING_7d0193622f002c9d2beb79844d402e5d	LOAD	false		false	false			UNKNOWN	NONE	NONE	SERVICE_VERSION_00000000000000000000000000000000	PY_EXPRESSION_d7b21602d59d0243e9ba7f05df13dd83
ASSIGNMENT	ROOT	ASSIGNMENT_VALUE	METHOD	PY_TYPE_da43161140a5bb188ac8c981c1e5649e	PY_METHOD_98e52aa34217d6b1ae6a4d2e40799911		0	0			NONE	NONE		UNKNOWN				false		44	8	44	26	PY_SCOPE_3f6972bc9aa28f6fc18a136c41e95255	PY_MODULE_ce17961cb9b5fed9cec337ad16f99cf3		LOAD	false		false	false			UNKNOWN	NONE	NONE	SERVICE_VERSION_00000000000000000000000000000000	PY_EXPRESSION_97a2d7745ed89d998807c2ebed265314
NAME_REFERENCE	ASSIGNMENT_VALUE	ASSIGNMENT_VALUE	METHOD	PY_TYPE_da43161140a5bb188ac8c981c1e5649e	PY_METHOD_98e52aa34217d6b1ae6a4d2e40799911	PY_EXPRESSION_97a2d7745ed89d998807c2ebed265314	0	1		inner	NONE	NONE		UNKNOWN				false		44	21	44	26	PY_SCOPE_3f6972bc9aa28f6fc18a136c41e95255	PY_MODULE_ce17961cb9b5fed9cec337ad16f99cf3	PY_BINDING_7e390eeaac7cff7f7f24b2b9e7d6e680	LOAD	false		false	false			UNKNOWN	NONE	NONE	SERVICE_VERSION_00000000000000000000000000000000	PY_EXPRESSION_2d5f9e6a5a2ef35c3d0740b41e42a4eb
ATTRIBUTE_ACCESS	ASSIGNMENT_TARGET	ASSIGNMENT_TARGET	METHOD	PY_TYPE_da43161140a5bb188ac8c981c1e5649e	PY_METHOD_98e52aa34217d6b1ae6a4d2e40799911	PY_EXPRESSION_97a2d7745ed89d998807c2ebed265314	0	1		inner	NONE	NONE		FIELD	PY_FIELD_96e8fefc595fe00a14b6d0d80d3930c4			false		44	8	44	18	PY_SCOPE_3f6972bc9aa28f6fc18a136c41e95255	PY_MODULE_ce17961cb9b5fed9cec337ad16f99cf3		STORE	true		false	false	self.inner		UNKNOWN	NONE	NONE	SERVICE_VERSION_00000000000000000000000000000000	PY_EXPRESSION_99900b2a171424f23e85b913b12ce6b0
SELF_REFERENCE	ATTRIBUTE_OBJECT	ASSIGNMENT_TARGET	METHOD	PY_TYPE_da43161140a5bb188ac8c981c1e5649e	PY_METHOD_98e52aa34217d6b1ae6a4d2e40799911	PY_EXPRESSION_99900b2a171424f23e85b913b12ce6b0	0	2		self	NONE	NONE		SELF				false		44	8	44	12	PY_SCOPE_3f6972bc9aa28f6fc18a136c41e95255	PY_MODULE_ce17961cb9b5fed9cec337ad16f99cf3	PY_BINDING_5721bca5f5bcf64572b04957198c3576	LOAD	false		false	false			UNKNOWN	NONE	NONE	SERVICE_VERSION_00000000000000000000000000000000	PY_EXPRESSION_7f86f5c4833eeba27f9706427f9903cc
CALL	RETURN_VALUE	RETURN_VALUE	METHOD	PY_TYPE_da43161140a5bb188ac8c981c1e5649e	PY_METHOD_d1f6c3339d294672b9d5eb2a56618182		0	0		save	NONE	NONE		UNKNOWN				false	0	47	15	47	36	PY_SCOPE_75a5924371610e63456441a571889cae	PY_MODULE_ce17961cb9b5fed9cec337ad16f99cf3		LOAD	false		false	false	self.inner.save		UNKNOWN	NONE	NONE	SERVICE_VERSION_00000000000000000000000000000000	PY_EXPRESSION_00a537197969057506e8e09d49159d50
ATTRIBUTE_ACCESS	RECEIVER	RETURN_VALUE	METHOD	PY_TYPE_da43161140a5bb188ac8c981c1e5649e	PY_METHOD_d1f6c3339d294672b9d5eb2a56618182	PY_EXPRESSION_00a537197969057506e8e09d49159d50	0	1		save	NONE	NONE		UNKNOWN				false	0	47	15	47	30	PY_SCOPE_75a5924371610e63456441a571889cae	PY_MODULE_ce17961cb9b5fed9cec337ad16f99cf3		LOAD	false		false	false	self.inner.save		UNKNOWN	NONE	NONE	SERVICE_VERSION_00000000000000000000000000000000	PY_EXPRESSION_bda397ffb659d02da1e42278b3c435ec
NAME_REFERENCE	ARGUMENT	RETURN_VALUE	METHOD	PY_TYPE_da43161140a5bb188ac8c981c1e5649e	PY_METHOD_d1f6c3339d294672b9d5eb2a56618182	PY_EXPRESSION_00a537197969057506e8e09d49159d50	0	1		item	NONE	NONE		UNKNOWN				false	0	47	31	47	35	PY_SCOPE_75a5924371610e63456441a571889cae	PY_MODULE_ce17961cb9b5fed9cec337ad16f99cf3	PY_BINDING_25d76867401d6bc0e0237acc5c623bc3	LOAD	false		false	false			UNKNOWN	NONE	NONE	SERVICE_VERSION_00000000000000000000000000000000	PY_EXPRESSION_bd1b42ce5c4efa55b9f07972677a7ca5
ATTRIBUTE_ACCESS	ATTRIBUTE_OBJECT	RETURN_VALUE	METHOD	PY_TYPE_da43161140a5bb188ac8c981c1e5649e	PY_METHOD_d1f6c3339d294672b9d5eb2a56618182	PY_EXPRESSION_bda397ffb659d02da1e42278b3c435ec	0	2		inner	NONE	NONE		FIELD	PY_FIELD_96e8fefc595fe00a14b6d0d80d3930c4			false	0	47	15	47	25	PY_SCOPE_75a5924371610e63456441a571889cae	PY_MODULE_ce17961cb9b5fed9cec337ad16f99cf3		LOAD	false		false	false	self.inner		UNKNOWN	NONE	NONE	SERVICE_VERSION_00000000000000000000000000000000	PY_EXPRESSION_4b61e850e9d071acdd3a88b3724186fd
SELF_REFERENCE	ATTRIBUTE_OBJECT	RETURN_VALUE	METHOD	PY_TYPE_da43161140a5bb188ac8c981c1e5649e	PY_METHOD_d1f6c3339d294672b9d5eb2a56618182	PY_EXPRESSION_4b61e850e9d071acdd3a88b3724186fd	0	3		self	NONE	NONE		SELF				false	0	47	15	47	19	PY_SCOPE_75a5924371610e63456441a571889cae	PY_MODULE_ce17961cb9b5fed9cec337ad16f99cf3	PY_BINDING_fcb55c4f53429278542e7ca145ebf56a	LOAD	false		false	false			UNKNOWN	NONE	NONE	SERVICE_VERSION_00000000000000000000000000000000	PY_EXPRESSION_8bd76558d89eb6d3163acda30b9a2d0d
ASSIGNMENT	ROOT	ASSIGNMENT_VALUE	METHOD		PY_METHOD_fe7126e9b3f926666253a1455bd761e4		0	0			NONE	NONE		UNKNOWN				false		53	4	53	23	PY_SCOPE_e9f46f59768f40357d8e97acf21dc8f7	PY_MODULE_ce17961cb9b5fed9cec337ad16f99cf3		LOAD	false		false	false			UNKNOWN	NONE	NONE	SERVICE_VERSION_00000000000000000000000000000000	PY_EXPRESSION_9c254c15476bfb5cc0d47f7cc77e9e8c
CALL	ASSIGNMENT_VALUE	ASSIGNMENT_VALUE	METHOD		PY_METHOD_fe7126e9b3f926666253a1455bd761e4	PY_EXPRESSION_9c254c15476bfb5cc0d47f7cc77e9e8c	0	1		FileStore	NONE	NONE		UNKNOWN				false		53	12	53	23	PY_SCOPE_e9f46f59768f40357d8e97acf21dc8f7	PY_MODULE_ce17961cb9b5fed9cec337ad16f99cf3		LOAD	false		false	false	FileStore		UNKNOWN	NONE	NONE	SERVICE_VERSION_00000000000000000000000000000000	PY_EXPRESSION_1bf4f6e295e4b86e4b9e811fd63337a3
NAME_REFERENCE	ASSIGNMENT_TARGET	ASSIGNMENT_TARGET	METHOD		PY_METHOD_fe7126e9b3f926666253a1455bd761e4	PY_EXPRESSION_9c254c15476bfb5cc0d47f7cc77e9e8c	0	1		store	NONE	NONE		UNKNOWN				false		53	4	53	9	PY_SCOPE_e9f46f59768f40357d8e97acf21dc8f7	PY_MODULE_ce17961cb9b5fed9cec337ad16f99cf3	PY_BINDING_880a6a4a3e9cc1532783d09233871c96	STORE	true		false	false			UNKNOWN	NONE	NONE	SERVICE_VERSION_00000000000000000000000000000000	PY_EXPRESSION_517e9f0d45df835e2f14e31a6419495c
NAME_REFERENCE	CALLEE	ASSIGNMENT_VALUE	METHOD		PY_METHOD_fe7126e9b3f926666253a1455bd761e4	PY_EXPRESSION_1bf4f6e295e4b86e4b9e811fd63337a3	0	2		FileStore	NONE	NONE		TYPE	PY_TYPE_4a78cff9ea347266ea18f2844136becc			false		53	12	53	21	PY_SCOPE_e9f46f59768f40357d8e97acf21dc8f7	PY_MODULE_ce17961cb9b5fed9cec337ad16f99cf3	PY_BINDING_89eecda8da001c42e607adfc29425338	LOAD	false		false	false			UNKNOWN	NONE	NONE	SERVICE_VERSION_00000000000000000000000000000000	PY_EXPRESSION_a455d77a82ca4bcbcda9f9cd56aeed0e
CALL	RETURN_VALUE	RETURN_VALUE	METHOD		PY_METHOD_fe7126e9b3f926666253a1455bd761e4		0	0		save	NONE	NONE		UNKNOWN				false	0	54	11	54	27	PY_SCOPE_e9f46f59768f40357d8e97acf21dc8f7	PY_MODULE_ce17961cb9b5fed9cec337ad16f99cf3		LOAD	false		false	false	store.save		UNKNOWN	NONE	NONE	SERVICE_VERSION_00000000000000000000000000000000	PY_EXPRESSION_edc37ab090c7cbba1901b45dd9371db5
ATTRIBUTE_ACCESS	RECEIVER	RETURN_VALUE	METHOD		PY_METHOD_fe7126e9b3f926666253a1455bd761e4	PY_EXPRESSION_edc37ab090c7cbba1901b45dd9371db5	0	1		save	NONE	NONE		UNKNOWN				false	0	54	11	54	21	PY_SCOPE_e9f46f59768f40357d8e97acf21dc8f7	PY_MODULE_ce17961cb9b5fed9cec337ad16f99cf3		LOAD	false		false	false	store.save		UNKNOWN	NONE	NONE	SERVICE_VERSION_00000000000000000000000000000000	PY_EXPRESSION_7c35bb3a9dfab89878151bdc3cd64b45
NAME_REFERENCE	ARGUMENT	RETURN_VALUE	METHOD		PY_METHOD_fe7126e9b3f926666253a1455bd761e4	PY_EXPRESSION_edc37ab090c7cbba1901b45dd9371db5	0	1		item	NONE	NONE		UNKNOWN				false	0	54	22	54	26	PY_SCOPE_e9f46f59768f40357d8e97acf21dc8f7	PY_MODULE_ce17961cb9b5fed9cec337ad16f99cf3	PY_BINDING_75d453e021dffc01a154f1c8a678ae21	LOAD	false		false	false			UNKNOWN	NONE	NONE	SERVICE_VERSION_00000000000000000000000000000000	PY_EXPRESSION_7e3fd9f263da5a5bf658523dab7d8628
NAME_REFERENCE	ATTRIBUTE_OBJECT	RETURN_VALUE	METHOD		PY_METHOD_fe7126e9b3f926666253a1455bd761e4	PY_EXPRESSION_7c35bb3a9dfab89878151bdc3cd64b45	0	2		store	NONE	NONE		UNKNOWN				false	0	54	11	54	16	PY_SCOPE_e9f46f59768f40357d8e97acf21dc8f7	PY_MODULE_ce17961cb9b5fed9cec337ad16f99cf3	PY_BINDING_880a6a4a3e9cc1532783d09233871c96	LOAD	false		false	false			UNKNOWN	NONE	NONE	SERVICE_VERSION_00000000000000000000000000000000	PY_EXPRESSION_373e177631a1ab4c2b0a56122d0eaed2
CALL	RETURN_VALUE	RETURN_VALUE	METHOD		PY_METHOD_679c1e7a66e01ebb573c925694d60e80		0	0		deposit	NONE	NONE		UNKNOWN				false	0	59	11	59	41	PY_SCOPE_62bcc4991ac007c34f43099623fc4637	PY_MODULE_ce17961cb9b5fed9cec337ad16f99cf3		LOAD	false		false	false	deposit		UNKNOWN	NONE	NONE	SERVICE_VERSION_00000000000000000000000000000000	PY_EXPRESSION_cc1c633fc9c961158e571a2e0ab6e7c9
ATTRIBUTE_ACCESS	RECEIVER	RETURN_VALUE	METHOD		PY_METHOD_679c1e7a66e01ebb573c925694d60e80	PY_EXPRESSION_cc1c633fc9c961158e571a2e0ab6e7c9	0	1		deposit	NONE	NONE		UNKNOWN				false	0	59	11	59	35	PY_SCOPE_62bcc4991ac007c34f43099623fc4637	PY_MODULE_ce17961cb9b5fed9cec337ad16f99cf3		LOAD	false		false	false	deposit		UNKNOWN	NONE	NONE	SERVICE_VERSION_00000000000000000000000000000000	PY_EXPRESSION_9a53f77e6bcbb9b7f8f450c63a29df31
NAME_REFERENCE	ARGUMENT	RETURN_VALUE	METHOD		PY_METHOD_679c1e7a66e01ebb573c925694d60e80	PY_EXPRESSION_cc1c633fc9c961158e571a2e0ab6e7c9	0	1		item	NONE	NONE		UNKNOWN				false	0	59	36	59	40	PY_SCOPE_62bcc4991ac007c34f43099623fc4637	PY_MODULE_ce17961cb9b5fed9cec337ad16f99cf3	PY_BINDING_a01f78338288284a1f1fcf71b2e6330b	LOAD	false		false	false			UNKNOWN	NONE	NONE	SERVICE_VERSION_00000000000000000000000000000000	PY_EXPRESSION_0b96c41383e315e139de968f819ea120
CALL	ATTRIBUTE_OBJECT	RETURN_VALUE	METHOD		PY_METHOD_679c1e7a66e01ebb573c925694d60e80	PY_EXPRESSION_9a53f77e6bcbb9b7f8f450c63a29df31	0	2		Account	NONE	NONE		UNKNOWN				false	0	59	11	59	27	PY_SCOPE_62bcc4991ac007c34f43099623fc4637	PY_MODULE_ce17961cb9b5fed9cec337ad16f99cf3		LOAD	false		false	false	Account		UNKNOWN	NONE	NONE	SERVICE_VERSION_00000000000000000000000000000000	PY_EXPRESSION_3a5f2937a8f6ac5a3a97a1389d9350a9
NAME_REFERENCE	CALLEE	RETURN_VALUE	METHOD		PY_METHOD_679c1e7a66e01ebb573c925694d60e80	PY_EXPRESSION_3a5f2937a8f6ac5a3a97a1389d9350a9	0	3		Account	NONE	NONE		TYPE	PY_TYPE_160aee5ca584e3817b8783b4e148e2a8			false	0	59	11	59	18	PY_SCOPE_62bcc4991ac007c34f43099623fc4637	PY_MODULE_ce17961cb9b5fed9cec337ad16f99cf3	PY_BINDING_c1725d01cc2d7ed308c260ed9291ed44	LOAD	false		false	false			UNKNOWN	NONE	NONE	SERVICE_VERSION_00000000000000000000000000000000	PY_EXPRESSION_dfbf8c7547a831f55ce58bcebf1767ff
LITERAL	ARGUMENT	RETURN_VALUE	METHOD		PY_METHOD_679c1e7a66e01ebb573c925694d60e80	PY_EXPRESSION_3a5f2937a8f6ac5a3a97a1389d9350a9	0	3	STRING	owner	NONE	NONE		UNKNOWN				false	0	59	19	59	26	PY_SCOPE_62bcc4991ac007c34f43099623fc4637	PY_MODULE_ce17961cb9b5fed9cec337ad16f99cf3		LOAD	false		false	false		str	BUILTIN_SCALAR	LITERAL	CERTAIN	SERVICE_VERSION_00000000000000000000000000000000	PY_EXPRESSION_bdbb009c73bd44dec1dc05bc3e20e9f7
CALL	RETURN_VALUE	RETURN_VALUE	METHOD		PY_METHOD_d4fcf4b74040b6f1db34304f09fecdff		0	0		save	NONE	NONE		UNKNOWN				false	0	63	11	63	47	PY_SCOPE_c5ff90c759de0712d493cf4a403633df	PY_MODULE_ce17961cb9b5fed9cec337ad16f99cf3		LOAD	false		false	false	save		UNKNOWN	NONE	NONE	SERVICE_VERSION_00000000000000000000000000000000	PY_EXPRESSION_82a9c6b8119c51a31f33c1ccaad31375
ATTRIBUTE_ACCESS	RECEIVER	RETURN_VALUE	METHOD		PY_METHOD_d4fcf4b74040b6f1db34304f09fecdff	PY_EXPRESSION_82a9c6b8119c51a31f33c1ccaad31375	0	1		save	NONE	NONE		UNKNOWN				false	0	63	11	63	41	PY_SCOPE_c5ff90c759de0712d493cf4a403633df	PY_MODULE_ce17961cb9b5fed9cec337ad16f99cf3		LOAD	false		false	false	save		UNKNOWN	NONE	NONE	SERVICE_VERSION_00000000000000000000000000000000	PY_EXPRESSION_e89946c9973f1167166cdc3261a72ca1
NAME_REFERENCE	ARGUMENT	RETURN_VALUE	METHOD		PY_METHOD_d4fcf4b74040b6f1db34304f09fecdff	PY_EXPRESSION_82a9c6b8119c51a31f33c1ccaad31375	0	1		item	NONE	NONE		UNKNOWN				false	0	63	42	63	46	PY_SCOPE_c5ff90c759de0712d493cf4a403633df	PY_MODULE_ce17961cb9b5fed9cec337ad16f99cf3	PY_BINDING_b1eb5fc47684026467a54d671e43d296	LOAD	false		false	false			UNKNOWN	NONE	NONE	SERVICE_VERSION_00000000000000000000000000000000	PY_EXPRESSION_71fcdd54913e95ab28f7402282bd4b11
CALL	ATTRIBUTE_OBJECT	RETURN_VALUE	METHOD		PY_METHOD_d4fcf4b74040b6f1db34304f09fecdff	PY_EXPRESSION_e89946c9973f1167166cdc3261a72ca1	0	2		CachingStore	NONE	NONE		UNKNOWN				false	0	63	11	63	36	PY_SCOPE_c5ff90c759de0712d493cf4a403633df	PY_MODULE_ce17961cb9b5fed9cec337ad16f99cf3		LOAD	false		false	false	CachingStore		UNKNOWN	NONE	NONE	SERVICE_VERSION_00000000000000000000000000000000	PY_EXPRESSION_4aa4ccaffeeb23d264a17f02d9fa7287
NAME_REFERENCE	CALLEE	RETURN_VALUE	METHOD		PY_METHOD_d4fcf4b74040b6f1db34304f09fecdff	PY_EXPRESSION_4aa4ccaffeeb23d264a17f02d9fa7287	0	3		CachingStore	NONE	NONE		TYPE	PY_TYPE_da43161140a5bb188ac8c981c1e5649e			false	0	63	11	63	23	PY_SCOPE_c5ff90c759de0712d493cf4a403633df	PY_MODULE_ce17961cb9b5fed9cec337ad16f99cf3	PY_BINDING_1338056dc5d6001a4b01e2e271c5adb1	LOAD	false		false	false			UNKNOWN	NONE	NONE	SERVICE_VERSION_00000000000000000000000000000000	PY_EXPRESSION_f253d60b61f1e2a18088e80911841228
CALL	ARGUMENT	RETURN_VALUE	METHOD		PY_METHOD_d4fcf4b74040b6f1db34304f09fecdff	PY_EXPRESSION_4aa4ccaffeeb23d264a17f02d9fa7287	0	3		FileStore	NONE	NONE		UNKNOWN				false	0	63	24	63	35	PY_SCOPE_c5ff90c759de0712d493cf4a403633df	PY_MODULE_ce17961cb9b5fed9cec337ad16f99cf3		LOAD	false		false	false	FileStore		UNKNOWN	NONE	NONE	SERVICE_VERSION_00000000000000000000000000000000	PY_EXPRESSION_9dc6ee25a402444867ffaa72ee2d3e19
NAME_REFERENCE	CALLEE	RETURN_VALUE	METHOD		PY_METHOD_d4fcf4b74040b6f1db34304f09fecdff	PY_EXPRESSION_9dc6ee25a402444867ffaa72ee2d3e19	0	4		FileStore	NONE	NONE		TYPE	PY_TYPE_4a78cff9ea347266ea18f2844136becc			false	0	63	24	63	33	PY_SCOPE_c5ff90c759de0712d493cf4a403633df	PY_MODULE_ce17961cb9b5fed9cec337ad16f99cf3	PY_BINDING_8ab4d2bf42a53a082deaa7b926998a4e	LOAD	false		false	false			UNKNOWN	NONE	NONE	SERVICE_VERSION_00000000000000000000000000000000	PY_EXPRESSION_a20c5717b00816187829a0dc7c1e4a73
CALL	CONDITION	IF_CONDITION	METHOD		PY_METHOD_ec1c0674de5b89e4aebf23c4e1992980		0	0		isinstance	NONE	NONE		UNKNOWN				false		67	7	67	33	PY_SCOPE_609f69a02df73b0086ccef11cd98d612	PY_MODULE_ce17961cb9b5fed9cec337ad16f99cf3		LOAD	false		false	false	isinstance		UNKNOWN	NONE	NONE	SERVICE_VERSION_00000000000000000000000000000000	PY_EXPRESSION_76df73a85fa3abb7d6773270ac5ec8af
NAME_REFERENCE	CALLEE	IF_CONDITION	METHOD		PY_METHOD_ec1c0674de5b89e4aebf23c4e1992980	PY_EXPRESSION_76df73a85fa3abb7d6773270ac5ec8af	0	1		isinstance	NONE	NONE		UNKNOWN				false		67	7	67	17	PY_SCOPE_609f69a02df73b0086ccef11cd98d612	PY_MODULE_ce17961cb9b5fed9cec337ad16f99cf3	PY_BINDING_98ff4074554825446fa2215653a10e66	LOAD	false		false	false			UNKNOWN	NONE	NONE	SERVICE_VERSION_00000000000000000000000000000000	PY_EXPRESSION_bc084c192c2752d443ecdf7f4e9a0a7e
NAME_REFERENCE	ARGUMENT	IF_CONDITION	METHOD		PY_METHOD_ec1c0674de5b89e4aebf23c4e1992980	PY_EXPRESSION_76df73a85fa3abb7d6773270ac5ec8af	0	1		store	NONE	NONE		UNKNOWN				false		67	18	67	23	PY_SCOPE_609f69a02df73b0086ccef11cd98d612	PY_MODULE_ce17961cb9b5fed9cec337ad16f99cf3	PY_BINDING_19177042f1da97f7125859cde697ffda	LOAD	false		false	false			UNKNOWN	NONE	NONE	SERVICE_VERSION_00000000000000000000000000000000	PY_EXPRESSION_0c7d4d68ba337d9aaa49ae0ec366f17d
NAME_REFERENCE	ARGUMENT	IF_CONDITION	METHOD		PY_METHOD_ec1c0674de5b89e4aebf23c4e1992980	PY_EXPRESSION_76df73a85fa3abb7d6773270ac5ec8af	1	1		DbStore	NONE	NONE		TYPE	PY_TYPE_6dca4a3f45f56313692e08e18aacced1			false		67	25	67	32	PY_SCOPE_609f69a02df73b0086ccef11cd98d612	PY_MODULE_ce17961cb9b5fed9cec337ad16f99cf3	PY_BINDING_ba564c4d2677ffb0ec000654000d1915	LOAD	false		false	false			UNKNOWN	NONE	NONE	SERVICE_VERSION_00000000000000000000000000000000	PY_EXPRESSION_2a93336d96fdd7b681cc1877bf5cbb28
CALL	RETURN_VALUE	RETURN_VALUE	METHOD		PY_METHOD_ec1c0674de5b89e4aebf23c4e1992980		0	0		save	NONE	NONE		UNKNOWN				false	0	68	15	68	31	PY_SCOPE_609f69a02df73b0086ccef11cd98d612	PY_MODULE_ce17961cb9b5fed9cec337ad16f99cf3		LOAD	false		false	false	store.save		UNKNOWN	NONE	NONE	SERVICE_VERSION_00000000000000000000000000000000	PY_EXPRESSION_9f84fa23d0be3214cbfd06d241e678bc
ATTRIBUTE_ACCESS	RECEIVER	RETURN_VALUE	METHOD		PY_METHOD_ec1c0674de5b89e4aebf23c4e1992980	PY_EXPRESSION_9f84fa23d0be3214cbfd06d241e678bc	0	1		save	NONE	NONE		UNKNOWN				false	0	68	15	68	25	PY_SCOPE_609f69a02df73b0086ccef11cd98d612	PY_MODULE_ce17961cb9b5fed9cec337ad16f99cf3		LOAD	false		false	false	store.save		UNKNOWN	NONE	NONE	SERVICE_VERSION_00000000000000000000000000000000	PY_EXPRESSION_636290ad58befde04013cdc8759c06cb
NAME_REFERENCE	ARGUMENT	RETURN_VALUE	METHOD		PY_METHOD_ec1c0674de5b89e4aebf23c4e1992980	PY_EXPRESSION_9f84fa23d0be3214cbfd06d241e678bc	0	1		item	NONE	NONE		UNKNOWN				false	0	68	26	68	30	PY_SCOPE_609f69a02df73b0086ccef11cd98d612	PY_MODULE_ce17961cb9b5fed9cec337ad16f99cf3	PY_BINDING_4331fc7d945db1aa252cde3e1b24024d	LOAD	false		false	false			UNKNOWN	NONE	NONE	SERVICE_VERSION_00000000000000000000000000000000	PY_EXPRESSION_f501d91335550b4d75cd2e458f18401b
NAME_REFERENCE	ATTRIBUTE_OBJECT	RETURN_VALUE	METHOD		PY_METHOD_ec1c0674de5b89e4aebf23c4e1992980	PY_EXPRESSION_636290ad58befde04013cdc8759c06cb	0	2		store	NONE	NONE		UNKNOWN				false	0	68	15	68	20	PY_SCOPE_609f69a02df73b0086ccef11cd98d612	PY_MODULE_ce17961cb9b5fed9cec337ad16f99cf3	PY_BINDING_19177042f1da97f7125859cde697ffda	LOAD	false		false	false			UNKNOWN	NONE	NONE	SERVICE_VERSION_00000000000000000000000000000000	PY_EXPRESSION_f37a4072614deeb22e0f12ba925d6ab7
LITERAL	RETURN_VALUE	RETURN_VALUE	METHOD		PY_METHOD_ec1c0674de5b89e4aebf23c4e1992980		0	0	NONE	None	NONE	NONE		UNKNOWN				false	1	69	11	69	15	PY_SCOPE_609f69a02df73b0086ccef11cd98d612	PY_MODULE_ce17961cb9b5fed9cec337ad16f99cf3		LOAD	false		false	false		None	NONE_TYPE	LITERAL	CERTAIN	SERVICE_VERSION_00000000000000000000000000000000	PY_EXPRESSION_2d19ab8b83743d1496bc8d5db362aadb
NAME_REFERENCE	ANNOTATION	ANNOTATION	METHOD_PARAMETER		PY_METHOD_PARAMETER_4284db647f6110eb942db34d7ba251b2		0	0		MemoryStore	NONE	NONE		TYPE	PY_TYPE_370308d5c9f53659a6b458a2a5ff6cfc			false		72	38	72	49	PY_SCOPE_f25a2ac6417c803d75b08559c6f07233	PY_MODULE_ce17961cb9b5fed9cec337ad16f99cf3	PY_BINDING_38a936a5f14a02a7258659c97cca19f6	LOAD	false		false	false			UNKNOWN	NONE	NONE	SERVICE_VERSION_00000000000000000000000000000000	PY_EXPRESSION_110c9bdfff946eff3dba364b5167316b
CALL	RETURN_VALUE	RETURN_VALUE	METHOD		PY_METHOD_b3f9773614724880fd4d64a9714794f6		0	0		save	NONE	NONE		UNKNOWN				false	0	73	11	73	27	PY_SCOPE_f388bd3cce38c8238cf3ea705f6ee313	PY_MODULE_ce17961cb9b5fed9cec337ad16f99cf3		LOAD	false		false	false	store.save		UNKNOWN	NONE	NONE	SERVICE_VERSION_00000000000000000000000000000000	PY_EXPRESSION_0379f50cf4f93fb4769137f645888946
ATTRIBUTE_ACCESS	RECEIVER	RETURN_VALUE	METHOD		PY_METHOD_b3f9773614724880fd4d64a9714794f6	PY_EXPRESSION_0379f50cf4f93fb4769137f645888946	0	1		save	NONE	NONE		UNKNOWN				false	0	73	11	73	21	PY_SCOPE_f388bd3cce38c8238cf3ea705f6ee313	PY_MODULE_ce17961cb9b5fed9cec337ad16f99cf3		LOAD	false		false	false	store.save		UNKNOWN	NONE	NONE	SERVICE_VERSION_00000000000000000000000000000000	PY_EXPRESSION_6fe67c581071eb73379c9ff1c3c752a9
NAME_REFERENCE	ARGUMENT	RETURN_VALUE	METHOD		PY_METHOD_b3f9773614724880fd4d64a9714794f6	PY_EXPRESSION_0379f50cf4f93fb4769137f645888946	0	1		item	NONE	NONE		UNKNOWN				false	0	73	22	73	26	PY_SCOPE_f388bd3cce38c8238cf3ea705f6ee313	PY_MODULE_ce17961cb9b5fed9cec337ad16f99cf3	PY_BINDING_cad0a1d5536d935442e743906811295c	LOAD	false		false	false			UNKNOWN	NONE	NONE	SERVICE_VERSION_00000000000000000000000000000000	PY_EXPRESSION_69ce86cf5275772598adf0f76ee786ad
NAME_REFERENCE	ATTRIBUTE_OBJECT	RETURN_VALUE	METHOD		PY_METHOD_b3f9773614724880fd4d64a9714794f6	PY_EXPRESSION_6fe67c581071eb73379c9ff1c3c752a9	0	2		store	NONE	NONE		UNKNOWN				false	0	73	11	73	16	PY_SCOPE_f388bd3cce38c8238cf3ea705f6ee313	PY_MODULE_ce17961cb9b5fed9cec337ad16f99cf3	PY_BINDING_c7c78d9dbe671f9d97d6e4e8761c3f7f	LOAD	false		false	false			UNKNOWN	NONE	NONE	SERVICE_VERSION_00000000000000000000000000000000	PY_EXPRESSION_882ffef39321d20ff098b3a45efa6cf6
CALL	RETURN_VALUE	RETURN_VALUE	METHOD		PY_METHOD_d4a0166fc9502502eb0afce8a8396734		0	0		save	NONE	NONE		UNKNOWN				false	0	77	11	77	34	PY_SCOPE_e4f28d86536866977c4058fac2de1125	PY_MODULE_ce17961cb9b5fed9cec337ad16f99cf3		LOAD	false		false	false	save		UNKNOWN	NONE	NONE	SERVICE_VERSION_00000000000000000000000000000000	PY_EXPRESSION_40e293ace373f6a388491239e692a702
ATTRIBUTE_ACCESS	RECEIVER	RETURN_VALUE	METHOD		PY_METHOD_d4a0166fc9502502eb0afce8a8396734	PY_EXPRESSION_40e293ace373f6a388491239e692a702	0	1		save	NONE	NONE		UNKNOWN				false	0	77	11	77	28	PY_SCOPE_e4f28d86536866977c4058fac2de1125	PY_MODULE_ce17961cb9b5fed9cec337ad16f99cf3		LOAD	false		false	false	save		UNKNOWN	NONE	NONE	SERVICE_VERSION_00000000000000000000000000000000	PY_EXPRESSION_ec8e4d878c9d70941c6180aa9e2ed7ed
NAME_REFERENCE	ARGUMENT	RETURN_VALUE	METHOD		PY_METHOD_d4a0166fc9502502eb0afce8a8396734	PY_EXPRESSION_40e293ace373f6a388491239e692a702	0	1		item	NONE	NONE		UNKNOWN				false	0	77	29	77	33	PY_SCOPE_e4f28d86536866977c4058fac2de1125	PY_MODULE_ce17961cb9b5fed9cec337ad16f99cf3	PY_BINDING_eb6e7ca4db06f211cf2f08bed301f43e	LOAD	false		false	false			UNKNOWN	NONE	NONE	SERVICE_VERSION_00000000000000000000000000000000	PY_EXPRESSION_35756ab621c3060f3b6054d640717c9e
CALL	ATTRIBUTE_OBJECT	RETURN_VALUE	METHOD		PY_METHOD_d4a0166fc9502502eb0afce8a8396734	PY_EXPRESSION_ec8e4d878c9d70941c6180aa9e2ed7ed	0	2		make_store	NONE	NONE		UNKNOWN				false	0	77	11	77	23	PY_SCOPE_e4f28d86536866977c4058fac2de1125	PY_MODULE_ce17961cb9b5fed9cec337ad16f99cf3		LOAD	false		false	false	make_store		UNKNOWN	NONE	NONE	SERVICE_VERSION_00000000000000000000000000000000	PY_EXPRESSION_beed04d4fb0c050771af1b5c40cff57c
NAME_REFERENCE	CALLEE	RETURN_VALUE	METHOD		PY_METHOD_d4a0166fc9502502eb0afce8a8396734	PY_EXPRESSION_beed04d4fb0c050771af1b5c40cff57c	0	3		make_store	NONE	NONE		METHOD	PY_METHOD_758273eb068c05403864206bbe922194			false	0	77	11	77	21	PY_SCOPE_e4f28d86536866977c4058fac2de1125	PY_MODULE_ce17961cb9b5fed9cec337ad16f99cf3	PY_BINDING_f44c95cfedfec75f3a5a4c4115d63315	LOAD	false		false	false			UNKNOWN	NONE	NONE	SERVICE_VERSION_00000000000000000000000000000000	PY_EXPRESSION_0cee93a2079b0fa6c5ebcea8a4e5d1f9
CALL	RETURN_VALUE	RETURN_VALUE	METHOD		PY_METHOD_758273eb068c05403864206bbe922194		0	0		AuditStore	NONE	NONE		UNKNOWN				false	0	81	11	81	23	PY_SCOPE_39568316976c44ca3b4288a571b64a87	PY_MODULE_ce17961cb9b5fed9cec337ad16f99cf3		LOAD	false		false	false	AuditStore		UNKNOWN	NONE	NONE	SERVICE_VERSION_00000000000000000000000000000000	PY_EXPRESSION_632872871d53a460769c9a1a8a6279b3
NAME_REFERENCE	CALLEE	RETURN_VALUE	METHOD		PY_METHOD_758273eb068c05403864206bbe922194	PY_EXPRESSION_632872871d53a460769c9a1a8a6279b3	0	1		AuditStore	NONE	NONE		TYPE	PY_TYPE_9cd9e6de4d223d020fcdc1b477d3fd03			false	0	81	11	81	21	PY_SCOPE_39568316976c44ca3b4288a571b64a87	PY_MODULE_ce17961cb9b5fed9cec337ad16f99cf3	PY_BINDING_ad9df3995627e00d29d81cd332f057ab	LOAD	false		false	false			UNKNOWN	NONE	NONE	SERVICE_VERSION_00000000000000000000000000000000	PY_EXPRESSION_15a8f62bc354b8e582efaf106ef2e95b
CALL	RETURN_VALUE	RETURN_VALUE	METHOD		PY_METHOD_79209177737d8b893e0fe8c3b9064363		0	0		save	NONE	NONE		UNKNOWN				false	0	88	11	88	27	PY_SCOPE_1b0ec4984727d7013e806057ebdf0884	PY_MODULE_ce17961cb9b5fed9cec337ad16f99cf3		LOAD	false		false	false	store.save		UNKNOWN	NONE	NONE	SERVICE_VERSION_00000000000000000000000000000000	PY_EXPRESSION_d8450a05c98427bc670f0e764c079576
ATTRIBUTE_ACCESS	RECEIVER	RETURN_VALUE	METHOD		PY_METHOD_79209177737d8b893e0fe8c3b9064363	PY_EXPRESSION_d8450a05c98427bc670f0e764c079576	0	1		save	NONE	NONE		UNKNOWN				false	0	88	11	88	21	PY_SCOPE_1b0ec4984727d7013e806057ebdf0884	PY_MODULE_ce17961cb9b5fed9cec337ad16f99cf3		LOAD	false		false	false	store.save		UNKNOWN	NONE	NONE	SERVICE_VERSION_00000000000000000000000000000000	PY_EXPRESSION_fe3d544554ec96099b7ef1fb03f5fe25
NAME_REFERENCE	ARGUMENT	RETURN_VALUE	METHOD		PY_METHOD_79209177737d8b893e0fe8c3b9064363	PY_EXPRESSION_d8450a05c98427bc670f0e764c079576	0	1		item	NONE	NONE		UNKNOWN				false	0	88	22	88	26	PY_SCOPE_1b0ec4984727d7013e806057ebdf0884	PY_MODULE_ce17961cb9b5fed9cec337ad16f99cf3	PY_BINDING_d3f2a07d8af8556f463afeb8dc9f9b69	LOAD	false		false	false			UNKNOWN	NONE	NONE	SERVICE_VERSION_00000000000000000000000000000000	PY_EXPRESSION_79aa5d4a4c2f176a39d056eab3771f81
NAME_REFERENCE	ATTRIBUTE_OBJECT	RETURN_VALUE	METHOD		PY_METHOD_79209177737d8b893e0fe8c3b9064363	PY_EXPRESSION_fe3d544554ec96099b7ef1fb03f5fe25	0	2		store	NONE	NONE		UNKNOWN				false	0	88	11	88	16	PY_SCOPE_1b0ec4984727d7013e806057ebdf0884	PY_MODULE_ce17961cb9b5fed9cec337ad16f99cf3	PY_BINDING_f5015af44e06778c7be37e0857f17f77	LOAD	false		false	false			UNKNOWN	NONE	NONE	SERVICE_VERSION_00000000000000000000000000000000	PY_EXPRESSION_3bfafed14f0ceece646a5455e629e8ab
ASSIGNMENT	ROOT	ASSIGNMENT_VALUE	METHOD		PY_METHOD_928e0a874d6371beb8d48ca946526085		0	0			NONE	NONE		UNKNOWN				false		92	4	92	29	PY_SCOPE_f430065b47ff04ec00084e602d4e87e0	PY_MODULE_ce17961cb9b5fed9cec337ad16f99cf3		LOAD	false		false	false			UNKNOWN	NONE	NONE	SERVICE_VERSION_00000000000000000000000000000000	PY_EXPRESSION_36d4a147e9ab360067081cc005f615c7
CALL	ASSIGNMENT_VALUE	ASSIGNMENT_VALUE	METHOD		PY_METHOD_928e0a874d6371beb8d48ca946526085	PY_EXPRESSION_36d4a147e9ab360067081cc005f615c7	0	1			NONE	NONE		UNKNOWN				false		92	12	92	29	PY_SCOPE_f430065b47ff04ec00084e602d4e87e0	PY_MODULE_ce17961cb9b5fed9cec337ad16f99cf3		LOAD	false		false	false			UNKNOWN	NONE	NONE	SERVICE_VERSION_00000000000000000000000000000000	PY_EXPRESSION_3655f061619c2858ab21383199ef0ad4
NAME_REFERENCE	ASSIGNMENT_TARGET	ASSIGNMENT_TARGET	METHOD		PY_METHOD_928e0a874d6371beb8d48ca946526085	PY_EXPRESSION_36d4a147e9ab360067081cc005f615c7	0	1		store	NONE	NONE		UNKNOWN				false		92	4	92	9	PY_SCOPE_f430065b47ff04ec00084e602d4e87e0	PY_MODULE_ce17961cb9b5fed9cec337ad16f99cf3	PY_BINDING_d5592407ae0e98637b129f3bb15c29cf	STORE	true		false	false			UNKNOWN	NONE	NONE	SERVICE_VERSION_00000000000000000000000000000000	PY_EXPRESSION_e7e3bcf5bc99a1ca2a38b940f320e12b
SUBSCRIPT	CALLEE	ASSIGNMENT_VALUE	METHOD		PY_METHOD_928e0a874d6371beb8d48ca946526085	PY_EXPRESSION_3655f061619c2858ab21383199ef0ad4	0	2			NONE	NONE		UNKNOWN				false		92	12	92	27	PY_SCOPE_f430065b47ff04ec00084e602d4e87e0	PY_MODULE_ce17961cb9b5fed9cec337ad16f99cf3		LOAD	false		false	false			UNKNOWN	NONE	NONE	SERVICE_VERSION_00000000000000000000000000000000	PY_EXPRESSION_c5c32ec7b978416d2bcfea03c2255122
CALL	SUBSCRIPT_OBJECT	ASSIGNMENT_VALUE	METHOD		PY_METHOD_928e0a874d6371beb8d48ca946526085	PY_EXPRESSION_c5c32ec7b978416d2bcfea03c2255122	0	3		globals	NONE	NONE		UNKNOWN				false		92	12	92	21	PY_SCOPE_f430065b47ff04ec00084e602d4e87e0	PY_MODULE_ce17961cb9b5fed9cec337ad16f99cf3		LOAD	false		false	false	globals		UNKNOWN	NONE	NONE	SERVICE_VERSION_00000000000000000000000000000000	PY_EXPRESSION_3631a50a4ba20a6bf5a86dacc1052a3a
NAME_REFERENCE	SUBSCRIPT_INDEX	ASSIGNMENT_VALUE	METHOD		PY_METHOD_928e0a874d6371beb8d48ca946526085	PY_EXPRESSION_c5c32ec7b978416d2bcfea03c2255122	1	3		name	NONE	NONE		UNKNOWN				false		92	22	92	26	PY_SCOPE_f430065b47ff04ec00084e602d4e87e0	PY_MODULE_ce17961cb9b5fed9cec337ad16f99cf3	PY_BINDING_f1a8b41826e603227c37ff8722f189ae	LOAD	false		false	false			UNKNOWN	NONE	NONE	SERVICE_VERSION_00000000000000000000000000000000	PY_EXPRESSION_ac7d90079255a3f4b5271b0893bea86b
NAME_REFERENCE	CALLEE	ASSIGNMENT_VALUE	METHOD		PY_METHOD_928e0a874d6371beb8d48ca946526085	PY_EXPRESSION_3631a50a4ba20a6bf5a86dacc1052a3a	0	4		globals	NONE	NONE		UNKNOWN				false		92	12	92	19	PY_SCOPE_f430065b47ff04ec00084e602d4e87e0	PY_MODULE_ce17961cb9b5fed9cec337ad16f99cf3	PY_BINDING_5d140f4cb4e039409db15d4cead9eef1	LOAD	false		false	false			UNKNOWN	NONE	NONE	SERVICE_VERSION_00000000000000000000000000000000	PY_EXPRESSION_d19518c9b3975450dac5d9d0138a5a69
CALL	RETURN_VALUE	RETURN_VALUE	METHOD		PY_METHOD_928e0a874d6371beb8d48ca946526085		0	0		save	NONE	NONE		UNKNOWN				false	0	93	11	93	27	PY_SCOPE_f430065b47ff04ec00084e602d4e87e0	PY_MODULE_ce17961cb9b5fed9cec337ad16f99cf3		LOAD	false		false	false	store.save		UNKNOWN	NONE	NONE	SERVICE_VERSION_00000000000000000000000000000000	PY_EXPRESSION_a4c9d6278a10480fa5ef76bb491cb7a6
ATTRIBUTE_ACCESS	RECEIVER	RETURN_VALUE	METHOD		PY_METHOD_928e0a874d6371beb8d48ca946526085	PY_EXPRESSION_a4c9d6278a10480fa5ef76bb491cb7a6	0	1		save	NONE	NONE		UNKNOWN				false	0	93	11	93	21	PY_SCOPE_f430065b47ff04ec00084e602d4e87e0	PY_MODULE_ce17961cb9b5fed9cec337ad16f99cf3		LOAD	false		false	false	store.save		UNKNOWN	NONE	NONE	SERVICE_VERSION_00000000000000000000000000000000	PY_EXPRESSION_b82219e474f1a8416967da2bd8f2af23
NAME_REFERENCE	ARGUMENT	RETURN_VALUE	METHOD		PY_METHOD_928e0a874d6371beb8d48ca946526085	PY_EXPRESSION_a4c9d6278a10480fa5ef76bb491cb7a6	0	1		item	NONE	NONE		UNKNOWN				false	0	93	22	93	26	PY_SCOPE_f430065b47ff04ec00084e602d4e87e0	PY_MODULE_ce17961cb9b5fed9cec337ad16f99cf3	PY_BINDING_dfb1ad3b96b39df69ea336db1ed2a3d0	LOAD	false		false	false			UNKNOWN	NONE	NONE	SERVICE_VERSION_00000000000000000000000000000000	PY_EXPRESSION_05105d9813557552fab07c60c1b03bad
NAME_REFERENCE	ATTRIBUTE_OBJECT	RETURN_VALUE	METHOD		PY_METHOD_928e0a874d6371beb8d48ca946526085	PY_EXPRESSION_b82219e474f1a8416967da2bd8f2af23	0	2		store	NONE	NONE		UNKNOWN				false	0	93	11	93	16	PY_SCOPE_f430065b47ff04ec00084e602d4e87e0	PY_MODULE_ce17961cb9b5fed9cec337ad16f99cf3	PY_BINDING_d5592407ae0e98637b129f3bb15c29cf	LOAD	false		false	false			UNKNOWN	NONE	NONE	SERVICE_VERSION_00000000000000000000000000000000	PY_EXPRESSION_42f255bfd4e5fc2cfea179b2dcf62f82
CALL	RETURN_VALUE	RETURN_VALUE	METHOD		PY_METHOD_24c767c50305623afe3059a7fa0aac89		0	0			NONE	NONE		UNKNOWN				false	0	97	11	97	37	PY_SCOPE_462b0ac631aff8bae0fed1cd176771d2	PY_MODULE_ce17961cb9b5fed9cec337ad16f99cf3		LOAD	false		false	false			UNKNOWN	NONE	NONE	SERVICE_VERSION_00000000000000000000000000000000	PY_EXPRESSION_9982db15c30e118526828f2f14f597d7
CALL	CALLEE	RETURN_VALUE	METHOD		PY_METHOD_24c767c50305623afe3059a7fa0aac89	PY_EXPRESSION_9982db15c30e118526828f2f14f597d7	0	1		getattr	NONE	NONE		UNKNOWN				false	0	97	11	97	31	PY_SCOPE_462b0ac631aff8bae0fed1cd176771d2	PY_MODULE_ce17961cb9b5fed9cec337ad16f99cf3		LOAD	false		false	false	getattr		UNKNOWN	NONE	NONE	SERVICE_VERSION_00000000000000000000000000000000	PY_EXPRESSION_b889d67c40b5600760181c5c95e9a60f
NAME_REFERENCE	ARGUMENT	RETURN_VALUE	METHOD		PY_METHOD_24c767c50305623afe3059a7fa0aac89	PY_EXPRESSION_9982db15c30e118526828f2f14f597d7	0	1		item	NONE	NONE		UNKNOWN				false	0	97	32	97	36	PY_SCOPE_462b0ac631aff8bae0fed1cd176771d2	PY_MODULE_ce17961cb9b5fed9cec337ad16f99cf3	PY_BINDING_d7a34a72eab01934fedf59ec2aa51628	LOAD	false		false	false			UNKNOWN	NONE	NONE	SERVICE_VERSION_00000000000000000000000000000000	PY_EXPRESSION_5960226a943b20f5f76d1065a31a8054
NAME_REFERENCE	CALLEE	RETURN_VALUE	METHOD		PY_METHOD_24c767c50305623afe3059a7fa0aac89	PY_EXPRESSION_b889d67c40b5600760181c5c95e9a60f	0	2		getattr	NONE	NONE		UNKNOWN				false	0	97	11	97	18	PY_SCOPE_462b0ac631aff8bae0fed1cd176771d2	PY_MODULE_ce17961cb9b5fed9cec337ad16f99cf3	PY_BINDING_e40e0e847c47908145801b94d5121dff	LOAD	false		false	false			UNKNOWN	NONE	NONE	SERVICE_VERSION_00000000000000000000000000000000	PY_EXPRESSION_bbec09d309399a2823b5eb2ba18e342b
NAME_REFERENCE	ARGUMENT	RETURN_VALUE	METHOD		PY_METHOD_24c767c50305623afe3059a7fa0aac89	PY_EXPRESSION_b889d67c40b5600760181c5c95e9a60f	0	2		obj	NONE	NONE		UNKNOWN				false	0	97	19	97	22	PY_SCOPE_462b0ac631aff8bae0fed1cd176771d2	PY_MODULE_ce17961cb9b5fed9cec337ad16f99cf3	PY_BINDING_829f122785e0d41f077374c17c07ad32	LOAD	false		false	false			UNKNOWN	NONE	NONE	SERVICE_VERSION_00000000000000000000000000000000	PY_EXPRESSION_5cb2d868e92f82373ae604c08d111503
LITERAL	ARGUMENT	RETURN_VALUE	METHOD		PY_METHOD_24c767c50305623afe3059a7fa0aac89	PY_EXPRESSION_b889d67c40b5600760181c5c95e9a60f	1	2	STRING	save	NONE	NONE		UNKNOWN				false	0	97	24	97	30	PY_SCOPE_462b0ac631aff8bae0fed1cd176771d2	PY_MODULE_ce17961cb9b5fed9cec337ad16f99cf3		LOAD	false		false	false		str	BUILTIN_SCALAR	LITERAL	CERTAIN	SERVICE_VERSION_00000000000000000000000000000000	PY_EXPRESSION_44fa6813ff6e574539cd479d835acff6
CALL	RETURN_VALUE	RETURN_VALUE	METHOD		PY_METHOD_c8e2492903f1349d8db96aa815d76be0		0	0		save	NONE	NONE		UNKNOWN				false	0	102	11	102	31	PY_SCOPE_ccbef12ac5a7c3f54771a8d14a1fdd57	PY_MODULE_ce17961cb9b5fed9cec337ad16f99cf3		LOAD	false		false	false	save		UNKNOWN	NONE	NONE	SERVICE_VERSION_00000000000000000000000000000000	PY_EXPRESSION_dd8bc57812b940c80b2f9a9dbf1e90b4
ATTRIBUTE_ACCESS	RECEIVER	RETURN_VALUE	METHOD		PY_METHOD_c8e2492903f1349d8db96aa815d76be0	PY_EXPRESSION_dd8bc57812b940c80b2f9a9dbf1e90b4	0	1		save	NONE	NONE		UNKNOWN				false	0	102	11	102	25	PY_SCOPE_ccbef12ac5a7c3f54771a8d14a1fdd57	PY_MODULE_ce17961cb9b5fed9cec337ad16f99cf3		LOAD	false		false	false	save		UNKNOWN	NONE	NONE	SERVICE_VERSION_00000000000000000000000000000000	PY_EXPRESSION_445f2cdae24cb2f9a1545c49e149fdfc
NAME_REFERENCE	ARGUMENT	RETURN_VALUE	METHOD		PY_METHOD_c8e2492903f1349d8db96aa815d76be0	PY_EXPRESSION_dd8bc57812b940c80b2f9a9dbf1e90b4	0	1		item	NONE	NONE		UNKNOWN				false	0	102	26	102	30	PY_SCOPE_ccbef12ac5a7c3f54771a8d14a1fdd57	PY_MODULE_ce17961cb9b5fed9cec337ad16f99cf3	PY_BINDING_8035a4d51267a44e8f3f89743d9c34a9	LOAD	false		false	false			UNKNOWN	NONE	NONE	SERVICE_VERSION_00000000000000000000000000000000	PY_EXPRESSION_1efdc92681e0d853d881dd7fbda89ca4
SUBSCRIPT	ATTRIBUTE_OBJECT	RETURN_VALUE	METHOD		PY_METHOD_c8e2492903f1349d8db96aa815d76be0	PY_EXPRESSION_445f2cdae24cb2f9a1545c49e149fdfc	0	2			NONE	NONE		UNKNOWN				false	0	102	11	102	20	PY_SCOPE_ccbef12ac5a7c3f54771a8d14a1fdd57	PY_MODULE_ce17961cb9b5fed9cec337ad16f99cf3		LOAD	false		false	false			UNKNOWN	NONE	NONE	SERVICE_VERSION_00000000000000000000000000000000	PY_EXPRESSION_96e9e2946d9e3632b97c1a08b35e94da
NAME_REFERENCE	SUBSCRIPT_OBJECT	RETURN_VALUE	METHOD		PY_METHOD_c8e2492903f1349d8db96aa815d76be0	PY_EXPRESSION_96e9e2946d9e3632b97c1a08b35e94da	0	3		stores	NONE	NONE		UNKNOWN				false	0	102	11	102	17	PY_SCOPE_ccbef12ac5a7c3f54771a8d14a1fdd57	PY_MODULE_ce17961cb9b5fed9cec337ad16f99cf3	PY_BINDING_87c0d0f1239e0e92a386bf3eb75447a7	LOAD	false		false	false			UNKNOWN	NONE	NONE	SERVICE_VERSION_00000000000000000000000000000000	PY_EXPRESSION_21200af45e7d45d6311dcc2ef45527c1
LITERAL	SUBSCRIPT_INDEX	RETURN_VALUE	METHOD		PY_METHOD_c8e2492903f1349d8db96aa815d76be0	PY_EXPRESSION_96e9e2946d9e3632b97c1a08b35e94da	1	3	INTEGER	0	NONE	NONE		UNKNOWN				false	0	102	18	102	19	PY_SCOPE_ccbef12ac5a7c3f54771a8d14a1fdd57	PY_MODULE_ce17961cb9b5fed9cec337ad16f99cf3		LOAD	false		false	false		int	BUILTIN_SCALAR	LITERAL	CERTAIN	SERVICE_VERSION_00000000000000000000000000000000	PY_EXPRESSION_d68f1626e929781dc481d3a217ffe8d6
ASSIGNMENT	ROOT	ASSIGNMENT_VALUE	METHOD		PY_METHOD_6a4eb4c7be5c44f570a0eb1722975963		0	0			NONE	NONE		UNKNOWN				false		108	4	108	23	PY_SCOPE_cb5dc7462102566b821a3aff21a737e5	PY_MODULE_ce17961cb9b5fed9cec337ad16f99cf3		LOAD	false		false	false			UNKNOWN	NONE	NONE	SERVICE_VERSION_00000000000000000000000000000000	PY_EXPRESSION_6d29ce675a887dbc993071905dc2b96c
CALL	ASSIGNMENT_VALUE	ASSIGNMENT_VALUE	METHOD		PY_METHOD_6a4eb4c7be5c44f570a0eb1722975963	PY_EXPRESSION_6d29ce675a887dbc993071905dc2b96c	0	1		FileStore	NONE	NONE		UNKNOWN				false		108	12	108	23	PY_SCOPE_cb5dc7462102566b821a3aff21a737e5	PY_MODULE_ce17961cb9b5fed9cec337ad16f99cf3		LOAD	false		false	false	FileStore		UNKNOWN	NONE	NONE	SERVICE_VERSION_00000000000000000000000000000000	PY_EXPRESSION_3b7ee4f212bfede1aa7cc2a6709ba9e2
NAME_REFERENCE	ASSIGNMENT_TARGET	ASSIGNMENT_TARGET	METHOD		PY_METHOD_6a4eb4c7be5c44f570a0eb1722975963	PY_EXPRESSION_6d29ce675a887dbc993071905dc2b96c	0	1		store	NONE	NONE		UNKNOWN				false		108	4	108	9	PY_SCOPE_cb5dc7462102566b821a3aff21a737e5	PY_MODULE_ce17961cb9b5fed9cec337ad16f99cf3	PY_BINDING_4f2b1691a728a569f52e4874067cc677	STORE	true		false	false			UNKNOWN	NONE	NONE	SERVICE_VERSION_00000000000000000000000000000000	PY_EXPRESSION_285e53dfaf331d5e6ac7831668662c87
NAME_REFERENCE	CALLEE	ASSIGNMENT_VALUE	METHOD		PY_METHOD_6a4eb4c7be5c44f570a0eb1722975963	PY_EXPRESSION_3b7ee4f212bfede1aa7cc2a6709ba9e2	0	2		FileStore	NONE	NONE		TYPE	PY_TYPE_4a78cff9ea347266ea18f2844136becc			false		108	12	108	21	PY_SCOPE_cb5dc7462102566b821a3aff21a737e5	PY_MODULE_ce17961cb9b5fed9cec337ad16f99cf3	PY_BINDING_0685bd95ac4d99bb424c0c5f82c3747a	LOAD	false		false	false			UNKNOWN	NONE	NONE	SERVICE_VERSION_00000000000000000000000000000000	PY_EXPRESSION_c8f3e5c0c3abaa479ad1feb693501c42
NAME_REFERENCE	CONDITION	IF_CONDITION	METHOD		PY_METHOD_6a4eb4c7be5c44f570a0eb1722975963		0	0		flag	NONE	NONE		UNKNOWN				false		109	7	109	11	PY_SCOPE_cb5dc7462102566b821a3aff21a737e5	PY_MODULE_ce17961cb9b5fed9cec337ad16f99cf3	PY_BINDING_703344a345e0d97c0c8600b15de84eff	LOAD	false		false	false			UNKNOWN	NONE	NONE	SERVICE_VERSION_00000000000000000000000000000000	PY_EXPRESSION_3f2694adcf9a523f7db7a91efef4b132
ASSIGNMENT	ROOT	ASSIGNMENT_VALUE	METHOD		PY_METHOD_6a4eb4c7be5c44f570a0eb1722975963		0	0			NONE	NONE		UNKNOWN				false		110	8	110	25	PY_SCOPE_cb5dc7462102566b821a3aff21a737e5	PY_MODULE_ce17961cb9b5fed9cec337ad16f99cf3		LOAD	false		false	false			UNKNOWN	NONE	NONE	SERVICE_VERSION_00000000000000000000000000000000	PY_EXPRESSION_b01fc4f34cef59a0ee1f0e7597569ecd
CALL	ASSIGNMENT_VALUE	ASSIGNMENT_VALUE	METHOD		PY_METHOD_6a4eb4c7be5c44f570a0eb1722975963	PY_EXPRESSION_b01fc4f34cef59a0ee1f0e7597569ecd	0	1		DbStore	NONE	NONE		UNKNOWN				false		110	16	110	25	PY_SCOPE_cb5dc7462102566b821a3aff21a737e5	PY_MODULE_ce17961cb9b5fed9cec337ad16f99cf3		LOAD	false		false	false	DbStore		UNKNOWN	NONE	NONE	SERVICE_VERSION_00000000000000000000000000000000	PY_EXPRESSION_fed697d171ae56e7d5724b5db95fab11
NAME_REFERENCE	ASSIGNMENT_TARGET	ASSIGNMENT_TARGET	METHOD		PY_METHOD_6a4eb4c7be5c44f570a0eb1722975963	PY_EXPRESSION_b01fc4f34cef59a0ee1f0e7597569ecd	0	1		store	NONE	NONE		UNKNOWN				false		110	8	110	13	PY_SCOPE_cb5dc7462102566b821a3aff21a737e5	PY_MODULE_ce17961cb9b5fed9cec337ad16f99cf3	PY_BINDING_4f2b1691a728a569f52e4874067cc677	STORE	true		false	false			UNKNOWN	NONE	NONE	SERVICE_VERSION_00000000000000000000000000000000	PY_EXPRESSION_f604960b7349d630c5b5158fdaaa07e3
NAME_REFERENCE	CALLEE	ASSIGNMENT_VALUE	METHOD		PY_METHOD_6a4eb4c7be5c44f570a0eb1722975963	PY_EXPRESSION_fed697d171ae56e7d5724b5db95fab11	0	2		DbStore	NONE	NONE		TYPE	PY_TYPE_6dca4a3f45f56313692e08e18aacced1			false		110	16	110	23	PY_SCOPE_cb5dc7462102566b821a3aff21a737e5	PY_MODULE_ce17961cb9b5fed9cec337ad16f99cf3	PY_BINDING_87a8804c8f6869f47f7e9e76b8acf0b2	LOAD	false		false	false			UNKNOWN	NONE	NONE	SERVICE_VERSION_00000000000000000000000000000000	PY_EXPRESSION_45978870445796efbdebf5b0538e0843
CALL	RETURN_VALUE	RETURN_VALUE	METHOD		PY_METHOD_6a4eb4c7be5c44f570a0eb1722975963		0	0		save	NONE	NONE		UNKNOWN				false	0	111	11	111	27	PY_SCOPE_cb5dc7462102566b821a3aff21a737e5	PY_MODULE_ce17961cb9b5fed9cec337ad16f99cf3		LOAD	false		false	false	store.save		UNKNOWN	NONE	NONE	SERVICE_VERSION_00000000000000000000000000000000	PY_EXPRESSION_9cd2c94bfd8e8e333d7220f2817fb7df
ATTRIBUTE_ACCESS	RECEIVER	RETURN_VALUE	METHOD		PY_METHOD_6a4eb4c7be5c44f570a0eb1722975963	PY_EXPRESSION_9cd2c94bfd8e8e333d7220f2817fb7df	0	1		save	NONE	NONE		UNKNOWN				false	0	111	11	111	21	PY_SCOPE_cb5dc7462102566b821a3aff21a737e5	PY_MODULE_ce17961cb9b5fed9cec337ad16f99cf3		LOAD	false		false	false	store.save		UNKNOWN	NONE	NONE	SERVICE_VERSION_00000000000000000000000000000000	PY_EXPRESSION_12ea5ca30b6dc29c98ea81c38166406e
NAME_REFERENCE	ARGUMENT	RETURN_VALUE	METHOD		PY_METHOD_6a4eb4c7be5c44f570a0eb1722975963	PY_EXPRESSION_9cd2c94bfd8e8e333d7220f2817fb7df	0	1		item	NONE	NONE		UNKNOWN				false	0	111	22	111	26	PY_SCOPE_cb5dc7462102566b821a3aff21a737e5	PY_MODULE_ce17961cb9b5fed9cec337ad16f99cf3	PY_BINDING_52e4bba8ec1f84ef525374f784f77b29	LOAD	false		false	false			UNKNOWN	NONE	NONE	SERVICE_VERSION_00000000000000000000000000000000	PY_EXPRESSION_b3e54a5f502c5a7b6ce026225b012eed
NAME_REFERENCE	ATTRIBUTE_OBJECT	RETURN_VALUE	METHOD		PY_METHOD_6a4eb4c7be5c44f570a0eb1722975963	PY_EXPRESSION_12ea5ca30b6dc29c98ea81c38166406e	0	2		store	NONE	NONE		UNKNOWN				false	0	111	11	111	16	PY_SCOPE_cb5dc7462102566b821a3aff21a737e5	PY_MODULE_ce17961cb9b5fed9cec337ad16f99cf3	PY_BINDING_4f2b1691a728a569f52e4874067cc677	LOAD	false		false	false			UNKNOWN	NONE	NONE	SERVICE_VERSION_00000000000000000000000000000000	PY_EXPRESSION_f25427a055a6b42e7e6e7a1cfda5a85e
LITERAL	ROOT	MODULE_LEVEL_STATEMENT	METHOD		PY_METHOD_395485fef8e23341ab05469027a3510f		0	0	STRING	Java analogue: methods/ (return types) + expressions/ (chained calls). Path (4): a receiver that is itself a call result. 7.3% of attribute-call receivers. Resolving these needs the callee's return type, which -- with only 47% of returns annotated -- usually means inferring it from the return statements.	NONE	NONE		UNKNOWN				false		1	0	7	3	PY_SCOPE_9d4b3eb0c9133f90145825beee9bf943	PY_MODULE_9c9f1480da13fb17657d9fde537a37e0		LOAD	false		false	false		str	BUILTIN_SCALAR	LITERAL	CERTAIN	SERVICE_VERSION_00000000000000000000000000000000	PY_EXPRESSION_4d728789124c325c2e16cecab2840b34
LITERAL	ROOT	EXPRESSION_STATEMENT	METHOD		PY_METHOD_22d246dc6c1c02a93c5abfa3303cbd37		0	0	STRING	Single return of a constructor call: the concrete type is pinned.	NONE	NONE		UNKNOWN				false		13	4	13	75	PY_SCOPE_1ea361bd411db94b7da274424a3404d7	PY_MODULE_9c9f1480da13fb17657d9fde537a37e0		LOAD	false		false	false		str	BUILTIN_SCALAR	LITERAL	CERTAIN	SERVICE_VERSION_00000000000000000000000000000000	PY_EXPRESSION_1b8e6d6c49b740b0faff11682fe34d48
CALL	RETURN_VALUE	RETURN_VALUE	METHOD		PY_METHOD_22d246dc6c1c02a93c5abfa3303cbd37		0	0		Account	NONE	NONE		UNKNOWN				false	0	14	11	14	25	PY_SCOPE_1ea361bd411db94b7da274424a3404d7	PY_MODULE_9c9f1480da13fb17657d9fde537a37e0		LOAD	false		false	false	Account		UNKNOWN	NONE	NONE	SERVICE_VERSION_00000000000000000000000000000000	PY_EXPRESSION_19a907f1e9248cfa728d0ce77003cd6b
NAME_REFERENCE	CALLEE	RETURN_VALUE	METHOD		PY_METHOD_22d246dc6c1c02a93c5abfa3303cbd37	PY_EXPRESSION_19a907f1e9248cfa728d0ce77003cd6b	0	1		Account	NONE	NONE		TYPE	PY_TYPE_160aee5ca584e3817b8783b4e148e2a8			false	0	14	11	14	18	PY_SCOPE_1ea361bd411db94b7da274424a3404d7	PY_MODULE_9c9f1480da13fb17657d9fde537a37e0	PY_BINDING_04f023f8aca385d1aa7359861115af7e	LOAD	false		false	false			UNKNOWN	NONE	NONE	SERVICE_VERSION_00000000000000000000000000000000	PY_EXPRESSION_d691052f742fb5794051285b34253db6
NAME_REFERENCE	ARGUMENT	RETURN_VALUE	METHOD		PY_METHOD_22d246dc6c1c02a93c5abfa3303cbd37	PY_EXPRESSION_19a907f1e9248cfa728d0ce77003cd6b	0	1		owner	NONE	NONE		UNKNOWN				false	0	14	19	14	24	PY_SCOPE_1ea361bd411db94b7da274424a3404d7	PY_MODULE_9c9f1480da13fb17657d9fde537a37e0	PY_BINDING_f7051ef9dd89f285668f0ed355878a0c	LOAD	false		false	false			UNKNOWN	NONE	NONE	SERVICE_VERSION_00000000000000000000000000000000	PY_EXPRESSION_67e8d3824e5a259522bf9a2aaa690950
NAME_REFERENCE	ANNOTATION	ANNOTATION	METHOD		PY_METHOD_395485fef8e23341ab05469027a3510f		0	0		Account	NONE	NONE		TYPE	PY_TYPE_160aee5ca584e3817b8783b4e148e2a8			false		17	32	17	39	PY_SCOPE_9d4b3eb0c9133f90145825beee9bf943	PY_MODULE_9c9f1480da13fb17657d9fde537a37e0	PY_BINDING_c9b4a75cdd03c3edbd3ee1dfb57a89f4	LOAD	false		false	false			UNKNOWN	NONE	NONE	SERVICE_VERSION_00000000000000000000000000000000	PY_EXPRESSION_b5ff6180f0dc7d3165ed7c522999573a
LITERAL	ROOT	EXPRESSION_STATEMENT	METHOD		PY_METHOD_80d94179b1e253759098e913ccd1a0f1		0	0	STRING	Annotated return: free precision when it is present.	NONE	NONE		UNKNOWN				false		18	4	18	62	PY_SCOPE_d2bab5fdd2d135810e5a86a9bef37027	PY_MODULE_9c9f1480da13fb17657d9fde537a37e0		LOAD	false		false	false		str	BUILTIN_SCALAR	LITERAL	CERTAIN	SERVICE_VERSION_00000000000000000000000000000000	PY_EXPRESSION_443c9f954f2eddcae92538dca8584255
CALL	RETURN_VALUE	RETURN_VALUE	METHOD		PY_METHOD_80d94179b1e253759098e913ccd1a0f1		0	0		Account	NONE	NONE		UNKNOWN				false	0	19	11	19	25	PY_SCOPE_d2bab5fdd2d135810e5a86a9bef37027	PY_MODULE_9c9f1480da13fb17657d9fde537a37e0		LOAD	false		false	false	Account		UNKNOWN	NONE	NONE	SERVICE_VERSION_00000000000000000000000000000000	PY_EXPRESSION_8f1c19ac1cbbd2c0220753028fe14c0f
NAME_REFERENCE	CALLEE	RETURN_VALUE	METHOD		PY_METHOD_80d94179b1e253759098e913ccd1a0f1	PY_EXPRESSION_8f1c19ac1cbbd2c0220753028fe14c0f	0	1		Account	NONE	NONE		TYPE	PY_TYPE_160aee5ca584e3817b8783b4e148e2a8			false	0	19	11	19	18	PY_SCOPE_d2bab5fdd2d135810e5a86a9bef37027	PY_MODULE_9c9f1480da13fb17657d9fde537a37e0	PY_BINDING_91e081b11219142dd4f2330a89c4314c	LOAD	false		false	false			UNKNOWN	NONE	NONE	SERVICE_VERSION_00000000000000000000000000000000	PY_EXPRESSION_c1fcdb77a17954b17cad9fa960b886b2
NAME_REFERENCE	ARGUMENT	RETURN_VALUE	METHOD		PY_METHOD_80d94179b1e253759098e913ccd1a0f1	PY_EXPRESSION_8f1c19ac1cbbd2c0220753028fe14c0f	0	1		owner	NONE	NONE		UNKNOWN				false	0	19	19	19	24	PY_SCOPE_d2bab5fdd2d135810e5a86a9bef37027	PY_MODULE_9c9f1480da13fb17657d9fde537a37e0	PY_BINDING_857a8e5b16ebbbdbcdf9bb6921a15266	LOAD	false		false	false			UNKNOWN	NONE	NONE	SERVICE_VERSION_00000000000000000000000000000000	PY_EXPRESSION_28e392ba85b0b92ec30393bf6d6905d8
LITERAL	ROOT	EXPRESSION_STATEMENT	METHOD		PY_METHOD_0bd157d1de0fd5fdb5e41493c68a216f		0	0	STRING	Delegates to a function whose return IS pinned -- transitive.	NONE	NONE		UNKNOWN				false		23	4	23	71	PY_SCOPE_20fe6b3ce5d1c6a8a5e259683850275d	PY_MODULE_9c9f1480da13fb17657d9fde537a37e0		LOAD	false		false	false		str	BUILTIN_SCALAR	LITERAL	CERTAIN	SERVICE_VERSION_00000000000000000000000000000000	PY_EXPRESSION_cec2889a2daee7be22c9210df8a07cdb
CALL	RETURN_VALUE	RETURN_VALUE	METHOD		PY_METHOD_0bd157d1de0fd5fdb5e41493c68a216f		0	0		returns_new_directly	NONE	NONE		UNKNOWN				false	0	24	11	24	38	PY_SCOPE_20fe6b3ce5d1c6a8a5e259683850275d	PY_MODULE_9c9f1480da13fb17657d9fde537a37e0		LOAD	false		false	false	returns_new_directly		UNKNOWN	NONE	NONE	SERVICE_VERSION_00000000000000000000000000000000	PY_EXPRESSION_53d92181664c81c356018940a5567f1f
NAME_REFERENCE	CALLEE	RETURN_VALUE	METHOD		PY_METHOD_0bd157d1de0fd5fdb5e41493c68a216f	PY_EXPRESSION_53d92181664c81c356018940a5567f1f	0	1		returns_new_directly	NONE	NONE		METHOD	PY_METHOD_22d246dc6c1c02a93c5abfa3303cbd37			false	0	24	11	24	31	PY_SCOPE_20fe6b3ce5d1c6a8a5e259683850275d	PY_MODULE_9c9f1480da13fb17657d9fde537a37e0	PY_BINDING_f37369773d4329b8c5b67800680a858b	LOAD	false		false	false			UNKNOWN	NONE	NONE	SERVICE_VERSION_00000000000000000000000000000000	PY_EXPRESSION_63d40b7e1e90a2546e07f8d83315b36c
NAME_REFERENCE	ARGUMENT	RETURN_VALUE	METHOD		PY_METHOD_0bd157d1de0fd5fdb5e41493c68a216f	PY_EXPRESSION_53d92181664c81c356018940a5567f1f	0	1		owner	NONE	NONE		UNKNOWN				false	0	24	32	24	37	PY_SCOPE_20fe6b3ce5d1c6a8a5e259683850275d	PY_MODULE_9c9f1480da13fb17657d9fde537a37e0	PY_BINDING_92d4c76984fd0f2bdcee6aedbe63470f	LOAD	false		false	false			UNKNOWN	NONE	NONE	SERVICE_VERSION_00000000000000000000000000000000	PY_EXPRESSION_63dcc6e3a617020ab8cbe52dce09aee8
LITERAL	ROOT	EXPRESSION_STATEMENT	METHOD		PY_METHOD_07797a1ba11d3626a9631e2e767b76df		0	0	STRING	Two return statements, two types: the union, not a guess.	NONE	NONE		UNKNOWN				false		28	4	28	67	PY_SCOPE_440b72628b7a91acf0a4a3cae1aafac1	PY_MODULE_9c9f1480da13fb17657d9fde537a37e0		LOAD	false		false	false		str	BUILTIN_SCALAR	LITERAL	CERTAIN	SERVICE_VERSION_00000000000000000000000000000000	PY_EXPRESSION_ac09dd9316f43d418658c3d84eeb1d8e
NAME_REFERENCE	CONDITION	IF_CONDITION	METHOD		PY_METHOD_07797a1ba11d3626a9631e2e767b76df		0	0		flag	NONE	NONE		UNKNOWN				false		29	7	29	11	PY_SCOPE_440b72628b7a91acf0a4a3cae1aafac1	PY_MODULE_9c9f1480da13fb17657d9fde537a37e0	PY_BINDING_1f1a8336838f8759ca56b6b37f2111a4	LOAD	false		false	false			UNKNOWN	NONE	NONE	SERVICE_VERSION_00000000000000000000000000000000	PY_EXPRESSION_70fbec71eb791fe59028a8324196b93e
CALL	RETURN_VALUE	RETURN_VALUE	METHOD		PY_METHOD_07797a1ba11d3626a9631e2e767b76df		0	0		Account	NONE	NONE		UNKNOWN				false	0	30	15	30	29	PY_SCOPE_440b72628b7a91acf0a4a3cae1aafac1	PY_MODULE_9c9f1480da13fb17657d9fde537a37e0		LOAD	false		false	false	Account		UNKNOWN	NONE	NONE	SERVICE_VERSION_00000000000000000000000000000000	PY_EXPRESSION_067140c61334df2b07b6ea2f2a6789d0
NAME_REFERENCE	CALLEE	RETURN_VALUE	METHOD		PY_METHOD_07797a1ba11d3626a9631e2e767b76df	PY_EXPRESSION_067140c61334df2b07b6ea2f2a6789d0	0	1		Account	NONE	NONE		TYPE	PY_TYPE_160aee5ca584e3817b8783b4e148e2a8			false	0	30	15	30	22	PY_SCOPE_440b72628b7a91acf0a4a3cae1aafac1	PY_MODULE_9c9f1480da13fb17657d9fde537a37e0	PY_BINDING_2fe9335dcde3325028fb282877f724bd	LOAD	false		false	false			UNKNOWN	NONE	NONE	SERVICE_VERSION_00000000000000000000000000000000	PY_EXPRESSION_9c3c5ddaaae0634a3dba69794d883093
NAME_REFERENCE	ARGUMENT	RETURN_VALUE	METHOD		PY_METHOD_07797a1ba11d3626a9631e2e767b76df	PY_EXPRESSION_067140c61334df2b07b6ea2f2a6789d0	0	1		owner	NONE	NONE		UNKNOWN				false	0	30	23	30	28	PY_SCOPE_440b72628b7a91acf0a4a3cae1aafac1	PY_MODULE_9c9f1480da13fb17657d9fde537a37e0	PY_BINDING_d6ec2a6d7841610afc0768775f69eb9d	LOAD	false		false	false			UNKNOWN	NONE	NONE	SERVICE_VERSION_00000000000000000000000000000000	PY_EXPRESSION_98241e6287ff89b1ba1209022db15271
CALL	RETURN_VALUE	RETURN_VALUE	METHOD		PY_METHOD_07797a1ba11d3626a9631e2e767b76df		0	0		Ledger	NONE	NONE		UNKNOWN				false	1	31	11	31	19	PY_SCOPE_440b72628b7a91acf0a4a3cae1aafac1	PY_MODULE_9c9f1480da13fb17657d9fde537a37e0		LOAD	false		false	false	Ledger		UNKNOWN	NONE	NONE	SERVICE_VERSION_00000000000000000000000000000000	PY_EXPRESSION_414c3724f722c7fd9ea46c66edc46cbf
NAME_REFERENCE	CALLEE	RETURN_VALUE	METHOD		PY_METHOD_07797a1ba11d3626a9631e2e767b76df	PY_EXPRESSION_414c3724f722c7fd9ea46c66edc46cbf	0	1		Ledger	NONE	NONE		TYPE	PY_TYPE_65c006b7dc1da8d5b431a90353733207			false	1	31	11	31	17	PY_SCOPE_440b72628b7a91acf0a4a3cae1aafac1	PY_MODULE_9c9f1480da13fb17657d9fde537a37e0	PY_BINDING_9796a69cb386f50e478ea27df83e88a0	LOAD	false		false	false			UNKNOWN	NONE	NONE	SERVICE_VERSION_00000000000000000000000000000000	PY_EXPRESSION_46d3f626035ccbd1bbb0f31abd18d052
UNARY_OPERATION	CONDITION	IF_CONDITION	METHOD		PY_METHOD_94bf6301f05c6dfdb57df3b97a059c27		0	0			NONE	PREFIX	not	UNKNOWN				false		35	7	35	15	PY_SCOPE_9643ed5eb7ad9215f7eb2ce8095491e8	PY_MODULE_9c9f1480da13fb17657d9fde537a37e0		LOAD	false		false	false			UNKNOWN	NONE	NONE	SERVICE_VERSION_00000000000000000000000000000000	PY_EXPRESSION_71aa52b337b1da2717faaef10da52b94
NAME_REFERENCE	UNARY_OPERAND	IF_CONDITION	METHOD		PY_METHOD_94bf6301f05c6dfdb57df3b97a059c27	PY_EXPRESSION_71aa52b337b1da2717faaef10da52b94	0	1		flag	NONE	NONE		UNKNOWN				false		35	11	35	15	PY_SCOPE_9643ed5eb7ad9215f7eb2ce8095491e8	PY_MODULE_9c9f1480da13fb17657d9fde537a37e0	PY_BINDING_9ccfc2d140bfd8b2d81b9282e9b1f8f8	LOAD	false		false	false			UNKNOWN	NONE	NONE	SERVICE_VERSION_00000000000000000000000000000000	PY_EXPRESSION_eba121c006d1e662a9b8bec74e9fdeb2
LITERAL	RETURN_VALUE	RETURN_VALUE	METHOD		PY_METHOD_94bf6301f05c6dfdb57df3b97a059c27		0	0	NONE	None	NONE	NONE		UNKNOWN				false	0	36	15	36	19	PY_SCOPE_9643ed5eb7ad9215f7eb2ce8095491e8	PY_MODULE_9c9f1480da13fb17657d9fde537a37e0		LOAD	false		false	false		None	NONE_TYPE	LITERAL	CERTAIN	SERVICE_VERSION_00000000000000000000000000000000	PY_EXPRESSION_224dccebd07431cc16e5fb94bf086d86
CALL	RETURN_VALUE	RETURN_VALUE	METHOD		PY_METHOD_94bf6301f05c6dfdb57df3b97a059c27		0	0		Account	NONE	NONE		UNKNOWN				false	1	37	11	37	25	PY_SCOPE_9643ed5eb7ad9215f7eb2ce8095491e8	PY_MODULE_9c9f1480da13fb17657d9fde537a37e0		LOAD	false		false	false	Account		UNKNOWN	NONE	NONE	SERVICE_VERSION_00000000000000000000000000000000	PY_EXPRESSION_5810f5c4dbb0a5df268bf2f6f2bbd7e9
NAME_REFERENCE	CALLEE	RETURN_VALUE	METHOD		PY_METHOD_94bf6301f05c6dfdb57df3b97a059c27	PY_EXPRESSION_5810f5c4dbb0a5df268bf2f6f2bbd7e9	0	1		Account	NONE	NONE		TYPE	PY_TYPE_160aee5ca584e3817b8783b4e148e2a8			false	1	37	11	37	18	PY_SCOPE_9643ed5eb7ad9215f7eb2ce8095491e8	PY_MODULE_9c9f1480da13fb17657d9fde537a37e0	PY_BINDING_0ba61238323a321b2e10590bc1f8e3da	LOAD	false		false	false			UNKNOWN	NONE	NONE	SERVICE_VERSION_00000000000000000000000000000000	PY_EXPRESSION_4797ad1de42634cbfed514250dbcabd7
NAME_REFERENCE	ARGUMENT	RETURN_VALUE	METHOD		PY_METHOD_94bf6301f05c6dfdb57df3b97a059c27	PY_EXPRESSION_5810f5c4dbb0a5df268bf2f6f2bbd7e9	0	1		owner	NONE	NONE		UNKNOWN				false	1	37	19	37	24	PY_SCOPE_9643ed5eb7ad9215f7eb2ce8095491e8	PY_MODULE_9c9f1480da13fb17657d9fde537a37e0	PY_BINDING_2eb1fc35a997ed0f520ec9a4ebdccf2f	LOAD	false		false	false			UNKNOWN	NONE	NONE	SERVICE_VERSION_00000000000000000000000000000000	PY_EXPRESSION_f14b1fa18e2c0ad83e5e562cfb0b587b
CALL	RETURN_VALUE	RETURN_VALUE	METHOD		PY_METHOD_a44b164c3e7c5b16601544ee778f0a73		0	0		deposit	NONE	NONE		UNKNOWN				false	0	41	11	41	37	PY_SCOPE_6eb8b50021ea0507bd2a7f68658519f9	PY_MODULE_9c9f1480da13fb17657d9fde537a37e0		LOAD	false		false	false	deposit		UNKNOWN	NONE	NONE	SERVICE_VERSION_00000000000000000000000000000000	PY_EXPRESSION_cd579e2c4ff894bad72a24d92f8caf98
ATTRIBUTE_ACCESS	RECEIVER	RETURN_VALUE	METHOD		PY_METHOD_a44b164c3e7c5b16601544ee778f0a73	PY_EXPRESSION_cd579e2c4ff894bad72a24d92f8caf98	0	1		deposit	NONE	NONE		UNKNOWN				false	0	41	11	41	33	PY_SCOPE_6eb8b50021ea0507bd2a7f68658519f9	PY_MODULE_9c9f1480da13fb17657d9fde537a37e0		LOAD	false		false	false	deposit		UNKNOWN	NONE	NONE	SERVICE_VERSION_00000000000000000000000000000000	PY_EXPRESSION_601cb9c1b3c09a9f544de2cddf3fb5cd
LITERAL	ARGUMENT	RETURN_VALUE	METHOD		PY_METHOD_a44b164c3e7c5b16601544ee778f0a73	PY_EXPRESSION_cd579e2c4ff894bad72a24d92f8caf98	0	1	INTEGER	10	NONE	NONE		UNKNOWN				false	0	41	34	41	36	PY_SCOPE_6eb8b50021ea0507bd2a7f68658519f9	PY_MODULE_9c9f1480da13fb17657d9fde537a37e0		LOAD	false		false	false		int	BUILTIN_SCALAR	LITERAL	CERTAIN	SERVICE_VERSION_00000000000000000000000000000000	PY_EXPRESSION_8e4279572f93fb7f4cdc0378dbb1d64f
CALL	ATTRIBUTE_OBJECT	RETURN_VALUE	METHOD		PY_METHOD_a44b164c3e7c5b16601544ee778f0a73	PY_EXPRESSION_601cb9c1b3c09a9f544de2cddf3fb5cd	0	2		Account	NONE	NONE		UNKNOWN				false	0	41	11	41	25	PY_SCOPE_6eb8b50021ea0507bd2a7f68658519f9	PY_MODULE_9c9f1480da13fb17657d9fde537a37e0		LOAD	false		false	false	Account		UNKNOWN	NONE	NONE	SERVICE_VERSION_00000000000000000000000000000000	PY_EXPRESSION_b6f1a33cb4d4cac1d29634f9ad5da099
NAME_REFERENCE	CALLEE	RETURN_VALUE	METHOD		PY_METHOD_a44b164c3e7c5b16601544ee778f0a73	PY_EXPRESSION_b6f1a33cb4d4cac1d29634f9ad5da099	0	3		Account	NONE	NONE		TYPE	PY_TYPE_160aee5ca584e3817b8783b4e148e2a8			false	0	41	11	41	18	PY_SCOPE_6eb8b50021ea0507bd2a7f68658519f9	PY_MODULE_9c9f1480da13fb17657d9fde537a37e0	PY_BINDING_04549fe0983c211fd359205a05b1617e	LOAD	false		false	false			UNKNOWN	NONE	NONE	SERVICE_VERSION_00000000000000000000000000000000	PY_EXPRESSION_34bf39cb1c80c4c8fb92fa07920fce57
NAME_REFERENCE	ARGUMENT	RETURN_VALUE	METHOD		PY_METHOD_a44b164c3e7c5b16601544ee778f0a73	PY_EXPRESSION_b6f1a33cb4d4cac1d29634f9ad5da099	0	3		owner	NONE	NONE		UNKNOWN				false	0	41	19	41	24	PY_SCOPE_6eb8b50021ea0507bd2a7f68658519f9	PY_MODULE_9c9f1480da13fb17657d9fde537a37e0	PY_BINDING_d72ff6813a46340f2ad6ba8110e23c9a	LOAD	false		false	false			UNKNOWN	NONE	NONE	SERVICE_VERSION_00000000000000000000000000000000	PY_EXPRESSION_9411983964eed6e8a69670760bb1967e
ASSIGNMENT	ROOT	ASSIGNMENT_VALUE	METHOD	PY_TYPE_bd74adf854f8871ae083bf79ff6a67b9	PY_METHOD_cd31b19764a80b4d65d57b7679a5f32e		0	0			NONE	NONE		UNKNOWN				false		46	8	46	30	PY_SCOPE_27f8317db4ab108ee2bda3041f2e0ba7	PY_MODULE_9c9f1480da13fb17657d9fde537a37e0		LOAD	false		false	false			UNKNOWN	NONE	NONE	SERVICE_VERSION_00000000000000000000000000000000	PY_EXPRESSION_fc40bba9f293428689fb068f58e98574
CALL	ASSIGNMENT_VALUE	ASSIGNMENT_VALUE	METHOD	PY_TYPE_bd74adf854f8871ae083bf79ff6a67b9	PY_METHOD_cd31b19764a80b4d65d57b7679a5f32e	PY_EXPRESSION_fc40bba9f293428689fb068f58e98574	0	1		Ledger	NONE	NONE		UNKNOWN				false		46	22	46	30	PY_SCOPE_27f8317db4ab108ee2bda3041f2e0ba7	PY_MODULE_9c9f1480da13fb17657d9fde537a37e0		LOAD	false		false	false	Ledger		UNKNOWN	NONE	NONE	SERVICE_VERSION_00000000000000000000000000000000	PY_EXPRESSION_7ffb8bed3cd74ba5481e8bda3b03ddc6
ATTRIBUTE_ACCESS	ASSIGNMENT_TARGET	ASSIGNMENT_TARGET	METHOD	PY_TYPE_bd74adf854f8871ae083bf79ff6a67b9	PY_METHOD_cd31b19764a80b4d65d57b7679a5f32e	PY_EXPRESSION_fc40bba9f293428689fb068f58e98574	0	1		ledger	NONE	NONE		FIELD	PY_FIELD_0c26abeb768d28a75ccd0989677c9063			false		46	8	46	19	PY_SCOPE_27f8317db4ab108ee2bda3041f2e0ba7	PY_MODULE_9c9f1480da13fb17657d9fde537a37e0		STORE	true		false	false	self.ledger		UNKNOWN	NONE	NONE	SERVICE_VERSION_00000000000000000000000000000000	PY_EXPRESSION_b552220aeb147a411c206d4c3bfaa2fe
NAME_REFERENCE	CALLEE	ASSIGNMENT_VALUE	METHOD	PY_TYPE_bd74adf854f8871ae083bf79ff6a67b9	PY_METHOD_cd31b19764a80b4d65d57b7679a5f32e	PY_EXPRESSION_7ffb8bed3cd74ba5481e8bda3b03ddc6	0	2		Ledger	NONE	NONE		TYPE	PY_TYPE_65c006b7dc1da8d5b431a90353733207			false		46	22	46	28	PY_SCOPE_27f8317db4ab108ee2bda3041f2e0ba7	PY_MODULE_9c9f1480da13fb17657d9fde537a37e0	PY_BINDING_bcd4c9636dd7679c8849e4989ff005c6	LOAD	false		false	false			UNKNOWN	NONE	NONE	SERVICE_VERSION_00000000000000000000000000000000	PY_EXPRESSION_7395e2f5c9cce11f7674f648d3a64a98
SELF_REFERENCE	ATTRIBUTE_OBJECT	ASSIGNMENT_TARGET	METHOD	PY_TYPE_bd74adf854f8871ae083bf79ff6a67b9	PY_METHOD_cd31b19764a80b4d65d57b7679a5f32e	PY_EXPRESSION_b552220aeb147a411c206d4c3bfaa2fe	0	2		self	NONE	NONE		SELF				false		46	8	46	12	PY_SCOPE_27f8317db4ab108ee2bda3041f2e0ba7	PY_MODULE_9c9f1480da13fb17657d9fde537a37e0	PY_BINDING_ef147ea34087dd479d33def7b3225e2e	LOAD	false		false	false			UNKNOWN	NONE	NONE	SERVICE_VERSION_00000000000000000000000000000000	PY_EXPRESSION_60ceb2428fca4f33353c37e376dc77de
LITERAL	ROOT	EXPRESSION_STATEMENT	METHOD	PY_TYPE_bd74adf854f8871ae083bf79ff6a67b9	PY_METHOD_1050c803e48aa243d3e26ebb917549e8		0	0	STRING	Getter-of-field: the return type is the field's type.	NONE	NONE		UNKNOWN				false		49	8	49	67	PY_SCOPE_5367c443ed000e1f37cf40b0e6a85968	PY_MODULE_9c9f1480da13fb17657d9fde537a37e0		LOAD	false		false	false		str	BUILTIN_SCALAR	LITERAL	CERTAIN	SERVICE_VERSION_00000000000000000000000000000000	PY_EXPRESSION_8ccc57d759bd93881f2fc59a9893a9d4
ATTRIBUTE_ACCESS	RETURN_VALUE	RETURN_VALUE	METHOD	PY_TYPE_bd74adf854f8871ae083bf79ff6a67b9	PY_METHOD_1050c803e48aa243d3e26ebb917549e8		0	0		ledger	NONE	NONE		FIELD	PY_FIELD_0c26abeb768d28a75ccd0989677c9063			false	0	50	15	50	26	PY_SCOPE_5367c443ed000e1f37cf40b0e6a85968	PY_MODULE_9c9f1480da13fb17657d9fde537a37e0		LOAD	false		false	false	self.ledger		UNKNOWN	NONE	NONE	SERVICE_VERSION_00000000000000000000000000000000	PY_EXPRESSION_28c7d463a604c2eab50bd94c9a4f5b53
SELF_REFERENCE	ATTRIBUTE_OBJECT	RETURN_VALUE	METHOD	PY_TYPE_bd74adf854f8871ae083bf79ff6a67b9	PY_METHOD_1050c803e48aa243d3e26ebb917549e8	PY_EXPRESSION_28c7d463a604c2eab50bd94c9a4f5b53	0	1		self	NONE	NONE		SELF				false	0	50	15	50	19	PY_SCOPE_5367c443ed000e1f37cf40b0e6a85968	PY_MODULE_9c9f1480da13fb17657d9fde537a37e0	PY_BINDING_81d46369fffa043016d15a05b6af0f6d	LOAD	false		false	false			UNKNOWN	NONE	NONE	SERVICE_VERSION_00000000000000000000000000000000	PY_EXPRESSION_5795a23d101bb03b471047ffbaeb1efa
CALL	RETURN_VALUE	RETURN_VALUE	METHOD	PY_TYPE_bd74adf854f8871ae083bf79ff6a67b9	PY_METHOD_eefb7fdb37617f8cd2ec21ca298ec582		0	0		Account	NONE	NONE		UNKNOWN				false	0	53	15	53	29	PY_SCOPE_8171dc7826f383fe3abc65c83b27f183	PY_MODULE_9c9f1480da13fb17657d9fde537a37e0		LOAD	false		false	false	Account		UNKNOWN	NONE	NONE	SERVICE_VERSION_00000000000000000000000000000000	PY_EXPRESSION_6bdffe0c6ef2f02c53f5fe451c3e5542
NAME_REFERENCE	CALLEE	RETURN_VALUE	METHOD	PY_TYPE_bd74adf854f8871ae083bf79ff6a67b9	PY_METHOD_eefb7fdb37617f8cd2ec21ca298ec582	PY_EXPRESSION_6bdffe0c6ef2f02c53f5fe451c3e5542	0	1		Account	NONE	NONE		TYPE	PY_TYPE_160aee5ca584e3817b8783b4e148e2a8			false	0	53	15	53	22	PY_SCOPE_8171dc7826f383fe3abc65c83b27f183	PY_MODULE_9c9f1480da13fb17657d9fde537a37e0	PY_BINDING_96654dd6a06d78ce0820d8fa2598ebcd	LOAD	false		false	false			UNKNOWN	NONE	NONE	SERVICE_VERSION_00000000000000000000000000000000	PY_EXPRESSION_58f6a8217d8773844de0754703164bb8
NAME_REFERENCE	ARGUMENT	RETURN_VALUE	METHOD	PY_TYPE_bd74adf854f8871ae083bf79ff6a67b9	PY_METHOD_eefb7fdb37617f8cd2ec21ca298ec582	PY_EXPRESSION_6bdffe0c6ef2f02c53f5fe451c3e5542	0	1		owner	NONE	NONE		UNKNOWN				false	0	53	23	53	28	PY_SCOPE_8171dc7826f383fe3abc65c83b27f183	PY_MODULE_9c9f1480da13fb17657d9fde537a37e0	PY_BINDING_51c08eebc586a513830b909f21004cf4	LOAD	false		false	false			UNKNOWN	NONE	NONE	SERVICE_VERSION_00000000000000000000000000000000	PY_EXPRESSION_a92600c220e9c0da54414210e0917799
CALL	RETURN_VALUE	RETURN_VALUE	METHOD	PY_TYPE_bd74adf854f8871ae083bf79ff6a67b9	PY_METHOD_48f59d6b7f08c7d7ec6b48a8f094603e		0	0		balance	NONE	NONE		UNKNOWN				false	0	58	15	58	60	PY_SCOPE_cccfb13b7c8af7e38c7265697513915c	PY_MODULE_9c9f1480da13fb17657d9fde537a37e0		LOAD	false		false	false	balance		UNKNOWN	NONE	NONE	SERVICE_VERSION_00000000000000000000000000000000	PY_EXPRESSION_d56334d4970e829a3c0a85c146289e50
ATTRIBUTE_ACCESS	RECEIVER	RETURN_VALUE	METHOD	PY_TYPE_bd74adf854f8871ae083bf79ff6a67b9	PY_METHOD_48f59d6b7f08c7d7ec6b48a8f094603e	PY_EXPRESSION_d56334d4970e829a3c0a85c146289e50	0	1		balance	NONE	NONE		UNKNOWN				false	0	58	15	58	58	PY_SCOPE_cccfb13b7c8af7e38c7265697513915c	PY_MODULE_9c9f1480da13fb17657d9fde537a37e0		LOAD	false		false	false	balance		UNKNOWN	NONE	NONE	SERVICE_VERSION_00000000000000000000000000000000	PY_EXPRESSION_4a0f9a97fa2d726e6ea65bdbe3f43778
CALL	ATTRIBUTE_OBJECT	RETURN_VALUE	METHOD	PY_TYPE_bd74adf854f8871ae083bf79ff6a67b9	PY_METHOD_48f59d6b7f08c7d7ec6b48a8f094603e	PY_EXPRESSION_4a0f9a97fa2d726e6ea65bdbe3f43778	0	2		deposit	NONE	NONE		UNKNOWN				false	0	58	15	58	50	PY_SCOPE_cccfb13b7c8af7e38c7265697513915c	PY_MODULE_9c9f1480da13fb17657d9fde537a37e0		LOAD	false		false	false	deposit		UNKNOWN	NONE	NONE	SERVICE_VERSION_00000000000000000000000000000000	PY_EXPRESSION_2ae50f7870722848774270207f61992d
ATTRIBUTE_ACCESS	RECEIVER	RETURN_VALUE	METHOD	PY_TYPE_bd74adf854f8871ae083bf79ff6a67b9	PY_METHOD_48f59d6b7f08c7d7ec6b48a8f094603e	PY_EXPRESSION_2ae50f7870722848774270207f61992d	0	3		deposit	NONE	NONE		UNKNOWN				false	0	58	15	58	47	PY_SCOPE_cccfb13b7c8af7e38c7265697513915c	PY_MODULE_9c9f1480da13fb17657d9fde537a37e0		LOAD	false		false	false	deposit		UNKNOWN	NONE	NONE	SERVICE_VERSION_00000000000000000000000000000000	PY_EXPRESSION_076f6187e57046fa63f923316f6decec
LITERAL	ARGUMENT	RETURN_VALUE	METHOD	PY_TYPE_bd74adf854f8871ae083bf79ff6a67b9	PY_METHOD_48f59d6b7f08c7d7ec6b48a8f094603e	PY_EXPRESSION_2ae50f7870722848774270207f61992d	0	3	INTEGER	5	NONE	NONE		UNKNOWN				false	0	58	48	58	49	PY_SCOPE_cccfb13b7c8af7e38c7265697513915c	PY_MODULE_9c9f1480da13fb17657d9fde537a37e0		LOAD	false		false	false		int	BUILTIN_SCALAR	LITERAL	CERTAIN	SERVICE_VERSION_00000000000000000000000000000000	PY_EXPRESSION_40f317d5e1bc2357d46f92ed7b706f8e
CALL	ATTRIBUTE_OBJECT	RETURN_VALUE	METHOD	PY_TYPE_bd74adf854f8871ae083bf79ff6a67b9	PY_METHOD_48f59d6b7f08c7d7ec6b48a8f094603e	PY_EXPRESSION_076f6187e57046fa63f923316f6decec	0	4		make_account	NONE	NONE		UNKNOWN				false	0	58	15	58	39	PY_SCOPE_cccfb13b7c8af7e38c7265697513915c	PY_MODULE_9c9f1480da13fb17657d9fde537a37e0		LOAD	false		false	false	self.make_account		UNKNOWN	NONE	NONE	SERVICE_VERSION_00000000000000000000000000000000	PY_EXPRESSION_27c9aae1fbdb6994633ec21055086445
ATTRIBUTE_ACCESS	RECEIVER	RETURN_VALUE	METHOD	PY_TYPE_bd74adf854f8871ae083bf79ff6a67b9	PY_METHOD_48f59d6b7f08c7d7ec6b48a8f094603e	PY_EXPRESSION_27c9aae1fbdb6994633ec21055086445	0	5		make_account	NONE	NONE		UNKNOWN				false	0	58	15	58	32	PY_SCOPE_cccfb13b7c8af7e38c7265697513915c	PY_MODULE_9c9f1480da13fb17657d9fde537a37e0		LOAD	false		false	false	self.make_account		UNKNOWN	NONE	NONE	SERVICE_VERSION_00000000000000000000000000000000	PY_EXPRESSION_49b7add0f392ac1c4daf45f2e49ca006
NAME_REFERENCE	ARGUMENT	RETURN_VALUE	METHOD	PY_TYPE_bd74adf854f8871ae083bf79ff6a67b9	PY_METHOD_48f59d6b7f08c7d7ec6b48a8f094603e	PY_EXPRESSION_27c9aae1fbdb6994633ec21055086445	0	5		owner	NONE	NONE		UNKNOWN				false	0	58	33	58	38	PY_SCOPE_cccfb13b7c8af7e38c7265697513915c	PY_MODULE_9c9f1480da13fb17657d9fde537a37e0	PY_BINDING_0a08d8b5d3838e5a93cc1489aa2e89cd	LOAD	false		false	false			UNKNOWN	NONE	NONE	SERVICE_VERSION_00000000000000000000000000000000	PY_EXPRESSION_5094682249157c5c3105b4cc6020b5dd
SELF_REFERENCE	ATTRIBUTE_OBJECT	RETURN_VALUE	METHOD	PY_TYPE_bd74adf854f8871ae083bf79ff6a67b9	PY_METHOD_48f59d6b7f08c7d7ec6b48a8f094603e	PY_EXPRESSION_49b7add0f392ac1c4daf45f2e49ca006	0	6		self	NONE	NONE		SELF				false	0	58	15	58	19	PY_SCOPE_cccfb13b7c8af7e38c7265697513915c	PY_MODULE_9c9f1480da13fb17657d9fde537a37e0	PY_BINDING_ab5e0db84cf454f43df1cf1d9c4a1bfc	LOAD	false		false	false			UNKNOWN	NONE	NONE	SERVICE_VERSION_00000000000000000000000000000000	PY_EXPRESSION_227e120b009dcb116d1ff5953e6737db
CALL	RETURN_VALUE	RETURN_VALUE	METHOD		PY_METHOD_057308a5b0883fa667693e149b1b81ed		0	0		balance	NONE	NONE		UNKNOWN				false	0	62	11	62	48	PY_SCOPE_da72beb512b4d63488ce931b59267fe1	PY_MODULE_9c9f1480da13fb17657d9fde537a37e0		LOAD	false		false	false	balance		UNKNOWN	NONE	NONE	SERVICE_VERSION_00000000000000000000000000000000	PY_EXPRESSION_77fa0396bec94948ed83dbb1b0048237
ATTRIBUTE_ACCESS	RECEIVER	RETURN_VALUE	METHOD		PY_METHOD_057308a5b0883fa667693e149b1b81ed	PY_EXPRESSION_77fa0396bec94948ed83dbb1b0048237	0	1		balance	NONE	NONE		UNKNOWN				false	0	62	11	62	46	PY_SCOPE_da72beb512b4d63488ce931b59267fe1	PY_MODULE_9c9f1480da13fb17657d9fde537a37e0		LOAD	false		false	false	balance		UNKNOWN	NONE	NONE	SERVICE_VERSION_00000000000000000000000000000000	PY_EXPRESSION_73fead7ba56518f1102b21544b740fa5
CALL	ATTRIBUTE_OBJECT	RETURN_VALUE	METHOD		PY_METHOD_057308a5b0883fa667693e149b1b81ed	PY_EXPRESSION_73fead7ba56518f1102b21544b740fa5	0	2		returns_new_directly	NONE	NONE		UNKNOWN				false	0	62	11	62	38	PY_SCOPE_da72beb512b4d63488ce931b59267fe1	PY_MODULE_9c9f1480da13fb17657d9fde537a37e0		LOAD	false		false	false	returns_new_directly		UNKNOWN	NONE	NONE	SERVICE_VERSION_00000000000000000000000000000000	PY_EXPRESSION_5c2cf59554d4bb0302e5ef29852e8bf9
NAME_REFERENCE	CALLEE	RETURN_VALUE	METHOD		PY_METHOD_057308a5b0883fa667693e149b1b81ed	PY_EXPRESSION_5c2cf59554d4bb0302e5ef29852e8bf9	0	3		returns_new_directly	NONE	NONE		METHOD	PY_METHOD_22d246dc6c1c02a93c5abfa3303cbd37			false	0	62	11	62	31	PY_SCOPE_da72beb512b4d63488ce931b59267fe1	PY_MODULE_9c9f1480da13fb17657d9fde537a37e0	PY_BINDING_5857ec752655e9e6cef6601e12f0eb9a	LOAD	false		false	false			UNKNOWN	NONE	NONE	SERVICE_VERSION_00000000000000000000000000000000	PY_EXPRESSION_1d487cc72de9ffdd53618145c1016de7
NAME_REFERENCE	ARGUMENT	RETURN_VALUE	METHOD		PY_METHOD_057308a5b0883fa667693e149b1b81ed	PY_EXPRESSION_5c2cf59554d4bb0302e5ef29852e8bf9	0	3		owner	NONE	NONE		UNKNOWN				false	0	62	32	62	37	PY_SCOPE_da72beb512b4d63488ce931b59267fe1	PY_MODULE_9c9f1480da13fb17657d9fde537a37e0	PY_BINDING_c37efd64af7bc2c415bce85e72b74d30	LOAD	false		false	false			UNKNOWN	NONE	NONE	SERVICE_VERSION_00000000000000000000000000000000	PY_EXPRESSION_a879cc85783baf6f4fd2b93d1bb6ae3a
CALL	RETURN_VALUE	RETURN_VALUE	METHOD		PY_METHOD_47dda2e9488d98fcb51f562c1a2499c4		0	0		balance	NONE	NONE		UNKNOWN				false	0	66	11	66	60	PY_SCOPE_a08fd03bc1f12ff3d8af1e3907e93bf4	PY_MODULE_9c9f1480da13fb17657d9fde537a37e0		LOAD	false		false	false	balance		UNKNOWN	NONE	NONE	SERVICE_VERSION_00000000000000000000000000000000	PY_EXPRESSION_db941884deae24167b64289abcd61c8d
ATTRIBUTE_ACCESS	RECEIVER	RETURN_VALUE	METHOD		PY_METHOD_47dda2e9488d98fcb51f562c1a2499c4	PY_EXPRESSION_db941884deae24167b64289abcd61c8d	0	1		balance	NONE	NONE		UNKNOWN				false	0	66	11	66	58	PY_SCOPE_a08fd03bc1f12ff3d8af1e3907e93bf4	PY_MODULE_9c9f1480da13fb17657d9fde537a37e0		LOAD	false		false	false	balance		UNKNOWN	NONE	NONE	SERVICE_VERSION_00000000000000000000000000000000	PY_EXPRESSION_2ee51f2e0c6f43de88e8bbf53075b129
CALL	ATTRIBUTE_OBJECT	RETURN_VALUE	METHOD		PY_METHOD_47dda2e9488d98fcb51f562c1a2499c4	PY_EXPRESSION_2ee51f2e0c6f43de88e8bbf53075b129	0	2		deposit	NONE	NONE		UNKNOWN				false	0	66	11	66	50	PY_SCOPE_a08fd03bc1f12ff3d8af1e3907e93bf4	PY_MODULE_9c9f1480da13fb17657d9fde537a37e0		LOAD	false		false	false	deposit		UNKNOWN	NONE	NONE	SERVICE_VERSION_00000000000000000000000000000000	PY_EXPRESSION_43c3d769aa844a0971d11fe27d6f3348
ATTRIBUTE_ACCESS	RECEIVER	RETURN_VALUE	METHOD		PY_METHOD_47dda2e9488d98fcb51f562c1a2499c4	PY_EXPRESSION_43c3d769aa844a0971d11fe27d6f3348	0	3		deposit	NONE	NONE		UNKNOWN				false	0	66	11	66	46	PY_SCOPE_a08fd03bc1f12ff3d8af1e3907e93bf4	PY_MODULE_9c9f1480da13fb17657d9fde537a37e0		LOAD	false		false	false	deposit		UNKNOWN	NONE	NONE	SERVICE_VERSION_00000000000000000000000000000000	PY_EXPRESSION_5c9ddbc95b021c20609d7fd8daf9eb9b
LITERAL	ARGUMENT	RETURN_VALUE	METHOD		PY_METHOD_47dda2e9488d98fcb51f562c1a2499c4	PY_EXPRESSION_43c3d769aa844a0971d11fe27d6f3348	0	3	INTEGER	10	NONE	NONE		UNKNOWN				false	0	66	47	66	49	PY_SCOPE_a08fd03bc1f12ff3d8af1e3907e93bf4	PY_MODULE_9c9f1480da13fb17657d9fde537a37e0		LOAD	false		false	false		int	BUILTIN_SCALAR	LITERAL	CERTAIN	SERVICE_VERSION_00000000000000000000000000000000	PY_EXPRESSION_5544d0d5c4c1ecdcb94c78d75df431cf
CALL	ATTRIBUTE_OBJECT	RETURN_VALUE	METHOD		PY_METHOD_47dda2e9488d98fcb51f562c1a2499c4	PY_EXPRESSION_5c9ddbc95b021c20609d7fd8daf9eb9b	0	4		returns_new_directly	NONE	NONE		UNKNOWN				false	0	66	11	66	38	PY_SCOPE_a08fd03bc1f12ff3d8af1e3907e93bf4	PY_MODULE_9c9f1480da13fb17657d9fde537a37e0		LOAD	false		false	false	returns_new_directly		UNKNOWN	NONE	NONE	SERVICE_VERSION_00000000000000000000000000000000	PY_EXPRESSION_0e31cc3fcdbfb421708c80f95c397734
NAME_REFERENCE	CALLEE	RETURN_VALUE	METHOD		PY_METHOD_47dda2e9488d98fcb51f562c1a2499c4	PY_EXPRESSION_0e31cc3fcdbfb421708c80f95c397734	0	5		returns_new_directly	NONE	NONE		METHOD	PY_METHOD_22d246dc6c1c02a93c5abfa3303cbd37			false	0	66	11	66	31	PY_SCOPE_a08fd03bc1f12ff3d8af1e3907e93bf4	PY_MODULE_9c9f1480da13fb17657d9fde537a37e0	PY_BINDING_b651298caef5d83b7d3dfd78cc43fe4b	LOAD	false		false	false			UNKNOWN	NONE	NONE	SERVICE_VERSION_00000000000000000000000000000000	PY_EXPRESSION_9b64a0d4ac9bc8e6152bc9318c8c51df
NAME_REFERENCE	ARGUMENT	RETURN_VALUE	METHOD		PY_METHOD_47dda2e9488d98fcb51f562c1a2499c4	PY_EXPRESSION_0e31cc3fcdbfb421708c80f95c397734	0	5		owner	NONE	NONE		UNKNOWN				false	0	66	32	66	37	PY_SCOPE_a08fd03bc1f12ff3d8af1e3907e93bf4	PY_MODULE_9c9f1480da13fb17657d9fde537a37e0	PY_BINDING_2a1fa5121e6bdb4cd9d7a8eb924867bc	LOAD	false		false	false			UNKNOWN	NONE	NONE	SERVICE_VERSION_00000000000000000000000000000000	PY_EXPRESSION_1950039b06e5898ebd580f7e913c7f8b
CALL	RETURN_VALUE	RETURN_VALUE	METHOD		PY_METHOD_a4e12300d562d20000b2f87d34854a8f		0	0		balance	NONE	NONE		UNKNOWN				false	0	70	11	70	72	PY_SCOPE_47ffe4d7245e92495fbdc073b1314db6	PY_MODULE_9c9f1480da13fb17657d9fde537a37e0		LOAD	false		false	false	balance		UNKNOWN	NONE	NONE	SERVICE_VERSION_00000000000000000000000000000000	PY_EXPRESSION_c42a84fb0b54ccc7077c0f3bc7f28533
ATTRIBUTE_ACCESS	RECEIVER	RETURN_VALUE	METHOD		PY_METHOD_a4e12300d562d20000b2f87d34854a8f	PY_EXPRESSION_c42a84fb0b54ccc7077c0f3bc7f28533	0	1		balance	NONE	NONE		UNKNOWN				false	0	70	11	70	70	PY_SCOPE_47ffe4d7245e92495fbdc073b1314db6	PY_MODULE_9c9f1480da13fb17657d9fde537a37e0		LOAD	false		false	false	balance		UNKNOWN	NONE	NONE	SERVICE_VERSION_00000000000000000000000000000000	PY_EXPRESSION_0a39971830e627957bd601e15598d51d
CALL	ATTRIBUTE_OBJECT	RETURN_VALUE	METHOD		PY_METHOD_a4e12300d562d20000b2f87d34854a8f	PY_EXPRESSION_0a39971830e627957bd601e15598d51d	0	2		withdraw	NONE	NONE		UNKNOWN				false	0	70	11	70	62	PY_SCOPE_47ffe4d7245e92495fbdc073b1314db6	PY_MODULE_9c9f1480da13fb17657d9fde537a37e0		LOAD	false		false	false	withdraw		UNKNOWN	NONE	NONE	SERVICE_VERSION_00000000000000000000000000000000	PY_EXPRESSION_88b8c3594c6b8e627713bbae335a02ff
ATTRIBUTE_ACCESS	RECEIVER	RETURN_VALUE	METHOD		PY_METHOD_a4e12300d562d20000b2f87d34854a8f	PY_EXPRESSION_88b8c3594c6b8e627713bbae335a02ff	0	3		withdraw	NONE	NONE		UNKNOWN				false	0	70	11	70	59	PY_SCOPE_47ffe4d7245e92495fbdc073b1314db6	PY_MODULE_9c9f1480da13fb17657d9fde537a37e0		LOAD	false		false	false	withdraw		UNKNOWN	NONE	NONE	SERVICE_VERSION_00000000000000000000000000000000	PY_EXPRESSION_174372bd24c13d4eddc34aefad555c93
LITERAL	ARGUMENT	RETURN_VALUE	METHOD		PY_METHOD_a4e12300d562d20000b2f87d34854a8f	PY_EXPRESSION_88b8c3594c6b8e627713bbae335a02ff	0	3	INTEGER	3	NONE	NONE		UNKNOWN				false	0	70	60	70	61	PY_SCOPE_47ffe4d7245e92495fbdc073b1314db6	PY_MODULE_9c9f1480da13fb17657d9fde537a37e0		LOAD	false		false	false		int	BUILTIN_SCALAR	LITERAL	CERTAIN	SERVICE_VERSION_00000000000000000000000000000000	PY_EXPRESSION_a9e34297b63f79ce2a05eec83d32ba3e
CALL	ATTRIBUTE_OBJECT	RETURN_VALUE	METHOD		PY_METHOD_a4e12300d562d20000b2f87d34854a8f	PY_EXPRESSION_174372bd24c13d4eddc34aefad555c93	0	4		deposit	NONE	NONE		UNKNOWN				false	0	70	11	70	50	PY_SCOPE_47ffe4d7245e92495fbdc073b1314db6	PY_MODULE_9c9f1480da13fb17657d9fde537a37e0		LOAD	false		false	false	deposit		UNKNOWN	NONE	NONE	SERVICE_VERSION_00000000000000000000000000000000	PY_EXPRESSION_322b41303ede8559d3711f2decdc06e8
ATTRIBUTE_ACCESS	RECEIVER	RETURN_VALUE	METHOD		PY_METHOD_a4e12300d562d20000b2f87d34854a8f	PY_EXPRESSION_322b41303ede8559d3711f2decdc06e8	0	5		deposit	NONE	NONE		UNKNOWN				false	0	70	11	70	46	PY_SCOPE_47ffe4d7245e92495fbdc073b1314db6	PY_MODULE_9c9f1480da13fb17657d9fde537a37e0		LOAD	false		false	false	deposit		UNKNOWN	NONE	NONE	SERVICE_VERSION_00000000000000000000000000000000	PY_EXPRESSION_64b17694aaf40921ebd073ca8f02a390
LITERAL	ARGUMENT	RETURN_VALUE	METHOD		PY_METHOD_a4e12300d562d20000b2f87d34854a8f	PY_EXPRESSION_322b41303ede8559d3711f2decdc06e8	0	5	INTEGER	10	NONE	NONE		UNKNOWN				false	0	70	47	70	49	PY_SCOPE_47ffe4d7245e92495fbdc073b1314db6	PY_MODULE_9c9f1480da13fb17657d9fde537a37e0		LOAD	false		false	false		int	BUILTIN_SCALAR	LITERAL	CERTAIN	SERVICE_VERSION_00000000000000000000000000000000	PY_EXPRESSION_dc62d76144727b8221aa757f76b8b258
CALL	ATTRIBUTE_OBJECT	RETURN_VALUE	METHOD		PY_METHOD_a4e12300d562d20000b2f87d34854a8f	PY_EXPRESSION_64b17694aaf40921ebd073ca8f02a390	0	6		returns_new_directly	NONE	NONE		UNKNOWN				false	0	70	11	70	38	PY_SCOPE_47ffe4d7245e92495fbdc073b1314db6	PY_MODULE_9c9f1480da13fb17657d9fde537a37e0		LOAD	false		false	false	returns_new_directly		UNKNOWN	NONE	NONE	SERVICE_VERSION_00000000000000000000000000000000	PY_EXPRESSION_d18c6b87cae0f2d5dbe86b585b7e3fd9
NAME_REFERENCE	CALLEE	RETURN_VALUE	METHOD		PY_METHOD_a4e12300d562d20000b2f87d34854a8f	PY_EXPRESSION_d18c6b87cae0f2d5dbe86b585b7e3fd9	0	7		returns_new_directly	NONE	NONE		METHOD	PY_METHOD_22d246dc6c1c02a93c5abfa3303cbd37			false	0	70	11	70	31	PY_SCOPE_47ffe4d7245e92495fbdc073b1314db6	PY_MODULE_9c9f1480da13fb17657d9fde537a37e0	PY_BINDING_2c504531cddc7a38ccbb61d22a2edb68	LOAD	false		false	false			UNKNOWN	NONE	NONE	SERVICE_VERSION_00000000000000000000000000000000	PY_EXPRESSION_d9e9d340687145303f0df73a61d47fa7
NAME_REFERENCE	ARGUMENT	RETURN_VALUE	METHOD		PY_METHOD_a4e12300d562d20000b2f87d34854a8f	PY_EXPRESSION_d18c6b87cae0f2d5dbe86b585b7e3fd9	0	7		owner	NONE	NONE		UNKNOWN				false	0	70	32	70	37	PY_SCOPE_47ffe4d7245e92495fbdc073b1314db6	PY_MODULE_9c9f1480da13fb17657d9fde537a37e0	PY_BINDING_92bb0cb13999dffd7fdcd69d8f1b633e	LOAD	false		false	false			UNKNOWN	NONE	NONE	SERVICE_VERSION_00000000000000000000000000000000	PY_EXPRESSION_5042b897976d44eeb1f5516ee7cddb30
ASSIGNMENT	ROOT	ASSIGNMENT_VALUE	METHOD		PY_METHOD_c66c493510209b64f8b207a7f61ebbb5		0	0			NONE	NONE		UNKNOWN				false		74	4	74	23	PY_SCOPE_787451d2d18e97be47e5bd43eff77f32	PY_MODULE_9c9f1480da13fb17657d9fde537a37e0		LOAD	false		false	false			UNKNOWN	NONE	NONE	SERVICE_VERSION_00000000000000000000000000000000	PY_EXPRESSION_a5cd3425fc4fcca8cb226798cee0fa1f
CALL	ASSIGNMENT_VALUE	ASSIGNMENT_VALUE	METHOD		PY_METHOD_c66c493510209b64f8b207a7f61ebbb5	PY_EXPRESSION_a5cd3425fc4fcca8cb226798cee0fa1f	0	1		Service	NONE	NONE		UNKNOWN				false		74	14	74	23	PY_SCOPE_787451d2d18e97be47e5bd43eff77f32	PY_MODULE_9c9f1480da13fb17657d9fde537a37e0		LOAD	false		false	false	Service		UNKNOWN	NONE	NONE	SERVICE_VERSION_00000000000000000000000000000000	PY_EXPRESSION_7d16eb831961077d3bee8565b8bff53f
NAME_REFERENCE	ASSIGNMENT_TARGET	ASSIGNMENT_TARGET	METHOD		PY_METHOD_c66c493510209b64f8b207a7f61ebbb5	PY_EXPRESSION_a5cd3425fc4fcca8cb226798cee0fa1f	0	1		service	NONE	NONE		UNKNOWN				false		74	4	74	11	PY_SCOPE_787451d2d18e97be47e5bd43eff77f32	PY_MODULE_9c9f1480da13fb17657d9fde537a37e0	PY_BINDING_fd4b8c0e4f65dddc5cb366e742a515e7	STORE	true		false	false			UNKNOWN	NONE	NONE	SERVICE_VERSION_00000000000000000000000000000000	PY_EXPRESSION_5319e73c5ca35e27bca50fb5e67b1ba4
NAME_REFERENCE	CALLEE	ASSIGNMENT_VALUE	METHOD		PY_METHOD_c66c493510209b64f8b207a7f61ebbb5	PY_EXPRESSION_7d16eb831961077d3bee8565b8bff53f	0	2		Service	NONE	NONE		TYPE	PY_TYPE_bd74adf854f8871ae083bf79ff6a67b9			false		74	14	74	21	PY_SCOPE_787451d2d18e97be47e5bd43eff77f32	PY_MODULE_9c9f1480da13fb17657d9fde537a37e0	PY_BINDING_eae046e3ceb1620afe3af7559495bb00	LOAD	false		false	false			UNKNOWN	NONE	NONE	SERVICE_VERSION_00000000000000000000000000000000	PY_EXPRESSION_ae1fa18af192a670e381740adff1feae
CALL	RETURN_VALUE	RETURN_VALUE	METHOD		PY_METHOD_c66c493510209b64f8b207a7f61ebbb5		0	0		total	NONE	NONE		UNKNOWN				false	0	75	11	75	39	PY_SCOPE_787451d2d18e97be47e5bd43eff77f32	PY_MODULE_9c9f1480da13fb17657d9fde537a37e0		LOAD	false		false	false	total		UNKNOWN	NONE	NONE	SERVICE_VERSION_00000000000000000000000000000000	PY_EXPRESSION_e713b3e088f51d6f7e66585dcd045969
ATTRIBUTE_ACCESS	RECEIVER	RETURN_VALUE	METHOD		PY_METHOD_c66c493510209b64f8b207a7f61ebbb5	PY_EXPRESSION_e713b3e088f51d6f7e66585dcd045969	0	1		total	NONE	NONE		UNKNOWN				false	0	75	11	75	37	PY_SCOPE_787451d2d18e97be47e5bd43eff77f32	PY_MODULE_9c9f1480da13fb17657d9fde537a37e0		LOAD	false		false	false	total		UNKNOWN	NONE	NONE	SERVICE_VERSION_00000000000000000000000000000000	PY_EXPRESSION_03b86cf81fa4c951d66e5b74e11c3746
CALL	ATTRIBUTE_OBJECT	RETURN_VALUE	METHOD		PY_METHOD_c66c493510209b64f8b207a7f61ebbb5	PY_EXPRESSION_03b86cf81fa4c951d66e5b74e11c3746	0	2		get_ledger	NONE	NONE		UNKNOWN				false	0	75	11	75	31	PY_SCOPE_787451d2d18e97be47e5bd43eff77f32	PY_MODULE_9c9f1480da13fb17657d9fde537a37e0		LOAD	false		false	false	service.get_ledger		UNKNOWN	NONE	NONE	SERVICE_VERSION_00000000000000000000000000000000	PY_EXPRESSION_13daacad7c769c904c1d18270833a7d4
ATTRIBUTE_ACCESS	RECEIVER	RETURN_VALUE	METHOD		PY_METHOD_c66c493510209b64f8b207a7f61ebbb5	PY_EXPRESSION_13daacad7c769c904c1d18270833a7d4	0	3		get_ledger	NONE	NONE		UNKNOWN				false	0	75	11	75	29	PY_SCOPE_787451d2d18e97be47e5bd43eff77f32	PY_MODULE_9c9f1480da13fb17657d9fde537a37e0		LOAD	false		false	false	service.get_ledger		UNKNOWN	NONE	NONE	SERVICE_VERSION_00000000000000000000000000000000	PY_EXPRESSION_262dc6c814f6abac03e33069d65ea4aa
NAME_REFERENCE	ATTRIBUTE_OBJECT	RETURN_VALUE	METHOD		PY_METHOD_c66c493510209b64f8b207a7f61ebbb5	PY_EXPRESSION_262dc6c814f6abac03e33069d65ea4aa	0	4		service	NONE	NONE		UNKNOWN				false	0	75	11	75	18	PY_SCOPE_787451d2d18e97be47e5bd43eff77f32	PY_MODULE_9c9f1480da13fb17657d9fde537a37e0	PY_BINDING_fd4b8c0e4f65dddc5cb366e742a515e7	LOAD	false		false	false			UNKNOWN	NONE	NONE	SERVICE_VERSION_00000000000000000000000000000000	PY_EXPRESSION_67d7e1d89d7ad55185acb884a70e0e13
CALL	RETURN_VALUE	RETURN_VALUE	METHOD		PY_METHOD_e2c17d2df44d8afae7470b48bff8fa9f		0	0		balance	NONE	NONE		UNKNOWN				false	0	80	11	80	58	PY_SCOPE_5e79e096d671e9b292200e077914577e	PY_MODULE_9c9f1480da13fb17657d9fde537a37e0		LOAD	false		false	false	balance		UNKNOWN	NONE	NONE	SERVICE_VERSION_00000000000000000000000000000000	PY_EXPRESSION_a87a6166b18d7bdf25505c8961ec13dc
ATTRIBUTE_ACCESS	RECEIVER	RETURN_VALUE	METHOD		PY_METHOD_e2c17d2df44d8afae7470b48bff8fa9f	PY_EXPRESSION_a87a6166b18d7bdf25505c8961ec13dc	0	1		balance	NONE	NONE		UNKNOWN				false	0	80	11	80	56	PY_SCOPE_5e79e096d671e9b292200e077914577e	PY_MODULE_9c9f1480da13fb17657d9fde537a37e0		LOAD	false		false	false	balance		UNKNOWN	NONE	NONE	SERVICE_VERSION_00000000000000000000000000000000	PY_EXPRESSION_fa5d20e41ad31f52dd4e8749e46fca5d
CALL	ATTRIBUTE_OBJECT	RETURN_VALUE	METHOD		PY_METHOD_e2c17d2df44d8afae7470b48bff8fa9f	PY_EXPRESSION_fa5d20e41ad31f52dd4e8749e46fca5d	0	2		withdraw	NONE	NONE		UNKNOWN				false	0	80	11	80	48	PY_SCOPE_5e79e096d671e9b292200e077914577e	PY_MODULE_9c9f1480da13fb17657d9fde537a37e0		LOAD	false		false	false	withdraw		UNKNOWN	NONE	NONE	SERVICE_VERSION_00000000000000000000000000000000	PY_EXPRESSION_9eb6872ad24ba6c659a0580932c8f0c0
ATTRIBUTE_ACCESS	RECEIVER	RETURN_VALUE	METHOD		PY_METHOD_e2c17d2df44d8afae7470b48bff8fa9f	PY_EXPRESSION_9eb6872ad24ba6c659a0580932c8f0c0	0	3		withdraw	NONE	NONE		UNKNOWN				false	0	80	11	80	45	PY_SCOPE_5e79e096d671e9b292200e077914577e	PY_MODULE_9c9f1480da13fb17657d9fde537a37e0		LOAD	false		false	false	withdraw		UNKNOWN	NONE	NONE	SERVICE_VERSION_00000000000000000000000000000000	PY_EXPRESSION_571a60ce428f191aeb3084c30431adf4
LITERAL	ARGUMENT	RETURN_VALUE	METHOD		PY_METHOD_e2c17d2df44d8afae7470b48bff8fa9f	PY_EXPRESSION_9eb6872ad24ba6c659a0580932c8f0c0	0	3	INTEGER	1	NONE	NONE		UNKNOWN				false	0	80	46	80	47	PY_SCOPE_5e79e096d671e9b292200e077914577e	PY_MODULE_9c9f1480da13fb17657d9fde537a37e0		LOAD	false		false	false		int	BUILTIN_SCALAR	LITERAL	CERTAIN	SERVICE_VERSION_00000000000000000000000000000000	PY_EXPRESSION_6694b61ac4ad5af0e79d3545e2cdc82f
CALL	ATTRIBUTE_OBJECT	RETURN_VALUE	METHOD		PY_METHOD_e2c17d2df44d8afae7470b48bff8fa9f	PY_EXPRESSION_571a60ce428f191aeb3084c30431adf4	0	4		deposit	NONE	NONE		UNKNOWN				false	0	80	11	80	36	PY_SCOPE_5e79e096d671e9b292200e077914577e	PY_MODULE_9c9f1480da13fb17657d9fde537a37e0		LOAD	false		false	false	deposit		UNKNOWN	NONE	NONE	SERVICE_VERSION_00000000000000000000000000000000	PY_EXPRESSION_6553b015ea10f40c5b9fbe85c25dea0b
ATTRIBUTE_ACCESS	RECEIVER	RETURN_VALUE	METHOD		PY_METHOD_e2c17d2df44d8afae7470b48bff8fa9f	PY_EXPRESSION_6553b015ea10f40c5b9fbe85c25dea0b	0	5		deposit	NONE	NONE		UNKNOWN				false	0	80	11	80	33	PY_SCOPE_5e79e096d671e9b292200e077914577e	PY_MODULE_9c9f1480da13fb17657d9fde537a37e0		LOAD	false		false	false	deposit		UNKNOWN	NONE	NONE	SERVICE_VERSION_00000000000000000000000000000000	PY_EXPRESSION_0fb84c43c88ab1ee036d875653771be5
LITERAL	ARGUMENT	RETURN_VALUE	METHOD		PY_METHOD_e2c17d2df44d8afae7470b48bff8fa9f	PY_EXPRESSION_6553b015ea10f40c5b9fbe85c25dea0b	0	5	INTEGER	1	NONE	NONE		UNKNOWN				false	0	80	34	80	35	PY_SCOPE_5e79e096d671e9b292200e077914577e	PY_MODULE_9c9f1480da13fb17657d9fde537a37e0		LOAD	false		false	false		int	BUILTIN_SCALAR	LITERAL	CERTAIN	SERVICE_VERSION_00000000000000000000000000000000	PY_EXPRESSION_a25cf9243366b87ea24d4cbc233d52d6
CALL	ATTRIBUTE_OBJECT	RETURN_VALUE	METHOD		PY_METHOD_e2c17d2df44d8afae7470b48bff8fa9f	PY_EXPRESSION_0fb84c43c88ab1ee036d875653771be5	0	6		Account	NONE	NONE		UNKNOWN				false	0	80	11	80	25	PY_SCOPE_5e79e096d671e9b292200e077914577e	PY_MODULE_9c9f1480da13fb17657d9fde537a37e0		LOAD	false		false	false	Account		UNKNOWN	NONE	NONE	SERVICE_VERSION_00000000000000000000000000000000	PY_EXPRESSION_12ff9e64d5338d9de1ec4287e80ff3e8
NAME_REFERENCE	CALLEE	RETURN_VALUE	METHOD		PY_METHOD_e2c17d2df44d8afae7470b48bff8fa9f	PY_EXPRESSION_12ff9e64d5338d9de1ec4287e80ff3e8	0	7		Account	NONE	NONE		TYPE	PY_TYPE_160aee5ca584e3817b8783b4e148e2a8			false	0	80	11	80	18	PY_SCOPE_5e79e096d671e9b292200e077914577e	PY_MODULE_9c9f1480da13fb17657d9fde537a37e0	PY_BINDING_0f661d58f9ade8df2fb0f082836485d6	LOAD	false		false	false			UNKNOWN	NONE	NONE	SERVICE_VERSION_00000000000000000000000000000000	PY_EXPRESSION_cb808db7dbfa6c74f9845f4958d47e3b
NAME_REFERENCE	ARGUMENT	RETURN_VALUE	METHOD		PY_METHOD_e2c17d2df44d8afae7470b48bff8fa9f	PY_EXPRESSION_12ff9e64d5338d9de1ec4287e80ff3e8	0	7		owner	NONE	NONE		UNKNOWN				false	0	80	19	80	24	PY_SCOPE_5e79e096d671e9b292200e077914577e	PY_MODULE_9c9f1480da13fb17657d9fde537a37e0	PY_BINDING_7bf302f014110947a02fab67efb02105	LOAD	false		false	false			UNKNOWN	NONE	NONE	SERVICE_VERSION_00000000000000000000000000000000	PY_EXPRESSION_b2976f25959d8c4bc95dd474bf56ca61
CALL	RETURN_VALUE	RETURN_VALUE	METHOD		PY_METHOD_354ae1ff09214090eac15708b27608d6		0	0		balance	NONE	NONE		UNKNOWN				false	0	85	11	85	51	PY_SCOPE_9ed02449e6d589f75efde1866aa906ce	PY_MODULE_9c9f1480da13fb17657d9fde537a37e0		LOAD	false		false	false	balance		UNKNOWN	NONE	NONE	SERVICE_VERSION_00000000000000000000000000000000	PY_EXPRESSION_b9ed825b244560388e991911ec3bd886
ATTRIBUTE_ACCESS	RECEIVER	RETURN_VALUE	METHOD		PY_METHOD_354ae1ff09214090eac15708b27608d6	PY_EXPRESSION_b9ed825b244560388e991911ec3bd886	0	1		balance	NONE	NONE		UNKNOWN				false	0	85	11	85	49	PY_SCOPE_9ed02449e6d589f75efde1866aa906ce	PY_MODULE_9c9f1480da13fb17657d9fde537a37e0		LOAD	false		false	false	balance		UNKNOWN	NONE	NONE	SERVICE_VERSION_00000000000000000000000000000000	PY_EXPRESSION_17c7de2bc11a6fa24b99051e4e6738d6
CALL	ATTRIBUTE_OBJECT	RETURN_VALUE	METHOD		PY_METHOD_354ae1ff09214090eac15708b27608d6	PY_EXPRESSION_17c7de2bc11a6fa24b99051e4e6738d6	0	2		deposit	NONE	NONE		UNKNOWN				false	0	85	11	85	41	PY_SCOPE_9ed02449e6d589f75efde1866aa906ce	PY_MODULE_9c9f1480da13fb17657d9fde537a37e0		LOAD	false		false	false	deposit		UNKNOWN	NONE	NONE	SERVICE_VERSION_00000000000000000000000000000000	PY_EXPRESSION_c044c17a759bb63205cd4c9d880fcd0f
ATTRIBUTE_ACCESS	RECEIVER	RETURN_VALUE	METHOD		PY_METHOD_354ae1ff09214090eac15708b27608d6	PY_EXPRESSION_c044c17a759bb63205cd4c9d880fcd0f	0	3		deposit	NONE	NONE		UNKNOWN				false	0	85	11	85	38	PY_SCOPE_9ed02449e6d589f75efde1866aa906ce	PY_MODULE_9c9f1480da13fb17657d9fde537a37e0		LOAD	false		false	false	deposit		UNKNOWN	NONE	NONE	SERVICE_VERSION_00000000000000000000000000000000	PY_EXPRESSION_388fbe37670da7c38f55cdb507cfb62e
LITERAL	ARGUMENT	RETURN_VALUE	METHOD		PY_METHOD_354ae1ff09214090eac15708b27608d6	PY_EXPRESSION_c044c17a759bb63205cd4c9d880fcd0f	0	3	INTEGER	2	NONE	NONE		UNKNOWN				false	0	85	39	85	40	PY_SCOPE_9ed02449e6d589f75efde1866aa906ce	PY_MODULE_9c9f1480da13fb17657d9fde537a37e0		LOAD	false		false	false		int	BUILTIN_SCALAR	LITERAL	CERTAIN	SERVICE_VERSION_00000000000000000000000000000000	PY_EXPRESSION_779ae3fcff8c2d7b175cf618021154bb
CALL	ATTRIBUTE_OBJECT	RETURN_VALUE	METHOD		PY_METHOD_354ae1ff09214090eac15708b27608d6	PY_EXPRESSION_388fbe37670da7c38f55cdb507cfb62e	0	4		find_account	NONE	NONE		UNKNOWN				false	0	85	11	85	30	PY_SCOPE_9ed02449e6d589f75efde1866aa906ce	PY_MODULE_9c9f1480da13fb17657d9fde537a37e0		LOAD	false		false	false	find_account		UNKNOWN	NONE	NONE	SERVICE_VERSION_00000000000000000000000000000000	PY_EXPRESSION_2ecf11cc69a09ff9f0d3ea56b282dc08
NAME_REFERENCE	CALLEE	RETURN_VALUE	METHOD		PY_METHOD_354ae1ff09214090eac15708b27608d6	PY_EXPRESSION_2ecf11cc69a09ff9f0d3ea56b282dc08	0	5		find_account	NONE	NONE		METHOD	PY_METHOD_499d987a935671c184ee14ca08435562			false	0	85	11	85	23	PY_SCOPE_9ed02449e6d589f75efde1866aa906ce	PY_MODULE_9c9f1480da13fb17657d9fde537a37e0	PY_BINDING_f5388f345fa199159da4a16c2f65ef12	LOAD	false		false	false			UNKNOWN	NONE	NONE	SERVICE_VERSION_00000000000000000000000000000000	PY_EXPRESSION_06c09ac1a6ca349192d3a2efd7178785
NAME_REFERENCE	ARGUMENT	RETURN_VALUE	METHOD		PY_METHOD_354ae1ff09214090eac15708b27608d6	PY_EXPRESSION_2ecf11cc69a09ff9f0d3ea56b282dc08	0	5		owner	NONE	NONE		UNKNOWN				false	0	85	24	85	29	PY_SCOPE_9ed02449e6d589f75efde1866aa906ce	PY_MODULE_9c9f1480da13fb17657d9fde537a37e0	PY_BINDING_9f0e72992768f962803d79f76eb5a0d7	LOAD	false		false	false			UNKNOWN	NONE	NONE	SERVICE_VERSION_00000000000000000000000000000000	PY_EXPRESSION_815ecf091467cc2583c31dac520cdf4f
LITERAL	ROOT	MODULE_LEVEL_STATEMENT	METHOD		PY_METHOD_172bdf63f23b297755dab197cfdb5141		0	0	STRING	Java analogue: fields/ + expressions/. Paths (2) and (3): a `self` receiver (19.6% of attribute calls) and an attribute chain (18.8%, 99.98% within depth 3). `self` is the biggest free precision win available: it is exactly the enclosing class or a subclass, so no CHA fan-out is needed. Attribute chains need the field's type first, then the method lookup on it.	NONE	NONE		UNKNOWN				false		1	0	9	3	PY_SCOPE_d70ec0da77de71380df4cd694bdfd27f	PY_MODULE_47972cfb252e2f1acae1bbbe05a0ad79		LOAD	false		false	false		str	BUILTIN_SCALAR	LITERAL	CERTAIN	SERVICE_VERSION_00000000000000000000000000000000	PY_EXPRESSION_e47d80bc78f16411beac737712f32ae1
ASSIGNMENT	ROOT	ASSIGNMENT_VALUE	METHOD	PY_TYPE_cae958ca255fa5164c7794954b62fdaa	PY_METHOD_c36b8f6b385f8e9cdff6822dc7283177		0	0			NONE	NONE		UNKNOWN				false		16	8	16	30	PY_SCOPE_11a3ac892affc873305e62bf66899c57	PY_MODULE_47972cfb252e2f1acae1bbbe05a0ad79		LOAD	false		false	false			UNKNOWN	NONE	NONE	SERVICE_VERSION_00000000000000000000000000000000	PY_EXPRESSION_41b698659bf5bfb50ffce9b564b62345
CALL	ASSIGNMENT_VALUE	ASSIGNMENT_VALUE	METHOD	PY_TYPE_cae958ca255fa5164c7794954b62fdaa	PY_METHOD_c36b8f6b385f8e9cdff6822dc7283177	PY_EXPRESSION_41b698659bf5bfb50ffce9b564b62345	0	1		Ledger	NONE	NONE		UNKNOWN				false		16	22	16	30	PY_SCOPE_11a3ac892affc873305e62bf66899c57	PY_MODULE_47972cfb252e2f1acae1bbbe05a0ad79		LOAD	false		false	false	Ledger		UNKNOWN	NONE	NONE	SERVICE_VERSION_00000000000000000000000000000000	PY_EXPRESSION_a4ad189786f9bd0c88d076b782e9728d
ATTRIBUTE_ACCESS	ASSIGNMENT_TARGET	ASSIGNMENT_TARGET	METHOD	PY_TYPE_cae958ca255fa5164c7794954b62fdaa	PY_METHOD_c36b8f6b385f8e9cdff6822dc7283177	PY_EXPRESSION_41b698659bf5bfb50ffce9b564b62345	0	1		ledger	NONE	NONE		FIELD	PY_FIELD_3fc3aecef74603ad36271e369113bfc7			false		16	8	16	19	PY_SCOPE_11a3ac892affc873305e62bf66899c57	PY_MODULE_47972cfb252e2f1acae1bbbe05a0ad79		STORE	true		false	false	self.ledger		UNKNOWN	NONE	NONE	SERVICE_VERSION_00000000000000000000000000000000	PY_EXPRESSION_79df65242aa8a161ba879cd86fedcf80
NAME_REFERENCE	CALLEE	ASSIGNMENT_VALUE	METHOD	PY_TYPE_cae958ca255fa5164c7794954b62fdaa	PY_METHOD_c36b8f6b385f8e9cdff6822dc7283177	PY_EXPRESSION_a4ad189786f9bd0c88d076b782e9728d	0	2		Ledger	NONE	NONE		TYPE	PY_TYPE_65c006b7dc1da8d5b431a90353733207			false		16	22	16	28	PY_SCOPE_11a3ac892affc873305e62bf66899c57	PY_MODULE_47972cfb252e2f1acae1bbbe05a0ad79	PY_BINDING_f41d0c4b9df86f0dd7c97935aad3d2c4	LOAD	false		false	false			UNKNOWN	NONE	NONE	SERVICE_VERSION_00000000000000000000000000000000	PY_EXPRESSION_04063ab7cbe31d61f52709c706676778
SELF_REFERENCE	ATTRIBUTE_OBJECT	ASSIGNMENT_TARGET	METHOD	PY_TYPE_cae958ca255fa5164c7794954b62fdaa	PY_METHOD_c36b8f6b385f8e9cdff6822dc7283177	PY_EXPRESSION_79df65242aa8a161ba879cd86fedcf80	0	2		self	NONE	NONE		SELF				false		16	8	16	12	PY_SCOPE_11a3ac892affc873305e62bf66899c57	PY_MODULE_47972cfb252e2f1acae1bbbe05a0ad79	PY_BINDING_43eb0c1ae06b9ea0a8c6e0a8f27098b0	LOAD	false		false	false			UNKNOWN	NONE	NONE	SERVICE_VERSION_00000000000000000000000000000000	PY_EXPRESSION_8baf4708fb0553ce31762106cabed2ef
ASSIGNMENT	ROOT	ASSIGNMENT_VALUE	METHOD	PY_TYPE_cae958ca255fa5164c7794954b62fdaa	PY_METHOD_c36b8f6b385f8e9cdff6822dc7283177		0	0			NONE	NONE		UNKNOWN				false		17	8	17	23	PY_SCOPE_11a3ac892affc873305e62bf66899c57	PY_MODULE_47972cfb252e2f1acae1bbbe05a0ad79		LOAD	false		false	false			UNKNOWN	NONE	NONE	SERVICE_VERSION_00000000000000000000000000000000	PY_EXPRESSION_c1eb6780d910d5c8d3bcbc9ce710a5ac
DICT	ASSIGNMENT_VALUE	ASSIGNMENT_VALUE	METHOD	PY_TYPE_cae958ca255fa5164c7794954b62fdaa	PY_METHOD_c36b8f6b385f8e9cdff6822dc7283177	PY_EXPRESSION_c1eb6780d910d5c8d3bcbc9ce710a5ac	0	1			NONE	NONE		UNKNOWN				false		17	21	17	23	PY_SCOPE_11a3ac892affc873305e62bf66899c57	PY_MODULE_47972cfb252e2f1acae1bbbe05a0ad79		LOAD	false		false	false		dict	BUILTIN_COLLECTION	COLLECTION_LITERAL	CERTAIN	SERVICE_VERSION_00000000000000000000000000000000	PY_EXPRESSION_6b7dc3513cf7166f0e9fabfda78be65d
ATTRIBUTE_ACCESS	ASSIGNMENT_TARGET	ASSIGNMENT_TARGET	METHOD	PY_TYPE_cae958ca255fa5164c7794954b62fdaa	PY_METHOD_c36b8f6b385f8e9cdff6822dc7283177	PY_EXPRESSION_c1eb6780d910d5c8d3bcbc9ce710a5ac	0	1		cache	NONE	NONE		FIELD	PY_FIELD_bf0054fa3c616661ffc56ec886d9dcf6			false		17	8	17	18	PY_SCOPE_11a3ac892affc873305e62bf66899c57	PY_MODULE_47972cfb252e2f1acae1bbbe05a0ad79		STORE	true		false	false	self.cache		UNKNOWN	NONE	NONE	SERVICE_VERSION_00000000000000000000000000000000	PY_EXPRESSION_f8c971f8a6991bd63e2fa00c257204b1
SELF_REFERENCE	ATTRIBUTE_OBJECT	ASSIGNMENT_TARGET	METHOD	PY_TYPE_cae958ca255fa5164c7794954b62fdaa	PY_METHOD_c36b8f6b385f8e9cdff6822dc7283177	PY_EXPRESSION_f8c971f8a6991bd63e2fa00c257204b1	0	2		self	NONE	NONE		SELF				false		17	8	17	12	PY_SCOPE_11a3ac892affc873305e62bf66899c57	PY_MODULE_47972cfb252e2f1acae1bbbe05a0ad79	PY_BINDING_43eb0c1ae06b9ea0a8c6e0a8f27098b0	LOAD	false		false	false			UNKNOWN	NONE	NONE	SERVICE_VERSION_00000000000000000000000000000000	PY_EXPRESSION_97f5845d9d61f3057da4bfbcf06903e6
CALL	ROOT	EXPRESSION_STATEMENT	METHOD	PY_TYPE_cae958ca255fa5164c7794954b62fdaa	PY_METHOD_b0bc7b1a6ed6a9ff39d9748059a0e7ec		0	0		record	NONE	NONE		UNKNOWN				false		20	8	20	35	PY_SCOPE_cd7e198b6606d8d294289e4756c293a3	PY_MODULE_47972cfb252e2f1acae1bbbe05a0ad79		LOAD	false		false	false	self.ledger.record		UNKNOWN	NONE	NONE	SERVICE_VERSION_00000000000000000000000000000000	PY_EXPRESSION_55b7caeccdcfacf9686d8354fea240fe
ATTRIBUTE_ACCESS	RECEIVER	EXPRESSION_STATEMENT	METHOD	PY_TYPE_cae958ca255fa5164c7794954b62fdaa	PY_METHOD_b0bc7b1a6ed6a9ff39d9748059a0e7ec	PY_EXPRESSION_55b7caeccdcfacf9686d8354fea240fe	0	1		record	NONE	NONE		UNKNOWN				false		20	8	20	26	PY_SCOPE_cd7e198b6606d8d294289e4756c293a3	PY_MODULE_47972cfb252e2f1acae1bbbe05a0ad79		LOAD	false		false	false	self.ledger.record		UNKNOWN	NONE	NONE	SERVICE_VERSION_00000000000000000000000000000000	PY_EXPRESSION_83a5c21fa05aa43fa8d549a17d40c137
NAME_REFERENCE	ARGUMENT	EXPRESSION_STATEMENT	METHOD	PY_TYPE_cae958ca255fa5164c7794954b62fdaa	PY_METHOD_b0bc7b1a6ed6a9ff39d9748059a0e7ec	PY_EXPRESSION_55b7caeccdcfacf9686d8354fea240fe	0	1		account	NONE	NONE		UNKNOWN				false		20	27	20	34	PY_SCOPE_cd7e198b6606d8d294289e4756c293a3	PY_MODULE_47972cfb252e2f1acae1bbbe05a0ad79	PY_BINDING_96ba9a0d010ba92cf68a815dbabcb264	LOAD	false		false	false			UNKNOWN	NONE	NONE	SERVICE_VERSION_00000000000000000000000000000000	PY_EXPRESSION_cb30cd10bf61e2ab5062907822312029
ATTRIBUTE_ACCESS	ATTRIBUTE_OBJECT	EXPRESSION_STATEMENT	METHOD	PY_TYPE_cae958ca255fa5164c7794954b62fdaa	PY_METHOD_b0bc7b1a6ed6a9ff39d9748059a0e7ec	PY_EXPRESSION_83a5c21fa05aa43fa8d549a17d40c137	0	2		ledger	NONE	NONE		FIELD	PY_FIELD_3fc3aecef74603ad36271e369113bfc7			false		20	8	20	19	PY_SCOPE_cd7e198b6606d8d294289e4756c293a3	PY_MODULE_47972cfb252e2f1acae1bbbe05a0ad79		LOAD	false		false	false	self.ledger		UNKNOWN	NONE	NONE	SERVICE_VERSION_00000000000000000000000000000000	PY_EXPRESSION_3fe232ba126d2821daec9c73e8bb3014
SELF_REFERENCE	ATTRIBUTE_OBJECT	EXPRESSION_STATEMENT	METHOD	PY_TYPE_cae958ca255fa5164c7794954b62fdaa	PY_METHOD_b0bc7b1a6ed6a9ff39d9748059a0e7ec	PY_EXPRESSION_3fe232ba126d2821daec9c73e8bb3014	0	3		self	NONE	NONE		SELF				false		20	8	20	12	PY_SCOPE_cd7e198b6606d8d294289e4756c293a3	PY_MODULE_47972cfb252e2f1acae1bbbe05a0ad79	PY_BINDING_c4641fa61509c429bce81df31303d6ab	LOAD	false		false	false			UNKNOWN	NONE	NONE	SERVICE_VERSION_00000000000000000000000000000000	PY_EXPRESSION_32258f972ef4e7e3b2a4d0fcb4fbbfb9
ASSIGNMENT	ROOT	ASSIGNMENT_VALUE	METHOD	PY_TYPE_cae958ca255fa5164c7794954b62fdaa	PY_METHOD_b0bc7b1a6ed6a9ff39d9748059a0e7ec		0	0			NONE	NONE		UNKNOWN				false		21	8	21	43	PY_SCOPE_cd7e198b6606d8d294289e4756c293a3	PY_MODULE_47972cfb252e2f1acae1bbbe05a0ad79		LOAD	false		false	false			UNKNOWN	NONE	NONE	SERVICE_VERSION_00000000000000000000000000000000	PY_EXPRESSION_845110c037e4f30e630de8501b98ce1a
NAME_REFERENCE	ASSIGNMENT_VALUE	ASSIGNMENT_VALUE	METHOD	PY_TYPE_cae958ca255fa5164c7794954b62fdaa	PY_METHOD_b0bc7b1a6ed6a9ff39d9748059a0e7ec	PY_EXPRESSION_845110c037e4f30e630de8501b98ce1a	0	1		account	NONE	NONE		UNKNOWN				false		21	36	21	43	PY_SCOPE_cd7e198b6606d8d294289e4756c293a3	PY_MODULE_47972cfb252e2f1acae1bbbe05a0ad79	PY_BINDING_96ba9a0d010ba92cf68a815dbabcb264	LOAD	false		false	false			UNKNOWN	NONE	NONE	SERVICE_VERSION_00000000000000000000000000000000	PY_EXPRESSION_9da693ea294ad90c162897b8f1cef2a3
SUBSCRIPT	ASSIGNMENT_TARGET	ASSIGNMENT_TARGET	METHOD	PY_TYPE_cae958ca255fa5164c7794954b62fdaa	PY_METHOD_b0bc7b1a6ed6a9ff39d9748059a0e7ec	PY_EXPRESSION_845110c037e4f30e630de8501b98ce1a	0	1			NONE	NONE		UNKNOWN				false		21	8	21	33	PY_SCOPE_cd7e198b6606d8d294289e4756c293a3	PY_MODULE_47972cfb252e2f1acae1bbbe05a0ad79		STORE	true		false	false			UNKNOWN	NONE	NONE	SERVICE_VERSION_00000000000000000000000000000000	PY_EXPRESSION_9b627ba0f562793d53cb1e3e1b257cc3
ATTRIBUTE_ACCESS	SUBSCRIPT_OBJECT	ASSIGNMENT_TARGET	METHOD	PY_TYPE_cae958ca255fa5164c7794954b62fdaa	PY_METHOD_b0bc7b1a6ed6a9ff39d9748059a0e7ec	PY_EXPRESSION_9b627ba0f562793d53cb1e3e1b257cc3	0	2		cache	NONE	NONE		FIELD	PY_FIELD_bf0054fa3c616661ffc56ec886d9dcf6			false		21	8	21	18	PY_SCOPE_cd7e198b6606d8d294289e4756c293a3	PY_MODULE_47972cfb252e2f1acae1bbbe05a0ad79		LOAD	false		false	false	self.cache		UNKNOWN	NONE	NONE	SERVICE_VERSION_00000000000000000000000000000000	PY_EXPRESSION_30a4a4695bbd1ee19f55be930b778ea1
ATTRIBUTE_ACCESS	SUBSCRIPT_INDEX	ASSIGNMENT_TARGET	METHOD	PY_TYPE_cae958ca255fa5164c7794954b62fdaa	PY_METHOD_b0bc7b1a6ed6a9ff39d9748059a0e7ec	PY_EXPRESSION_9b627ba0f562793d53cb1e3e1b257cc3	1	2		owner	NONE	NONE		UNKNOWN				false		21	19	21	32	PY_SCOPE_cd7e198b6606d8d294289e4756c293a3	PY_MODULE_47972cfb252e2f1acae1bbbe05a0ad79		LOAD	false		false	false	account.owner		UNKNOWN	NONE	NONE	SERVICE_VERSION_00000000000000000000000000000000	PY_EXPRESSION_c746f3d826826017f0c77f6da27c7bd9
SELF_REFERENCE	ATTRIBUTE_OBJECT	ASSIGNMENT_TARGET	METHOD	PY_TYPE_cae958ca255fa5164c7794954b62fdaa	PY_METHOD_b0bc7b1a6ed6a9ff39d9748059a0e7ec	PY_EXPRESSION_30a4a4695bbd1ee19f55be930b778ea1	0	3		self	NONE	NONE		SELF				false		21	8	21	12	PY_SCOPE_cd7e198b6606d8d294289e4756c293a3	PY_MODULE_47972cfb252e2f1acae1bbbe05a0ad79	PY_BINDING_c4641fa61509c429bce81df31303d6ab	LOAD	false		false	false			UNKNOWN	NONE	NONE	SERVICE_VERSION_00000000000000000000000000000000	PY_EXPRESSION_bd470aecd431fc8c2f6f6aa533af5553
NAME_REFERENCE	ATTRIBUTE_OBJECT	ASSIGNMENT_TARGET	METHOD	PY_TYPE_cae958ca255fa5164c7794954b62fdaa	PY_METHOD_b0bc7b1a6ed6a9ff39d9748059a0e7ec	PY_EXPRESSION_c746f3d826826017f0c77f6da27c7bd9	0	3		account	NONE	NONE		UNKNOWN				false		21	19	21	26	PY_SCOPE_cd7e198b6606d8d294289e4756c293a3	PY_MODULE_47972cfb252e2f1acae1bbbe05a0ad79	PY_BINDING_96ba9a0d010ba92cf68a815dbabcb264	LOAD	false		false	false			UNKNOWN	NONE	NONE	SERVICE_VERSION_00000000000000000000000000000000	PY_EXPRESSION_c8f83d444cfd6432a1d44d206469fd64
SELF_REFERENCE	RETURN_VALUE	RETURN_VALUE	METHOD	PY_TYPE_cae958ca255fa5164c7794954b62fdaa	PY_METHOD_b0bc7b1a6ed6a9ff39d9748059a0e7ec		0	0		self	NONE	NONE		SELF				false	0	22	15	22	19	PY_SCOPE_cd7e198b6606d8d294289e4756c293a3	PY_MODULE_47972cfb252e2f1acae1bbbe05a0ad79	PY_BINDING_c4641fa61509c429bce81df31303d6ab	LOAD	false		false	false			UNKNOWN	NONE	NONE	SERVICE_VERSION_00000000000000000000000000000000	PY_EXPRESSION_b5750d88e1b1bdac7a79c9399ee8e2f9
CALL	RETURN_VALUE	RETURN_VALUE	METHOD	PY_TYPE_cae958ca255fa5164c7794954b62fdaa	PY_METHOD_b36536cced29c4b1d92367539330fa26		0	0		total	NONE	NONE		UNKNOWN				false	0	26	15	26	34	PY_SCOPE_13b87ca4113ca9f3d76ebbdffcd0bacb	PY_MODULE_47972cfb252e2f1acae1bbbe05a0ad79		LOAD	false		false	false	self.ledger.total		UNKNOWN	NONE	NONE	SERVICE_VERSION_00000000000000000000000000000000	PY_EXPRESSION_234f6b09b7c6d19f4b413864c71a7da4
ATTRIBUTE_ACCESS	RECEIVER	RETURN_VALUE	METHOD	PY_TYPE_cae958ca255fa5164c7794954b62fdaa	PY_METHOD_b36536cced29c4b1d92367539330fa26	PY_EXPRESSION_234f6b09b7c6d19f4b413864c71a7da4	0	1		total	NONE	NONE		UNKNOWN				false	0	26	15	26	32	PY_SCOPE_13b87ca4113ca9f3d76ebbdffcd0bacb	PY_MODULE_47972cfb252e2f1acae1bbbe05a0ad79		LOAD	false		false	false	self.ledger.total		UNKNOWN	NONE	NONE	SERVICE_VERSION_00000000000000000000000000000000	PY_EXPRESSION_63ffde4ed6f35783173e4974aa4939ee
ATTRIBUTE_ACCESS	ATTRIBUTE_OBJECT	RETURN_VALUE	METHOD	PY_TYPE_cae958ca255fa5164c7794954b62fdaa	PY_METHOD_b36536cced29c4b1d92367539330fa26	PY_EXPRESSION_63ffde4ed6f35783173e4974aa4939ee	0	2		ledger	NONE	NONE		FIELD	PY_FIELD_3fc3aecef74603ad36271e369113bfc7			false	0	26	15	26	26	PY_SCOPE_13b87ca4113ca9f3d76ebbdffcd0bacb	PY_MODULE_47972cfb252e2f1acae1bbbe05a0ad79		LOAD	false		false	false	self.ledger		UNKNOWN	NONE	NONE	SERVICE_VERSION_00000000000000000000000000000000	PY_EXPRESSION_5bdf7c9ec23d3bbb3ea307a17426717d
SELF_REFERENCE	ATTRIBUTE_OBJECT	RETURN_VALUE	METHOD	PY_TYPE_cae958ca255fa5164c7794954b62fdaa	PY_METHOD_b36536cced29c4b1d92367539330fa26	PY_EXPRESSION_5bdf7c9ec23d3bbb3ea307a17426717d	0	3		self	NONE	NONE		SELF				false	0	26	15	26	19	PY_SCOPE_13b87ca4113ca9f3d76ebbdffcd0bacb	PY_MODULE_47972cfb252e2f1acae1bbbe05a0ad79	PY_BINDING_deaa6b9ac8e0f92517be75cd2165e990	LOAD	false		false	false			UNKNOWN	NONE	NONE	SERVICE_VERSION_00000000000000000000000000000000	PY_EXPRESSION_a6cd00d7d5c3028333f9e747181f30de
LITERAL	ROOT	CLASS_BODY_STATEMENT	METHOD	PY_TYPE_e6f0886e1ee43ec949057e681defe894	PY_METHOD_4273c1dbf6864114947e98cab75ab140		0	0	STRING	self.* attributes written across several methods, not only __init__. Only 67% of self-attribute writes in the corpus are in __init__, so an attribute is a SET of writes, not a declaration.	NONE	NONE		UNKNOWN				false		30	4	34	7	PY_SCOPE_347161bee8efa9b4cade1b26ceb171f7	PY_MODULE_47972cfb252e2f1acae1bbbe05a0ad79		LOAD	false		false	false		str	BUILTIN_SCALAR	LITERAL	CERTAIN	SERVICE_VERSION_00000000000000000000000000000000	PY_EXPRESSION_e4e18d5f124e34597bcc066cf69a690f
ASSIGNMENT	ROOT	ASSIGNMENT_VALUE	METHOD	PY_TYPE_e6f0886e1ee43ec949057e681defe894	PY_METHOD_a60ed679b49c234b36ba6f409798c9b6		0	0			NONE	NONE		UNKNOWN				false		37	8	37	32	PY_SCOPE_297a277bf1832b83e96710a691c45314	PY_MODULE_47972cfb252e2f1acae1bbbe05a0ad79		LOAD	false		false	false			UNKNOWN	NONE	NONE	SERVICE_VERSION_00000000000000000000000000000000	PY_EXPRESSION_251df2169b50df370e68183d945c85f7
CALL	ASSIGNMENT_VALUE	ASSIGNMENT_VALUE	METHOD	PY_TYPE_e6f0886e1ee43ec949057e681defe894	PY_METHOD_a60ed679b49c234b36ba6f409798c9b6	PY_EXPRESSION_251df2169b50df370e68183d945c85f7	0	1		Repository	NONE	NONE		UNKNOWN				false		37	20	37	32	PY_SCOPE_297a277bf1832b83e96710a691c45314	PY_MODULE_47972cfb252e2f1acae1bbbe05a0ad79		LOAD	false		false	false	Repository		UNKNOWN	NONE	NONE	SERVICE_VERSION_00000000000000000000000000000000	PY_EXPRESSION_a8ff1230ca4772d4873e1f0c1110bbf4
ATTRIBUTE_ACCESS	ASSIGNMENT_TARGET	ASSIGNMENT_TARGET	METHOD	PY_TYPE_e6f0886e1ee43ec949057e681defe894	PY_METHOD_a60ed679b49c234b36ba6f409798c9b6	PY_EXPRESSION_251df2169b50df370e68183d945c85f7	0	1		repo	NONE	NONE		FIELD	PY_FIELD_fef4c0419d351f1f74d8fe2c1cce11bc			false		37	8	37	17	PY_SCOPE_297a277bf1832b83e96710a691c45314	PY_MODULE_47972cfb252e2f1acae1bbbe05a0ad79		STORE	true		false	false	self.repo		UNKNOWN	NONE	NONE	SERVICE_VERSION_00000000000000000000000000000000	PY_EXPRESSION_7c66e13117a8889298e17fee4ce11cd0
NAME_REFERENCE	CALLEE	ASSIGNMENT_VALUE	METHOD	PY_TYPE_e6f0886e1ee43ec949057e681defe894	PY_METHOD_a60ed679b49c234b36ba6f409798c9b6	PY_EXPRESSION_a8ff1230ca4772d4873e1f0c1110bbf4	0	2		Repository	NONE	NONE		TYPE	PY_TYPE_cae958ca255fa5164c7794954b62fdaa			false		37	20	37	30	PY_SCOPE_297a277bf1832b83e96710a691c45314	PY_MODULE_47972cfb252e2f1acae1bbbe05a0ad79	PY_BINDING_300f13e4370f610b3b8bc39fe8e47366	LOAD	false		false	false			UNKNOWN	NONE	NONE	SERVICE_VERSION_00000000000000000000000000000000	PY_EXPRESSION_d864f6637fba4e89d87ce6ceedac791b
SELF_REFERENCE	ATTRIBUTE_OBJECT	ASSIGNMENT_TARGET	METHOD	PY_TYPE_e6f0886e1ee43ec949057e681defe894	PY_METHOD_a60ed679b49c234b36ba6f409798c9b6	PY_EXPRESSION_7c66e13117a8889298e17fee4ce11cd0	0	2		self	NONE	NONE		SELF				false		37	8	37	12	PY_SCOPE_297a277bf1832b83e96710a691c45314	PY_MODULE_47972cfb252e2f1acae1bbbe05a0ad79	PY_BINDING_8ad5b85f679536fd7816fe649fc06897	LOAD	false		false	false			UNKNOWN	NONE	NONE	SERVICE_VERSION_00000000000000000000000000000000	PY_EXPRESSION_c51fc8ef8610d2cc16ed3bd1d24bbb1f
ASSIGNMENT	ROOT	ASSIGNMENT_VALUE	METHOD	PY_TYPE_e6f0886e1ee43ec949057e681defe894	PY_METHOD_a60ed679b49c234b36ba6f409798c9b6		0	0			NONE	NONE		UNKNOWN				false		38	8	38	26	PY_SCOPE_297a277bf1832b83e96710a691c45314	PY_MODULE_47972cfb252e2f1acae1bbbe05a0ad79		LOAD	false		false	false			UNKNOWN	NONE	NONE	SERVICE_VERSION_00000000000000000000000000000000	PY_EXPRESSION_408ee1f96d3105e3632d847b1ff11d08
NAME_REFERENCE	ASSIGNMENT_VALUE	ASSIGNMENT_VALUE	METHOD	PY_TYPE_e6f0886e1ee43ec949057e681defe894	PY_METHOD_a60ed679b49c234b36ba6f409798c9b6	PY_EXPRESSION_408ee1f96d3105e3632d847b1ff11d08	0	1		owner	NONE	NONE		UNKNOWN				false		38	21	38	26	PY_SCOPE_297a277bf1832b83e96710a691c45314	PY_MODULE_47972cfb252e2f1acae1bbbe05a0ad79	PY_BINDING_248e49ee997fb560eee10af603873bba	LOAD	false		false	false			UNKNOWN	NONE	NONE	SERVICE_VERSION_00000000000000000000000000000000	PY_EXPRESSION_125aaab128e80ac5ef97d2199a89630d
ATTRIBUTE_ACCESS	ASSIGNMENT_TARGET	ASSIGNMENT_TARGET	METHOD	PY_TYPE_e6f0886e1ee43ec949057e681defe894	PY_METHOD_a60ed679b49c234b36ba6f409798c9b6	PY_EXPRESSION_408ee1f96d3105e3632d847b1ff11d08	0	1		owner	NONE	NONE		FIELD	PY_FIELD_da4786f6733b5073f73fbe23c6222d40			false		38	8	38	18	PY_SCOPE_297a277bf1832b83e96710a691c45314	PY_MODULE_47972cfb252e2f1acae1bbbe05a0ad79		STORE	true		false	false	self.owner		UNKNOWN	NONE	NONE	SERVICE_VERSION_00000000000000000000000000000000	PY_EXPRESSION_264b2223a5a4fa44660250ef927520cf
SELF_REFERENCE	ATTRIBUTE_OBJECT	ASSIGNMENT_TARGET	METHOD	PY_TYPE_e6f0886e1ee43ec949057e681defe894	PY_METHOD_a60ed679b49c234b36ba6f409798c9b6	PY_EXPRESSION_264b2223a5a4fa44660250ef927520cf	0	2		self	NONE	NONE		SELF				false		38	8	38	12	PY_SCOPE_297a277bf1832b83e96710a691c45314	PY_MODULE_47972cfb252e2f1acae1bbbe05a0ad79	PY_BINDING_8ad5b85f679536fd7816fe649fc06897	LOAD	false		false	false			UNKNOWN	NONE	NONE	SERVICE_VERSION_00000000000000000000000000000000	PY_EXPRESSION_2b372a02c4da63e81792382753de7581
ASSIGNMENT	ROOT	ASSIGNMENT_VALUE	METHOD	PY_TYPE_e6f0886e1ee43ec949057e681defe894	PY_METHOD_a60ed679b49c234b36ba6f409798c9b6		0	0			NONE	NONE		UNKNOWN				false		39	8	39	37	PY_SCOPE_297a277bf1832b83e96710a691c45314	PY_MODULE_47972cfb252e2f1acae1bbbe05a0ad79		LOAD	false		false	false			UNKNOWN	NONE	NONE	SERVICE_VERSION_00000000000000000000000000000000	PY_EXPRESSION_a25649b03db6f2d61b5c1aa9502b8e22
CALL	ASSIGNMENT_VALUE	ASSIGNMENT_VALUE	METHOD	PY_TYPE_e6f0886e1ee43ec949057e681defe894	PY_METHOD_a60ed679b49c234b36ba6f409798c9b6	PY_EXPRESSION_a25649b03db6f2d61b5c1aa9502b8e22	0	1		Account	NONE	NONE		UNKNOWN				false		39	23	39	37	PY_SCOPE_297a277bf1832b83e96710a691c45314	PY_MODULE_47972cfb252e2f1acae1bbbe05a0ad79		LOAD	false		false	false	Account		UNKNOWN	NONE	NONE	SERVICE_VERSION_00000000000000000000000000000000	PY_EXPRESSION_281b5284279ed0f87d0da116c005ee32
ATTRIBUTE_ACCESS	ASSIGNMENT_TARGET	ASSIGNMENT_TARGET	METHOD	PY_TYPE_e6f0886e1ee43ec949057e681defe894	PY_METHOD_a60ed679b49c234b36ba6f409798c9b6	PY_EXPRESSION_a25649b03db6f2d61b5c1aa9502b8e22	0	1		primary	NONE	NONE		FIELD	PY_FIELD_1aa4c119e23cd1064c922a472f48d303			false		39	8	39	20	PY_SCOPE_297a277bf1832b83e96710a691c45314	PY_MODULE_47972cfb252e2f1acae1bbbe05a0ad79		STORE	true		false	false	self.primary		UNKNOWN	NONE	NONE	SERVICE_VERSION_00000000000000000000000000000000	PY_EXPRESSION_5360c851147f7845d7b47b9d609fae03
NAME_REFERENCE	CALLEE	ASSIGNMENT_VALUE	METHOD	PY_TYPE_e6f0886e1ee43ec949057e681defe894	PY_METHOD_a60ed679b49c234b36ba6f409798c9b6	PY_EXPRESSION_281b5284279ed0f87d0da116c005ee32	0	2		Account	NONE	NONE		TYPE	PY_TYPE_160aee5ca584e3817b8783b4e148e2a8			false		39	23	39	30	PY_SCOPE_297a277bf1832b83e96710a691c45314	PY_MODULE_47972cfb252e2f1acae1bbbe05a0ad79	PY_BINDING_2032ecf95aa142b8afdba085a813e39a	LOAD	false		false	false			UNKNOWN	NONE	NONE	SERVICE_VERSION_00000000000000000000000000000000	PY_EXPRESSION_c197320c4e5f20a16e0293b171c2db9e
NAME_REFERENCE	ARGUMENT	ASSIGNMENT_VALUE	METHOD	PY_TYPE_e6f0886e1ee43ec949057e681defe894	PY_METHOD_a60ed679b49c234b36ba6f409798c9b6	PY_EXPRESSION_281b5284279ed0f87d0da116c005ee32	0	2		owner	NONE	NONE		UNKNOWN				false		39	31	39	36	PY_SCOPE_297a277bf1832b83e96710a691c45314	PY_MODULE_47972cfb252e2f1acae1bbbe05a0ad79	PY_BINDING_248e49ee997fb560eee10af603873bba	LOAD	false		false	false			UNKNOWN	NONE	NONE	SERVICE_VERSION_00000000000000000000000000000000	PY_EXPRESSION_878856a8a40b532dc30542eab7e3a03e
SELF_REFERENCE	ATTRIBUTE_OBJECT	ASSIGNMENT_TARGET	METHOD	PY_TYPE_e6f0886e1ee43ec949057e681defe894	PY_METHOD_a60ed679b49c234b36ba6f409798c9b6	PY_EXPRESSION_5360c851147f7845d7b47b9d609fae03	0	2		self	NONE	NONE		SELF				false		39	8	39	12	PY_SCOPE_297a277bf1832b83e96710a691c45314	PY_MODULE_47972cfb252e2f1acae1bbbe05a0ad79	PY_BINDING_8ad5b85f679536fd7816fe649fc06897	LOAD	false		false	false			UNKNOWN	NONE	NONE	SERVICE_VERSION_00000000000000000000000000000000	PY_EXPRESSION_623ae026a52388db8ea23c68dee4fc6a
ASSIGNMENT	ROOT	ASSIGNMENT_VALUE	METHOD	PY_TYPE_e6f0886e1ee43ec949057e681defe894	PY_METHOD_a60ed679b49c234b36ba6f409798c9b6		0	0			NONE	NONE		UNKNOWN				false		40	8	40	25	PY_SCOPE_297a277bf1832b83e96710a691c45314	PY_MODULE_47972cfb252e2f1acae1bbbe05a0ad79		LOAD	false		false	false			UNKNOWN	NONE	NONE	SERVICE_VERSION_00000000000000000000000000000000	PY_EXPRESSION_8f10ab09e1014bfdd0799fc96e8b9e29
LITERAL	ASSIGNMENT_VALUE	ASSIGNMENT_VALUE	METHOD	PY_TYPE_e6f0886e1ee43ec949057e681defe894	PY_METHOD_a60ed679b49c234b36ba6f409798c9b6	PY_EXPRESSION_8f10ab09e1014bfdd0799fc96e8b9e29	0	1	NONE	None	NONE	NONE		UNKNOWN				false		40	21	40	25	PY_SCOPE_297a277bf1832b83e96710a691c45314	PY_MODULE_47972cfb252e2f1acae1bbbe05a0ad79		LOAD	false		false	false		None	NONE_TYPE	LITERAL	CERTAIN	SERVICE_VERSION_00000000000000000000000000000000	PY_EXPRESSION_055acc5c290ff0beac6624b92c6c215e
ATTRIBUTE_ACCESS	ASSIGNMENT_TARGET	ASSIGNMENT_TARGET	METHOD	PY_TYPE_e6f0886e1ee43ec949057e681defe894	PY_METHOD_a60ed679b49c234b36ba6f409798c9b6	PY_EXPRESSION_8f10ab09e1014bfdd0799fc96e8b9e29	0	1		audit	NONE	NONE		FIELD	PY_FIELD_4f0a7463129599ae1011256b651662d1			false		40	8	40	18	PY_SCOPE_297a277bf1832b83e96710a691c45314	PY_MODULE_47972cfb252e2f1acae1bbbe05a0ad79		STORE	true		false	false	self.audit		UNKNOWN	NONE	NONE	SERVICE_VERSION_00000000000000000000000000000000	PY_EXPRESSION_f4126b8f73c975be5f7b7ccf1091995f
SELF_REFERENCE	ATTRIBUTE_OBJECT	ASSIGNMENT_TARGET	METHOD	PY_TYPE_e6f0886e1ee43ec949057e681defe894	PY_METHOD_a60ed679b49c234b36ba6f409798c9b6	PY_EXPRESSION_f4126b8f73c975be5f7b7ccf1091995f	0	2		self	NONE	NONE		SELF				false		40	8	40	12	PY_SCOPE_297a277bf1832b83e96710a691c45314	PY_MODULE_47972cfb252e2f1acae1bbbe05a0ad79	PY_BINDING_8ad5b85f679536fd7816fe649fc06897	LOAD	false		false	false			UNKNOWN	NONE	NONE	SERVICE_VERSION_00000000000000000000000000000000	PY_EXPRESSION_22afc45dcc63268a0375f967d775692e
ASSIGNMENT	ROOT	ASSIGNMENT_VALUE	METHOD	PY_TYPE_e6f0886e1ee43ec949057e681defe894	PY_METHOD_fca696f5df363dde84b4fc5b5c2da74f		0	0			NONE	NONE		UNKNOWN				false		44	8	44	45	PY_SCOPE_ece1b1332f009edd9b7a4afc6ad97d2c	PY_MODULE_47972cfb252e2f1acae1bbbe05a0ad79		LOAD	false		false	false			UNKNOWN	NONE	NONE	SERVICE_VERSION_00000000000000000000000000000000	PY_EXPRESSION_ec9069ab36fca0ff2f5ee3d9f932a206
CALL	ASSIGNMENT_VALUE	ASSIGNMENT_VALUE	METHOD	PY_TYPE_e6f0886e1ee43ec949057e681defe894	PY_METHOD_fca696f5df363dde84b4fc5b5c2da74f	PY_EXPRESSION_ec9069ab36fca0ff2f5ee3d9f932a206	0	1		Account	NONE	NONE		UNKNOWN				false		44	25	44	45	PY_SCOPE_ece1b1332f009edd9b7a4afc6ad97d2c	PY_MODULE_47972cfb252e2f1acae1bbbe05a0ad79		LOAD	false		false	false	Account		UNKNOWN	NONE	NONE	SERVICE_VERSION_00000000000000000000000000000000	PY_EXPRESSION_a897cb13b16b6558c2faf4ffc7280088
ATTRIBUTE_ACCESS	ASSIGNMENT_TARGET	ASSIGNMENT_TARGET	METHOD	PY_TYPE_e6f0886e1ee43ec949057e681defe894	PY_METHOD_fca696f5df363dde84b4fc5b5c2da74f	PY_EXPRESSION_ec9069ab36fca0ff2f5ee3d9f932a206	0	1		secondary	NONE	NONE		FIELD	PY_FIELD_a1f5dc4d7b2b57ebd24c9504d6372210			false		44	8	44	22	PY_SCOPE_ece1b1332f009edd9b7a4afc6ad97d2c	PY_MODULE_47972cfb252e2f1acae1bbbe05a0ad79		STORE	true		false	false	self.secondary		UNKNOWN	NONE	NONE	SERVICE_VERSION_00000000000000000000000000000000	PY_EXPRESSION_b6e339f84c90f73f67da727315ae285f
NAME_REFERENCE	CALLEE	ASSIGNMENT_VALUE	METHOD	PY_TYPE_e6f0886e1ee43ec949057e681defe894	PY_METHOD_fca696f5df363dde84b4fc5b5c2da74f	PY_EXPRESSION_a897cb13b16b6558c2faf4ffc7280088	0	2		Account	NONE	NONE		TYPE	PY_TYPE_160aee5ca584e3817b8783b4e148e2a8			false		44	25	44	32	PY_SCOPE_ece1b1332f009edd9b7a4afc6ad97d2c	PY_MODULE_47972cfb252e2f1acae1bbbe05a0ad79	PY_BINDING_ca9b654e0c5f4213455d9993214588bc	LOAD	false		false	false			UNKNOWN	NONE	NONE	SERVICE_VERSION_00000000000000000000000000000000	PY_EXPRESSION_bb79124dba59b2e2c7342c84ca1ec953
NAME_REFERENCE	ARGUMENT	ASSIGNMENT_VALUE	METHOD	PY_TYPE_e6f0886e1ee43ec949057e681defe894	PY_METHOD_fca696f5df363dde84b4fc5b5c2da74f	PY_EXPRESSION_a897cb13b16b6558c2faf4ffc7280088	0	2		other_owner	NONE	NONE		UNKNOWN				false		44	33	44	44	PY_SCOPE_ece1b1332f009edd9b7a4afc6ad97d2c	PY_MODULE_47972cfb252e2f1acae1bbbe05a0ad79	PY_BINDING_cbba3d2b25f8f1f6f4e8aa1c665db61f	LOAD	false		false	false			UNKNOWN	NONE	NONE	SERVICE_VERSION_00000000000000000000000000000000	PY_EXPRESSION_22e690811ca8e9b827abded7c8a46395
SELF_REFERENCE	ATTRIBUTE_OBJECT	ASSIGNMENT_TARGET	METHOD	PY_TYPE_e6f0886e1ee43ec949057e681defe894	PY_METHOD_fca696f5df363dde84b4fc5b5c2da74f	PY_EXPRESSION_b6e339f84c90f73f67da727315ae285f	0	2		self	NONE	NONE		SELF				false		44	8	44	12	PY_SCOPE_ece1b1332f009edd9b7a4afc6ad97d2c	PY_MODULE_47972cfb252e2f1acae1bbbe05a0ad79	PY_BINDING_ec551bf23cc55ced142c19b9acc2cd7e	LOAD	false		false	false			UNKNOWN	NONE	NONE	SERVICE_VERSION_00000000000000000000000000000000	PY_EXPRESSION_72ed1345f6e5e0e57efb7c8244c93396
ATTRIBUTE_ACCESS	RETURN_VALUE	RETURN_VALUE	METHOD	PY_TYPE_e6f0886e1ee43ec949057e681defe894	PY_METHOD_fca696f5df363dde84b4fc5b5c2da74f		0	0		secondary	NONE	NONE		FIELD	PY_FIELD_a1f5dc4d7b2b57ebd24c9504d6372210			false	0	45	15	45	29	PY_SCOPE_ece1b1332f009edd9b7a4afc6ad97d2c	PY_MODULE_47972cfb252e2f1acae1bbbe05a0ad79		LOAD	false		false	false	self.secondary		UNKNOWN	NONE	NONE	SERVICE_VERSION_00000000000000000000000000000000	PY_EXPRESSION_a46109622ab5d6ad2304cfd34d0262b3
SELF_REFERENCE	ATTRIBUTE_OBJECT	RETURN_VALUE	METHOD	PY_TYPE_e6f0886e1ee43ec949057e681defe894	PY_METHOD_fca696f5df363dde84b4fc5b5c2da74f	PY_EXPRESSION_a46109622ab5d6ad2304cfd34d0262b3	0	1		self	NONE	NONE		SELF				false	0	45	15	45	19	PY_SCOPE_ece1b1332f009edd9b7a4afc6ad97d2c	PY_MODULE_47972cfb252e2f1acae1bbbe05a0ad79	PY_BINDING_ec551bf23cc55ced142c19b9acc2cd7e	LOAD	false		false	false			UNKNOWN	NONE	NONE	SERVICE_VERSION_00000000000000000000000000000000	PY_EXPRESSION_c488a063fde2bcff618c5364c3a9ec9d
ASSIGNMENT	ROOT	ASSIGNMENT_VALUE	METHOD	PY_TYPE_e6f0886e1ee43ec949057e681defe894	PY_METHOD_664776b097cc5444b8fb72851bf26ce8		0	0			NONE	NONE		UNKNOWN				false		49	8	49	42	PY_SCOPE_e8aeafa4492ed8c1d4d6d443d68336af	PY_MODULE_47972cfb252e2f1acae1bbbe05a0ad79		LOAD	false		false	false			UNKNOWN	NONE	NONE	SERVICE_VERSION_00000000000000000000000000000000	PY_EXPRESSION_163faccea9c0d6117b75c37cde7d98e5
CALL	ASSIGNMENT_VALUE	ASSIGNMENT_VALUE	METHOD	PY_TYPE_e6f0886e1ee43ec949057e681defe894	PY_METHOD_664776b097cc5444b8fb72851bf26ce8	PY_EXPRESSION_163faccea9c0d6117b75c37cde7d98e5	0	1		Account	NONE	NONE		UNKNOWN				false		49	23	49	42	PY_SCOPE_e8aeafa4492ed8c1d4d6d443d68336af	PY_MODULE_47972cfb252e2f1acae1bbbe05a0ad79		LOAD	false		false	false	Account		UNKNOWN	NONE	NONE	SERVICE_VERSION_00000000000000000000000000000000	PY_EXPRESSION_00409b914118bd4e83ad71d2f4e270a7
ATTRIBUTE_ACCESS	ASSIGNMENT_TARGET	ASSIGNMENT_TARGET	METHOD	PY_TYPE_e6f0886e1ee43ec949057e681defe894	PY_METHOD_664776b097cc5444b8fb72851bf26ce8	PY_EXPRESSION_163faccea9c0d6117b75c37cde7d98e5	0	1		primary	NONE	NONE		FIELD	PY_FIELD_1aa4c119e23cd1064c922a472f48d303			false		49	8	49	20	PY_SCOPE_e8aeafa4492ed8c1d4d6d443d68336af	PY_MODULE_47972cfb252e2f1acae1bbbe05a0ad79		STORE	true		false	false	self.primary		UNKNOWN	NONE	NONE	SERVICE_VERSION_00000000000000000000000000000000	PY_EXPRESSION_b5d4265fc8d6a849768e66ca7d772c96
NAME_REFERENCE	CALLEE	ASSIGNMENT_VALUE	METHOD	PY_TYPE_e6f0886e1ee43ec949057e681defe894	PY_METHOD_664776b097cc5444b8fb72851bf26ce8	PY_EXPRESSION_00409b914118bd4e83ad71d2f4e270a7	0	2		Account	NONE	NONE		TYPE	PY_TYPE_160aee5ca584e3817b8783b4e148e2a8			false		49	23	49	30	PY_SCOPE_e8aeafa4492ed8c1d4d6d443d68336af	PY_MODULE_47972cfb252e2f1acae1bbbe05a0ad79	PY_BINDING_a6937a0e3a8f0e577c66c14d03e02b37	LOAD	false		false	false			UNKNOWN	NONE	NONE	SERVICE_VERSION_00000000000000000000000000000000	PY_EXPRESSION_ccce4d4425c340db3b5f5d886f2f924b
ATTRIBUTE_ACCESS	ARGUMENT	ASSIGNMENT_VALUE	METHOD	PY_TYPE_e6f0886e1ee43ec949057e681defe894	PY_METHOD_664776b097cc5444b8fb72851bf26ce8	PY_EXPRESSION_00409b914118bd4e83ad71d2f4e270a7	0	2		owner	NONE	NONE		FIELD	PY_FIELD_da4786f6733b5073f73fbe23c6222d40			false		49	31	49	41	PY_SCOPE_e8aeafa4492ed8c1d4d6d443d68336af	PY_MODULE_47972cfb252e2f1acae1bbbe05a0ad79		LOAD	false		false	false	self.owner		UNKNOWN	NONE	NONE	SERVICE_VERSION_00000000000000000000000000000000	PY_EXPRESSION_e61225a4cc0a5c0ed7f367dd5ec1f8e3
SELF_REFERENCE	ATTRIBUTE_OBJECT	ASSIGNMENT_TARGET	METHOD	PY_TYPE_e6f0886e1ee43ec949057e681defe894	PY_METHOD_664776b097cc5444b8fb72851bf26ce8	PY_EXPRESSION_b5d4265fc8d6a849768e66ca7d772c96	0	2		self	NONE	NONE		SELF				false		49	8	49	12	PY_SCOPE_e8aeafa4492ed8c1d4d6d443d68336af	PY_MODULE_47972cfb252e2f1acae1bbbe05a0ad79	PY_BINDING_2d895571ed5efb2b369151fbfa8671fa	LOAD	false		false	false			UNKNOWN	NONE	NONE	SERVICE_VERSION_00000000000000000000000000000000	PY_EXPRESSION_a8ebdb58df8599d11b5d04ec178642bd
SELF_REFERENCE	ATTRIBUTE_OBJECT	ASSIGNMENT_VALUE	METHOD	PY_TYPE_e6f0886e1ee43ec949057e681defe894	PY_METHOD_664776b097cc5444b8fb72851bf26ce8	PY_EXPRESSION_e61225a4cc0a5c0ed7f367dd5ec1f8e3	0	3		self	NONE	NONE		SELF				false		49	31	49	35	PY_SCOPE_e8aeafa4492ed8c1d4d6d443d68336af	PY_MODULE_47972cfb252e2f1acae1bbbe05a0ad79	PY_BINDING_2d895571ed5efb2b369151fbfa8671fa	LOAD	false		false	false			UNKNOWN	NONE	NONE	SERVICE_VERSION_00000000000000000000000000000000	PY_EXPRESSION_bd9948c3d4c230d8605f92e55ed4990c
ASSIGNMENT	ROOT	ASSIGNMENT_VALUE	METHOD	PY_TYPE_e6f0886e1ee43ec949057e681defe894	PY_METHOD_664776b097cc5444b8fb72851bf26ce8		0	0			NONE	NONE		UNKNOWN				false		50	8	50	23	PY_SCOPE_e8aeafa4492ed8c1d4d6d443d68336af	PY_MODULE_47972cfb252e2f1acae1bbbe05a0ad79		LOAD	false		false	false			UNKNOWN	NONE	NONE	SERVICE_VERSION_00000000000000000000000000000000	PY_EXPRESSION_72a5b5c3ad1b08a25967cafa50eb0245
LIST	ASSIGNMENT_VALUE	ASSIGNMENT_VALUE	METHOD	PY_TYPE_e6f0886e1ee43ec949057e681defe894	PY_METHOD_664776b097cc5444b8fb72851bf26ce8	PY_EXPRESSION_72a5b5c3ad1b08a25967cafa50eb0245	0	1			NONE	NONE		UNKNOWN				false		50	21	50	23	PY_SCOPE_e8aeafa4492ed8c1d4d6d443d68336af	PY_MODULE_47972cfb252e2f1acae1bbbe05a0ad79		LOAD	false		false	false		list	BUILTIN_COLLECTION	COLLECTION_LITERAL	CERTAIN	SERVICE_VERSION_00000000000000000000000000000000	PY_EXPRESSION_3c0011687e8e3e690ce22a5b8fd9cdc3
ATTRIBUTE_ACCESS	ASSIGNMENT_TARGET	ASSIGNMENT_TARGET	METHOD	PY_TYPE_e6f0886e1ee43ec949057e681defe894	PY_METHOD_664776b097cc5444b8fb72851bf26ce8	PY_EXPRESSION_72a5b5c3ad1b08a25967cafa50eb0245	0	1		audit	NONE	NONE		FIELD	PY_FIELD_4f0a7463129599ae1011256b651662d1			false		50	8	50	18	PY_SCOPE_e8aeafa4492ed8c1d4d6d443d68336af	PY_MODULE_47972cfb252e2f1acae1bbbe05a0ad79		STORE	true		false	false	self.audit		UNKNOWN	NONE	NONE	SERVICE_VERSION_00000000000000000000000000000000	PY_EXPRESSION_8cafb1340c236f4edd20b33c06c992c0
SELF_REFERENCE	ATTRIBUTE_OBJECT	ASSIGNMENT_TARGET	METHOD	PY_TYPE_e6f0886e1ee43ec949057e681defe894	PY_METHOD_664776b097cc5444b8fb72851bf26ce8	PY_EXPRESSION_8cafb1340c236f4edd20b33c06c992c0	0	2		self	NONE	NONE		SELF				false		50	8	50	12	PY_SCOPE_e8aeafa4492ed8c1d4d6d443d68336af	PY_MODULE_47972cfb252e2f1acae1bbbe05a0ad79	PY_BINDING_2d895571ed5efb2b369151fbfa8671fa	LOAD	false		false	false			UNKNOWN	NONE	NONE	SERVICE_VERSION_00000000000000000000000000000000	PY_EXPRESSION_10669ffdd74b2864ee7459bbf0b4b08e
CALL	RETURN_VALUE	RETURN_VALUE	METHOD	PY_TYPE_e6f0886e1ee43ec949057e681defe894	PY_METHOD_d547f058cd0bdae0eb486d679a725fd3		0	0		compute	NONE	NONE		UNKNOWN				false	0	54	15	54	29	PY_SCOPE_66a82385e4c839355a96cfc1923562f2	PY_MODULE_47972cfb252e2f1acae1bbbe05a0ad79		LOAD	false		false	false	self.compute		UNKNOWN	NONE	NONE	SERVICE_VERSION_00000000000000000000000000000000	PY_EXPRESSION_940f74fa436d0e55851399b98266c6b2
ATTRIBUTE_ACCESS	RECEIVER	RETURN_VALUE	METHOD	PY_TYPE_e6f0886e1ee43ec949057e681defe894	PY_METHOD_d547f058cd0bdae0eb486d679a725fd3	PY_EXPRESSION_940f74fa436d0e55851399b98266c6b2	0	1		compute	NONE	NONE		UNKNOWN				false	0	54	15	54	27	PY_SCOPE_66a82385e4c839355a96cfc1923562f2	PY_MODULE_47972cfb252e2f1acae1bbbe05a0ad79		LOAD	false		false	false	self.compute		UNKNOWN	NONE	NONE	SERVICE_VERSION_00000000000000000000000000000000	PY_EXPRESSION_c5fed72d17adf23f37a39c028183a3b0
SELF_REFERENCE	ATTRIBUTE_OBJECT	RETURN_VALUE	METHOD	PY_TYPE_e6f0886e1ee43ec949057e681defe894	PY_METHOD_d547f058cd0bdae0eb486d679a725fd3	PY_EXPRESSION_c5fed72d17adf23f37a39c028183a3b0	0	2		self	NONE	NONE		SELF				false	0	54	15	54	19	PY_SCOPE_66a82385e4c839355a96cfc1923562f2	PY_MODULE_47972cfb252e2f1acae1bbbe05a0ad79	PY_BINDING_4b5a2d9b0ace784b0ba9e4449cacc960	LOAD	false		false	false			UNKNOWN	NONE	NONE	SERVICE_VERSION_00000000000000000000000000000000	PY_EXPRESSION_099b695c38edfb1271754a866c6b24a2
CALL	RETURN_VALUE	RETURN_VALUE	METHOD	PY_TYPE_e6f0886e1ee43ec949057e681defe894	PY_METHOD_7f53c3b8113724585abad9e1ac60d44d		0	0		balance	NONE	NONE		UNKNOWN				false	0	57	15	57	37	PY_SCOPE_0fea898c63887d314d96ab215404b534	PY_MODULE_47972cfb252e2f1acae1bbbe05a0ad79		LOAD	false		false	false	self.primary.balance		UNKNOWN	NONE	NONE	SERVICE_VERSION_00000000000000000000000000000000	PY_EXPRESSION_cb267c4c4829432e4ee9db51a22dc0e5
ATTRIBUTE_ACCESS	RECEIVER	RETURN_VALUE	METHOD	PY_TYPE_e6f0886e1ee43ec949057e681defe894	PY_METHOD_7f53c3b8113724585abad9e1ac60d44d	PY_EXPRESSION_cb267c4c4829432e4ee9db51a22dc0e5	0	1		balance	NONE	NONE		UNKNOWN				false	0	57	15	57	35	PY_SCOPE_0fea898c63887d314d96ab215404b534	PY_MODULE_47972cfb252e2f1acae1bbbe05a0ad79		LOAD	false		false	false	self.primary.balance		UNKNOWN	NONE	NONE	SERVICE_VERSION_00000000000000000000000000000000	PY_EXPRESSION_47c09563d9780fc9cc73eddcfb84bb05
ATTRIBUTE_ACCESS	ATTRIBUTE_OBJECT	RETURN_VALUE	METHOD	PY_TYPE_e6f0886e1ee43ec949057e681defe894	PY_METHOD_7f53c3b8113724585abad9e1ac60d44d	PY_EXPRESSION_47c09563d9780fc9cc73eddcfb84bb05	0	2		primary	NONE	NONE		FIELD	PY_FIELD_1aa4c119e23cd1064c922a472f48d303			false	0	57	15	57	27	PY_SCOPE_0fea898c63887d314d96ab215404b534	PY_MODULE_47972cfb252e2f1acae1bbbe05a0ad79		LOAD	false		false	false	self.primary		UNKNOWN	NONE	NONE	SERVICE_VERSION_00000000000000000000000000000000	PY_EXPRESSION_3c56a18764335ba0cbb7bcf24af53fa9
SELF_REFERENCE	ATTRIBUTE_OBJECT	RETURN_VALUE	METHOD	PY_TYPE_e6f0886e1ee43ec949057e681defe894	PY_METHOD_7f53c3b8113724585abad9e1ac60d44d	PY_EXPRESSION_3c56a18764335ba0cbb7bcf24af53fa9	0	3		self	NONE	NONE		SELF				false	0	57	15	57	19	PY_SCOPE_0fea898c63887d314d96ab215404b534	PY_MODULE_47972cfb252e2f1acae1bbbe05a0ad79	PY_BINDING_15260fd9c1c8788e96dc472fef029fdf	LOAD	false		false	false			UNKNOWN	NONE	NONE	SERVICE_VERSION_00000000000000000000000000000000	PY_EXPRESSION_fec41060ff281fdbc77457044b0df389
CALL	RETURN_VALUE	RETURN_VALUE	METHOD	PY_TYPE_e6f0886e1ee43ec949057e681defe894	PY_METHOD_d87f70998d9dc2c938e4913dd96b8053		0	0		balance	NONE	NONE		UNKNOWN				false	0	61	15	61	37	PY_SCOPE_9de0f648bf8a5ae0927015cc65df700b	PY_MODULE_47972cfb252e2f1acae1bbbe05a0ad79		LOAD	false		false	false	self.primary.balance		UNKNOWN	NONE	NONE	SERVICE_VERSION_00000000000000000000000000000000	PY_EXPRESSION_95648c0001ad2b326539dd9e6b667e56
ATTRIBUTE_ACCESS	RECEIVER	RETURN_VALUE	METHOD	PY_TYPE_e6f0886e1ee43ec949057e681defe894	PY_METHOD_d87f70998d9dc2c938e4913dd96b8053	PY_EXPRESSION_95648c0001ad2b326539dd9e6b667e56	0	1		balance	NONE	NONE		UNKNOWN				false	0	61	15	61	35	PY_SCOPE_9de0f648bf8a5ae0927015cc65df700b	PY_MODULE_47972cfb252e2f1acae1bbbe05a0ad79		LOAD	false		false	false	self.primary.balance		UNKNOWN	NONE	NONE	SERVICE_VERSION_00000000000000000000000000000000	PY_EXPRESSION_5708364f6eb1592f427346f9e1053750
ATTRIBUTE_ACCESS	ATTRIBUTE_OBJECT	RETURN_VALUE	METHOD	PY_TYPE_e6f0886e1ee43ec949057e681defe894	PY_METHOD_d87f70998d9dc2c938e4913dd96b8053	PY_EXPRESSION_5708364f6eb1592f427346f9e1053750	0	2		primary	NONE	NONE		FIELD	PY_FIELD_1aa4c119e23cd1064c922a472f48d303			false	0	61	15	61	27	PY_SCOPE_9de0f648bf8a5ae0927015cc65df700b	PY_MODULE_47972cfb252e2f1acae1bbbe05a0ad79		LOAD	false		false	false	self.primary		UNKNOWN	NONE	NONE	SERVICE_VERSION_00000000000000000000000000000000	PY_EXPRESSION_69a842940ab52473f0e89ea82c2d7caa
SELF_REFERENCE	ATTRIBUTE_OBJECT	RETURN_VALUE	METHOD	PY_TYPE_e6f0886e1ee43ec949057e681defe894	PY_METHOD_d87f70998d9dc2c938e4913dd96b8053	PY_EXPRESSION_69a842940ab52473f0e89ea82c2d7caa	0	3		self	NONE	NONE		SELF				false	0	61	15	61	19	PY_SCOPE_9de0f648bf8a5ae0927015cc65df700b	PY_MODULE_47972cfb252e2f1acae1bbbe05a0ad79	PY_BINDING_c3fc34c454cd460be3cd3af4e389fc20	LOAD	false		false	false			UNKNOWN	NONE	NONE	SERVICE_VERSION_00000000000000000000000000000000	PY_EXPRESSION_35fc3314a6bf8faf536bf381cf2461e3
CALL	RETURN_VALUE	RETURN_VALUE	METHOD	PY_TYPE_e6f0886e1ee43ec949057e681defe894	PY_METHOD_8357a0bc17497a8ed16633a0256d808e		0	0		total	NONE	NONE		UNKNOWN				false	0	65	15	65	39	PY_SCOPE_8f4e533646327480981295e7b8669266	PY_MODULE_47972cfb252e2f1acae1bbbe05a0ad79		LOAD	false		false	false	self.repo.ledger.total		UNKNOWN	NONE	NONE	SERVICE_VERSION_00000000000000000000000000000000	PY_EXPRESSION_fdd0c412fe837c0d5fbbb16623ef99b5
ATTRIBUTE_ACCESS	RECEIVER	RETURN_VALUE	METHOD	PY_TYPE_e6f0886e1ee43ec949057e681defe894	PY_METHOD_8357a0bc17497a8ed16633a0256d808e	PY_EXPRESSION_fdd0c412fe837c0d5fbbb16623ef99b5	0	1		total	NONE	NONE		UNKNOWN				false	0	65	15	65	37	PY_SCOPE_8f4e533646327480981295e7b8669266	PY_MODULE_47972cfb252e2f1acae1bbbe05a0ad79		LOAD	false		false	false	self.repo.ledger.total		UNKNOWN	NONE	NONE	SERVICE_VERSION_00000000000000000000000000000000	PY_EXPRESSION_9c702a1ec6a2658a197dc273a64ca484
ATTRIBUTE_ACCESS	ATTRIBUTE_OBJECT	RETURN_VALUE	METHOD	PY_TYPE_e6f0886e1ee43ec949057e681defe894	PY_METHOD_8357a0bc17497a8ed16633a0256d808e	PY_EXPRESSION_9c702a1ec6a2658a197dc273a64ca484	0	2		ledger	NONE	NONE		UNKNOWN				false	0	65	15	65	31	PY_SCOPE_8f4e533646327480981295e7b8669266	PY_MODULE_47972cfb252e2f1acae1bbbe05a0ad79		LOAD	false		false	false	self.repo.ledger		UNKNOWN	NONE	NONE	SERVICE_VERSION_00000000000000000000000000000000	PY_EXPRESSION_225bfcf7bb19e55d0c70297365220af3
ATTRIBUTE_ACCESS	ATTRIBUTE_OBJECT	RETURN_VALUE	METHOD	PY_TYPE_e6f0886e1ee43ec949057e681defe894	PY_METHOD_8357a0bc17497a8ed16633a0256d808e	PY_EXPRESSION_225bfcf7bb19e55d0c70297365220af3	0	3		repo	NONE	NONE		FIELD	PY_FIELD_fef4c0419d351f1f74d8fe2c1cce11bc			false	0	65	15	65	24	PY_SCOPE_8f4e533646327480981295e7b8669266	PY_MODULE_47972cfb252e2f1acae1bbbe05a0ad79		LOAD	false		false	false	self.repo		UNKNOWN	NONE	NONE	SERVICE_VERSION_00000000000000000000000000000000	PY_EXPRESSION_9e0c7b17c9d8446f574f75b982a3dd9f
SELF_REFERENCE	ATTRIBUTE_OBJECT	RETURN_VALUE	METHOD	PY_TYPE_e6f0886e1ee43ec949057e681defe894	PY_METHOD_8357a0bc17497a8ed16633a0256d808e	PY_EXPRESSION_9e0c7b17c9d8446f574f75b982a3dd9f	0	4		self	NONE	NONE		SELF				false	0	65	15	65	19	PY_SCOPE_8f4e533646327480981295e7b8669266	PY_MODULE_47972cfb252e2f1acae1bbbe05a0ad79	PY_BINDING_19e976fbe8b0a0bd451e215487fd76ec	LOAD	false		false	false			UNKNOWN	NONE	NONE	SERVICE_VERSION_00000000000000000000000000000000	PY_EXPRESSION_be0f591c3fba57fa3389c19096c46172
CALL	RETURN_VALUE	RETURN_VALUE	METHOD	PY_TYPE_e6f0886e1ee43ec949057e681defe894	PY_METHOD_d8340704f3d9b1ccea3d89127eafada3		0	0		total	NONE	NONE		UNKNOWN				false	0	69	15	69	60	PY_SCOPE_511836602d2b04bd69e99d2ec3be94f9	PY_MODULE_47972cfb252e2f1acae1bbbe05a0ad79		LOAD	false		false	false	total		UNKNOWN	NONE	NONE	SERVICE_VERSION_00000000000000000000000000000000	PY_EXPRESSION_6551db7dd7ee70b32f7c60e8bc89826b
ATTRIBUTE_ACCESS	RECEIVER	RETURN_VALUE	METHOD	PY_TYPE_e6f0886e1ee43ec949057e681defe894	PY_METHOD_d8340704f3d9b1ccea3d89127eafada3	PY_EXPRESSION_6551db7dd7ee70b32f7c60e8bc89826b	0	1		total	NONE	NONE		UNKNOWN				false	0	69	15	69	58	PY_SCOPE_511836602d2b04bd69e99d2ec3be94f9	PY_MODULE_47972cfb252e2f1acae1bbbe05a0ad79		LOAD	false		false	false	total		UNKNOWN	NONE	NONE	SERVICE_VERSION_00000000000000000000000000000000	PY_EXPRESSION_20c46d0d9f0d2e0ad6060d0a8bff61cd
CALL	ATTRIBUTE_OBJECT	RETURN_VALUE	METHOD	PY_TYPE_e6f0886e1ee43ec949057e681defe894	PY_METHOD_d8340704f3d9b1ccea3d89127eafada3	PY_EXPRESSION_20c46d0d9f0d2e0ad6060d0a8bff61cd	0	2		store	NONE	NONE		UNKNOWN				false	0	69	15	69	52	PY_SCOPE_511836602d2b04bd69e99d2ec3be94f9	PY_MODULE_47972cfb252e2f1acae1bbbe05a0ad79		LOAD	false		false	false	self.repo.store		UNKNOWN	NONE	NONE	SERVICE_VERSION_00000000000000000000000000000000	PY_EXPRESSION_debd04e6d5c59e1cdec78905ce8ae3e6
ATTRIBUTE_ACCESS	RECEIVER	RETURN_VALUE	METHOD	PY_TYPE_e6f0886e1ee43ec949057e681defe894	PY_METHOD_d8340704f3d9b1ccea3d89127eafada3	PY_EXPRESSION_debd04e6d5c59e1cdec78905ce8ae3e6	0	3		store	NONE	NONE		UNKNOWN				false	0	69	15	69	30	PY_SCOPE_511836602d2b04bd69e99d2ec3be94f9	PY_MODULE_47972cfb252e2f1acae1bbbe05a0ad79		LOAD	false		false	false	self.repo.store		UNKNOWN	NONE	NONE	SERVICE_VERSION_00000000000000000000000000000000	PY_EXPRESSION_c6924a8390c8418795bea14a3bb3fb3b
CALL	ARGUMENT	RETURN_VALUE	METHOD	PY_TYPE_e6f0886e1ee43ec949057e681defe894	PY_METHOD_d8340704f3d9b1ccea3d89127eafada3	PY_EXPRESSION_debd04e6d5c59e1cdec78905ce8ae3e6	0	3		Account	NONE	NONE		UNKNOWN				false	0	69	31	69	51	PY_SCOPE_511836602d2b04bd69e99d2ec3be94f9	PY_MODULE_47972cfb252e2f1acae1bbbe05a0ad79		LOAD	false		false	false	Account		UNKNOWN	NONE	NONE	SERVICE_VERSION_00000000000000000000000000000000	PY_EXPRESSION_d971d11f2e77f30479bccfbf19383f6c
ATTRIBUTE_ACCESS	ATTRIBUTE_OBJECT	RETURN_VALUE	METHOD	PY_TYPE_e6f0886e1ee43ec949057e681defe894	PY_METHOD_d8340704f3d9b1ccea3d89127eafada3	PY_EXPRESSION_c6924a8390c8418795bea14a3bb3fb3b	0	4		repo	NONE	NONE		FIELD	PY_FIELD_fef4c0419d351f1f74d8fe2c1cce11bc			false	0	69	15	69	24	PY_SCOPE_511836602d2b04bd69e99d2ec3be94f9	PY_MODULE_47972cfb252e2f1acae1bbbe05a0ad79		LOAD	false		false	false	self.repo		UNKNOWN	NONE	NONE	SERVICE_VERSION_00000000000000000000000000000000	PY_EXPRESSION_096e26176890fcc2ee583177d19cffc5
NAME_REFERENCE	CALLEE	RETURN_VALUE	METHOD	PY_TYPE_e6f0886e1ee43ec949057e681defe894	PY_METHOD_d8340704f3d9b1ccea3d89127eafada3	PY_EXPRESSION_d971d11f2e77f30479bccfbf19383f6c	0	4		Account	NONE	NONE		TYPE	PY_TYPE_160aee5ca584e3817b8783b4e148e2a8			false	0	69	31	69	38	PY_SCOPE_511836602d2b04bd69e99d2ec3be94f9	PY_MODULE_47972cfb252e2f1acae1bbbe05a0ad79	PY_BINDING_83bfc9c75875ac3b5f23c7471ed635d2	LOAD	false		false	false			UNKNOWN	NONE	NONE	SERVICE_VERSION_00000000000000000000000000000000	PY_EXPRESSION_8483733e0b932eabf564acf3b4617b06
NAME_REFERENCE	ARGUMENT	RETURN_VALUE	METHOD	PY_TYPE_e6f0886e1ee43ec949057e681defe894	PY_METHOD_d8340704f3d9b1ccea3d89127eafada3	PY_EXPRESSION_d971d11f2e77f30479bccfbf19383f6c	0	4		other_owner	NONE	NONE		UNKNOWN				false	0	69	39	69	50	PY_SCOPE_511836602d2b04bd69e99d2ec3be94f9	PY_MODULE_47972cfb252e2f1acae1bbbe05a0ad79	PY_BINDING_07db5593a967087e9826291cc3df6dc3	LOAD	false		false	false			UNKNOWN	NONE	NONE	SERVICE_VERSION_00000000000000000000000000000000	PY_EXPRESSION_bea2d708263b96230bfa1131c9b2996e
SELF_REFERENCE	ATTRIBUTE_OBJECT	RETURN_VALUE	METHOD	PY_TYPE_e6f0886e1ee43ec949057e681defe894	PY_METHOD_d8340704f3d9b1ccea3d89127eafada3	PY_EXPRESSION_096e26176890fcc2ee583177d19cffc5	0	5		self	NONE	NONE		SELF				false	0	69	15	69	19	PY_SCOPE_511836602d2b04bd69e99d2ec3be94f9	PY_MODULE_47972cfb252e2f1acae1bbbe05a0ad79	PY_BINDING_98d0d1eaef31057357d6bcb3a236f5f1	LOAD	false		false	false			UNKNOWN	NONE	NONE	SERVICE_VERSION_00000000000000000000000000000000	PY_EXPRESSION_42d90c513bc33decb3ffc76e01af7b20
CALL	ROOT	EXPRESSION_STATEMENT	METHOD	PY_TYPE_e6f0886e1ee43ec949057e681defe894	PY_METHOD_7309058f8192e5a5b971102110a5a82c		0	0		open_secondary	NONE	NONE		UNKNOWN				false		73	8	73	40	PY_SCOPE_422d6a861c8116adb8370987bcf2f789	PY_MODULE_47972cfb252e2f1acae1bbbe05a0ad79		LOAD	false		false	false	self.open_secondary		UNKNOWN	NONE	NONE	SERVICE_VERSION_00000000000000000000000000000000	PY_EXPRESSION_0280c152ff7d08919fe47ec754ba4c53
ATTRIBUTE_ACCESS	RECEIVER	EXPRESSION_STATEMENT	METHOD	PY_TYPE_e6f0886e1ee43ec949057e681defe894	PY_METHOD_7309058f8192e5a5b971102110a5a82c	PY_EXPRESSION_0280c152ff7d08919fe47ec754ba4c53	0	1		open_secondary	NONE	NONE		UNKNOWN				false		73	8	73	27	PY_SCOPE_422d6a861c8116adb8370987bcf2f789	PY_MODULE_47972cfb252e2f1acae1bbbe05a0ad79		LOAD	false		false	false	self.open_secondary		UNKNOWN	NONE	NONE	SERVICE_VERSION_00000000000000000000000000000000	PY_EXPRESSION_776179396f103b00ac768fcd186a44da
NAME_REFERENCE	ARGUMENT	EXPRESSION_STATEMENT	METHOD	PY_TYPE_e6f0886e1ee43ec949057e681defe894	PY_METHOD_7309058f8192e5a5b971102110a5a82c	PY_EXPRESSION_0280c152ff7d08919fe47ec754ba4c53	0	1		other_owner	NONE	NONE		UNKNOWN				false		73	28	73	39	PY_SCOPE_422d6a861c8116adb8370987bcf2f789	PY_MODULE_47972cfb252e2f1acae1bbbe05a0ad79	PY_BINDING_e60e270479533b53e3cd17e99f8ffb95	LOAD	false		false	false			UNKNOWN	NONE	NONE	SERVICE_VERSION_00000000000000000000000000000000	PY_EXPRESSION_fe3d97a5d154966b4d69b3dd6fc2152e
SELF_REFERENCE	ATTRIBUTE_OBJECT	EXPRESSION_STATEMENT	METHOD	PY_TYPE_e6f0886e1ee43ec949057e681defe894	PY_METHOD_7309058f8192e5a5b971102110a5a82c	PY_EXPRESSION_776179396f103b00ac768fcd186a44da	0	2		self	NONE	NONE		SELF				false		73	8	73	12	PY_SCOPE_422d6a861c8116adb8370987bcf2f789	PY_MODULE_47972cfb252e2f1acae1bbbe05a0ad79	PY_BINDING_5f667a4f2b5c2fdc35e5a2f67f666f57	LOAD	false		false	false			UNKNOWN	NONE	NONE	SERVICE_VERSION_00000000000000000000000000000000	PY_EXPRESSION_8d73b80c5265436731eff49c10869d4b
CALL	RETURN_VALUE	RETURN_VALUE	METHOD	PY_TYPE_e6f0886e1ee43ec949057e681defe894	PY_METHOD_7309058f8192e5a5b971102110a5a82c		0	0		balance	NONE	NONE		UNKNOWN				false	0	74	15	74	39	PY_SCOPE_422d6a861c8116adb8370987bcf2f789	PY_MODULE_47972cfb252e2f1acae1bbbe05a0ad79		LOAD	false		false	false	self.secondary.balance		UNKNOWN	NONE	NONE	SERVICE_VERSION_00000000000000000000000000000000	PY_EXPRESSION_9514549921eee8b66a0e553954b3c0c0
ATTRIBUTE_ACCESS	RECEIVER	RETURN_VALUE	METHOD	PY_TYPE_e6f0886e1ee43ec949057e681defe894	PY_METHOD_7309058f8192e5a5b971102110a5a82c	PY_EXPRESSION_9514549921eee8b66a0e553954b3c0c0	0	1		balance	NONE	NONE		UNKNOWN				false	0	74	15	74	37	PY_SCOPE_422d6a861c8116adb8370987bcf2f789	PY_MODULE_47972cfb252e2f1acae1bbbe05a0ad79		LOAD	false		false	false	self.secondary.balance		UNKNOWN	NONE	NONE	SERVICE_VERSION_00000000000000000000000000000000	PY_EXPRESSION_2604addf77d0b05ac889213e9d05aedb
ATTRIBUTE_ACCESS	ATTRIBUTE_OBJECT	RETURN_VALUE	METHOD	PY_TYPE_e6f0886e1ee43ec949057e681defe894	PY_METHOD_7309058f8192e5a5b971102110a5a82c	PY_EXPRESSION_2604addf77d0b05ac889213e9d05aedb	0	2		secondary	NONE	NONE		FIELD	PY_FIELD_a1f5dc4d7b2b57ebd24c9504d6372210			false	0	74	15	74	29	PY_SCOPE_422d6a861c8116adb8370987bcf2f789	PY_MODULE_47972cfb252e2f1acae1bbbe05a0ad79		LOAD	false		false	false	self.secondary		UNKNOWN	NONE	NONE	SERVICE_VERSION_00000000000000000000000000000000	PY_EXPRESSION_0774ea3ad9386311c1f8d762d10b6d32
SELF_REFERENCE	ATTRIBUTE_OBJECT	RETURN_VALUE	METHOD	PY_TYPE_e6f0886e1ee43ec949057e681defe894	PY_METHOD_7309058f8192e5a5b971102110a5a82c	PY_EXPRESSION_0774ea3ad9386311c1f8d762d10b6d32	0	3		self	NONE	NONE		SELF				false	0	74	15	74	19	PY_SCOPE_422d6a861c8116adb8370987bcf2f789	PY_MODULE_47972cfb252e2f1acae1bbbe05a0ad79	PY_BINDING_5f667a4f2b5c2fdc35e5a2f67f666f57	LOAD	false		false	false			UNKNOWN	NONE	NONE	SERVICE_VERSION_00000000000000000000000000000000	PY_EXPRESSION_dab8f8ee892f6878d2977c80518b8a70
ASSIGNMENT	ROOT	ASSIGNMENT_VALUE	METHOD	PY_TYPE_e6f0886e1ee43ec949057e681defe894	PY_METHOD_8571a18ca85d9896c540ef588a642065		0	0			NONE	NONE		UNKNOWN				false		77	8	77	24	PY_SCOPE_c1942a98aab3fdef4775d76c8b84aab7	PY_MODULE_47972cfb252e2f1acae1bbbe05a0ad79		LOAD	false		false	false			UNKNOWN	NONE	NONE	SERVICE_VERSION_00000000000000000000000000000000	PY_EXPRESSION_4bc32fd180d0cc99af1031237b414923
LITERAL	ASSIGNMENT_VALUE	ASSIGNMENT_VALUE	METHOD	PY_TYPE_e6f0886e1ee43ec949057e681defe894	PY_METHOD_8571a18ca85d9896c540ef588a642065	PY_EXPRESSION_4bc32fd180d0cc99af1031237b414923	0	1	INTEGER	0	NONE	NONE		UNKNOWN				false		77	23	77	24	PY_SCOPE_c1942a98aab3fdef4775d76c8b84aab7	PY_MODULE_47972cfb252e2f1acae1bbbe05a0ad79		LOAD	false		false	false		int	BUILTIN_SCALAR	LITERAL	CERTAIN	SERVICE_VERSION_00000000000000000000000000000000	PY_EXPRESSION_380a4e4e5f3c8e693d718b28130fe6b1
ATTRIBUTE_ACCESS	ASSIGNMENT_TARGET	ASSIGNMENT_TARGET	METHOD	PY_TYPE_e6f0886e1ee43ec949057e681defe894	PY_METHOD_8571a18ca85d9896c540ef588a642065	PY_EXPRESSION_4bc32fd180d0cc99af1031237b414923	0	1		counter	NONE	NONE		FIELD	PY_FIELD_b801c81a3b7f9b236aba2e1e80a7c661			false		77	8	77	20	PY_SCOPE_c1942a98aab3fdef4775d76c8b84aab7	PY_MODULE_47972cfb252e2f1acae1bbbe05a0ad79		STORE	true		false	false	self.counter		UNKNOWN	NONE	NONE	SERVICE_VERSION_00000000000000000000000000000000	PY_EXPRESSION_d304d55682f20ead22d373441bc4245f
SELF_REFERENCE	ATTRIBUTE_OBJECT	ASSIGNMENT_TARGET	METHOD	PY_TYPE_e6f0886e1ee43ec949057e681defe894	PY_METHOD_8571a18ca85d9896c540ef588a642065	PY_EXPRESSION_d304d55682f20ead22d373441bc4245f	0	2		self	NONE	NONE		SELF				false		77	8	77	12	PY_SCOPE_c1942a98aab3fdef4775d76c8b84aab7	PY_MODULE_47972cfb252e2f1acae1bbbe05a0ad79	PY_BINDING_fac7af7c26f84fd1b385ea8eafdd3d33	LOAD	false		false	false			UNKNOWN	NONE	NONE	SERVICE_VERSION_00000000000000000000000000000000	PY_EXPRESSION_d8e1a5fa475e8051c3987e5e123a7eac
NAME_REFERENCE	ASSIGNMENT_VALUE	AUGMENTED_ASSIGNMENT	METHOD	PY_TYPE_e6f0886e1ee43ec949057e681defe894	PY_METHOD_8571a18ca85d9896c540ef588a642065		0	0		amount	NONE	NONE		UNKNOWN				false		78	24	78	30	PY_SCOPE_c1942a98aab3fdef4775d76c8b84aab7	PY_MODULE_47972cfb252e2f1acae1bbbe05a0ad79	PY_BINDING_f1002aceb6b422d232efaffa048a05b7	LOAD	false		false	false			UNKNOWN	NONE	NONE	SERVICE_VERSION_00000000000000000000000000000000	PY_EXPRESSION_6d81a58750bff176d76c377ce4602326
ATTRIBUTE_ACCESS	ASSIGNMENT_TARGET	AUGMENTED_ASSIGNMENT	METHOD	PY_TYPE_e6f0886e1ee43ec949057e681defe894	PY_METHOD_8571a18ca85d9896c540ef588a642065		0	0		counter	NONE	NONE		FIELD	PY_FIELD_b801c81a3b7f9b236aba2e1e80a7c661			false		78	8	78	20	PY_SCOPE_c1942a98aab3fdef4775d76c8b84aab7	PY_MODULE_47972cfb252e2f1acae1bbbe05a0ad79		STORE	true		false	false	self.counter		UNKNOWN	NONE	NONE	SERVICE_VERSION_00000000000000000000000000000000	PY_EXPRESSION_e430cede75c24cccafc2bb0974b98dc4
SELF_REFERENCE	ATTRIBUTE_OBJECT	AUGMENTED_ASSIGNMENT	METHOD	PY_TYPE_e6f0886e1ee43ec949057e681defe894	PY_METHOD_8571a18ca85d9896c540ef588a642065	PY_EXPRESSION_e430cede75c24cccafc2bb0974b98dc4	0	1		self	NONE	NONE		SELF				false		78	8	78	12	PY_SCOPE_c1942a98aab3fdef4775d76c8b84aab7	PY_MODULE_47972cfb252e2f1acae1bbbe05a0ad79	PY_BINDING_fac7af7c26f84fd1b385ea8eafdd3d33	LOAD	false		false	false			UNKNOWN	NONE	NONE	SERVICE_VERSION_00000000000000000000000000000000	PY_EXPRESSION_0c76626c815ebb1426a44bd58ec42863
ATTRIBUTE_ACCESS	RETURN_VALUE	RETURN_VALUE	METHOD	PY_TYPE_e6f0886e1ee43ec949057e681defe894	PY_METHOD_8571a18ca85d9896c540ef588a642065		0	0		counter	NONE	NONE		FIELD	PY_FIELD_b801c81a3b7f9b236aba2e1e80a7c661			false	0	79	15	79	27	PY_SCOPE_c1942a98aab3fdef4775d76c8b84aab7	PY_MODULE_47972cfb252e2f1acae1bbbe05a0ad79		LOAD	false		false	false	self.counter		UNKNOWN	NONE	NONE	SERVICE_VERSION_00000000000000000000000000000000	PY_EXPRESSION_6a846a2d802bec30a14b03cd67baa3ef
SELF_REFERENCE	ATTRIBUTE_OBJECT	RETURN_VALUE	METHOD	PY_TYPE_e6f0886e1ee43ec949057e681defe894	PY_METHOD_8571a18ca85d9896c540ef588a642065	PY_EXPRESSION_6a846a2d802bec30a14b03cd67baa3ef	0	1		self	NONE	NONE		SELF				false	0	79	15	79	19	PY_SCOPE_c1942a98aab3fdef4775d76c8b84aab7	PY_MODULE_47972cfb252e2f1acae1bbbe05a0ad79	PY_BINDING_fac7af7c26f84fd1b385ea8eafdd3d33	LOAD	false		false	false			UNKNOWN	NONE	NONE	SERVICE_VERSION_00000000000000000000000000000000	PY_EXPRESSION_96ad86b2435e90d0d63c243f7af243f8
ASSIGNMENT	ROOT	ASSIGNMENT_VALUE	METHOD	PY_TYPE_e6f0886e1ee43ec949057e681defe894	PY_METHOD_82e734bce535c2c10bb4d5c6c886e377		0	0			NONE	NONE		UNKNOWN				false		85	8	85	28	PY_SCOPE_4d474305d850be00683dcb2dc93e0be0	PY_MODULE_47972cfb252e2f1acae1bbbe05a0ad79		LOAD	false		false	false			UNKNOWN	NONE	NONE	SERVICE_VERSION_00000000000000000000000000000000	PY_EXPRESSION_28c2840c9cd3b5999529b58a379f71e8
LITERAL	ASSIGNMENT_VALUE	ASSIGNMENT_VALUE	METHOD	PY_TYPE_e6f0886e1ee43ec949057e681defe894	PY_METHOD_82e734bce535c2c10bb4d5c6c886e377	PY_EXPRESSION_28c2840c9cd3b5999529b58a379f71e8	0	1	STRING	seen	NONE	NONE		UNKNOWN				false		85	22	85	28	PY_SCOPE_4d474305d850be00683dcb2dc93e0be0	PY_MODULE_47972cfb252e2f1acae1bbbe05a0ad79		LOAD	false		false	false		str	BUILTIN_SCALAR	LITERAL	CERTAIN	SERVICE_VERSION_00000000000000000000000000000000	PY_EXPRESSION_7c6d0a14d82e1f3fb4f25d0b6997af5a
ATTRIBUTE_ACCESS	ASSIGNMENT_TARGET	ASSIGNMENT_TARGET	METHOD	PY_TYPE_e6f0886e1ee43ec949057e681defe894	PY_METHOD_82e734bce535c2c10bb4d5c6c886e377	PY_EXPRESSION_28c2840c9cd3b5999529b58a379f71e8	0	1		tag	NONE	NONE		UNKNOWN				false		85	8	85	19	PY_SCOPE_4d474305d850be00683dcb2dc93e0be0	PY_MODULE_47972cfb252e2f1acae1bbbe05a0ad79		STORE	true		false	false	account.tag		UNKNOWN	NONE	NONE	SERVICE_VERSION_00000000000000000000000000000000	PY_EXPRESSION_b5b3abad550945c7d6b00c167fcea498
NAME_REFERENCE	ATTRIBUTE_OBJECT	ASSIGNMENT_TARGET	METHOD	PY_TYPE_e6f0886e1ee43ec949057e681defe894	PY_METHOD_82e734bce535c2c10bb4d5c6c886e377	PY_EXPRESSION_b5b3abad550945c7d6b00c167fcea498	0	2		account	NONE	NONE		UNKNOWN				false		85	8	85	15	PY_SCOPE_4d474305d850be00683dcb2dc93e0be0	PY_MODULE_47972cfb252e2f1acae1bbbe05a0ad79	PY_BINDING_be4bbb58cfcb021d4ca6ef308d24d915	LOAD	false		false	false			UNKNOWN	NONE	NONE	SERVICE_VERSION_00000000000000000000000000000000	PY_EXPRESSION_5035a019c4b79a0475b6812e6c53220c
NAME_REFERENCE	RETURN_VALUE	RETURN_VALUE	METHOD	PY_TYPE_e6f0886e1ee43ec949057e681defe894	PY_METHOD_82e734bce535c2c10bb4d5c6c886e377		0	0		account	NONE	NONE		UNKNOWN				false	0	86	15	86	22	PY_SCOPE_4d474305d850be00683dcb2dc93e0be0	PY_MODULE_47972cfb252e2f1acae1bbbe05a0ad79	PY_BINDING_be4bbb58cfcb021d4ca6ef308d24d915	LOAD	false		false	false			UNKNOWN	NONE	NONE	SERVICE_VERSION_00000000000000000000000000000000	PY_EXPRESSION_19a844b2ade9115150af8b4f0ae5032d
NAME_REFERENCE	BASE_CLASS	BASE_CLASS_LIST	METHOD		PY_METHOD_172bdf63f23b297755dab197cfdb5141		0	0		Service	NONE	NONE		TYPE	PY_TYPE_e6f0886e1ee43ec949057e681defe894			false		89	14	89	21	PY_SCOPE_d70ec0da77de71380df4cd694bdfd27f	PY_MODULE_47972cfb252e2f1acae1bbbe05a0ad79	PY_BINDING_ca0acf96a381297a64928d38d97dc602	LOAD	false		false	false			UNKNOWN	NONE	NONE	SERVICE_VERSION_00000000000000000000000000000000	PY_EXPRESSION_02181f921a1bd3b322fea159871e1d8c
CALL	RETURN_VALUE	RETURN_VALUE	METHOD	PY_TYPE_8c23474ac198ab42fc8b799ff25b3510	PY_METHOD_ac3f95379f2486724063e97d9b5c47b6		0	0		balance	NONE	NONE		UNKNOWN				false	0	93	15	93	37	PY_SCOPE_1d7ae95f9d6dabef8a99c09462d617a0	PY_MODULE_47972cfb252e2f1acae1bbbe05a0ad79		LOAD	false		false	false	self.primary.balance		UNKNOWN	NONE	NONE	SERVICE_VERSION_00000000000000000000000000000000	PY_EXPRESSION_5921918185efdc6b2121f5439c72a295
ATTRIBUTE_ACCESS	RECEIVER	RETURN_VALUE	METHOD	PY_TYPE_8c23474ac198ab42fc8b799ff25b3510	PY_METHOD_ac3f95379f2486724063e97d9b5c47b6	PY_EXPRESSION_5921918185efdc6b2121f5439c72a295	0	1		balance	NONE	NONE		UNKNOWN				false	0	93	15	93	35	PY_SCOPE_1d7ae95f9d6dabef8a99c09462d617a0	PY_MODULE_47972cfb252e2f1acae1bbbe05a0ad79		LOAD	false		false	false	self.primary.balance		UNKNOWN	NONE	NONE	SERVICE_VERSION_00000000000000000000000000000000	PY_EXPRESSION_7c148c36105f58cf22620d5e3fb2fbfd
ATTRIBUTE_ACCESS	ATTRIBUTE_OBJECT	RETURN_VALUE	METHOD	PY_TYPE_8c23474ac198ab42fc8b799ff25b3510	PY_METHOD_ac3f95379f2486724063e97d9b5c47b6	PY_EXPRESSION_7c148c36105f58cf22620d5e3fb2fbfd	0	2		primary	NONE	NONE		FIELD	PY_FIELD_1aa4c119e23cd1064c922a472f48d303			false	0	93	15	93	27	PY_SCOPE_1d7ae95f9d6dabef8a99c09462d617a0	PY_MODULE_47972cfb252e2f1acae1bbbe05a0ad79		LOAD	false		false	false	self.primary		UNKNOWN	NONE	NONE	SERVICE_VERSION_00000000000000000000000000000000	PY_EXPRESSION_5da9ba4f2d723ea98b7949894221ed0b
SELF_REFERENCE	ATTRIBUTE_OBJECT	RETURN_VALUE	METHOD	PY_TYPE_8c23474ac198ab42fc8b799ff25b3510	PY_METHOD_ac3f95379f2486724063e97d9b5c47b6	PY_EXPRESSION_5da9ba4f2d723ea98b7949894221ed0b	0	3		self	NONE	NONE		SELF				false	0	93	15	93	19	PY_SCOPE_1d7ae95f9d6dabef8a99c09462d617a0	PY_MODULE_47972cfb252e2f1acae1bbbe05a0ad79	PY_BINDING_703489af43b0dc9bb966a2bd4646133f	LOAD	false		false	false			UNKNOWN	NONE	NONE	SERVICE_VERSION_00000000000000000000000000000000	PY_EXPRESSION_1466896fe184f8d33edca4290ce9d9eb
CALL	RETURN_VALUE	RETURN_VALUE	METHOD	PY_TYPE_8c23474ac198ab42fc8b799ff25b3510	PY_METHOD_888ba1593d1e84b09738bd910fdfe7d2		0	0		compute	NONE	NONE		UNKNOWN				false	0	96	15	96	29	PY_SCOPE_f79ffb2e7ab875e71310b7064e24bd93	PY_MODULE_47972cfb252e2f1acae1bbbe05a0ad79		LOAD	false		false	false	self.compute		UNKNOWN	NONE	NONE	SERVICE_VERSION_00000000000000000000000000000000	PY_EXPRESSION_949426bf2e8446c4625f87b4d5fab44c
ATTRIBUTE_ACCESS	RECEIVER	RETURN_VALUE	METHOD	PY_TYPE_8c23474ac198ab42fc8b799ff25b3510	PY_METHOD_888ba1593d1e84b09738bd910fdfe7d2	PY_EXPRESSION_949426bf2e8446c4625f87b4d5fab44c	0	1		compute	NONE	NONE		UNKNOWN				false	0	96	15	96	27	PY_SCOPE_f79ffb2e7ab875e71310b7064e24bd93	PY_MODULE_47972cfb252e2f1acae1bbbe05a0ad79		LOAD	false		false	false	self.compute		UNKNOWN	NONE	NONE	SERVICE_VERSION_00000000000000000000000000000000	PY_EXPRESSION_aab1a5da4b775a59a44a98ef69056b0d
SELF_REFERENCE	ATTRIBUTE_OBJECT	RETURN_VALUE	METHOD	PY_TYPE_8c23474ac198ab42fc8b799ff25b3510	PY_METHOD_888ba1593d1e84b09738bd910fdfe7d2	PY_EXPRESSION_aab1a5da4b775a59a44a98ef69056b0d	0	2		self	NONE	NONE		SELF				false	0	96	15	96	19	PY_SCOPE_f79ffb2e7ab875e71310b7064e24bd93	PY_MODULE_47972cfb252e2f1acae1bbbe05a0ad79	PY_BINDING_54b1c451dbf51770ebae6e68bc996745	LOAD	false		false	false			UNKNOWN	NONE	NONE	SERVICE_VERSION_00000000000000000000000000000000	PY_EXPRESSION_a3480721b3d09507f3994a3e72aa2404
CALL	RETURN_VALUE	RETURN_VALUE	METHOD	PY_TYPE_8c23474ac198ab42fc8b799ff25b3510	PY_METHOD_214efe28dc6d392475520d1d5cd22b8b		0	0		compute	NONE	NONE		UNKNOWN				false	0	101	15	101	32	PY_SCOPE_f298e4aeb476f7d1e3ea4acb3ee1e377	PY_MODULE_47972cfb252e2f1acae1bbbe05a0ad79		LOAD	false		false	false	compute		UNKNOWN	NONE	NONE	SERVICE_VERSION_00000000000000000000000000000000	PY_EXPRESSION_d249b241514798c015c9d160bf3d4ccf
ATTRIBUTE_ACCESS	RECEIVER	RETURN_VALUE	METHOD	PY_TYPE_8c23474ac198ab42fc8b799ff25b3510	PY_METHOD_214efe28dc6d392475520d1d5cd22b8b	PY_EXPRESSION_d249b241514798c015c9d160bf3d4ccf	0	1		compute	NONE	NONE		UNKNOWN				false	0	101	15	101	30	PY_SCOPE_f298e4aeb476f7d1e3ea4acb3ee1e377	PY_MODULE_47972cfb252e2f1acae1bbbe05a0ad79		LOAD	false		false	false	compute		UNKNOWN	NONE	NONE	SERVICE_VERSION_00000000000000000000000000000000	PY_EXPRESSION_6cf5858fc4ac95ec8297b321ecad1eb7
CALL	ATTRIBUTE_OBJECT	RETURN_VALUE	METHOD	PY_TYPE_8c23474ac198ab42fc8b799ff25b3510	PY_METHOD_214efe28dc6d392475520d1d5cd22b8b	PY_EXPRESSION_6cf5858fc4ac95ec8297b321ecad1eb7	0	2		super	NONE	NONE		UNKNOWN				false	0	101	15	101	22	PY_SCOPE_f298e4aeb476f7d1e3ea4acb3ee1e377	PY_MODULE_47972cfb252e2f1acae1bbbe05a0ad79		LOAD	false		false	false	super		UNKNOWN	NONE	NONE	SERVICE_VERSION_00000000000000000000000000000000	PY_EXPRESSION_40e83bd27079e944392420f0db5f6020
NAME_REFERENCE	CALLEE	RETURN_VALUE	METHOD	PY_TYPE_8c23474ac198ab42fc8b799ff25b3510	PY_METHOD_214efe28dc6d392475520d1d5cd22b8b	PY_EXPRESSION_40e83bd27079e944392420f0db5f6020	0	3		super	NONE	NONE		SUPER				false	0	101	15	101	20	PY_SCOPE_f298e4aeb476f7d1e3ea4acb3ee1e377	PY_MODULE_47972cfb252e2f1acae1bbbe05a0ad79	PY_BINDING_760b0ae12fac251d1ef5a2b2ebbbc7f4	LOAD	false		false	false			UNKNOWN	NONE	NONE	SERVICE_VERSION_00000000000000000000000000000000	PY_EXPRESSION_b59c0ba01692a00630da109337af8d8c
ASSIGNMENT	ROOT	ASSIGNMENT_VALUE	METHOD		PY_METHOD_6a85cd680925c2f05e76e80bda970da7		0	0			NONE	NONE		UNKNOWN				false		105	4	105	28	PY_SCOPE_dd2c9e04457d27cd681321b841bf945d	PY_MODULE_47972cfb252e2f1acae1bbbe05a0ad79		LOAD	false		false	false			UNKNOWN	NONE	NONE	SERVICE_VERSION_00000000000000000000000000000000	PY_EXPRESSION_3119ab0ad6a7380b0da53058fa50b724
CALL	ASSIGNMENT_VALUE	ASSIGNMENT_VALUE	METHOD		PY_METHOD_6a85cd680925c2f05e76e80bda970da7	PY_EXPRESSION_3119ab0ad6a7380b0da53058fa50b724	0	1		Service	NONE	NONE		UNKNOWN				false		105	14	105	28	PY_SCOPE_dd2c9e04457d27cd681321b841bf945d	PY_MODULE_47972cfb252e2f1acae1bbbe05a0ad79		LOAD	false		false	false	Service		UNKNOWN	NONE	NONE	SERVICE_VERSION_00000000000000000000000000000000	PY_EXPRESSION_774fb049c7b63537b1f43baf704be5b0
NAME_REFERENCE	ASSIGNMENT_TARGET	ASSIGNMENT_TARGET	METHOD		PY_METHOD_6a85cd680925c2f05e76e80bda970da7	PY_EXPRESSION_3119ab0ad6a7380b0da53058fa50b724	0	1		service	NONE	NONE		UNKNOWN				false		105	4	105	11	PY_SCOPE_dd2c9e04457d27cd681321b841bf945d	PY_MODULE_47972cfb252e2f1acae1bbbe05a0ad79	PY_BINDING_a4ad24d3f6d5d6323cda86cc66b87973	STORE	true		false	false			UNKNOWN	NONE	NONE	SERVICE_VERSION_00000000000000000000000000000000	PY_EXPRESSION_ec27418234f783c1e0dd3fdc8fd71fd0
NAME_REFERENCE	CALLEE	ASSIGNMENT_VALUE	METHOD		PY_METHOD_6a85cd680925c2f05e76e80bda970da7	PY_EXPRESSION_774fb049c7b63537b1f43baf704be5b0	0	2		Service	NONE	NONE		TYPE	PY_TYPE_e6f0886e1ee43ec949057e681defe894			false		105	14	105	21	PY_SCOPE_dd2c9e04457d27cd681321b841bf945d	PY_MODULE_47972cfb252e2f1acae1bbbe05a0ad79	PY_BINDING_2bc71d39030a4b2f6321edcf598ff712	LOAD	false		false	false			UNKNOWN	NONE	NONE	SERVICE_VERSION_00000000000000000000000000000000	PY_EXPRESSION_bfbf577826259b27f61eccb89fc365f6
NAME_REFERENCE	ARGUMENT	ASSIGNMENT_VALUE	METHOD		PY_METHOD_6a85cd680925c2f05e76e80bda970da7	PY_EXPRESSION_774fb049c7b63537b1f43baf704be5b0	0	2		owner	NONE	NONE		UNKNOWN				false		105	22	105	27	PY_SCOPE_dd2c9e04457d27cd681321b841bf945d	PY_MODULE_47972cfb252e2f1acae1bbbe05a0ad79	PY_BINDING_7126d97f51a0c9d82d47e44d69f9c2ee	LOAD	false		false	false			UNKNOWN	NONE	NONE	SERVICE_VERSION_00000000000000000000000000000000	PY_EXPRESSION_2572a6958e037d1eb97af71b2a61ed7a
CALL	RETURN_VALUE	RETURN_VALUE	METHOD		PY_METHOD_6a85cd680925c2f05e76e80bda970da7		0	0		total	NONE	NONE		UNKNOWN				false	0	106	11	106	38	PY_SCOPE_dd2c9e04457d27cd681321b841bf945d	PY_MODULE_47972cfb252e2f1acae1bbbe05a0ad79		LOAD	false		false	false	service.repo.ledger.total		UNKNOWN	NONE	NONE	SERVICE_VERSION_00000000000000000000000000000000	PY_EXPRESSION_da897f00902179f67013aba96447c9a1
ATTRIBUTE_ACCESS	RECEIVER	RETURN_VALUE	METHOD		PY_METHOD_6a85cd680925c2f05e76e80bda970da7	PY_EXPRESSION_da897f00902179f67013aba96447c9a1	0	1		total	NONE	NONE		UNKNOWN				false	0	106	11	106	36	PY_SCOPE_dd2c9e04457d27cd681321b841bf945d	PY_MODULE_47972cfb252e2f1acae1bbbe05a0ad79		LOAD	false		false	false	service.repo.ledger.total		UNKNOWN	NONE	NONE	SERVICE_VERSION_00000000000000000000000000000000	PY_EXPRESSION_b14a843a8e0a163cab19187c6210a0ba
ATTRIBUTE_ACCESS	ATTRIBUTE_OBJECT	RETURN_VALUE	METHOD		PY_METHOD_6a85cd680925c2f05e76e80bda970da7	PY_EXPRESSION_b14a843a8e0a163cab19187c6210a0ba	0	2		ledger	NONE	NONE		UNKNOWN				false	0	106	11	106	30	PY_SCOPE_dd2c9e04457d27cd681321b841bf945d	PY_MODULE_47972cfb252e2f1acae1bbbe05a0ad79		LOAD	false		false	false	service.repo.ledger		UNKNOWN	NONE	NONE	SERVICE_VERSION_00000000000000000000000000000000	PY_EXPRESSION_63a0c885c89b69c029e81f15f635618f
ATTRIBUTE_ACCESS	ATTRIBUTE_OBJECT	RETURN_VALUE	METHOD		PY_METHOD_6a85cd680925c2f05e76e80bda970da7	PY_EXPRESSION_63a0c885c89b69c029e81f15f635618f	0	3		repo	NONE	NONE		UNKNOWN				false	0	106	11	106	23	PY_SCOPE_dd2c9e04457d27cd681321b841bf945d	PY_MODULE_47972cfb252e2f1acae1bbbe05a0ad79		LOAD	false		false	false	service.repo		UNKNOWN	NONE	NONE	SERVICE_VERSION_00000000000000000000000000000000	PY_EXPRESSION_5fbff9ddeb4717b2293846657e6f46ef
NAME_REFERENCE	ATTRIBUTE_OBJECT	RETURN_VALUE	METHOD		PY_METHOD_6a85cd680925c2f05e76e80bda970da7	PY_EXPRESSION_5fbff9ddeb4717b2293846657e6f46ef	0	4		service	NONE	NONE		UNKNOWN				false	0	106	11	106	18	PY_SCOPE_dd2c9e04457d27cd681321b841bf945d	PY_MODULE_47972cfb252e2f1acae1bbbe05a0ad79	PY_BINDING_a4ad24d3f6d5d6323cda86cc66b87973	LOAD	false		false	false			UNKNOWN	NONE	NONE	SERVICE_VERSION_00000000000000000000000000000000	PY_EXPRESSION_80ebe9b8ba50d3a9ef98d2f8246d2882
CALL	RETURN_VALUE	RETURN_VALUE	METHOD		PY_METHOD_5c63d83dba886a8074d589d1bede0a00		0	0		total	NONE	NONE		UNKNOWN				false	0	111	11	111	38	PY_SCOPE_e6f1dc0403573a11fd1e02ee005258cd	PY_MODULE_47972cfb252e2f1acae1bbbe05a0ad79		LOAD	false		false	false	service.repo.ledger.total		UNKNOWN	NONE	NONE	SERVICE_VERSION_00000000000000000000000000000000	PY_EXPRESSION_26b7971c27c0e88f02018b8fc2061751
ATTRIBUTE_ACCESS	RECEIVER	RETURN_VALUE	METHOD		PY_METHOD_5c63d83dba886a8074d589d1bede0a00	PY_EXPRESSION_26b7971c27c0e88f02018b8fc2061751	0	1		total	NONE	NONE		UNKNOWN				false	0	111	11	111	36	PY_SCOPE_e6f1dc0403573a11fd1e02ee005258cd	PY_MODULE_47972cfb252e2f1acae1bbbe05a0ad79		LOAD	false		false	false	service.repo.ledger.total		UNKNOWN	NONE	NONE	SERVICE_VERSION_00000000000000000000000000000000	PY_EXPRESSION_528e92e040901b2a0a72ece3a78c2c70
ATTRIBUTE_ACCESS	ATTRIBUTE_OBJECT	RETURN_VALUE	METHOD		PY_METHOD_5c63d83dba886a8074d589d1bede0a00	PY_EXPRESSION_528e92e040901b2a0a72ece3a78c2c70	0	2		ledger	NONE	NONE		UNKNOWN				false	0	111	11	111	30	PY_SCOPE_e6f1dc0403573a11fd1e02ee005258cd	PY_MODULE_47972cfb252e2f1acae1bbbe05a0ad79		LOAD	false		false	false	service.repo.ledger		UNKNOWN	NONE	NONE	SERVICE_VERSION_00000000000000000000000000000000	PY_EXPRESSION_62e746aef40c7ff6fad6f71438f1504c
ATTRIBUTE_ACCESS	ATTRIBUTE_OBJECT	RETURN_VALUE	METHOD		PY_METHOD_5c63d83dba886a8074d589d1bede0a00	PY_EXPRESSION_62e746aef40c7ff6fad6f71438f1504c	0	3		repo	NONE	NONE		UNKNOWN				false	0	111	11	111	23	PY_SCOPE_e6f1dc0403573a11fd1e02ee005258cd	PY_MODULE_47972cfb252e2f1acae1bbbe05a0ad79		LOAD	false		false	false	service.repo		UNKNOWN	NONE	NONE	SERVICE_VERSION_00000000000000000000000000000000	PY_EXPRESSION_9aa39d3a7ae38220e76003de1aaa8f7f
NAME_REFERENCE	ATTRIBUTE_OBJECT	RETURN_VALUE	METHOD		PY_METHOD_5c63d83dba886a8074d589d1bede0a00	PY_EXPRESSION_9aa39d3a7ae38220e76003de1aaa8f7f	0	4		service	NONE	NONE		UNKNOWN				false	0	111	11	111	18	PY_SCOPE_e6f1dc0403573a11fd1e02ee005258cd	PY_MODULE_47972cfb252e2f1acae1bbbe05a0ad79	PY_BINDING_ab8b496b1f64d0b246c978581a840a58	LOAD	false		false	false			UNKNOWN	NONE	NONE	SERVICE_VERSION_00000000000000000000000000000000	PY_EXPRESSION_1e44adba5144acadf1617e9b41fc6f26
LITERAL	ROOT	MODULE_LEVEL_STATEMENT	METHOD		PY_METHOD_81b2e0e8cb14c4a385c32df32accfc29		0	0	STRING	Java analogue: type-references/. Where a type NAME appears in Python: annotations, base classes, isinstance / issubclass, cast, except clauses, raise. Plus the narrowing forms, which are the main lever against a 24.6-candidate fan-out. isinstance appears 2,123 times in the measured corpus; cast 359.	NONE	NONE		UNKNOWN				false		1	0	8	3	PY_SCOPE_051ab2aad529d232befad74d9a3eed71	PY_MODULE_ff0e72e19cc67a1292b8a3fd0cadecff		LOAD	false		false	false		str	BUILTIN_SCALAR	LITERAL	CERTAIN	SERVICE_VERSION_00000000000000000000000000000000	PY_EXPRESSION_17c4bbb964e8d960a254ee57cc4bb7fd
NAME_REFERENCE	ANNOTATION	ANNOTATION	METHOD_PARAMETER		PY_METHOD_PARAMETER_e22623d22342f54abf577c62fe561505		0	0		Account	NONE	NONE		TYPE	PY_TYPE_160aee5ca584e3817b8783b4e148e2a8			false		15	34	15	41	PY_SCOPE_051ab2aad529d232befad74d9a3eed71	PY_MODULE_ff0e72e19cc67a1292b8a3fd0cadecff	PY_BINDING_548108b187be35252b61c2fecc7dd0ac	LOAD	false		false	false			UNKNOWN	NONE	NONE	SERVICE_VERSION_00000000000000000000000000000000	PY_EXPRESSION_da4d72accada2bca10251e938fc243e1
NAME_REFERENCE	ANNOTATION	ANNOTATION	METHOD_PARAMETER		PY_METHOD_PARAMETER_845cbee3fe75bc0d90c78b730b5a5346		1	0		Ledger	NONE	NONE		TYPE	PY_TYPE_65c006b7dc1da8d5b431a90353733207			false		15	51	15	57	PY_SCOPE_051ab2aad529d232befad74d9a3eed71	PY_MODULE_ff0e72e19cc67a1292b8a3fd0cadecff	PY_BINDING_83593c0548ca92ea164b73a03dd07872	LOAD	false		false	false			UNKNOWN	NONE	NONE	SERVICE_VERSION_00000000000000000000000000000000	PY_EXPRESSION_c04245d924e0179ad7ee01670b0d2178
NAME_REFERENCE	ANNOTATION	ANNOTATION	METHOD_PARAMETER		PY_METHOD_PARAMETER_933b55c503689da657b14ef4b073a2d6		2	0		int	NONE	NONE		UNKNOWN				false		15	66	15	69	PY_SCOPE_051ab2aad529d232befad74d9a3eed71	PY_MODULE_ff0e72e19cc67a1292b8a3fd0cadecff	PY_BINDING_c5a15a86f84104aece2871b98d5abd05	LOAD	false		false	false			UNKNOWN	NONE	NONE	SERVICE_VERSION_00000000000000000000000000000000	PY_EXPRESSION_4307a4c385ccf5459f915ba3e7846cba
NAME_REFERENCE	ANNOTATION	ANNOTATION	METHOD		PY_METHOD_81b2e0e8cb14c4a385c32df32accfc29		0	0		int	NONE	NONE		UNKNOWN				false		15	74	15	77	PY_SCOPE_051ab2aad529d232befad74d9a3eed71	PY_MODULE_ff0e72e19cc67a1292b8a3fd0cadecff	PY_BINDING_c5a15a86f84104aece2871b98d5abd05	LOAD	false		false	false			UNKNOWN	NONE	NONE	SERVICE_VERSION_00000000000000000000000000000000	PY_EXPRESSION_3697179f588c71b6e10e3b9741cfbda7
CALL	ROOT	EXPRESSION_STATEMENT	METHOD		PY_METHOD_2e5eaf575119985a49af4ab5c1965db1		0	0		record	NONE	NONE		UNKNOWN				false		17	4	17	26	PY_SCOPE_683b318ba2b40d7703855ca28a459693	PY_MODULE_ff0e72e19cc67a1292b8a3fd0cadecff		LOAD	false		false	false	ledger.record		UNKNOWN	NONE	NONE	SERVICE_VERSION_00000000000000000000000000000000	PY_EXPRESSION_dbe07443b32805f00f0d67f619f65631
ATTRIBUTE_ACCESS	RECEIVER	EXPRESSION_STATEMENT	METHOD		PY_METHOD_2e5eaf575119985a49af4ab5c1965db1	PY_EXPRESSION_dbe07443b32805f00f0d67f619f65631	0	1		record	NONE	NONE		UNKNOWN				false		17	4	17	17	PY_SCOPE_683b318ba2b40d7703855ca28a459693	PY_MODULE_ff0e72e19cc67a1292b8a3fd0cadecff		LOAD	false		false	false	ledger.record		UNKNOWN	NONE	NONE	SERVICE_VERSION_00000000000000000000000000000000	PY_EXPRESSION_0608d7a9aa8ea4d3fc31170b40f9fccb
NAME_REFERENCE	ARGUMENT	EXPRESSION_STATEMENT	METHOD		PY_METHOD_2e5eaf575119985a49af4ab5c1965db1	PY_EXPRESSION_dbe07443b32805f00f0d67f619f65631	0	1		account	NONE	NONE		UNKNOWN				false		17	18	17	25	PY_SCOPE_683b318ba2b40d7703855ca28a459693	PY_MODULE_ff0e72e19cc67a1292b8a3fd0cadecff	PY_BINDING_ea818fec471f9fcd193f3a0ccfb8178b	LOAD	false		false	false			UNKNOWN	NONE	NONE	SERVICE_VERSION_00000000000000000000000000000000	PY_EXPRESSION_8b360d6819c753338d9be742c416a240
NAME_REFERENCE	ATTRIBUTE_OBJECT	EXPRESSION_STATEMENT	METHOD		PY_METHOD_2e5eaf575119985a49af4ab5c1965db1	PY_EXPRESSION_0608d7a9aa8ea4d3fc31170b40f9fccb	0	2		ledger	NONE	NONE		UNKNOWN				false		17	4	17	10	PY_SCOPE_683b318ba2b40d7703855ca28a459693	PY_MODULE_ff0e72e19cc67a1292b8a3fd0cadecff	PY_BINDING_218fb6e6a493bc83db5a54dad0309933	LOAD	false		false	false			UNKNOWN	NONE	NONE	SERVICE_VERSION_00000000000000000000000000000000	PY_EXPRESSION_0fc0a1802270a87b5b939b898b546c41
BINARY_OPERATION	RETURN_VALUE	RETURN_VALUE	METHOD		PY_METHOD_2e5eaf575119985a49af4ab5c1965db1		0	0			NONE	NONE	+	UNKNOWN				false	0	18	11	18	33	PY_SCOPE_683b318ba2b40d7703855ca28a459693	PY_MODULE_ff0e72e19cc67a1292b8a3fd0cadecff		LOAD	false		false	false			UNKNOWN	NONE	NONE	SERVICE_VERSION_00000000000000000000000000000000	PY_EXPRESSION_723cd8d4579fcb8797ce6ba9d0c645cd
CALL	OPERAND_LEFT	RETURN_VALUE	METHOD		PY_METHOD_2e5eaf575119985a49af4ab5c1965db1	PY_EXPRESSION_723cd8d4579fcb8797ce6ba9d0c645cd	0	1		total	NONE	NONE		UNKNOWN				false	0	18	11	18	25	PY_SCOPE_683b318ba2b40d7703855ca28a459693	PY_MODULE_ff0e72e19cc67a1292b8a3fd0cadecff		LOAD	false		false	false	ledger.total		UNKNOWN	NONE	NONE	SERVICE_VERSION_00000000000000000000000000000000	PY_EXPRESSION_72baecbda1b2724ee494af2a8f0ec14e
NAME_REFERENCE	OPERAND_RIGHT	RETURN_VALUE	METHOD		PY_METHOD_2e5eaf575119985a49af4ab5c1965db1	PY_EXPRESSION_723cd8d4579fcb8797ce6ba9d0c645cd	1	1		count	NONE	NONE		UNKNOWN				false	0	18	28	18	33	PY_SCOPE_683b318ba2b40d7703855ca28a459693	PY_MODULE_ff0e72e19cc67a1292b8a3fd0cadecff	PY_BINDING_56850e44f076aec82c0f9684bf6f8b17	LOAD	false		false	false			UNKNOWN	NONE	NONE	SERVICE_VERSION_00000000000000000000000000000000	PY_EXPRESSION_17aa68f0a17170706e0276642610cf53
ATTRIBUTE_ACCESS	RECEIVER	RETURN_VALUE	METHOD		PY_METHOD_2e5eaf575119985a49af4ab5c1965db1	PY_EXPRESSION_72baecbda1b2724ee494af2a8f0ec14e	0	2		total	NONE	NONE		UNKNOWN				false	0	18	11	18	23	PY_SCOPE_683b318ba2b40d7703855ca28a459693	PY_MODULE_ff0e72e19cc67a1292b8a3fd0cadecff		LOAD	false		false	false	ledger.total		UNKNOWN	NONE	NONE	SERVICE_VERSION_00000000000000000000000000000000	PY_EXPRESSION_52996354e49dbc5fec7080f7a0a32a29
NAME_REFERENCE	ATTRIBUTE_OBJECT	RETURN_VALUE	METHOD		PY_METHOD_2e5eaf575119985a49af4ab5c1965db1	PY_EXPRESSION_52996354e49dbc5fec7080f7a0a32a29	0	3		ledger	NONE	NONE		UNKNOWN				false	0	18	11	18	17	PY_SCOPE_683b318ba2b40d7703855ca28a459693	PY_MODULE_ff0e72e19cc67a1292b8a3fd0cadecff	PY_BINDING_218fb6e6a493bc83db5a54dad0309933	LOAD	false		false	false			UNKNOWN	NONE	NONE	SERVICE_VERSION_00000000000000000000000000000000	PY_EXPRESSION_7d005a5dabc3b8461e66af3edca1b789
SUBSCRIPT	ANNOTATION	ANNOTATION	METHOD_PARAMETER		PY_METHOD_PARAMETER_57020863a1aa3e2ead3afe058527e334		0	0			NONE	NONE		UNKNOWN				false		21	33	21	50	PY_SCOPE_051ab2aad529d232befad74d9a3eed71	PY_MODULE_ff0e72e19cc67a1292b8a3fd0cadecff		LOAD	false		false	false			UNKNOWN	NONE	NONE	SERVICE_VERSION_00000000000000000000000000000000	PY_EXPRESSION_b5e8facb745d98c8f243a8a29b803047
NAME_REFERENCE	SUBSCRIPT_OBJECT	ANNOTATION	METHOD_PARAMETER		PY_METHOD_PARAMETER_57020863a1aa3e2ead3afe058527e334	PY_EXPRESSION_b5e8facb745d98c8f243a8a29b803047	0	1		Optional	NONE	NONE		UNKNOWN				false		21	33	21	41	PY_SCOPE_051ab2aad529d232befad74d9a3eed71	PY_MODULE_ff0e72e19cc67a1292b8a3fd0cadecff	PY_BINDING_6dac15f11904da5a9dc15183a5a13d56	LOAD	false		false	false			UNKNOWN	NONE	NONE	SERVICE_VERSION_00000000000000000000000000000000	PY_EXPRESSION_a2f25e04052b1462161cce42ad9e0af2
NAME_REFERENCE	SUBSCRIPT_INDEX	ANNOTATION	METHOD_PARAMETER		PY_METHOD_PARAMETER_57020863a1aa3e2ead3afe058527e334	PY_EXPRESSION_b5e8facb745d98c8f243a8a29b803047	1	1		Account	NONE	NONE		TYPE	PY_TYPE_160aee5ca584e3817b8783b4e148e2a8			false		21	42	21	49	PY_SCOPE_051ab2aad529d232befad74d9a3eed71	PY_MODULE_ff0e72e19cc67a1292b8a3fd0cadecff	PY_BINDING_548108b187be35252b61c2fecc7dd0ac	LOAD	false		false	false			UNKNOWN	NONE	NONE	SERVICE_VERSION_00000000000000000000000000000000	PY_EXPRESSION_18bc5e06cc82caf759c071b86da31875
NAME_REFERENCE	ANNOTATION	ANNOTATION	METHOD		PY_METHOD_81b2e0e8cb14c4a385c32df32accfc29		0	0		int	NONE	NONE		UNKNOWN				false		21	55	21	58	PY_SCOPE_051ab2aad529d232befad74d9a3eed71	PY_MODULE_ff0e72e19cc67a1292b8a3fd0cadecff	PY_BINDING_c5a15a86f84104aece2871b98d5abd05	LOAD	false		false	false			UNKNOWN	NONE	NONE	SERVICE_VERSION_00000000000000000000000000000000	PY_EXPRESSION_bc1746e33720f40333a57ed7b41e1f8f
COMPARISON	CONDITION	IF_CONDITION	METHOD		PY_METHOD_f558aabfa6800bc64e2a06dd58737257		0	0			NONE	NONE	is	UNKNOWN				false		23	7	23	22	PY_SCOPE_e63f1e0af4a19e5f0ab86562a1895c7b	PY_MODULE_ff0e72e19cc67a1292b8a3fd0cadecff		LOAD	false		false	false			UNKNOWN	NONE	NONE	SERVICE_VERSION_00000000000000000000000000000000	PY_EXPRESSION_2310f7ed172c7fb20b481e74a469c9ee
NAME_REFERENCE	OPERAND_LEFT	IF_CONDITION	METHOD		PY_METHOD_f558aabfa6800bc64e2a06dd58737257	PY_EXPRESSION_2310f7ed172c7fb20b481e74a469c9ee	0	1		account	NONE	NONE		UNKNOWN				false		23	7	23	14	PY_SCOPE_e63f1e0af4a19e5f0ab86562a1895c7b	PY_MODULE_ff0e72e19cc67a1292b8a3fd0cadecff	PY_BINDING_768b9a770adb57bb100e2f5128444579	LOAD	false		false	false			UNKNOWN	NONE	NONE	SERVICE_VERSION_00000000000000000000000000000000	PY_EXPRESSION_e1df91294fdee83dbbba9e259d06eb93
LITERAL	OPERAND_RIGHT	IF_CONDITION	METHOD		PY_METHOD_f558aabfa6800bc64e2a06dd58737257	PY_EXPRESSION_2310f7ed172c7fb20b481e74a469c9ee	1	1	NONE	None	NONE	NONE		UNKNOWN				false		23	18	23	22	PY_SCOPE_e63f1e0af4a19e5f0ab86562a1895c7b	PY_MODULE_ff0e72e19cc67a1292b8a3fd0cadecff		LOAD	false		false	false		None	NONE_TYPE	LITERAL	CERTAIN	SERVICE_VERSION_00000000000000000000000000000000	PY_EXPRESSION_1a8c5ca9e71fb643315c8318f124ffe4
LITERAL	RETURN_VALUE	RETURN_VALUE	METHOD		PY_METHOD_f558aabfa6800bc64e2a06dd58737257		0	0	INTEGER	0	NONE	NONE		UNKNOWN				false	0	24	15	24	16	PY_SCOPE_e63f1e0af4a19e5f0ab86562a1895c7b	PY_MODULE_ff0e72e19cc67a1292b8a3fd0cadecff		LOAD	false		false	false		int	BUILTIN_SCALAR	LITERAL	CERTAIN	SERVICE_VERSION_00000000000000000000000000000000	PY_EXPRESSION_2294412e8087b95c1b9fe7b3097fb74e
CALL	RETURN_VALUE	RETURN_VALUE	METHOD		PY_METHOD_f558aabfa6800bc64e2a06dd58737257		0	0		balance	NONE	NONE		UNKNOWN				false	1	25	11	25	28	PY_SCOPE_e63f1e0af4a19e5f0ab86562a1895c7b	PY_MODULE_ff0e72e19cc67a1292b8a3fd0cadecff		LOAD	false		false	false	account.balance		UNKNOWN	NONE	NONE	SERVICE_VERSION_00000000000000000000000000000000	PY_EXPRESSION_0d7c04686006a593a3ed3b40be518cd6
ATTRIBUTE_ACCESS	RECEIVER	RETURN_VALUE	METHOD		PY_METHOD_f558aabfa6800bc64e2a06dd58737257	PY_EXPRESSION_0d7c04686006a593a3ed3b40be518cd6	0	1		balance	NONE	NONE		UNKNOWN				false	1	25	11	25	26	PY_SCOPE_e63f1e0af4a19e5f0ab86562a1895c7b	PY_MODULE_ff0e72e19cc67a1292b8a3fd0cadecff		LOAD	false		false	false	account.balance		UNKNOWN	NONE	NONE	SERVICE_VERSION_00000000000000000000000000000000	PY_EXPRESSION_e3eb3e67adc898ff48cc700b78af8e03
NAME_REFERENCE	ATTRIBUTE_OBJECT	RETURN_VALUE	METHOD		PY_METHOD_f558aabfa6800bc64e2a06dd58737257	PY_EXPRESSION_e3eb3e67adc898ff48cc700b78af8e03	0	2		account	NONE	NONE		UNKNOWN				false	1	25	11	25	18	PY_SCOPE_e63f1e0af4a19e5f0ab86562a1895c7b	PY_MODULE_ff0e72e19cc67a1292b8a3fd0cadecff	PY_BINDING_768b9a770adb57bb100e2f5128444579	LOAD	false		false	false			UNKNOWN	NONE	NONE	SERVICE_VERSION_00000000000000000000000000000000	PY_EXPRESSION_d6419670875091560b3c0ca0162405a9
SUBSCRIPT	ANNOTATION	ANNOTATION	METHOD_PARAMETER		PY_METHOD_PARAMETER_81e6049bbded988c62654a0cd2e9fd5e		0	0			NONE	NONE		UNKNOWN				false		28	28	28	50	PY_SCOPE_051ab2aad529d232befad74d9a3eed71	PY_MODULE_ff0e72e19cc67a1292b8a3fd0cadecff		LOAD	false		false	false			UNKNOWN	NONE	NONE	SERVICE_VERSION_00000000000000000000000000000000	PY_EXPRESSION_3104a8883e1b6b22c8d7776579f5d6b6
NAME_REFERENCE	SUBSCRIPT_OBJECT	ANNOTATION	METHOD_PARAMETER		PY_METHOD_PARAMETER_81e6049bbded988c62654a0cd2e9fd5e	PY_EXPRESSION_3104a8883e1b6b22c8d7776579f5d6b6	0	1		Union	NONE	NONE		UNKNOWN				false		28	28	28	33	PY_SCOPE_051ab2aad529d232befad74d9a3eed71	PY_MODULE_ff0e72e19cc67a1292b8a3fd0cadecff	PY_BINDING_416cc0f08e5944ae23a537c81b892e87	LOAD	false		false	false			UNKNOWN	NONE	NONE	SERVICE_VERSION_00000000000000000000000000000000	PY_EXPRESSION_482c4f72125e86fadd8a75e2d7195457
NAME_REFERENCE	SUBSCRIPT_INDEX	ANNOTATION	METHOD_PARAMETER		PY_METHOD_PARAMETER_81e6049bbded988c62654a0cd2e9fd5e	PY_EXPRESSION_3104a8883e1b6b22c8d7776579f5d6b6	1	1		Account	NONE	NONE		TYPE	PY_TYPE_160aee5ca584e3817b8783b4e148e2a8			false		28	34	28	41	PY_SCOPE_051ab2aad529d232befad74d9a3eed71	PY_MODULE_ff0e72e19cc67a1292b8a3fd0cadecff	PY_BINDING_548108b187be35252b61c2fecc7dd0ac	LOAD	false		false	false			UNKNOWN	NONE	NONE	SERVICE_VERSION_00000000000000000000000000000000	PY_EXPRESSION_1562b446af7f8795250b19dd1de596a2
NAME_REFERENCE	SUBSCRIPT_INDEX	ANNOTATION	METHOD_PARAMETER		PY_METHOD_PARAMETER_81e6049bbded988c62654a0cd2e9fd5e	PY_EXPRESSION_3104a8883e1b6b22c8d7776579f5d6b6	2	1		Ledger	NONE	NONE		TYPE	PY_TYPE_65c006b7dc1da8d5b431a90353733207			false		28	43	28	49	PY_SCOPE_051ab2aad529d232befad74d9a3eed71	PY_MODULE_ff0e72e19cc67a1292b8a3fd0cadecff	PY_BINDING_83593c0548ca92ea164b73a03dd07872	LOAD	false		false	false			UNKNOWN	NONE	NONE	SERVICE_VERSION_00000000000000000000000000000000	PY_EXPRESSION_33720410d23f73ccb8d55d4d62e69813
NAME_REFERENCE	ANNOTATION	ANNOTATION	METHOD		PY_METHOD_81b2e0e8cb14c4a385c32df32accfc29		0	0		str	NONE	NONE		UNKNOWN				false		28	55	28	58	PY_SCOPE_051ab2aad529d232befad74d9a3eed71	PY_MODULE_ff0e72e19cc67a1292b8a3fd0cadecff	PY_BINDING_c5c939cedc07dc3d2e74b0b79118ccd1	LOAD	false		false	false			UNKNOWN	NONE	NONE	SERVICE_VERSION_00000000000000000000000000000000	PY_EXPRESSION_b08962766630e3dd5e3b93d32b54e8e1
CALL	RETURN_VALUE	RETURN_VALUE	METHOD		PY_METHOD_59c08f568968fd88e747104912c7cd2e		0	0		repr	NONE	NONE		UNKNOWN				false	0	29	11	29	22	PY_SCOPE_af40372cc9145ef4c33c8b82edce4537	PY_MODULE_ff0e72e19cc67a1292b8a3fd0cadecff		LOAD	false		false	false	repr		UNKNOWN	NONE	NONE	SERVICE_VERSION_00000000000000000000000000000000	PY_EXPRESSION_1a7a17b4a36f1a3decc7b7d86d0bcbaf
NAME_REFERENCE	CALLEE	RETURN_VALUE	METHOD		PY_METHOD_59c08f568968fd88e747104912c7cd2e	PY_EXPRESSION_1a7a17b4a36f1a3decc7b7d86d0bcbaf	0	1		repr	NONE	NONE		UNKNOWN				false	0	29	11	29	15	PY_SCOPE_af40372cc9145ef4c33c8b82edce4537	PY_MODULE_ff0e72e19cc67a1292b8a3fd0cadecff	PY_BINDING_7d631238d38b9ee1c1d7b807eb187709	LOAD	false		false	false			UNKNOWN	NONE	NONE	SERVICE_VERSION_00000000000000000000000000000000	PY_EXPRESSION_9a9c8db7318d8f330d899ddbb9c14a2b
NAME_REFERENCE	ARGUMENT	RETURN_VALUE	METHOD		PY_METHOD_59c08f568968fd88e747104912c7cd2e	PY_EXPRESSION_1a7a17b4a36f1a3decc7b7d86d0bcbaf	0	1		value	NONE	NONE		UNKNOWN				false	0	29	16	29	21	PY_SCOPE_af40372cc9145ef4c33c8b82edce4537	PY_MODULE_ff0e72e19cc67a1292b8a3fd0cadecff	PY_BINDING_4b086fac8a56577a4c8f816d2e563f64	LOAD	false		false	false			UNKNOWN	NONE	NONE	SERVICE_VERSION_00000000000000000000000000000000	PY_EXPRESSION_79b1adaff5e33563c086e11a6cca2adb
SUBSCRIPT	ANNOTATION	ANNOTATION	METHOD_PARAMETER		PY_METHOD_PARAMETER_085af3457911dea480f9a6ef45666346		0	0			NONE	NONE		UNKNOWN				false		32	27	32	51	PY_SCOPE_051ab2aad529d232befad74d9a3eed71	PY_MODULE_ff0e72e19cc67a1292b8a3fd0cadecff		LOAD	false		false	false			UNKNOWN	NONE	NONE	SERVICE_VERSION_00000000000000000000000000000000	PY_EXPRESSION_af8134873dfc895c4ac0247e702fa571
NAME_REFERENCE	SUBSCRIPT_OBJECT	ANNOTATION	METHOD_PARAMETER		PY_METHOD_PARAMETER_085af3457911dea480f9a6ef45666346	PY_EXPRESSION_af8134873dfc895c4ac0247e702fa571	0	1		Dict	NONE	NONE		UNKNOWN				false		32	27	32	31	PY_SCOPE_051ab2aad529d232befad74d9a3eed71	PY_MODULE_ff0e72e19cc67a1292b8a3fd0cadecff	PY_BINDING_e4f90d952df06a478fba4f72386be7b7	LOAD	false		false	false			UNKNOWN	NONE	NONE	SERVICE_VERSION_00000000000000000000000000000000	PY_EXPRESSION_0a5facb697f0af9f7c3c905d0b046b0e
NAME_REFERENCE	SUBSCRIPT_INDEX	ANNOTATION	METHOD_PARAMETER		PY_METHOD_PARAMETER_085af3457911dea480f9a6ef45666346	PY_EXPRESSION_af8134873dfc895c4ac0247e702fa571	1	1		str	NONE	NONE		UNKNOWN				false		32	32	32	35	PY_SCOPE_051ab2aad529d232befad74d9a3eed71	PY_MODULE_ff0e72e19cc67a1292b8a3fd0cadecff	PY_BINDING_c5c939cedc07dc3d2e74b0b79118ccd1	LOAD	false		false	false			UNKNOWN	NONE	NONE	SERVICE_VERSION_00000000000000000000000000000000	PY_EXPRESSION_6eedcb57a79e2455c40855c59bc40e4c
SUBSCRIPT	SUBSCRIPT_INDEX	ANNOTATION	METHOD_PARAMETER		PY_METHOD_PARAMETER_085af3457911dea480f9a6ef45666346	PY_EXPRESSION_af8134873dfc895c4ac0247e702fa571	2	1			NONE	NONE		UNKNOWN				false		32	37	32	50	PY_SCOPE_051ab2aad529d232befad74d9a3eed71	PY_MODULE_ff0e72e19cc67a1292b8a3fd0cadecff		LOAD	false		false	false			UNKNOWN	NONE	NONE	SERVICE_VERSION_00000000000000000000000000000000	PY_EXPRESSION_9900a953924e4d76d2b69495f44bc58e
NAME_REFERENCE	SUBSCRIPT_OBJECT	ANNOTATION	METHOD_PARAMETER		PY_METHOD_PARAMETER_085af3457911dea480f9a6ef45666346	PY_EXPRESSION_9900a953924e4d76d2b69495f44bc58e	0	2		List	NONE	NONE		UNKNOWN				false		32	37	32	41	PY_SCOPE_051ab2aad529d232befad74d9a3eed71	PY_MODULE_ff0e72e19cc67a1292b8a3fd0cadecff	PY_BINDING_f41434f27a276fb31ac16c30172ec918	LOAD	false		false	false			UNKNOWN	NONE	NONE	SERVICE_VERSION_00000000000000000000000000000000	PY_EXPRESSION_2ac58a001b804d956cec460de9dc86a5
NAME_REFERENCE	SUBSCRIPT_INDEX	ANNOTATION	METHOD_PARAMETER		PY_METHOD_PARAMETER_085af3457911dea480f9a6ef45666346	PY_EXPRESSION_9900a953924e4d76d2b69495f44bc58e	1	2		Account	NONE	NONE		TYPE	PY_TYPE_160aee5ca584e3817b8783b4e148e2a8			false		32	42	32	49	PY_SCOPE_051ab2aad529d232befad74d9a3eed71	PY_MODULE_ff0e72e19cc67a1292b8a3fd0cadecff	PY_BINDING_548108b187be35252b61c2fecc7dd0ac	LOAD	false		false	false			UNKNOWN	NONE	NONE	SERVICE_VERSION_00000000000000000000000000000000	PY_EXPRESSION_5b4b17eb023e419d4343cdd1f7812ff5
NAME_REFERENCE	ANNOTATION	ANNOTATION	METHOD		PY_METHOD_81b2e0e8cb14c4a385c32df32accfc29		0	0		int	NONE	NONE		UNKNOWN				false		32	56	32	59	PY_SCOPE_051ab2aad529d232befad74d9a3eed71	PY_MODULE_ff0e72e19cc67a1292b8a3fd0cadecff	PY_BINDING_c5a15a86f84104aece2871b98d5abd05	LOAD	false		false	false			UNKNOWN	NONE	NONE	SERVICE_VERSION_00000000000000000000000000000000	PY_EXPRESSION_3b8c00706c99e3dfea843816b993cffe
ASSIGNMENT	ROOT	ASSIGNMENT_VALUE	METHOD		PY_METHOD_5c48b9f9970f88bf43555f1afeeefdb9		0	0			NONE	NONE		UNKNOWN				false		33	4	33	13	PY_SCOPE_7aa851e6f3de84f228d994fc75fcfe35	PY_MODULE_ff0e72e19cc67a1292b8a3fd0cadecff		LOAD	false		false	false			UNKNOWN	NONE	NONE	SERVICE_VERSION_00000000000000000000000000000000	PY_EXPRESSION_6461cb444500639ad7411b038ee24924
LITERAL	ASSIGNMENT_VALUE	ASSIGNMENT_VALUE	METHOD		PY_METHOD_5c48b9f9970f88bf43555f1afeeefdb9	PY_EXPRESSION_6461cb444500639ad7411b038ee24924	0	1	INTEGER	0	NONE	NONE		UNKNOWN				false		33	12	33	13	PY_SCOPE_7aa851e6f3de84f228d994fc75fcfe35	PY_MODULE_ff0e72e19cc67a1292b8a3fd0cadecff		LOAD	false		false	false		int	BUILTIN_SCALAR	LITERAL	CERTAIN	SERVICE_VERSION_00000000000000000000000000000000	PY_EXPRESSION_8c417e9d3d0227f5122d5cadf7ac4e85
NAME_REFERENCE	ASSIGNMENT_TARGET	ASSIGNMENT_TARGET	METHOD		PY_METHOD_5c48b9f9970f88bf43555f1afeeefdb9	PY_EXPRESSION_6461cb444500639ad7411b038ee24924	0	1		total	NONE	NONE		UNKNOWN				false		33	4	33	9	PY_SCOPE_7aa851e6f3de84f228d994fc75fcfe35	PY_MODULE_ff0e72e19cc67a1292b8a3fd0cadecff	PY_BINDING_be516c5478012bce2ac27106e751aa99	STORE	true		false	false			UNKNOWN	NONE	NONE	SERVICE_VERSION_00000000000000000000000000000000	PY_EXPRESSION_d2ffa33105e4133a226ef600de1804a9
CALL	ROOT	FOR_ITERABLE	METHOD		PY_METHOD_5c48b9f9970f88bf43555f1afeeefdb9		0	0		values	NONE	NONE		UNKNOWN				false		34	20	34	33	PY_SCOPE_7aa851e6f3de84f228d994fc75fcfe35	PY_MODULE_ff0e72e19cc67a1292b8a3fd0cadecff		LOAD	false		false	false	rows.values		UNKNOWN	NONE	NONE	SERVICE_VERSION_00000000000000000000000000000000	PY_EXPRESSION_2daec7301994d9d426270389b0e2267e
ATTRIBUTE_ACCESS	RECEIVER	FOR_ITERABLE	METHOD		PY_METHOD_5c48b9f9970f88bf43555f1afeeefdb9	PY_EXPRESSION_2daec7301994d9d426270389b0e2267e	0	1		values	NONE	NONE		UNKNOWN				false		34	20	34	31	PY_SCOPE_7aa851e6f3de84f228d994fc75fcfe35	PY_MODULE_ff0e72e19cc67a1292b8a3fd0cadecff		LOAD	false		false	false	rows.values		UNKNOWN	NONE	NONE	SERVICE_VERSION_00000000000000000000000000000000	PY_EXPRESSION_1c8d04afeab5e9f7e72a559cf8bab8b7
NAME_REFERENCE	ATTRIBUTE_OBJECT	FOR_ITERABLE	METHOD		PY_METHOD_5c48b9f9970f88bf43555f1afeeefdb9	PY_EXPRESSION_1c8d04afeab5e9f7e72a559cf8bab8b7	0	2		rows	NONE	NONE		UNKNOWN				false		34	20	34	24	PY_SCOPE_7aa851e6f3de84f228d994fc75fcfe35	PY_MODULE_ff0e72e19cc67a1292b8a3fd0cadecff	PY_BINDING_a0afb8d3e31b4ee44108fd3d3db9d8ba	LOAD	false		false	false			UNKNOWN	NONE	NONE	SERVICE_VERSION_00000000000000000000000000000000	PY_EXPRESSION_1221f3141136c0efc9989895b0e4b424
NAME_REFERENCE	ROOT	FOR_TARGET	METHOD		PY_METHOD_5c48b9f9970f88bf43555f1afeeefdb9		0	0		accounts	NONE	NONE		UNKNOWN				false		34	8	34	16	PY_SCOPE_7aa851e6f3de84f228d994fc75fcfe35	PY_MODULE_ff0e72e19cc67a1292b8a3fd0cadecff	PY_BINDING_98b088259012aaaff64112ddfcb7982b	STORE	true		false	false			UNKNOWN	NONE	NONE	SERVICE_VERSION_00000000000000000000000000000000	PY_EXPRESSION_980d87c86255f6e04f03d5a56cd36e0b
NAME_REFERENCE	ROOT	FOR_ITERABLE	METHOD		PY_METHOD_5c48b9f9970f88bf43555f1afeeefdb9		0	0		accounts	NONE	NONE		UNKNOWN				false		35	23	35	31	PY_SCOPE_7aa851e6f3de84f228d994fc75fcfe35	PY_MODULE_ff0e72e19cc67a1292b8a3fd0cadecff	PY_BINDING_98b088259012aaaff64112ddfcb7982b	LOAD	false		false	false			UNKNOWN	NONE	NONE	SERVICE_VERSION_00000000000000000000000000000000	PY_EXPRESSION_a25c51336c707928f5ecb380339f9d1f
NAME_REFERENCE	ROOT	FOR_TARGET	METHOD		PY_METHOD_5c48b9f9970f88bf43555f1afeeefdb9		0	0		account	NONE	NONE		UNKNOWN				false		35	12	35	19	PY_SCOPE_7aa851e6f3de84f228d994fc75fcfe35	PY_MODULE_ff0e72e19cc67a1292b8a3fd0cadecff	PY_BINDING_6588d84e696a90a7e934ee56bd87ec31	STORE	true		false	false			UNKNOWN	NONE	NONE	SERVICE_VERSION_00000000000000000000000000000000	PY_EXPRESSION_60a420f7d15e6ab2db34969b3a8f7044
CALL	ASSIGNMENT_VALUE	AUGMENTED_ASSIGNMENT	METHOD		PY_METHOD_5c48b9f9970f88bf43555f1afeeefdb9		0	0		balance	NONE	NONE		UNKNOWN				false		36	21	36	38	PY_SCOPE_7aa851e6f3de84f228d994fc75fcfe35	PY_MODULE_ff0e72e19cc67a1292b8a3fd0cadecff		LOAD	false		false	false	account.balance		UNKNOWN	NONE	NONE	SERVICE_VERSION_00000000000000000000000000000000	PY_EXPRESSION_9c467ddcda4f8abcd9f37f38700893b5
ATTRIBUTE_ACCESS	RECEIVER	AUGMENTED_ASSIGNMENT	METHOD		PY_METHOD_5c48b9f9970f88bf43555f1afeeefdb9	PY_EXPRESSION_9c467ddcda4f8abcd9f37f38700893b5	0	1		balance	NONE	NONE		UNKNOWN				false		36	21	36	36	PY_SCOPE_7aa851e6f3de84f228d994fc75fcfe35	PY_MODULE_ff0e72e19cc67a1292b8a3fd0cadecff		LOAD	false		false	false	account.balance		UNKNOWN	NONE	NONE	SERVICE_VERSION_00000000000000000000000000000000	PY_EXPRESSION_a193fea2e4e4b669ea328679a37e740f
NAME_REFERENCE	ATTRIBUTE_OBJECT	AUGMENTED_ASSIGNMENT	METHOD		PY_METHOD_5c48b9f9970f88bf43555f1afeeefdb9	PY_EXPRESSION_a193fea2e4e4b669ea328679a37e740f	0	2		account	NONE	NONE		UNKNOWN				false		36	21	36	28	PY_SCOPE_7aa851e6f3de84f228d994fc75fcfe35	PY_MODULE_ff0e72e19cc67a1292b8a3fd0cadecff	PY_BINDING_6588d84e696a90a7e934ee56bd87ec31	LOAD	false		false	false			UNKNOWN	NONE	NONE	SERVICE_VERSION_00000000000000000000000000000000	PY_EXPRESSION_d3c144d0f93624727e85bb3f5ac317cb
NAME_REFERENCE	ASSIGNMENT_TARGET	AUGMENTED_ASSIGNMENT	METHOD		PY_METHOD_5c48b9f9970f88bf43555f1afeeefdb9		0	0		total	NONE	NONE		UNKNOWN				false		36	12	36	17	PY_SCOPE_7aa851e6f3de84f228d994fc75fcfe35	PY_MODULE_ff0e72e19cc67a1292b8a3fd0cadecff	PY_BINDING_be516c5478012bce2ac27106e751aa99	STORE	true		false	false			UNKNOWN	NONE	NONE	SERVICE_VERSION_00000000000000000000000000000000	PY_EXPRESSION_0e036361754fdff3febcb5d492d28eac
NAME_REFERENCE	RETURN_VALUE	RETURN_VALUE	METHOD		PY_METHOD_5c48b9f9970f88bf43555f1afeeefdb9		0	0		total	NONE	NONE		UNKNOWN				false	0	37	11	37	16	PY_SCOPE_7aa851e6f3de84f228d994fc75fcfe35	PY_MODULE_ff0e72e19cc67a1292b8a3fd0cadecff	PY_BINDING_be516c5478012bce2ac27106e751aa99	LOAD	false		false	false			UNKNOWN	NONE	NONE	SERVICE_VERSION_00000000000000000000000000000000	PY_EXPRESSION_105a485003c437641349d84273d3f7cc
SUBSCRIPT	ANNOTATION	ANNOTATION	METHOD_PARAMETER		PY_METHOD_PARAMETER_3c171505b06b92154797fbe35801b2ef		0	0			NONE	NONE		UNKNOWN				false		40	28	40	48	PY_SCOPE_051ab2aad529d232befad74d9a3eed71	PY_MODULE_ff0e72e19cc67a1292b8a3fd0cadecff		LOAD	false		false	false			UNKNOWN	NONE	NONE	SERVICE_VERSION_00000000000000000000000000000000	PY_EXPRESSION_81c978c785e48cd8535ad8aefd705644
NAME_REFERENCE	SUBSCRIPT_OBJECT	ANNOTATION	METHOD_PARAMETER		PY_METHOD_PARAMETER_3c171505b06b92154797fbe35801b2ef	PY_EXPRESSION_81c978c785e48cd8535ad8aefd705644	0	1		Callable	NONE	NONE		UNKNOWN				false		40	28	40	36	PY_SCOPE_051ab2aad529d232befad74d9a3eed71	PY_MODULE_ff0e72e19cc67a1292b8a3fd0cadecff	PY_BINDING_b5c8fd99cedfc9eae881d10be8075fa2	LOAD	false		false	false			UNKNOWN	NONE	NONE	SERVICE_VERSION_00000000000000000000000000000000	PY_EXPRESSION_62a98ff76e9e716d6f817b2350eca63b
LIST	SUBSCRIPT_INDEX	ANNOTATION	METHOD_PARAMETER		PY_METHOD_PARAMETER_3c171505b06b92154797fbe35801b2ef	PY_EXPRESSION_81c978c785e48cd8535ad8aefd705644	1	1			NONE	NONE		UNKNOWN				false		40	37	40	42	PY_SCOPE_051ab2aad529d232befad74d9a3eed71	PY_MODULE_ff0e72e19cc67a1292b8a3fd0cadecff		LOAD	false		false	false		list	BUILTIN_COLLECTION	COLLECTION_LITERAL	CERTAIN	SERVICE_VERSION_00000000000000000000000000000000	PY_EXPRESSION_a9f4dede129fa9c4e55213beb763c7a9
NAME_REFERENCE	SUBSCRIPT_INDEX	ANNOTATION	METHOD_PARAMETER		PY_METHOD_PARAMETER_3c171505b06b92154797fbe35801b2ef	PY_EXPRESSION_81c978c785e48cd8535ad8aefd705644	2	1		int	NONE	NONE		UNKNOWN				false		40	44	40	47	PY_SCOPE_051ab2aad529d232befad74d9a3eed71	PY_MODULE_ff0e72e19cc67a1292b8a3fd0cadecff	PY_BINDING_c5a15a86f84104aece2871b98d5abd05	LOAD	false		false	false			UNKNOWN	NONE	NONE	SERVICE_VERSION_00000000000000000000000000000000	PY_EXPRESSION_5b047a95417c4da3af1505b9b0cc2436
NAME_REFERENCE	ARGUMENT	ANNOTATION	METHOD_PARAMETER		PY_METHOD_PARAMETER_3c171505b06b92154797fbe35801b2ef	PY_EXPRESSION_a9f4dede129fa9c4e55213beb763c7a9	0	2		int	NONE	NONE		UNKNOWN				false		40	38	40	41	PY_SCOPE_051ab2aad529d232befad74d9a3eed71	PY_MODULE_ff0e72e19cc67a1292b8a3fd0cadecff	PY_BINDING_c5a15a86f84104aece2871b98d5abd05	LOAD	false		false	false			UNKNOWN	NONE	NONE	SERVICE_VERSION_00000000000000000000000000000000	PY_EXPRESSION_978edea01b688dbf5d44e478c73d5a5b
NAME_REFERENCE	ANNOTATION	ANNOTATION	METHOD_PARAMETER		PY_METHOD_PARAMETER_0c6f74fe8417d55df88035e9cc5380db		1	0		int	NONE	NONE		UNKNOWN				false		40	56	40	59	PY_SCOPE_051ab2aad529d232befad74d9a3eed71	PY_MODULE_ff0e72e19cc67a1292b8a3fd0cadecff	PY_BINDING_c5a15a86f84104aece2871b98d5abd05	LOAD	false		false	false			UNKNOWN	NONE	NONE	SERVICE_VERSION_00000000000000000000000000000000	PY_EXPRESSION_888a94666cd8b62726b013e4f1b1f94b
NAME_REFERENCE	ANNOTATION	ANNOTATION	METHOD		PY_METHOD_81b2e0e8cb14c4a385c32df32accfc29		0	0		int	NONE	NONE		UNKNOWN				false		40	64	40	67	PY_SCOPE_051ab2aad529d232befad74d9a3eed71	PY_MODULE_ff0e72e19cc67a1292b8a3fd0cadecff	PY_BINDING_c5a15a86f84104aece2871b98d5abd05	LOAD	false		false	false			UNKNOWN	NONE	NONE	SERVICE_VERSION_00000000000000000000000000000000	PY_EXPRESSION_09237f8f5e4861ea7cd9e238ee608afc
CALL	RETURN_VALUE	RETURN_VALUE	METHOD		PY_METHOD_2e3cb8ea24de391bafbdd2d2eb607239		0	0		fn	NONE	NONE		UNKNOWN				false	0	41	11	41	19	PY_SCOPE_bec2874ab3edc3284f7b3e4746910116	PY_MODULE_ff0e72e19cc67a1292b8a3fd0cadecff		LOAD	false		false	false	fn		UNKNOWN	NONE	NONE	SERVICE_VERSION_00000000000000000000000000000000	PY_EXPRESSION_0c3d5f902d675c15b6d3c787ec41e6c5
NAME_REFERENCE	CALLEE	RETURN_VALUE	METHOD		PY_METHOD_2e3cb8ea24de391bafbdd2d2eb607239	PY_EXPRESSION_0c3d5f902d675c15b6d3c787ec41e6c5	0	1		fn	NONE	NONE		UNKNOWN				false	0	41	11	41	13	PY_SCOPE_bec2874ab3edc3284f7b3e4746910116	PY_MODULE_ff0e72e19cc67a1292b8a3fd0cadecff	PY_BINDING_91fa40a9608e7f878ebb4b2234a42c5e	LOAD	false		false	false			UNKNOWN	NONE	NONE	SERVICE_VERSION_00000000000000000000000000000000	PY_EXPRESSION_4907b8bac5dd022311752f2f199cf91c
NAME_REFERENCE	ARGUMENT	RETURN_VALUE	METHOD		PY_METHOD_2e3cb8ea24de391bafbdd2d2eb607239	PY_EXPRESSION_0c3d5f902d675c15b6d3c787ec41e6c5	0	1		seed	NONE	NONE		UNKNOWN				false	0	41	14	41	18	PY_SCOPE_bec2874ab3edc3284f7b3e4746910116	PY_MODULE_ff0e72e19cc67a1292b8a3fd0cadecff	PY_BINDING_a30bd8cf6ae42e530f98de5dde173f0d	LOAD	false		false	false			UNKNOWN	NONE	NONE	SERVICE_VERSION_00000000000000000000000000000000	PY_EXPRESSION_255e58b801c94c974f228e251d9aefd8
LITERAL	ANNOTATION	ANNOTATION	METHOD_PARAMETER		PY_METHOD_PARAMETER_b6cd710851e4cbe6ef6d23de8594b9b3		0	0	STRING	Account	NONE	NONE		UNKNOWN				false		44	36	44	45	PY_SCOPE_051ab2aad529d232befad74d9a3eed71	PY_MODULE_ff0e72e19cc67a1292b8a3fd0cadecff		LOAD	false		false	false		str	BUILTIN_SCALAR	LITERAL	CERTAIN	SERVICE_VERSION_00000000000000000000000000000000	PY_EXPRESSION_7ee34937a5e7c5f67517e0bfaa7e3869
LITERAL	ANNOTATION	ANNOTATION	METHOD		PY_METHOD_81b2e0e8cb14c4a385c32df32accfc29		0	0	STRING	Ledger	NONE	NONE		UNKNOWN				false		44	50	44	58	PY_SCOPE_051ab2aad529d232befad74d9a3eed71	PY_MODULE_ff0e72e19cc67a1292b8a3fd0cadecff		LOAD	false		false	false		str	BUILTIN_SCALAR	LITERAL	CERTAIN	SERVICE_VERSION_00000000000000000000000000000000	PY_EXPRESSION_09faff4c1759931b024fd49e23a4cb3d
ASSIGNMENT	ROOT	ASSIGNMENT_VALUE	METHOD		PY_METHOD_aab1f0b774c67ab143a402cbc51b2076		0	0			NONE	NONE		UNKNOWN				false		46	4	46	21	PY_SCOPE_e51110b2cd58bb96c670315c2d556ef8	PY_MODULE_ff0e72e19cc67a1292b8a3fd0cadecff		LOAD	false		false	false			UNKNOWN	NONE	NONE	SERVICE_VERSION_00000000000000000000000000000000	PY_EXPRESSION_539c1f9d4339fbe7c1650e5b37a1e83b
CALL	ASSIGNMENT_VALUE	ASSIGNMENT_VALUE	METHOD		PY_METHOD_aab1f0b774c67ab143a402cbc51b2076	PY_EXPRESSION_539c1f9d4339fbe7c1650e5b37a1e83b	0	1		Ledger	NONE	NONE		UNKNOWN				false		46	13	46	21	PY_SCOPE_e51110b2cd58bb96c670315c2d556ef8	PY_MODULE_ff0e72e19cc67a1292b8a3fd0cadecff		LOAD	false		false	false	Ledger		UNKNOWN	NONE	NONE	SERVICE_VERSION_00000000000000000000000000000000	PY_EXPRESSION_84aca7b4587f1d22a3dd0112fd465b45
NAME_REFERENCE	ASSIGNMENT_TARGET	ASSIGNMENT_TARGET	METHOD		PY_METHOD_aab1f0b774c67ab143a402cbc51b2076	PY_EXPRESSION_539c1f9d4339fbe7c1650e5b37a1e83b	0	1		ledger	NONE	NONE		UNKNOWN				false		46	4	46	10	PY_SCOPE_e51110b2cd58bb96c670315c2d556ef8	PY_MODULE_ff0e72e19cc67a1292b8a3fd0cadecff	PY_BINDING_749a574941396b1e807e2c8b9568930c	STORE	true		false	false			UNKNOWN	NONE	NONE	SERVICE_VERSION_00000000000000000000000000000000	PY_EXPRESSION_c266c04f7b21f6408f7e16dab240084b
NAME_REFERENCE	CALLEE	ASSIGNMENT_VALUE	METHOD		PY_METHOD_aab1f0b774c67ab143a402cbc51b2076	PY_EXPRESSION_84aca7b4587f1d22a3dd0112fd465b45	0	2		Ledger	NONE	NONE		TYPE	PY_TYPE_65c006b7dc1da8d5b431a90353733207			false		46	13	46	19	PY_SCOPE_e51110b2cd58bb96c670315c2d556ef8	PY_MODULE_ff0e72e19cc67a1292b8a3fd0cadecff	PY_BINDING_9d0c3caa7c11085234af16db9221b02e	LOAD	false		false	false			UNKNOWN	NONE	NONE	SERVICE_VERSION_00000000000000000000000000000000	PY_EXPRESSION_b23fc5fd14346153d65266718dfd32dd
CALL	ROOT	EXPRESSION_STATEMENT	METHOD		PY_METHOD_aab1f0b774c67ab143a402cbc51b2076		0	0		record	NONE	NONE		UNKNOWN				false		47	4	47	24	PY_SCOPE_e51110b2cd58bb96c670315c2d556ef8	PY_MODULE_ff0e72e19cc67a1292b8a3fd0cadecff		LOAD	false		false	false	ledger.record		UNKNOWN	NONE	NONE	SERVICE_VERSION_00000000000000000000000000000000	PY_EXPRESSION_abe57514d65e12fd2b038679cc97814a
ATTRIBUTE_ACCESS	RECEIVER	EXPRESSION_STATEMENT	METHOD		PY_METHOD_aab1f0b774c67ab143a402cbc51b2076	PY_EXPRESSION_abe57514d65e12fd2b038679cc97814a	0	1		record	NONE	NONE		UNKNOWN				false		47	4	47	17	PY_SCOPE_e51110b2cd58bb96c670315c2d556ef8	PY_MODULE_ff0e72e19cc67a1292b8a3fd0cadecff		LOAD	false		false	false	ledger.record		UNKNOWN	NONE	NONE	SERVICE_VERSION_00000000000000000000000000000000	PY_EXPRESSION_7f5373385ce6e4564c24e151f0c3b9b4
NAME_REFERENCE	ARGUMENT	EXPRESSION_STATEMENT	METHOD		PY_METHOD_aab1f0b774c67ab143a402cbc51b2076	PY_EXPRESSION_abe57514d65e12fd2b038679cc97814a	0	1		other	NONE	NONE		UNKNOWN				false		47	18	47	23	PY_SCOPE_e51110b2cd58bb96c670315c2d556ef8	PY_MODULE_ff0e72e19cc67a1292b8a3fd0cadecff	PY_BINDING_6495df84d59c181c2de7a46b760ec084	LOAD	false		false	false			UNKNOWN	NONE	NONE	SERVICE_VERSION_00000000000000000000000000000000	PY_EXPRESSION_45c5e03d36fc4c32e1528a74a8661acd
NAME_REFERENCE	ATTRIBUTE_OBJECT	EXPRESSION_STATEMENT	METHOD		PY_METHOD_aab1f0b774c67ab143a402cbc51b2076	PY_EXPRESSION_7f5373385ce6e4564c24e151f0c3b9b4	0	2		ledger	NONE	NONE		UNKNOWN				false		47	4	47	10	PY_SCOPE_e51110b2cd58bb96c670315c2d556ef8	PY_MODULE_ff0e72e19cc67a1292b8a3fd0cadecff	PY_BINDING_749a574941396b1e807e2c8b9568930c	LOAD	false		false	false			UNKNOWN	NONE	NONE	SERVICE_VERSION_00000000000000000000000000000000	PY_EXPRESSION_14ed8e18414dd89351442bafb107f6f9
NAME_REFERENCE	RETURN_VALUE	RETURN_VALUE	METHOD		PY_METHOD_aab1f0b774c67ab143a402cbc51b2076		0	0		ledger	NONE	NONE		UNKNOWN				false	0	48	11	48	17	PY_SCOPE_e51110b2cd58bb96c670315c2d556ef8	PY_MODULE_ff0e72e19cc67a1292b8a3fd0cadecff	PY_BINDING_749a574941396b1e807e2c8b9568930c	LOAD	false		false	false			UNKNOWN	NONE	NONE	SERVICE_VERSION_00000000000000000000000000000000	PY_EXPRESSION_76d773e1f72ad79e475c2fc4022b4210
LITERAL	ANNOTATION	ANNOTATION	METHOD		PY_METHOD_81b2e0e8cb14c4a385c32df32accfc29		0	0	NONE	None	NONE	NONE		UNKNOWN				false		51	39	51	43	PY_SCOPE_051ab2aad529d232befad74d9a3eed71	PY_MODULE_ff0e72e19cc67a1292b8a3fd0cadecff		LOAD	false		false	false		None	NONE_TYPE	LITERAL	CERTAIN	SERVICE_VERSION_00000000000000000000000000000000	PY_EXPRESSION_bf6e6632c4923429355880160010de13
ASSIGNMENT	ROOT	ANNOTATED_ASSIGNMENT	METHOD		PY_METHOD_1ae0ac218a7186fa75d48a9fb495d180		0	0			NONE	NONE		UNKNOWN				false		52	4	52	34	PY_SCOPE_747a6da8ef04268caaa8e87910f24e40	PY_MODULE_ff0e72e19cc67a1292b8a3fd0cadecff		LOAD	false		false	false			UNKNOWN	NONE	NONE	SERVICE_VERSION_00000000000000000000000000000000	PY_EXPRESSION_b1f6dbe804ed5eeaf8c9437451983cc1
CALL	ASSIGNMENT_VALUE	ANNOTATED_ASSIGNMENT	METHOD		PY_METHOD_1ae0ac218a7186fa75d48a9fb495d180	PY_EXPRESSION_b1f6dbe804ed5eeaf8c9437451983cc1	0	1		Account	NONE	NONE		UNKNOWN				false		52	22	52	34	PY_SCOPE_747a6da8ef04268caaa8e87910f24e40	PY_MODULE_ff0e72e19cc67a1292b8a3fd0cadecff		LOAD	false		false	false	Account		UNKNOWN	NONE	NONE	SERVICE_VERSION_00000000000000000000000000000000	PY_EXPRESSION_bbe282662ab8dc2ea5192d4dce1dbd2f
NAME_REFERENCE	ASSIGNMENT_TARGET	ASSIGNMENT_TARGET	METHOD		PY_METHOD_1ae0ac218a7186fa75d48a9fb495d180	PY_EXPRESSION_b1f6dbe804ed5eeaf8c9437451983cc1	0	1		holder	NONE	NONE		UNKNOWN				false		52	4	52	10	PY_SCOPE_747a6da8ef04268caaa8e87910f24e40	PY_MODULE_ff0e72e19cc67a1292b8a3fd0cadecff	PY_BINDING_29149bbc7967a341038c838dc3f11ef4	STORE	true		false	false			UNKNOWN	NONE	NONE	SERVICE_VERSION_00000000000000000000000000000000	PY_EXPRESSION_c22dae58eec76fa2accc6b5ca30369e2
NAME_REFERENCE	CALLEE	ANNOTATED_ASSIGNMENT	METHOD		PY_METHOD_1ae0ac218a7186fa75d48a9fb495d180	PY_EXPRESSION_bbe282662ab8dc2ea5192d4dce1dbd2f	0	2		Account	NONE	NONE		TYPE	PY_TYPE_160aee5ca584e3817b8783b4e148e2a8			false		52	22	52	29	PY_SCOPE_747a6da8ef04268caaa8e87910f24e40	PY_MODULE_ff0e72e19cc67a1292b8a3fd0cadecff	PY_BINDING_c68c3819ec8eefe57c09cb3284a2d7fa	LOAD	false		false	false			UNKNOWN	NONE	NONE	SERVICE_VERSION_00000000000000000000000000000000	PY_EXPRESSION_4d22891672f929c4cff69f508e004e21
LITERAL	ARGUMENT	ANNOTATED_ASSIGNMENT	METHOD		PY_METHOD_1ae0ac218a7186fa75d48a9fb495d180	PY_EXPRESSION_bbe282662ab8dc2ea5192d4dce1dbd2f	0	2	STRING	x	NONE	NONE		UNKNOWN				false		52	30	52	33	PY_SCOPE_747a6da8ef04268caaa8e87910f24e40	PY_MODULE_ff0e72e19cc67a1292b8a3fd0cadecff		LOAD	false		false	false		str	BUILTIN_SCALAR	LITERAL	CERTAIN	SERVICE_VERSION_00000000000000000000000000000000	PY_EXPRESSION_8597ce04368f3a5b878ac8e41f2d4970
NAME_REFERENCE	ANNOTATION	ANNOTATION	METHOD		PY_METHOD_1ae0ac218a7186fa75d48a9fb495d180	PY_EXPRESSION_b1f6dbe804ed5eeaf8c9437451983cc1	0	1		Account	NONE	NONE		TYPE	PY_TYPE_160aee5ca584e3817b8783b4e148e2a8			false		52	12	52	19	PY_SCOPE_747a6da8ef04268caaa8e87910f24e40	PY_MODULE_ff0e72e19cc67a1292b8a3fd0cadecff	PY_BINDING_c68c3819ec8eefe57c09cb3284a2d7fa	LOAD	false		false	false			UNKNOWN	NONE	NONE	SERVICE_VERSION_00000000000000000000000000000000	PY_EXPRESSION_d7d40e283ce8dd38be12dc58cab1cf6b
ASSIGNMENT	ROOT	ANNOTATED_ASSIGNMENT	METHOD		PY_METHOD_1ae0ac218a7186fa75d48a9fb495d180		0	0			NONE	NONE		UNKNOWN				false		53	4	53	17	PY_SCOPE_747a6da8ef04268caaa8e87910f24e40	PY_MODULE_ff0e72e19cc67a1292b8a3fd0cadecff		LOAD	false		false	false			UNKNOWN	NONE	NONE	SERVICE_VERSION_00000000000000000000000000000000	PY_EXPRESSION_7484ad81f8f7f058ed13befbe90e9d41
NAME_REFERENCE	ASSIGNMENT_TARGET	ASSIGNMENT_TARGET	METHOD		PY_METHOD_1ae0ac218a7186fa75d48a9fb495d180	PY_EXPRESSION_7484ad81f8f7f058ed13befbe90e9d41	0	1		later	NONE	NONE		UNKNOWN				false		53	4	53	9	PY_SCOPE_747a6da8ef04268caaa8e87910f24e40	PY_MODULE_ff0e72e19cc67a1292b8a3fd0cadecff	PY_BINDING_0acff0c5d55a7ad070b34626d95bb244	STORE	true		false	false			UNKNOWN	NONE	NONE	SERVICE_VERSION_00000000000000000000000000000000	PY_EXPRESSION_d44f173176f2d9c9dd5bb828973910fc
NAME_REFERENCE	ANNOTATION	ANNOTATION	METHOD		PY_METHOD_1ae0ac218a7186fa75d48a9fb495d180	PY_EXPRESSION_7484ad81f8f7f058ed13befbe90e9d41	0	1		Ledger	NONE	NONE		TYPE	PY_TYPE_65c006b7dc1da8d5b431a90353733207			false		53	11	53	17	PY_SCOPE_747a6da8ef04268caaa8e87910f24e40	PY_MODULE_ff0e72e19cc67a1292b8a3fd0cadecff	PY_BINDING_e5c6857873be612a0caed433b55a939f	LOAD	false		false	false			UNKNOWN	NONE	NONE	SERVICE_VERSION_00000000000000000000000000000000	PY_EXPRESSION_1c638cb78bbc0260a28f8d5e5a979f0a
ASSIGNMENT	ROOT	ASSIGNMENT_VALUE	METHOD		PY_METHOD_1ae0ac218a7186fa75d48a9fb495d180		0	0			NONE	NONE		UNKNOWN				false		54	4	54	20	PY_SCOPE_747a6da8ef04268caaa8e87910f24e40	PY_MODULE_ff0e72e19cc67a1292b8a3fd0cadecff		LOAD	false		false	false			UNKNOWN	NONE	NONE	SERVICE_VERSION_00000000000000000000000000000000	PY_EXPRESSION_0482cf458aad422219d2de407b10d857
CALL	ASSIGNMENT_VALUE	ASSIGNMENT_VALUE	METHOD		PY_METHOD_1ae0ac218a7186fa75d48a9fb495d180	PY_EXPRESSION_0482cf458aad422219d2de407b10d857	0	1		Ledger	NONE	NONE		UNKNOWN				false		54	12	54	20	PY_SCOPE_747a6da8ef04268caaa8e87910f24e40	PY_MODULE_ff0e72e19cc67a1292b8a3fd0cadecff		LOAD	false		false	false	Ledger		UNKNOWN	NONE	NONE	SERVICE_VERSION_00000000000000000000000000000000	PY_EXPRESSION_8f5aa2f7525beda92e14cd284c3442fd
NAME_REFERENCE	ASSIGNMENT_TARGET	ASSIGNMENT_TARGET	METHOD		PY_METHOD_1ae0ac218a7186fa75d48a9fb495d180	PY_EXPRESSION_0482cf458aad422219d2de407b10d857	0	1		later	NONE	NONE		UNKNOWN				false		54	4	54	9	PY_SCOPE_747a6da8ef04268caaa8e87910f24e40	PY_MODULE_ff0e72e19cc67a1292b8a3fd0cadecff	PY_BINDING_0acff0c5d55a7ad070b34626d95bb244	STORE	true		false	false			UNKNOWN	NONE	NONE	SERVICE_VERSION_00000000000000000000000000000000	PY_EXPRESSION_240d3f8c0ab308c50b91e543f535f34d
NAME_REFERENCE	CALLEE	ASSIGNMENT_VALUE	METHOD		PY_METHOD_1ae0ac218a7186fa75d48a9fb495d180	PY_EXPRESSION_8f5aa2f7525beda92e14cd284c3442fd	0	2		Ledger	NONE	NONE		TYPE	PY_TYPE_65c006b7dc1da8d5b431a90353733207			false		54	12	54	18	PY_SCOPE_747a6da8ef04268caaa8e87910f24e40	PY_MODULE_ff0e72e19cc67a1292b8a3fd0cadecff	PY_BINDING_e5c6857873be612a0caed433b55a939f	LOAD	false		false	false			UNKNOWN	NONE	NONE	SERVICE_VERSION_00000000000000000000000000000000	PY_EXPRESSION_6f2119ecb782467010d6ed1de5d67625
CALL	ROOT	EXPRESSION_STATEMENT	METHOD		PY_METHOD_1ae0ac218a7186fa75d48a9fb495d180		0	0		record	NONE	NONE		UNKNOWN				false		55	4	55	24	PY_SCOPE_747a6da8ef04268caaa8e87910f24e40	PY_MODULE_ff0e72e19cc67a1292b8a3fd0cadecff		LOAD	false		false	false	later.record		UNKNOWN	NONE	NONE	SERVICE_VERSION_00000000000000000000000000000000	PY_EXPRESSION_13414b0fc51ffa0952a61efb6188185e
ATTRIBUTE_ACCESS	RECEIVER	EXPRESSION_STATEMENT	METHOD		PY_METHOD_1ae0ac218a7186fa75d48a9fb495d180	PY_EXPRESSION_13414b0fc51ffa0952a61efb6188185e	0	1		record	NONE	NONE		UNKNOWN				false		55	4	55	16	PY_SCOPE_747a6da8ef04268caaa8e87910f24e40	PY_MODULE_ff0e72e19cc67a1292b8a3fd0cadecff		LOAD	false		false	false	later.record		UNKNOWN	NONE	NONE	SERVICE_VERSION_00000000000000000000000000000000	PY_EXPRESSION_2bb2ac86e4b2a01941e1f2c7e8ff8bae
NAME_REFERENCE	ARGUMENT	EXPRESSION_STATEMENT	METHOD		PY_METHOD_1ae0ac218a7186fa75d48a9fb495d180	PY_EXPRESSION_13414b0fc51ffa0952a61efb6188185e	0	1		holder	NONE	NONE		UNKNOWN				false		55	17	55	23	PY_SCOPE_747a6da8ef04268caaa8e87910f24e40	PY_MODULE_ff0e72e19cc67a1292b8a3fd0cadecff	PY_BINDING_29149bbc7967a341038c838dc3f11ef4	LOAD	false		false	false			UNKNOWN	NONE	NONE	SERVICE_VERSION_00000000000000000000000000000000	PY_EXPRESSION_1470ced56143191d5022839f6d2f402a
NAME_REFERENCE	ATTRIBUTE_OBJECT	EXPRESSION_STATEMENT	METHOD		PY_METHOD_1ae0ac218a7186fa75d48a9fb495d180	PY_EXPRESSION_2bb2ac86e4b2a01941e1f2c7e8ff8bae	0	2		later	NONE	NONE		UNKNOWN				false		55	4	55	9	PY_SCOPE_747a6da8ef04268caaa8e87910f24e40	PY_MODULE_ff0e72e19cc67a1292b8a3fd0cadecff	PY_BINDING_0acff0c5d55a7ad070b34626d95bb244	LOAD	false		false	false			UNKNOWN	NONE	NONE	SERVICE_VERSION_00000000000000000000000000000000	PY_EXPRESSION_b4b04538034c9e745abc8742f37222cb
CALL	CONDITION	IF_CONDITION	METHOD		PY_METHOD_ed15f5d164195d11b19c8e0d4be9f526		0	0		isinstance	NONE	NONE		UNKNOWN				false		60	7	60	33	PY_SCOPE_d3230d2444d8cac8ab526f698f1795d1	PY_MODULE_ff0e72e19cc67a1292b8a3fd0cadecff		LOAD	false		false	false	isinstance		UNKNOWN	NONE	NONE	SERVICE_VERSION_00000000000000000000000000000000	PY_EXPRESSION_dda61830086ab04572b75d5f084a86a4
NAME_REFERENCE	CALLEE	IF_CONDITION	METHOD		PY_METHOD_ed15f5d164195d11b19c8e0d4be9f526	PY_EXPRESSION_dda61830086ab04572b75d5f084a86a4	0	1		isinstance	NONE	NONE		UNKNOWN				false		60	7	60	17	PY_SCOPE_d3230d2444d8cac8ab526f698f1795d1	PY_MODULE_ff0e72e19cc67a1292b8a3fd0cadecff	PY_BINDING_ef4142b75678e29e0eb291e4682e648c	LOAD	false		false	false			UNKNOWN	NONE	NONE	SERVICE_VERSION_00000000000000000000000000000000	PY_EXPRESSION_f9d7d6974ed525258289585ae75b2e3e
NAME_REFERENCE	ARGUMENT	IF_CONDITION	METHOD		PY_METHOD_ed15f5d164195d11b19c8e0d4be9f526	PY_EXPRESSION_dda61830086ab04572b75d5f084a86a4	0	1		value	NONE	NONE		UNKNOWN				false		60	18	60	23	PY_SCOPE_d3230d2444d8cac8ab526f698f1795d1	PY_MODULE_ff0e72e19cc67a1292b8a3fd0cadecff	PY_BINDING_7befec2e6ac012ddb2cadbe99f34f5c0	LOAD	false		false	false			UNKNOWN	NONE	NONE	SERVICE_VERSION_00000000000000000000000000000000	PY_EXPRESSION_67e1b5088d46cddf80bbfe11bbc9b8a3
NAME_REFERENCE	ARGUMENT	IF_CONDITION	METHOD		PY_METHOD_ed15f5d164195d11b19c8e0d4be9f526	PY_EXPRESSION_dda61830086ab04572b75d5f084a86a4	1	1		Account	NONE	NONE		TYPE	PY_TYPE_160aee5ca584e3817b8783b4e148e2a8			false		60	25	60	32	PY_SCOPE_d3230d2444d8cac8ab526f698f1795d1	PY_MODULE_ff0e72e19cc67a1292b8a3fd0cadecff	PY_BINDING_1ea0138412bdb4a2f4f36f8af4cc6320	LOAD	false		false	false			UNKNOWN	NONE	NONE	SERVICE_VERSION_00000000000000000000000000000000	PY_EXPRESSION_fdcbad656820eded983da246704d0d81
CALL	RETURN_VALUE	RETURN_VALUE	METHOD		PY_METHOD_ed15f5d164195d11b19c8e0d4be9f526		0	0		balance	NONE	NONE		UNKNOWN				false	0	61	15	61	30	PY_SCOPE_d3230d2444d8cac8ab526f698f1795d1	PY_MODULE_ff0e72e19cc67a1292b8a3fd0cadecff		LOAD	false		false	false	value.balance		UNKNOWN	NONE	NONE	SERVICE_VERSION_00000000000000000000000000000000	PY_EXPRESSION_55074f08e4bf5a2653ef5d99ead4970e
ATTRIBUTE_ACCESS	RECEIVER	RETURN_VALUE	METHOD		PY_METHOD_ed15f5d164195d11b19c8e0d4be9f526	PY_EXPRESSION_55074f08e4bf5a2653ef5d99ead4970e	0	1		balance	NONE	NONE		UNKNOWN				false	0	61	15	61	28	PY_SCOPE_d3230d2444d8cac8ab526f698f1795d1	PY_MODULE_ff0e72e19cc67a1292b8a3fd0cadecff		LOAD	false		false	false	value.balance		UNKNOWN	NONE	NONE	SERVICE_VERSION_00000000000000000000000000000000	PY_EXPRESSION_5d362ee2d93ed090ea68445f21acd59b
NAME_REFERENCE	ATTRIBUTE_OBJECT	RETURN_VALUE	METHOD		PY_METHOD_ed15f5d164195d11b19c8e0d4be9f526	PY_EXPRESSION_5d362ee2d93ed090ea68445f21acd59b	0	2		value	NONE	NONE		UNKNOWN				false	0	61	15	61	20	PY_SCOPE_d3230d2444d8cac8ab526f698f1795d1	PY_MODULE_ff0e72e19cc67a1292b8a3fd0cadecff	PY_BINDING_7befec2e6ac012ddb2cadbe99f34f5c0	LOAD	false		false	false			UNKNOWN	NONE	NONE	SERVICE_VERSION_00000000000000000000000000000000	PY_EXPRESSION_848cfd5679db7c2238fc0dc9993b8c38
CALL	CONDITION	IF_CONDITION	METHOD		PY_METHOD_ed15f5d164195d11b19c8e0d4be9f526		0	0		isinstance	NONE	NONE		UNKNOWN				false		62	7	62	32	PY_SCOPE_d3230d2444d8cac8ab526f698f1795d1	PY_MODULE_ff0e72e19cc67a1292b8a3fd0cadecff		LOAD	false		false	false	isinstance		UNKNOWN	NONE	NONE	SERVICE_VERSION_00000000000000000000000000000000	PY_EXPRESSION_cb274f39bfc9b93de7f81c1556f0a968
NAME_REFERENCE	CALLEE	IF_CONDITION	METHOD		PY_METHOD_ed15f5d164195d11b19c8e0d4be9f526	PY_EXPRESSION_cb274f39bfc9b93de7f81c1556f0a968	0	1		isinstance	NONE	NONE		UNKNOWN				false		62	7	62	17	PY_SCOPE_d3230d2444d8cac8ab526f698f1795d1	PY_MODULE_ff0e72e19cc67a1292b8a3fd0cadecff	PY_BINDING_ef4142b75678e29e0eb291e4682e648c	LOAD	false		false	false			UNKNOWN	NONE	NONE	SERVICE_VERSION_00000000000000000000000000000000	PY_EXPRESSION_e3b38f1fdacb8d6b479733c7fcda96e5
NAME_REFERENCE	ARGUMENT	IF_CONDITION	METHOD		PY_METHOD_ed15f5d164195d11b19c8e0d4be9f526	PY_EXPRESSION_cb274f39bfc9b93de7f81c1556f0a968	0	1		value	NONE	NONE		UNKNOWN				false		62	18	62	23	PY_SCOPE_d3230d2444d8cac8ab526f698f1795d1	PY_MODULE_ff0e72e19cc67a1292b8a3fd0cadecff	PY_BINDING_7befec2e6ac012ddb2cadbe99f34f5c0	LOAD	false		false	false			UNKNOWN	NONE	NONE	SERVICE_VERSION_00000000000000000000000000000000	PY_EXPRESSION_a04c61ea5d46a212cd90450020d4779f
NAME_REFERENCE	ARGUMENT	IF_CONDITION	METHOD		PY_METHOD_ed15f5d164195d11b19c8e0d4be9f526	PY_EXPRESSION_cb274f39bfc9b93de7f81c1556f0a968	1	1		Ledger	NONE	NONE		TYPE	PY_TYPE_65c006b7dc1da8d5b431a90353733207			false		62	25	62	31	PY_SCOPE_d3230d2444d8cac8ab526f698f1795d1	PY_MODULE_ff0e72e19cc67a1292b8a3fd0cadecff	PY_BINDING_74fd0d6bd9b1419e414b57922e7d7fe1	LOAD	false		false	false			UNKNOWN	NONE	NONE	SERVICE_VERSION_00000000000000000000000000000000	PY_EXPRESSION_4a7fb4b6d8c6cc42ef58dfcbbed46dd4
CALL	RETURN_VALUE	RETURN_VALUE	METHOD		PY_METHOD_ed15f5d164195d11b19c8e0d4be9f526		0	0		total	NONE	NONE		UNKNOWN				false	1	63	15	63	28	PY_SCOPE_d3230d2444d8cac8ab526f698f1795d1	PY_MODULE_ff0e72e19cc67a1292b8a3fd0cadecff		LOAD	false		false	false	value.total		UNKNOWN	NONE	NONE	SERVICE_VERSION_00000000000000000000000000000000	PY_EXPRESSION_2adcf94e99b0f56417ca63836c368ea3
ATTRIBUTE_ACCESS	RECEIVER	RETURN_VALUE	METHOD		PY_METHOD_ed15f5d164195d11b19c8e0d4be9f526	PY_EXPRESSION_2adcf94e99b0f56417ca63836c368ea3	0	1		total	NONE	NONE		UNKNOWN				false	1	63	15	63	26	PY_SCOPE_d3230d2444d8cac8ab526f698f1795d1	PY_MODULE_ff0e72e19cc67a1292b8a3fd0cadecff		LOAD	false		false	false	value.total		UNKNOWN	NONE	NONE	SERVICE_VERSION_00000000000000000000000000000000	PY_EXPRESSION_2389b6966021b57317847a6a7d99ff00
NAME_REFERENCE	ATTRIBUTE_OBJECT	RETURN_VALUE	METHOD		PY_METHOD_ed15f5d164195d11b19c8e0d4be9f526	PY_EXPRESSION_2389b6966021b57317847a6a7d99ff00	0	2		value	NONE	NONE		UNKNOWN				false	1	63	15	63	20	PY_SCOPE_d3230d2444d8cac8ab526f698f1795d1	PY_MODULE_ff0e72e19cc67a1292b8a3fd0cadecff	PY_BINDING_7befec2e6ac012ddb2cadbe99f34f5c0	LOAD	false		false	false			UNKNOWN	NONE	NONE	SERVICE_VERSION_00000000000000000000000000000000	PY_EXPRESSION_9d1d86eb7c83768c153d851241994a7d
LITERAL	RETURN_VALUE	RETURN_VALUE	METHOD		PY_METHOD_ed15f5d164195d11b19c8e0d4be9f526		0	0	NONE	None	NONE	NONE		UNKNOWN				false	2	64	11	64	15	PY_SCOPE_d3230d2444d8cac8ab526f698f1795d1	PY_MODULE_ff0e72e19cc67a1292b8a3fd0cadecff		LOAD	false		false	false		None	NONE_TYPE	LITERAL	CERTAIN	SERVICE_VERSION_00000000000000000000000000000000	PY_EXPRESSION_bfa6f95fa19d7033f4d1f9d6dbcee2ba
CALL	CONDITION	IF_CONDITION	METHOD		PY_METHOD_8397d12dc4718180cf361cdc333aae0e		0	0		isinstance	NONE	NONE		UNKNOWN				false		68	7	68	43	PY_SCOPE_d3976b296012e10a8f31fe893c935b37	PY_MODULE_ff0e72e19cc67a1292b8a3fd0cadecff		LOAD	false		false	false	isinstance		UNKNOWN	NONE	NONE	SERVICE_VERSION_00000000000000000000000000000000	PY_EXPRESSION_ca3f7859fc768fea6cde8ebb873b13f0
NAME_REFERENCE	CALLEE	IF_CONDITION	METHOD		PY_METHOD_8397d12dc4718180cf361cdc333aae0e	PY_EXPRESSION_ca3f7859fc768fea6cde8ebb873b13f0	0	1		isinstance	NONE	NONE		UNKNOWN				false		68	7	68	17	PY_SCOPE_d3976b296012e10a8f31fe893c935b37	PY_MODULE_ff0e72e19cc67a1292b8a3fd0cadecff	PY_BINDING_61ee7a87a6e537c588ad08d7196deb45	LOAD	false		false	false			UNKNOWN	NONE	NONE	SERVICE_VERSION_00000000000000000000000000000000	PY_EXPRESSION_0dd8259af21cf3e6bb44325543200d0f
NAME_REFERENCE	ARGUMENT	IF_CONDITION	METHOD		PY_METHOD_8397d12dc4718180cf361cdc333aae0e	PY_EXPRESSION_ca3f7859fc768fea6cde8ebb873b13f0	0	1		value	NONE	NONE		UNKNOWN				false		68	18	68	23	PY_SCOPE_d3976b296012e10a8f31fe893c935b37	PY_MODULE_ff0e72e19cc67a1292b8a3fd0cadecff	PY_BINDING_a69f3c67d1dfcfb7c53e132ae3fd6479	LOAD	false		false	false			UNKNOWN	NONE	NONE	SERVICE_VERSION_00000000000000000000000000000000	PY_EXPRESSION_6095b98d6f0f54f32e1825206b4d0b39
TUPLE	ARGUMENT	IF_CONDITION	METHOD		PY_METHOD_8397d12dc4718180cf361cdc333aae0e	PY_EXPRESSION_ca3f7859fc768fea6cde8ebb873b13f0	1	1			NONE	NONE		UNKNOWN				false		68	25	68	42	PY_SCOPE_d3976b296012e10a8f31fe893c935b37	PY_MODULE_ff0e72e19cc67a1292b8a3fd0cadecff		LOAD	false		false	false		tuple	BUILTIN_COLLECTION	COLLECTION_LITERAL	CERTAIN	SERVICE_VERSION_00000000000000000000000000000000	PY_EXPRESSION_3057347777e319e684fe2de9ad664cfd
NAME_REFERENCE	ARGUMENT	IF_CONDITION	METHOD		PY_METHOD_8397d12dc4718180cf361cdc333aae0e	PY_EXPRESSION_3057347777e319e684fe2de9ad664cfd	0	2		Account	NONE	NONE		TYPE	PY_TYPE_160aee5ca584e3817b8783b4e148e2a8			false		68	26	68	33	PY_SCOPE_d3976b296012e10a8f31fe893c935b37	PY_MODULE_ff0e72e19cc67a1292b8a3fd0cadecff	PY_BINDING_beea30b8ac25d6d166f6ffe5b35604aa	LOAD	false		false	false			UNKNOWN	NONE	NONE	SERVICE_VERSION_00000000000000000000000000000000	PY_EXPRESSION_2d0c07e111bbc1dbef418cf2ab674478
NAME_REFERENCE	ARGUMENT	IF_CONDITION	METHOD		PY_METHOD_8397d12dc4718180cf361cdc333aae0e	PY_EXPRESSION_3057347777e319e684fe2de9ad664cfd	1	2		Ledger	NONE	NONE		TYPE	PY_TYPE_65c006b7dc1da8d5b431a90353733207			false		68	35	68	41	PY_SCOPE_d3976b296012e10a8f31fe893c935b37	PY_MODULE_ff0e72e19cc67a1292b8a3fd0cadecff	PY_BINDING_366c548e240c94a31cab576758bd3ee7	LOAD	false		false	false			UNKNOWN	NONE	NONE	SERVICE_VERSION_00000000000000000000000000000000	PY_EXPRESSION_1ac19ca950875ec1a31d1b7f48b0d933
CALL	RETURN_VALUE	RETURN_VALUE	METHOD		PY_METHOD_8397d12dc4718180cf361cdc333aae0e		0	0		repr	NONE	NONE		UNKNOWN				false	0	69	15	69	26	PY_SCOPE_d3976b296012e10a8f31fe893c935b37	PY_MODULE_ff0e72e19cc67a1292b8a3fd0cadecff		LOAD	false		false	false	repr		UNKNOWN	NONE	NONE	SERVICE_VERSION_00000000000000000000000000000000	PY_EXPRESSION_c24b2e48d9f1c6bf553e2e03845c5bff
NAME_REFERENCE	CALLEE	RETURN_VALUE	METHOD		PY_METHOD_8397d12dc4718180cf361cdc333aae0e	PY_EXPRESSION_c24b2e48d9f1c6bf553e2e03845c5bff	0	1		repr	NONE	NONE		UNKNOWN				false	0	69	15	69	19	PY_SCOPE_d3976b296012e10a8f31fe893c935b37	PY_MODULE_ff0e72e19cc67a1292b8a3fd0cadecff	PY_BINDING_638fd0df333725298a46360bdd048c6b	LOAD	false		false	false			UNKNOWN	NONE	NONE	SERVICE_VERSION_00000000000000000000000000000000	PY_EXPRESSION_b18ead1759e57e05b0431d21893e200c
NAME_REFERENCE	ARGUMENT	RETURN_VALUE	METHOD		PY_METHOD_8397d12dc4718180cf361cdc333aae0e	PY_EXPRESSION_c24b2e48d9f1c6bf553e2e03845c5bff	0	1		value	NONE	NONE		UNKNOWN				false	0	69	20	69	25	PY_SCOPE_d3976b296012e10a8f31fe893c935b37	PY_MODULE_ff0e72e19cc67a1292b8a3fd0cadecff	PY_BINDING_a69f3c67d1dfcfb7c53e132ae3fd6479	LOAD	false		false	false			UNKNOWN	NONE	NONE	SERVICE_VERSION_00000000000000000000000000000000	PY_EXPRESSION_e94c4d5c4f263d9b5df696e1937edb88
LITERAL	RETURN_VALUE	RETURN_VALUE	METHOD		PY_METHOD_8397d12dc4718180cf361cdc333aae0e		0	0	STRING		NONE	NONE		UNKNOWN				false	1	70	11	70	13	PY_SCOPE_d3976b296012e10a8f31fe893c935b37	PY_MODULE_ff0e72e19cc67a1292b8a3fd0cadecff		LOAD	false		false	false		str	BUILTIN_SCALAR	LITERAL	CERTAIN	SERVICE_VERSION_00000000000000000000000000000000	PY_EXPRESSION_81616987941f11cf4c097862b96098c3
UNARY_OPERATION	CONDITION	IF_CONDITION	METHOD		PY_METHOD_907c7cd92a6c9db6a00f1b11aabe66a7		0	0			NONE	PREFIX	not	UNKNOWN				false		75	7	75	37	PY_SCOPE_b127c1d83e73ead4a4b6e6db31572258	PY_MODULE_ff0e72e19cc67a1292b8a3fd0cadecff		LOAD	false		false	false			UNKNOWN	NONE	NONE	SERVICE_VERSION_00000000000000000000000000000000	PY_EXPRESSION_321ec2bfd9774eb0d2328d55760b5e9c
CALL	UNARY_OPERAND	IF_CONDITION	METHOD		PY_METHOD_907c7cd92a6c9db6a00f1b11aabe66a7	PY_EXPRESSION_321ec2bfd9774eb0d2328d55760b5e9c	0	1		isinstance	NONE	NONE		UNKNOWN				false		75	11	75	37	PY_SCOPE_b127c1d83e73ead4a4b6e6db31572258	PY_MODULE_ff0e72e19cc67a1292b8a3fd0cadecff		LOAD	false		false	false	isinstance		UNKNOWN	NONE	NONE	SERVICE_VERSION_00000000000000000000000000000000	PY_EXPRESSION_ea1333de0cf4b34ee7237a810fcc6b9b
NAME_REFERENCE	CALLEE	IF_CONDITION	METHOD		PY_METHOD_907c7cd92a6c9db6a00f1b11aabe66a7	PY_EXPRESSION_ea1333de0cf4b34ee7237a810fcc6b9b	0	2		isinstance	NONE	NONE		UNKNOWN				false		75	11	75	21	PY_SCOPE_b127c1d83e73ead4a4b6e6db31572258	PY_MODULE_ff0e72e19cc67a1292b8a3fd0cadecff	PY_BINDING_db62ff882d4da1da660ee37c5c89172a	LOAD	false		false	false			UNKNOWN	NONE	NONE	SERVICE_VERSION_00000000000000000000000000000000	PY_EXPRESSION_928ea96351455ea98aba2663eb7bed4a
NAME_REFERENCE	ARGUMENT	IF_CONDITION	METHOD		PY_METHOD_907c7cd92a6c9db6a00f1b11aabe66a7	PY_EXPRESSION_ea1333de0cf4b34ee7237a810fcc6b9b	0	2		value	NONE	NONE		UNKNOWN				false		75	22	75	27	PY_SCOPE_b127c1d83e73ead4a4b6e6db31572258	PY_MODULE_ff0e72e19cc67a1292b8a3fd0cadecff	PY_BINDING_672fff01b45d791f19d65288c83280d5	LOAD	false		false	false			UNKNOWN	NONE	NONE	SERVICE_VERSION_00000000000000000000000000000000	PY_EXPRESSION_62c4b9d3ff06af47eeee527e4fa03fb6
NAME_REFERENCE	ARGUMENT	IF_CONDITION	METHOD		PY_METHOD_907c7cd92a6c9db6a00f1b11aabe66a7	PY_EXPRESSION_ea1333de0cf4b34ee7237a810fcc6b9b	1	2		Account	NONE	NONE		TYPE	PY_TYPE_160aee5ca584e3817b8783b4e148e2a8			false		75	29	75	36	PY_SCOPE_b127c1d83e73ead4a4b6e6db31572258	PY_MODULE_ff0e72e19cc67a1292b8a3fd0cadecff	PY_BINDING_386b8f3183215031e887512a42ddd2d6	LOAD	false		false	false			UNKNOWN	NONE	NONE	SERVICE_VERSION_00000000000000000000000000000000	PY_EXPRESSION_757b062ad3afca475e8d9d5b596baead
LITERAL	RETURN_VALUE	RETURN_VALUE	METHOD		PY_METHOD_907c7cd92a6c9db6a00f1b11aabe66a7		0	0	NONE	None	NONE	NONE		UNKNOWN				false	0	76	15	76	19	PY_SCOPE_b127c1d83e73ead4a4b6e6db31572258	PY_MODULE_ff0e72e19cc67a1292b8a3fd0cadecff		LOAD	false		false	false		None	NONE_TYPE	LITERAL	CERTAIN	SERVICE_VERSION_00000000000000000000000000000000	PY_EXPRESSION_83effb2536dc2d940bf812d3836838cf
CALL	RETURN_VALUE	RETURN_VALUE	METHOD		PY_METHOD_907c7cd92a6c9db6a00f1b11aabe66a7		0	0		balance	NONE	NONE		UNKNOWN				false	1	77	11	77	26	PY_SCOPE_b127c1d83e73ead4a4b6e6db31572258	PY_MODULE_ff0e72e19cc67a1292b8a3fd0cadecff		LOAD	false		false	false	value.balance		UNKNOWN	NONE	NONE	SERVICE_VERSION_00000000000000000000000000000000	PY_EXPRESSION_ccf5de40211b198624dc2f2e72865ca0
ATTRIBUTE_ACCESS	RECEIVER	RETURN_VALUE	METHOD		PY_METHOD_907c7cd92a6c9db6a00f1b11aabe66a7	PY_EXPRESSION_ccf5de40211b198624dc2f2e72865ca0	0	1		balance	NONE	NONE		UNKNOWN				false	1	77	11	77	24	PY_SCOPE_b127c1d83e73ead4a4b6e6db31572258	PY_MODULE_ff0e72e19cc67a1292b8a3fd0cadecff		LOAD	false		false	false	value.balance		UNKNOWN	NONE	NONE	SERVICE_VERSION_00000000000000000000000000000000	PY_EXPRESSION_5c07b5a8ce2de0a31563495330131418
NAME_REFERENCE	ATTRIBUTE_OBJECT	RETURN_VALUE	METHOD		PY_METHOD_907c7cd92a6c9db6a00f1b11aabe66a7	PY_EXPRESSION_5c07b5a8ce2de0a31563495330131418	0	2		value	NONE	NONE		UNKNOWN				false	1	77	11	77	16	PY_SCOPE_b127c1d83e73ead4a4b6e6db31572258	PY_MODULE_ff0e72e19cc67a1292b8a3fd0cadecff	PY_BINDING_672fff01b45d791f19d65288c83280d5	LOAD	false		false	false			UNKNOWN	NONE	NONE	SERVICE_VERSION_00000000000000000000000000000000	PY_EXPRESSION_1637af388e3028ad68f7bf244d6904b4
CALL	CONDITION	IF_CONDITION	METHOD		PY_METHOD_2522902c1ab3b711e5775bc48ceb4d20		0	0		issubclass	NONE	NONE		UNKNOWN				false		81	7	81	33	PY_SCOPE_8fb3d4a0517c92e5e765c30c7ea60fa0	PY_MODULE_ff0e72e19cc67a1292b8a3fd0cadecff		LOAD	false		false	false	issubclass		UNKNOWN	NONE	NONE	SERVICE_VERSION_00000000000000000000000000000000	PY_EXPRESSION_014aeae49ccffc86f9108f01b3523a6c
NAME_REFERENCE	CALLEE	IF_CONDITION	METHOD		PY_METHOD_2522902c1ab3b711e5775bc48ceb4d20	PY_EXPRESSION_014aeae49ccffc86f9108f01b3523a6c	0	1		issubclass	NONE	NONE		UNKNOWN				false		81	7	81	17	PY_SCOPE_8fb3d4a0517c92e5e765c30c7ea60fa0	PY_MODULE_ff0e72e19cc67a1292b8a3fd0cadecff	PY_BINDING_9ec9a3d8be3d128fdf84045346ed2ab0	LOAD	false		false	false			UNKNOWN	NONE	NONE	SERVICE_VERSION_00000000000000000000000000000000	PY_EXPRESSION_c6fea495595304010599579a41f182ec
NAME_REFERENCE	ARGUMENT	IF_CONDITION	METHOD		PY_METHOD_2522902c1ab3b711e5775bc48ceb4d20	PY_EXPRESSION_014aeae49ccffc86f9108f01b3523a6c	0	1		klass	NONE	NONE		UNKNOWN				false		81	18	81	23	PY_SCOPE_8fb3d4a0517c92e5e765c30c7ea60fa0	PY_MODULE_ff0e72e19cc67a1292b8a3fd0cadecff	PY_BINDING_a78bd8c2bca91eddf69b6f4d2f9425af	LOAD	false		false	false			UNKNOWN	NONE	NONE	SERVICE_VERSION_00000000000000000000000000000000	PY_EXPRESSION_adba8b61e3858349f28e742d7dbc804d
NAME_REFERENCE	ARGUMENT	IF_CONDITION	METHOD		PY_METHOD_2522902c1ab3b711e5775bc48ceb4d20	PY_EXPRESSION_014aeae49ccffc86f9108f01b3523a6c	1	1		Account	NONE	NONE		TYPE	PY_TYPE_160aee5ca584e3817b8783b4e148e2a8			false		81	25	81	32	PY_SCOPE_8fb3d4a0517c92e5e765c30c7ea60fa0	PY_MODULE_ff0e72e19cc67a1292b8a3fd0cadecff	PY_BINDING_d05e81d1be48178eaf6c591e76e6a4dc	LOAD	false		false	false			UNKNOWN	NONE	NONE	SERVICE_VERSION_00000000000000000000000000000000	PY_EXPRESSION_03693b0cd092723d2894e0d47b3396b3
CALL	RETURN_VALUE	RETURN_VALUE	METHOD		PY_METHOD_2522902c1ab3b711e5775bc48ceb4d20		0	0		klass	NONE	NONE		UNKNOWN				false	0	82	15	82	29	PY_SCOPE_8fb3d4a0517c92e5e765c30c7ea60fa0	PY_MODULE_ff0e72e19cc67a1292b8a3fd0cadecff		LOAD	false		false	false	klass		UNKNOWN	NONE	NONE	SERVICE_VERSION_00000000000000000000000000000000	PY_EXPRESSION_02ee15944d63f7b0bd110aeb97f13047
NAME_REFERENCE	CALLEE	RETURN_VALUE	METHOD		PY_METHOD_2522902c1ab3b711e5775bc48ceb4d20	PY_EXPRESSION_02ee15944d63f7b0bd110aeb97f13047	0	1		klass	NONE	NONE		UNKNOWN				false	0	82	15	82	20	PY_SCOPE_8fb3d4a0517c92e5e765c30c7ea60fa0	PY_MODULE_ff0e72e19cc67a1292b8a3fd0cadecff	PY_BINDING_a78bd8c2bca91eddf69b6f4d2f9425af	LOAD	false		false	false			UNKNOWN	NONE	NONE	SERVICE_VERSION_00000000000000000000000000000000	PY_EXPRESSION_ba0540d3dc531163d9edcbd7345d4b5e
LITERAL	ARGUMENT	RETURN_VALUE	METHOD		PY_METHOD_2522902c1ab3b711e5775bc48ceb4d20	PY_EXPRESSION_02ee15944d63f7b0bd110aeb97f13047	0	1	STRING	owner	NONE	NONE		UNKNOWN				false	0	82	21	82	28	PY_SCOPE_8fb3d4a0517c92e5e765c30c7ea60fa0	PY_MODULE_ff0e72e19cc67a1292b8a3fd0cadecff		LOAD	false		false	false		str	BUILTIN_SCALAR	LITERAL	CERTAIN	SERVICE_VERSION_00000000000000000000000000000000	PY_EXPRESSION_eed1edd6a9bc0af0744bd891fbfbdc3f
LITERAL	RETURN_VALUE	RETURN_VALUE	METHOD		PY_METHOD_2522902c1ab3b711e5775bc48ceb4d20		0	0	NONE	None	NONE	NONE		UNKNOWN				false	1	83	11	83	15	PY_SCOPE_8fb3d4a0517c92e5e765c30c7ea60fa0	PY_MODULE_ff0e72e19cc67a1292b8a3fd0cadecff		LOAD	false		false	false		None	NONE_TYPE	LITERAL	CERTAIN	SERVICE_VERSION_00000000000000000000000000000000	PY_EXPRESSION_0535f262a82cb7eedf68bbb190007153
ASSIGNMENT	ROOT	ASSIGNMENT_VALUE	METHOD		PY_METHOD_6d07a68423da7067dc5ba5e1ec143db8		0	0			NONE	NONE		UNKNOWN				false		88	4	88	34	PY_SCOPE_40c91d326fad9a93577f13d5139a0637	PY_MODULE_ff0e72e19cc67a1292b8a3fd0cadecff		LOAD	false		false	false			UNKNOWN	NONE	NONE	SERVICE_VERSION_00000000000000000000000000000000	PY_EXPRESSION_5c776909c7fae7b6569454c7cf18a502
CALL	ASSIGNMENT_VALUE	ASSIGNMENT_VALUE	METHOD		PY_METHOD_6d07a68423da7067dc5ba5e1ec143db8	PY_EXPRESSION_5c776909c7fae7b6569454c7cf18a502	0	1		cast	NONE	NONE		UNKNOWN				false		88	14	88	34	PY_SCOPE_40c91d326fad9a93577f13d5139a0637	PY_MODULE_ff0e72e19cc67a1292b8a3fd0cadecff		LOAD	false		false	false	cast	Account	UNKNOWN	CAST	PROBABLE	SERVICE_VERSION_00000000000000000000000000000000	PY_EXPRESSION_cc7371bd5fe6de9fc92e83f6acbc4b8f
NAME_REFERENCE	ASSIGNMENT_TARGET	ASSIGNMENT_TARGET	METHOD		PY_METHOD_6d07a68423da7067dc5ba5e1ec143db8	PY_EXPRESSION_5c776909c7fae7b6569454c7cf18a502	0	1		account	NONE	NONE		UNKNOWN				false		88	4	88	11	PY_SCOPE_40c91d326fad9a93577f13d5139a0637	PY_MODULE_ff0e72e19cc67a1292b8a3fd0cadecff	PY_BINDING_cd22295f2e28a9c43d26e52c6bff7eab	STORE	true		false	false			UNKNOWN	NONE	NONE	SERVICE_VERSION_00000000000000000000000000000000	PY_EXPRESSION_655ccd911ecb003247b91a5e81d24076
NAME_REFERENCE	CALLEE	ASSIGNMENT_VALUE	METHOD		PY_METHOD_6d07a68423da7067dc5ba5e1ec143db8	PY_EXPRESSION_cc7371bd5fe6de9fc92e83f6acbc4b8f	0	2		cast	NONE	NONE		UNKNOWN				false		88	14	88	18	PY_SCOPE_40c91d326fad9a93577f13d5139a0637	PY_MODULE_ff0e72e19cc67a1292b8a3fd0cadecff	PY_BINDING_0dda43f1aaf4aa796219b433083c8418	LOAD	false		false	false			UNKNOWN	NONE	NONE	SERVICE_VERSION_00000000000000000000000000000000	PY_EXPRESSION_e353c79f1a6228186df45d8175cfbbcc
NAME_REFERENCE	ARGUMENT	ASSIGNMENT_VALUE	METHOD		PY_METHOD_6d07a68423da7067dc5ba5e1ec143db8	PY_EXPRESSION_cc7371bd5fe6de9fc92e83f6acbc4b8f	0	2		Account	NONE	NONE		TYPE	PY_TYPE_160aee5ca584e3817b8783b4e148e2a8			false		88	19	88	26	PY_SCOPE_40c91d326fad9a93577f13d5139a0637	PY_MODULE_ff0e72e19cc67a1292b8a3fd0cadecff	PY_BINDING_185d14389ffbbcbd6e87461f1ff9bf44	LOAD	false		false	false			UNKNOWN	NONE	NONE	SERVICE_VERSION_00000000000000000000000000000000	PY_EXPRESSION_e3b94fbf63ee3ef020f493d077038210
NAME_REFERENCE	ARGUMENT	ASSIGNMENT_VALUE	METHOD		PY_METHOD_6d07a68423da7067dc5ba5e1ec143db8	PY_EXPRESSION_cc7371bd5fe6de9fc92e83f6acbc4b8f	1	2		value	NONE	NONE		UNKNOWN				false		88	28	88	33	PY_SCOPE_40c91d326fad9a93577f13d5139a0637	PY_MODULE_ff0e72e19cc67a1292b8a3fd0cadecff	PY_BINDING_6a4abad98dd0d291cfe475a5b9fd8281	LOAD	false		false	false			UNKNOWN	NONE	NONE	SERVICE_VERSION_00000000000000000000000000000000	PY_EXPRESSION_9fba2ef1fc7ab213d78d2c16efa32525
CALL	RETURN_VALUE	RETURN_VALUE	METHOD		PY_METHOD_6d07a68423da7067dc5ba5e1ec143db8		0	0		balance	NONE	NONE		UNKNOWN				false	0	89	11	89	28	PY_SCOPE_40c91d326fad9a93577f13d5139a0637	PY_MODULE_ff0e72e19cc67a1292b8a3fd0cadecff		LOAD	false		false	false	account.balance		UNKNOWN	NONE	NONE	SERVICE_VERSION_00000000000000000000000000000000	PY_EXPRESSION_d3d6a87920c5cf2b7e758d8f6f55a6a2
ATTRIBUTE_ACCESS	RECEIVER	RETURN_VALUE	METHOD		PY_METHOD_6d07a68423da7067dc5ba5e1ec143db8	PY_EXPRESSION_d3d6a87920c5cf2b7e758d8f6f55a6a2	0	1		balance	NONE	NONE		UNKNOWN				false	0	89	11	89	26	PY_SCOPE_40c91d326fad9a93577f13d5139a0637	PY_MODULE_ff0e72e19cc67a1292b8a3fd0cadecff		LOAD	false		false	false	account.balance		UNKNOWN	NONE	NONE	SERVICE_VERSION_00000000000000000000000000000000	PY_EXPRESSION_32ccf064e0afece2f4ebc06eca576962
NAME_REFERENCE	ATTRIBUTE_OBJECT	RETURN_VALUE	METHOD		PY_METHOD_6d07a68423da7067dc5ba5e1ec143db8	PY_EXPRESSION_32ccf064e0afece2f4ebc06eca576962	0	2		account	NONE	NONE		UNKNOWN				false	0	89	11	89	18	PY_SCOPE_40c91d326fad9a93577f13d5139a0637	PY_MODULE_ff0e72e19cc67a1292b8a3fd0cadecff	PY_BINDING_cd22295f2e28a9c43d26e52c6bff7eab	LOAD	false		false	false			UNKNOWN	NONE	NONE	SERVICE_VERSION_00000000000000000000000000000000	PY_EXPRESSION_77babeea031ed693b38a1ee7c50e74e3
NAME_REFERENCE	ANNOTATION	ANNOTATION	METHOD_PARAMETER		PY_METHOD_PARAMETER_ed93f6c1fd9a2b46c6a762cc7cd4e705		0	0		Any	NONE	NONE		UNKNOWN				false		92	26	92	29	PY_SCOPE_051ab2aad529d232befad74d9a3eed71	PY_MODULE_ff0e72e19cc67a1292b8a3fd0cadecff	PY_BINDING_9e57a4569a17b057b00330f87a84ac72	LOAD	false		false	false			UNKNOWN	NONE	NONE	SERVICE_VERSION_00000000000000000000000000000000	PY_EXPRESSION_9f17333d38101eeca30b85fe50ed7910
CALL	RETURN_VALUE	RETURN_VALUE	METHOD		PY_METHOD_dd3957b77851d716b7194f515c33f90c		0	0		whatever	NONE	NONE		UNKNOWN				false	0	94	11	94	27	PY_SCOPE_47c0b8ddc475bb3ed85a4291c884193b	PY_MODULE_ff0e72e19cc67a1292b8a3fd0cadecff		LOAD	false		false	false	value.whatever		UNKNOWN	NONE	NONE	SERVICE_VERSION_00000000000000000000000000000000	PY_EXPRESSION_7f17b4064e2dab67d7db2a44e9e013e2
ATTRIBUTE_ACCESS	RECEIVER	RETURN_VALUE	METHOD		PY_METHOD_dd3957b77851d716b7194f515c33f90c	PY_EXPRESSION_7f17b4064e2dab67d7db2a44e9e013e2	0	1		whatever	NONE	NONE		UNKNOWN				false	0	94	11	94	25	PY_SCOPE_47c0b8ddc475bb3ed85a4291c884193b	PY_MODULE_ff0e72e19cc67a1292b8a3fd0cadecff		LOAD	false		false	false	value.whatever		UNKNOWN	NONE	NONE	SERVICE_VERSION_00000000000000000000000000000000	PY_EXPRESSION_3cca685bc21e283d0a72f27608eaa922
NAME_REFERENCE	ATTRIBUTE_OBJECT	RETURN_VALUE	METHOD		PY_METHOD_dd3957b77851d716b7194f515c33f90c	PY_EXPRESSION_3cca685bc21e283d0a72f27608eaa922	0	2		value	NONE	NONE		UNKNOWN				false	0	94	11	94	16	PY_SCOPE_47c0b8ddc475bb3ed85a4291c884193b	PY_MODULE_ff0e72e19cc67a1292b8a3fd0cadecff	PY_BINDING_ab3ecb3b4781bdba4f126885843b0d96	LOAD	false		false	false			UNKNOWN	NONE	NONE	SERVICE_VERSION_00000000000000000000000000000000	PY_EXPRESSION_dbca20e0f00885c6310af3c0c9b1c392
CALL	RETURN_VALUE	RETURN_VALUE	METHOD		PY_METHOD_b82e02e2aeaea73018fe8eab75dc0e51		0	0		read	NONE	NONE		UNKNOWN				false	0	99	15	99	32	PY_SCOPE_52f0feb47f168a3bec496de863eaf1a8	PY_MODULE_ff0e72e19cc67a1292b8a3fd0cadecff		LOAD	false		false	false	read		UNKNOWN	NONE	NONE	SERVICE_VERSION_00000000000000000000000000000000	PY_EXPRESSION_159cddb982c94c4ea9ff2655d815fe9d
ATTRIBUTE_ACCESS	RECEIVER	RETURN_VALUE	METHOD		PY_METHOD_b82e02e2aeaea73018fe8eab75dc0e51	PY_EXPRESSION_159cddb982c94c4ea9ff2655d815fe9d	0	1		read	NONE	NONE		UNKNOWN				false	0	99	15	99	30	PY_SCOPE_52f0feb47f168a3bec496de863eaf1a8	PY_MODULE_ff0e72e19cc67a1292b8a3fd0cadecff		LOAD	false		false	false	read		UNKNOWN	NONE	NONE	SERVICE_VERSION_00000000000000000000000000000000	PY_EXPRESSION_56cbb9759c9f47381145008f236b27f1
CALL	ATTRIBUTE_OBJECT	RETURN_VALUE	METHOD		PY_METHOD_b82e02e2aeaea73018fe8eab75dc0e51	PY_EXPRESSION_56cbb9759c9f47381145008f236b27f1	0	2		open	NONE	NONE		UNKNOWN				false	0	99	15	99	25	PY_SCOPE_52f0feb47f168a3bec496de863eaf1a8	PY_MODULE_ff0e72e19cc67a1292b8a3fd0cadecff		LOAD	false		false	false	open		UNKNOWN	NONE	NONE	SERVICE_VERSION_00000000000000000000000000000000	PY_EXPRESSION_f8a07840131ee0b79fe02196b4f92fea
NAME_REFERENCE	CALLEE	RETURN_VALUE	METHOD		PY_METHOD_b82e02e2aeaea73018fe8eab75dc0e51	PY_EXPRESSION_f8a07840131ee0b79fe02196b4f92fea	0	3		open	NONE	NONE		UNKNOWN				false	0	99	15	99	19	PY_SCOPE_52f0feb47f168a3bec496de863eaf1a8	PY_MODULE_ff0e72e19cc67a1292b8a3fd0cadecff	PY_BINDING_9239bc221b5768f25a66ad1485cfaca7	LOAD	false		false	false			UNKNOWN	NONE	NONE	SERVICE_VERSION_00000000000000000000000000000000	PY_EXPRESSION_92ec5925c14a2d687cc56d6a93fa0815
NAME_REFERENCE	ARGUMENT	RETURN_VALUE	METHOD		PY_METHOD_b82e02e2aeaea73018fe8eab75dc0e51	PY_EXPRESSION_f8a07840131ee0b79fe02196b4f92fea	0	3		path	NONE	NONE		UNKNOWN				false	0	99	20	99	24	PY_SCOPE_52f0feb47f168a3bec496de863eaf1a8	PY_MODULE_ff0e72e19cc67a1292b8a3fd0cadecff	PY_BINDING_fffac507b85462b0a04957b9f0aec6f0	LOAD	false		false	false			UNKNOWN	NONE	NONE	SERVICE_VERSION_00000000000000000000000000000000	PY_EXPRESSION_edc0c58ab84bf3c79707c632c23cac88
NAME_REFERENCE	EXCEPT_TYPE	EXCEPT_TYPE	METHOD		PY_METHOD_b82e02e2aeaea73018fe8eab75dc0e51		0	0		FileNotFoundError	NONE	NONE		UNKNOWN				false		100	11	100	28	PY_SCOPE_52f0feb47f168a3bec496de863eaf1a8	PY_MODULE_ff0e72e19cc67a1292b8a3fd0cadecff	PY_BINDING_f3d91179af6988fbb5ecd26221727b05	LOAD	false		false	false			UNKNOWN	NONE	NONE	SERVICE_VERSION_00000000000000000000000000000000	PY_EXPRESSION_923b25c08f7236968ddc8a64945f2c9f
NAME_REFERENCE	EXCEPT_TARGET	EXCEPT_TYPE	METHOD		PY_METHOD_b82e02e2aeaea73018fe8eab75dc0e51		0	0		missing	NONE	NONE		UNKNOWN				false		100	32	100	39	PY_SCOPE_52f0feb47f168a3bec496de863eaf1a8	PY_MODULE_ff0e72e19cc67a1292b8a3fd0cadecff	PY_BINDING_ce57ad5b3af970fc576cba49ebe77faa	STORE	true		false	false			UNKNOWN	NONE	NONE	SERVICE_VERSION_00000000000000000000000000000000	PY_EXPRESSION_707ead462b19e9062029c28453155a85
CALL	RAISE_EXC	RAISE_VALUE	METHOD		PY_METHOD_b82e02e2aeaea73018fe8eab75dc0e51		0	0		ValueError	NONE	NONE		UNKNOWN				false		101	14	101	35	PY_SCOPE_52f0feb47f168a3bec496de863eaf1a8	PY_MODULE_ff0e72e19cc67a1292b8a3fd0cadecff		LOAD	false		false	false	ValueError		UNKNOWN	NONE	NONE	SERVICE_VERSION_00000000000000000000000000000000	PY_EXPRESSION_987a6ae19de952f6ee98a8418fe2078d
NAME_REFERENCE	CALLEE	RAISE_VALUE	METHOD		PY_METHOD_b82e02e2aeaea73018fe8eab75dc0e51	PY_EXPRESSION_987a6ae19de952f6ee98a8418fe2078d	0	1		ValueError	NONE	NONE		UNKNOWN				false		101	14	101	24	PY_SCOPE_52f0feb47f168a3bec496de863eaf1a8	PY_MODULE_ff0e72e19cc67a1292b8a3fd0cadecff	PY_BINDING_20dfabd670562c8d38c49e8dd8753cd8	LOAD	false		false	false			UNKNOWN	NONE	NONE	SERVICE_VERSION_00000000000000000000000000000000	PY_EXPRESSION_afbf87a97ee9f89e2132806b2ae60be9
LITERAL	ARGUMENT	RAISE_VALUE	METHOD		PY_METHOD_b82e02e2aeaea73018fe8eab75dc0e51	PY_EXPRESSION_987a6ae19de952f6ee98a8418fe2078d	0	1	STRING	missing	NONE	NONE		UNKNOWN				false		101	25	101	34	PY_SCOPE_52f0feb47f168a3bec496de863eaf1a8	PY_MODULE_ff0e72e19cc67a1292b8a3fd0cadecff		LOAD	false		false	false		str	BUILTIN_SCALAR	LITERAL	CERTAIN	SERVICE_VERSION_00000000000000000000000000000000	PY_EXPRESSION_537868b808e9d5cfade4abfb97ace586
NAME_REFERENCE	RAISE_EXC	RAISE_VALUE	METHOD		PY_METHOD_b82e02e2aeaea73018fe8eab75dc0e51		1	0		missing	NONE	NONE		UNKNOWN				false		101	41	101	48	PY_SCOPE_52f0feb47f168a3bec496de863eaf1a8	PY_MODULE_ff0e72e19cc67a1292b8a3fd0cadecff	PY_BINDING_ce57ad5b3af970fc576cba49ebe77faa	LOAD	false		false	false			UNKNOWN	NONE	NONE	SERVICE_VERSION_00000000000000000000000000000000	PY_EXPRESSION_0e2726571e4db3fef88f587a4dccee0c
TUPLE	EXCEPT_TYPE	EXCEPT_TYPE	METHOD		PY_METHOD_b82e02e2aeaea73018fe8eab75dc0e51		0	0			NONE	NONE		UNKNOWN				false		102	11	102	34	PY_SCOPE_52f0feb47f168a3bec496de863eaf1a8	PY_MODULE_ff0e72e19cc67a1292b8a3fd0cadecff		LOAD	false		false	false		tuple	BUILTIN_COLLECTION	COLLECTION_LITERAL	CERTAIN	SERVICE_VERSION_00000000000000000000000000000000	PY_EXPRESSION_ef007e5d996ebf2b7969a38f24281472
NAME_REFERENCE	ARGUMENT	EXCEPT_TYPE	METHOD		PY_METHOD_b82e02e2aeaea73018fe8eab75dc0e51	PY_EXPRESSION_ef007e5d996ebf2b7969a38f24281472	0	1		OSError	NONE	NONE		UNKNOWN				false		102	12	102	19	PY_SCOPE_52f0feb47f168a3bec496de863eaf1a8	PY_MODULE_ff0e72e19cc67a1292b8a3fd0cadecff	PY_BINDING_5bfc4ab6c385132c710b16f83752f3bd	LOAD	false		false	false			UNKNOWN	NONE	NONE	SERVICE_VERSION_00000000000000000000000000000000	PY_EXPRESSION_fb478641223f24cd50d0a3b482f51f44
NAME_REFERENCE	ARGUMENT	EXCEPT_TYPE	METHOD		PY_METHOD_b82e02e2aeaea73018fe8eab75dc0e51	PY_EXPRESSION_ef007e5d996ebf2b7969a38f24281472	1	1		RuntimeError	NONE	NONE		UNKNOWN				false		102	21	102	33	PY_SCOPE_52f0feb47f168a3bec496de863eaf1a8	PY_MODULE_ff0e72e19cc67a1292b8a3fd0cadecff	PY_BINDING_9919044cf0399b3c7474c57724af862f	LOAD	false		false	false			UNKNOWN	NONE	NONE	SERVICE_VERSION_00000000000000000000000000000000	PY_EXPRESSION_045ecc6fb78c1251486c3199daf9cd97
ASSIGNMENT	ROOT	ANNOTATED_ASSIGNMENT	METHOD	PY_TYPE_e8071789019fd5c244e78bd8d39766bd	PY_METHOD_aab157e8edf5e19f7c23c68ab3c999d4		0	0			NONE	NONE		UNKNOWN				false		110	4	110	13	PY_SCOPE_49486851fd9bd36520ce63a74456aedf	PY_MODULE_ff0e72e19cc67a1292b8a3fd0cadecff		LOAD	false		false	false			UNKNOWN	NONE	NONE	SERVICE_VERSION_00000000000000000000000000000000	PY_EXPRESSION_e6cef36fe4a12101bbe193d3647bb168
NAME_REFERENCE	ASSIGNMENT_TARGET	ASSIGNMENT_TARGET	METHOD	PY_TYPE_e8071789019fd5c244e78bd8d39766bd	PY_METHOD_aab157e8edf5e19f7c23c68ab3c999d4	PY_EXPRESSION_e6cef36fe4a12101bbe193d3647bb168	0	1		name	NONE	NONE		UNKNOWN				false		110	4	110	8	PY_SCOPE_49486851fd9bd36520ce63a74456aedf	PY_MODULE_ff0e72e19cc67a1292b8a3fd0cadecff	PY_BINDING_7f8fe4a284d0de173648ca45048356c7	STORE	true		false	false			UNKNOWN	NONE	NONE	SERVICE_VERSION_00000000000000000000000000000000	PY_EXPRESSION_8837d482a5ecb8156f85ba9c632bbd40
NAME_REFERENCE	ANNOTATION	ANNOTATION	METHOD	PY_TYPE_e8071789019fd5c244e78bd8d39766bd	PY_METHOD_aab157e8edf5e19f7c23c68ab3c999d4	PY_EXPRESSION_e6cef36fe4a12101bbe193d3647bb168	0	1		str	NONE	NONE		UNKNOWN				false		110	10	110	13	PY_SCOPE_49486851fd9bd36520ce63a74456aedf	PY_MODULE_ff0e72e19cc67a1292b8a3fd0cadecff	PY_BINDING_addcdbe9fdb85e1f8e61b9413f009783	LOAD	false		false	false			UNKNOWN	NONE	NONE	SERVICE_VERSION_00000000000000000000000000000000	PY_EXPRESSION_54234dc9e2ab96a0c185aa7a526984b4
ASSIGNMENT	ROOT	ANNOTATED_ASSIGNMENT	METHOD	PY_TYPE_e8071789019fd5c244e78bd8d39766bd	PY_METHOD_aab157e8edf5e19f7c23c68ab3c999d4		0	0			NONE	NONE		UNKNOWN				false		111	4	111	18	PY_SCOPE_49486851fd9bd36520ce63a74456aedf	PY_MODULE_ff0e72e19cc67a1292b8a3fd0cadecff		LOAD	false		false	false			UNKNOWN	NONE	NONE	SERVICE_VERSION_00000000000000000000000000000000	PY_EXPRESSION_9e0cad10e6fce8a41dec2a8ddb939ade
LITERAL	ASSIGNMENT_VALUE	ANNOTATED_ASSIGNMENT	METHOD	PY_TYPE_e8071789019fd5c244e78bd8d39766bd	PY_METHOD_aab157e8edf5e19f7c23c68ab3c999d4	PY_EXPRESSION_9e0cad10e6fce8a41dec2a8ddb939ade	0	1	INTEGER	0	NONE	NONE		UNKNOWN				false		111	17	111	18	PY_SCOPE_49486851fd9bd36520ce63a74456aedf	PY_MODULE_ff0e72e19cc67a1292b8a3fd0cadecff		LOAD	false		false	false		int	BUILTIN_SCALAR	LITERAL	CERTAIN	SERVICE_VERSION_00000000000000000000000000000000	PY_EXPRESSION_7313ee4bd1c5c7c204a4c68929950d17
NAME_REFERENCE	ASSIGNMENT_TARGET	ASSIGNMENT_TARGET	METHOD	PY_TYPE_e8071789019fd5c244e78bd8d39766bd	PY_METHOD_aab157e8edf5e19f7c23c68ab3c999d4	PY_EXPRESSION_9e0cad10e6fce8a41dec2a8ddb939ade	0	1		count	NONE	NONE		UNKNOWN				false		111	4	111	9	PY_SCOPE_49486851fd9bd36520ce63a74456aedf	PY_MODULE_ff0e72e19cc67a1292b8a3fd0cadecff	PY_BINDING_412ac1980bece9e4555325365b015aeb	STORE	true		false	false			UNKNOWN	NONE	NONE	SERVICE_VERSION_00000000000000000000000000000000	PY_EXPRESSION_87ca97cd45dca0c62ef8c5dcbb4a6fc1
NAME_REFERENCE	ANNOTATION	ANNOTATION	METHOD	PY_TYPE_e8071789019fd5c244e78bd8d39766bd	PY_METHOD_aab157e8edf5e19f7c23c68ab3c999d4	PY_EXPRESSION_9e0cad10e6fce8a41dec2a8ddb939ade	0	1		int	NONE	NONE		UNKNOWN				false		111	11	111	14	PY_SCOPE_49486851fd9bd36520ce63a74456aedf	PY_MODULE_ff0e72e19cc67a1292b8a3fd0cadecff	PY_BINDING_72b1ccd515854d387fde89ca2fda2ed6	LOAD	false		false	false			UNKNOWN	NONE	NONE	SERVICE_VERSION_00000000000000000000000000000000	PY_EXPRESSION_adef926113a502c07c0f547705027bf7
ASSIGNMENT	ROOT	ANNOTATED_ASSIGNMENT	METHOD	PY_TYPE_e8071789019fd5c244e78bd8d39766bd	PY_METHOD_aab157e8edf5e19f7c23c68ab3c999d4		0	0			NONE	NONE		UNKNOWN				false		112	4	112	29	PY_SCOPE_49486851fd9bd36520ce63a74456aedf	PY_MODULE_ff0e72e19cc67a1292b8a3fd0cadecff		LOAD	false		false	false			UNKNOWN	NONE	NONE	SERVICE_VERSION_00000000000000000000000000000000	PY_EXPRESSION_635c44cc6ebe8cccb523d88c08ff84dd
CALL	ASSIGNMENT_VALUE	ANNOTATED_ASSIGNMENT	METHOD	PY_TYPE_e8071789019fd5c244e78bd8d39766bd	PY_METHOD_aab157e8edf5e19f7c23c68ab3c999d4	PY_EXPRESSION_635c44cc6ebe8cccb523d88c08ff84dd	0	1		Ledger	NONE	NONE		UNKNOWN				false		112	21	112	29	PY_SCOPE_49486851fd9bd36520ce63a74456aedf	PY_MODULE_ff0e72e19cc67a1292b8a3fd0cadecff		LOAD	false		false	false	Ledger		UNKNOWN	NONE	NONE	SERVICE_VERSION_00000000000000000000000000000000	PY_EXPRESSION_edd458955a38b5f58b33f888385717fc
NAME_REFERENCE	ASSIGNMENT_TARGET	ASSIGNMENT_TARGET	METHOD	PY_TYPE_e8071789019fd5c244e78bd8d39766bd	PY_METHOD_aab157e8edf5e19f7c23c68ab3c999d4	PY_EXPRESSION_635c44cc6ebe8cccb523d88c08ff84dd	0	1		ledger	NONE	NONE		UNKNOWN				false		112	4	112	10	PY_SCOPE_49486851fd9bd36520ce63a74456aedf	PY_MODULE_ff0e72e19cc67a1292b8a3fd0cadecff	PY_BINDING_43ded17d4d56e54c3291e4b1b0f2121f	STORE	true		false	false			UNKNOWN	NONE	NONE	SERVICE_VERSION_00000000000000000000000000000000	PY_EXPRESSION_3e0b7a28b2fbdf79d83be59d2c209b02
NAME_REFERENCE	CALLEE	ANNOTATED_ASSIGNMENT	METHOD	PY_TYPE_e8071789019fd5c244e78bd8d39766bd	PY_METHOD_aab157e8edf5e19f7c23c68ab3c999d4	PY_EXPRESSION_edd458955a38b5f58b33f888385717fc	0	2		Ledger	NONE	NONE		TYPE	PY_TYPE_65c006b7dc1da8d5b431a90353733207			false		112	21	112	27	PY_SCOPE_49486851fd9bd36520ce63a74456aedf	PY_MODULE_ff0e72e19cc67a1292b8a3fd0cadecff	PY_BINDING_2ff082b82657ef3bbf07e9c56a800684	LOAD	false		false	false			UNKNOWN	NONE	NONE	SERVICE_VERSION_00000000000000000000000000000000	PY_EXPRESSION_df78b065aa25eeda190b992e7b843fbd
NAME_REFERENCE	ANNOTATION	ANNOTATION	METHOD	PY_TYPE_e8071789019fd5c244e78bd8d39766bd	PY_METHOD_aab157e8edf5e19f7c23c68ab3c999d4	PY_EXPRESSION_635c44cc6ebe8cccb523d88c08ff84dd	0	1		Ledger	NONE	NONE		TYPE	PY_TYPE_65c006b7dc1da8d5b431a90353733207			false		112	12	112	18	PY_SCOPE_49486851fd9bd36520ce63a74456aedf	PY_MODULE_ff0e72e19cc67a1292b8a3fd0cadecff	PY_BINDING_2ff082b82657ef3bbf07e9c56a800684	LOAD	false		false	false			UNKNOWN	NONE	NONE	SERVICE_VERSION_00000000000000000000000000000000	PY_EXPRESSION_bc661cffad19e2007f2a9597a8ce4dbf
NAME_REFERENCE	ANNOTATION	ANNOTATION	METHOD_PARAMETER	PY_TYPE_e8071789019fd5c244e78bd8d39766bd	PY_METHOD_PARAMETER_04dbad90dc48c6f9c10982647f21865a		1	0		str	NONE	NONE		UNKNOWN				false		114	29	114	32	PY_SCOPE_49486851fd9bd36520ce63a74456aedf	PY_MODULE_ff0e72e19cc67a1292b8a3fd0cadecff	PY_BINDING_addcdbe9fdb85e1f8e61b9413f009783	LOAD	false		false	false			UNKNOWN	NONE	NONE	SERVICE_VERSION_00000000000000000000000000000000	PY_EXPRESSION_dbad81e9e0bfda7f646380f097cf124d
LITERAL	ANNOTATION	ANNOTATION	METHOD	PY_TYPE_e8071789019fd5c244e78bd8d39766bd	PY_METHOD_aab157e8edf5e19f7c23c68ab3c999d4		0	0	NONE	None	NONE	NONE		UNKNOWN				false		114	37	114	41	PY_SCOPE_49486851fd9bd36520ce63a74456aedf	PY_MODULE_ff0e72e19cc67a1292b8a3fd0cadecff		LOAD	false		false	false		None	NONE_TYPE	LITERAL	CERTAIN	SERVICE_VERSION_00000000000000000000000000000000	PY_EXPRESSION_8c18e0889d2e1b45aaec023a236bc326
ASSIGNMENT	ROOT	ASSIGNMENT_VALUE	METHOD	PY_TYPE_e8071789019fd5c244e78bd8d39766bd	PY_METHOD_9411cad7a6105212e125b90b6fc3da16		0	0			NONE	NONE		UNKNOWN				false		115	8	115	24	PY_SCOPE_bcf1474476f8e165f1cadc0da19e4b3b	PY_MODULE_ff0e72e19cc67a1292b8a3fd0cadecff		LOAD	false		false	false			UNKNOWN	NONE	NONE	SERVICE_VERSION_00000000000000000000000000000000	PY_EXPRESSION_b9a9ddb2294263b1afc68699993b84c3
NAME_REFERENCE	ASSIGNMENT_VALUE	ASSIGNMENT_VALUE	METHOD	PY_TYPE_e8071789019fd5c244e78bd8d39766bd	PY_METHOD_9411cad7a6105212e125b90b6fc3da16	PY_EXPRESSION_b9a9ddb2294263b1afc68699993b84c3	0	1		name	NONE	NONE		UNKNOWN				false		115	20	115	24	PY_SCOPE_bcf1474476f8e165f1cadc0da19e4b3b	PY_MODULE_ff0e72e19cc67a1292b8a3fd0cadecff	PY_BINDING_4a88d3e68d901f4c8b0e312c54080ba5	LOAD	false		false	false			UNKNOWN	NONE	NONE	SERVICE_VERSION_00000000000000000000000000000000	PY_EXPRESSION_eb627463dead97ece094fc7767111512
ATTRIBUTE_ACCESS	ASSIGNMENT_TARGET	ASSIGNMENT_TARGET	METHOD	PY_TYPE_e8071789019fd5c244e78bd8d39766bd	PY_METHOD_9411cad7a6105212e125b90b6fc3da16	PY_EXPRESSION_b9a9ddb2294263b1afc68699993b84c3	0	1		name	NONE	NONE		FIELD	PY_FIELD_0b9707a3bbdfebae30a106fd6e35f97d			false		115	8	115	17	PY_SCOPE_bcf1474476f8e165f1cadc0da19e4b3b	PY_MODULE_ff0e72e19cc67a1292b8a3fd0cadecff		STORE	true		false	false	self.name		UNKNOWN	NONE	NONE	SERVICE_VERSION_00000000000000000000000000000000	PY_EXPRESSION_1e110479d6145a5431862d605928a168
SELF_REFERENCE	ATTRIBUTE_OBJECT	ASSIGNMENT_TARGET	METHOD	PY_TYPE_e8071789019fd5c244e78bd8d39766bd	PY_METHOD_9411cad7a6105212e125b90b6fc3da16	PY_EXPRESSION_1e110479d6145a5431862d605928a168	0	2		self	NONE	NONE		SELF				false		115	8	115	12	PY_SCOPE_bcf1474476f8e165f1cadc0da19e4b3b	PY_MODULE_ff0e72e19cc67a1292b8a3fd0cadecff	PY_BINDING_2edc0a01a161f210d3318061e963c534	LOAD	false		false	false			UNKNOWN	NONE	NONE	SERVICE_VERSION_00000000000000000000000000000000	PY_EXPRESSION_21ddd88ec7f716a926648d044db6ad2f
ASSIGNMENT	ROOT	ANNOTATED_ASSIGNMENT	METHOD	PY_TYPE_e8071789019fd5c244e78bd8d39766bd	PY_METHOD_9411cad7a6105212e125b90b6fc3da16		0	0			NONE	NONE		UNKNOWN				false		116	8	116	45	PY_SCOPE_bcf1474476f8e165f1cadc0da19e4b3b	PY_MODULE_ff0e72e19cc67a1292b8a3fd0cadecff		LOAD	false		false	false			UNKNOWN	NONE	NONE	SERVICE_VERSION_00000000000000000000000000000000	PY_EXPRESSION_c3975c769bc4920db06d7d5e6a52b18e
CALL	ASSIGNMENT_VALUE	ANNOTATED_ASSIGNMENT	METHOD	PY_TYPE_e8071789019fd5c244e78bd8d39766bd	PY_METHOD_9411cad7a6105212e125b90b6fc3da16	PY_EXPRESSION_c3975c769bc4920db06d7d5e6a52b18e	0	1		Account	NONE	NONE		UNKNOWN				false		116	32	116	45	PY_SCOPE_bcf1474476f8e165f1cadc0da19e4b3b	PY_MODULE_ff0e72e19cc67a1292b8a3fd0cadecff		LOAD	false		false	false	Account		UNKNOWN	NONE	NONE	SERVICE_VERSION_00000000000000000000000000000000	PY_EXPRESSION_fd3be53adb989cd6dea0da7a2c36664a
ATTRIBUTE_ACCESS	ASSIGNMENT_TARGET	ASSIGNMENT_TARGET	METHOD	PY_TYPE_e8071789019fd5c244e78bd8d39766bd	PY_METHOD_9411cad7a6105212e125b90b6fc3da16	PY_EXPRESSION_c3975c769bc4920db06d7d5e6a52b18e	0	1		primary	NONE	NONE		FIELD	PY_FIELD_4cd4bf4fd0a21faa5cad4f5ac442913a			false		116	8	116	20	PY_SCOPE_bcf1474476f8e165f1cadc0da19e4b3b	PY_MODULE_ff0e72e19cc67a1292b8a3fd0cadecff		STORE	true		false	false	self.primary		UNKNOWN	NONE	NONE	SERVICE_VERSION_00000000000000000000000000000000	PY_EXPRESSION_67b44b1f9929486630297aa792559ac6
NAME_REFERENCE	CALLEE	ANNOTATED_ASSIGNMENT	METHOD	PY_TYPE_e8071789019fd5c244e78bd8d39766bd	PY_METHOD_9411cad7a6105212e125b90b6fc3da16	PY_EXPRESSION_fd3be53adb989cd6dea0da7a2c36664a	0	2		Account	NONE	NONE		TYPE	PY_TYPE_160aee5ca584e3817b8783b4e148e2a8			false		116	32	116	39	PY_SCOPE_bcf1474476f8e165f1cadc0da19e4b3b	PY_MODULE_ff0e72e19cc67a1292b8a3fd0cadecff	PY_BINDING_d27cac70345a63d1bd09b37bf79e685c	LOAD	false		false	false			UNKNOWN	NONE	NONE	SERVICE_VERSION_00000000000000000000000000000000	PY_EXPRESSION_f5cb5b71e21f44074b15b24ae33c2db9
NAME_REFERENCE	ARGUMENT	ANNOTATED_ASSIGNMENT	METHOD	PY_TYPE_e8071789019fd5c244e78bd8d39766bd	PY_METHOD_9411cad7a6105212e125b90b6fc3da16	PY_EXPRESSION_fd3be53adb989cd6dea0da7a2c36664a	0	2		name	NONE	NONE		UNKNOWN				false		116	40	116	44	PY_SCOPE_bcf1474476f8e165f1cadc0da19e4b3b	PY_MODULE_ff0e72e19cc67a1292b8a3fd0cadecff	PY_BINDING_4a88d3e68d901f4c8b0e312c54080ba5	LOAD	false		false	false			UNKNOWN	NONE	NONE	SERVICE_VERSION_00000000000000000000000000000000	PY_EXPRESSION_1dfc84184745bdf76c33f2d40b756450
NAME_REFERENCE	ANNOTATION	ANNOTATION	METHOD	PY_TYPE_e8071789019fd5c244e78bd8d39766bd	PY_METHOD_9411cad7a6105212e125b90b6fc3da16	PY_EXPRESSION_c3975c769bc4920db06d7d5e6a52b18e	0	1		Account	NONE	NONE		TYPE	PY_TYPE_160aee5ca584e3817b8783b4e148e2a8			false		116	22	116	29	PY_SCOPE_bcf1474476f8e165f1cadc0da19e4b3b	PY_MODULE_ff0e72e19cc67a1292b8a3fd0cadecff	PY_BINDING_d27cac70345a63d1bd09b37bf79e685c	LOAD	false		false	false			UNKNOWN	NONE	NONE	SERVICE_VERSION_00000000000000000000000000000000	PY_EXPRESSION_8c09fd0264f02a294b73cd51e8b60e13
SELF_REFERENCE	ATTRIBUTE_OBJECT	ASSIGNMENT_TARGET	METHOD	PY_TYPE_e8071789019fd5c244e78bd8d39766bd	PY_METHOD_9411cad7a6105212e125b90b6fc3da16	PY_EXPRESSION_67b44b1f9929486630297aa792559ac6	0	2		self	NONE	NONE		SELF				false		116	8	116	12	PY_SCOPE_bcf1474476f8e165f1cadc0da19e4b3b	PY_MODULE_ff0e72e19cc67a1292b8a3fd0cadecff	PY_BINDING_2edc0a01a161f210d3318061e963c534	LOAD	false		false	false			UNKNOWN	NONE	NONE	SERVICE_VERSION_00000000000000000000000000000000	PY_EXPRESSION_7576157e7ba84a9b4108c6aa9e5ab5ce
