callKind	calleeName	calleeDottedPath	receiverText	receiverKind	pyExpressionLinkHash	receiverExpressionLinkHash	pyScopeLinkHash	pyMethodLinkHash	pyTypeLinkHash	pyModuleLinkHash	positionalArgCount	keywordArgCount	hasStarArgs	hasDoubleStarArgs	keywordNames	argFlowIsPrecise	resolvedCalleeKind	resolvedCalleeHash	isModuleLevelCall	isConditional	startLine	startColumn	endLine	serviceVersionLinkHash	pyCallSiteUniqueHash
METHOD_CALL	record	ledger.record	ledger	NAME	PY_EXPRESSION_288d21e0f5e0c0f0ab8dcf5f62e3ccfd	PY_EXPRESSION_84243f4b8f320ac2b486ee5b66397c3c	PY_SCOPE_02c2985b07ab08118fb930bf98e71011	PY_METHOD_af1040c2eac14cc23c3bad2178f5641c		PY_MODULE_eaac5d3d87793210a2655db9a761dce0	1	0	false	false		true	UNRESOLVED		false	false	15	4	15	SERVICE_VERSION_00000000000000000000000000000000	PY_CALL_SITE_4e7b4870c766010566528276b07a3caf
SIMPLE_CALL	concrete_target	concrete_target		NONE	PY_EXPRESSION_198ac9aa4bbc50607332431f65fa2bae		PY_SCOPE_8c413c55391c42fd7072a54b1a207ac6	PY_METHOD_12613e51da2b1c6140bd0d2d97a83705		PY_MODULE_eaac5d3d87793210a2655db9a761dce0	0	0	true	false		false	MODULE_FUNCTION	PY_METHOD_af1040c2eac14cc23c3bad2178f5641c	false	false	22	11	22	SERVICE_VERSION_00000000000000000000000000000000	PY_CALL_SITE_3b938f07735b1ac11796688823e60314
SIMPLE_CALL	concrete_target	concrete_target		NONE	PY_EXPRESSION_e42398ee545ac31811b810ae584c36a5		PY_SCOPE_c57d79792f3f64aef620c792a2081c79	PY_METHOD_cea36a77e9c18f57b6d17929bc1bc873		PY_MODULE_eaac5d3d87793210a2655db9a761dce0	0	0	false	true		false	MODULE_FUNCTION	PY_METHOD_af1040c2eac14cc23c3bad2178f5641c	false	false	26	11	26	SERVICE_VERSION_00000000000000000000000000000000	PY_CALL_SITE_12127e78b2167f43fde1e3375594748b
SIMPLE_CALL	concrete_target	concrete_target		NONE	PY_EXPRESSION_749be48b860d785145bc023b0278265f		PY_SCOPE_e078751b18a4ea82e25e0c3ff5bbd956	PY_METHOD_b3c80121fe8c4631c0606909c9ae24f2		PY_MODULE_eaac5d3d87793210a2655db9a761dce0	0	0	true	true		false	MODULE_FUNCTION	PY_METHOD_af1040c2eac14cc23c3bad2178f5641c	false	false	31	11	31	SERVICE_VERSION_00000000000000000000000000000000	PY_CALL_SITE_7e515e609c2260e30103b4664d50f191
SIMPLE_CALL	concrete_target	concrete_target		NONE	PY_EXPRESSION_f9acb76766ba9470c4dc5bda284b40d2		PY_SCOPE_b890af9d763c39ffb1fe4c3c4b0663a3	PY_METHOD_5f51b71454110ce2111c8c1a81fe45dd		PY_MODULE_eaac5d3d87793210a2655db9a761dce0	1	0	true	false		false	MODULE_FUNCTION	PY_METHOD_af1040c2eac14cc23c3bad2178f5641c	false	false	36	11	36	SERVICE_VERSION_00000000000000000000000000000000	PY_CALL_SITE_75dca06b4bb02b32eb6d3bb6473b959c
SIMPLE_CALL	concrete_target	concrete_target		NONE	PY_EXPRESSION_51ed47a48f1d6bb747c7f2e11127339a		PY_SCOPE_ef4a0e06203a25e248c1ca092278922d	PY_METHOD_72710bdb71caade98c6dd701237ccecb		PY_MODULE_eaac5d3d87793210a2655db9a761dce0	0	0	true	false		false	MODULE_FUNCTION	PY_METHOD_af1040c2eac14cc23c3bad2178f5641c	false	false	41	11	41	SERVICE_VERSION_00000000000000000000000000000000	PY_CALL_SITE_82745edc9becfccae429d38df57a42a8
SIMPLE_CALL	sum	sum		NONE	PY_EXPRESSION_0aea7cf955ab74746842eddd73c260ad		PY_SCOPE_dff3b66c7c4eb0398c3e9b7ed98ffd43	PY_METHOD_4292c7c567ee3086f3a46288e25e1379		PY_MODULE_eaac5d3d87793210a2655db9a761dce0	0	0	true	false		false	BUILTIN		false	false	45	11	45	SERVICE_VERSION_00000000000000000000000000000000	PY_CALL_SITE_0067488f3400e33f05f9cd47d444f6a5
METHOD_CALL	balance	a.balance	a	NAME	PY_EXPRESSION_cb9af0e8499180e449622429cce4b267	PY_EXPRESSION_eda91d35b7095cea85bcac4850c1ffe8	PY_SCOPE_904d54b879e471850873963b63e698f5	PY_METHOD_4292c7c567ee3086f3a46288e25e1379		PY_MODULE_eaac5d3d87793210a2655db9a761dce0	0	0	false	false		true	UNRESOLVED		false	false	45	17	45	SERVICE_VERSION_00000000000000000000000000000000	PY_CALL_SITE_f1baaacd5ed3afa7ed33a0dff7fac83a
SIMPLE_CALL	full_passthrough	full_passthrough		NONE	PY_EXPRESSION_6ebb59c81505db47d96d4cad9e427c8a		PY_SCOPE_40b5ef0ae36bba20e33919e0417d7306	PY_METHOD_8a98e879e2c694eb9197bff6e20af1b0		PY_MODULE_eaac5d3d87793210a2655db9a761dce0	2	1	false	false	note	true	MODULE_FUNCTION	PY_METHOD_b3c80121fe8c4631c0606909c9ae24f2	false	false	49	4	49	SERVICE_VERSION_00000000000000000000000000000000	PY_CALL_SITE_9e1a65c087e0f518f20958b9135e81c4
SIMPLE_CALL	Account	Account		NONE	PY_EXPRESSION_c29c1d48bf235937b0051ae017602170		PY_SCOPE_40b5ef0ae36bba20e33919e0417d7306	PY_METHOD_8a98e879e2c694eb9197bff6e20af1b0		PY_MODULE_eaac5d3d87793210a2655db9a761dce0	1	0	false	false		true	TYPE	PY_TYPE_160aee5ca584e3817b8783b4e148e2a8	false	false	49	21	49	SERVICE_VERSION_00000000000000000000000000000000	PY_CALL_SITE_bf395a3dd5ee745639b48635d68f2555
SIMPLE_CALL	Ledger	Ledger		NONE	PY_EXPRESSION_9b92740803102b711576306398d2d041		PY_SCOPE_40b5ef0ae36bba20e33919e0417d7306	PY_METHOD_8a98e879e2c694eb9197bff6e20af1b0		PY_MODULE_eaac5d3d87793210a2655db9a761dce0	0	0	false	false		true	TYPE	PY_TYPE_65c006b7dc1da8d5b431a90353733207	false	false	49	37	49	SERVICE_VERSION_00000000000000000000000000000000	PY_CALL_SITE_1a3f42014237f9b95a51a8356fe0ccf4
SIMPLE_CALL	star_only_passthrough	star_only_passthrough		NONE	PY_EXPRESSION_77daccac828ec395cbeb26ee58619126		PY_SCOPE_40b5ef0ae36bba20e33919e0417d7306	PY_METHOD_8a98e879e2c694eb9197bff6e20af1b0		PY_MODULE_eaac5d3d87793210a2655db9a761dce0	2	0	false	false		true	MODULE_FUNCTION	PY_METHOD_12613e51da2b1c6140bd0d2d97a83705	false	false	50	4	50	SERVICE_VERSION_00000000000000000000000000000000	PY_CALL_SITE_334ee44637a87c9767b8d003409bae67
SIMPLE_CALL	Account	Account		NONE	PY_EXPRESSION_93979c66479adc50797164bb4138dcac		PY_SCOPE_40b5ef0ae36bba20e33919e0417d7306	PY_METHOD_8a98e879e2c694eb9197bff6e20af1b0		PY_MODULE_eaac5d3d87793210a2655db9a761dce0	1	0	false	false		true	TYPE	PY_TYPE_160aee5ca584e3817b8783b4e148e2a8	false	false	50	26	50	SERVICE_VERSION_00000000000000000000000000000000	PY_CALL_SITE_53ffaa564cee88c997638c68f65048c7
SIMPLE_CALL	Ledger	Ledger		NONE	PY_EXPRESSION_34d0dce8e76ce5e1f0d9de99aa8f5c69		PY_SCOPE_40b5ef0ae36bba20e33919e0417d7306	PY_METHOD_8a98e879e2c694eb9197bff6e20af1b0		PY_MODULE_eaac5d3d87793210a2655db9a761dce0	0	0	false	false		true	TYPE	PY_TYPE_65c006b7dc1da8d5b431a90353733207	false	false	50	42	50	SERVICE_VERSION_00000000000000000000000000000000	PY_CALL_SITE_108248e090b4d100e92e799e38e12f4a
SIMPLE_CALL	kwargs_only_passthrough	kwargs_only_passthrough		NONE	PY_EXPRESSION_89cde70061e8a00e4215d45f05085c4b		PY_SCOPE_40b5ef0ae36bba20e33919e0417d7306	PY_METHOD_8a98e879e2c694eb9197bff6e20af1b0		PY_MODULE_eaac5d3d87793210a2655db9a761dce0	0	2	false	false	account,ledger	true	MODULE_FUNCTION	PY_METHOD_cea36a77e9c18f57b6d17929bc1bc873	false	false	51	4	51	SERVICE_VERSION_00000000000000000000000000000000	PY_CALL_SITE_c6dfee6acfa595eef4cadd36c19a9f8b
SIMPLE_CALL	Account	Account		NONE	PY_EXPRESSION_3f61b736e3616803af105cadb17586b0		PY_SCOPE_40b5ef0ae36bba20e33919e0417d7306	PY_METHOD_8a98e879e2c694eb9197bff6e20af1b0		PY_MODULE_eaac5d3d87793210a2655db9a761dce0	1	0	false	false		true	TYPE	PY_TYPE_160aee5ca584e3817b8783b4e148e2a8	false	false	51	36	51	SERVICE_VERSION_00000000000000000000000000000000	PY_CALL_SITE_aa8e8649c6e6fccc49a04b4b4c2a0522
SIMPLE_CALL	Ledger	Ledger		NONE	PY_EXPRESSION_b65b3efff69526a3a738f80455f87a36		PY_SCOPE_40b5ef0ae36bba20e33919e0417d7306	PY_METHOD_8a98e879e2c694eb9197bff6e20af1b0		PY_MODULE_eaac5d3d87793210a2655db9a761dce0	0	0	false	false		true	TYPE	PY_TYPE_65c006b7dc1da8d5b431a90353733207	false	false	51	59	51	SERVICE_VERSION_00000000000000000000000000000000	PY_CALL_SITE_e1a2ce6dc33b533c9539ff82d48ec07e
SIMPLE_CALL	partial_splat	partial_splat		NONE	PY_EXPRESSION_70369bd51384f8fc0883a08f5a63e698		PY_SCOPE_40b5ef0ae36bba20e33919e0417d7306	PY_METHOD_8a98e879e2c694eb9197bff6e20af1b0		PY_MODULE_eaac5d3d87793210a2655db9a761dce0	2	0	false	false		true	MODULE_FUNCTION	PY_METHOD_5f51b71454110ce2111c8c1a81fe45dd	false	false	52	4	52	SERVICE_VERSION_00000000000000000000000000000000	PY_CALL_SITE_a7ac0b627aae6dca5ca4c23ac99a1cff
SIMPLE_CALL	Account	Account		NONE	PY_EXPRESSION_591b86d3eaa8db302e035576d2960241		PY_SCOPE_40b5ef0ae36bba20e33919e0417d7306	PY_METHOD_8a98e879e2c694eb9197bff6e20af1b0		PY_MODULE_eaac5d3d87793210a2655db9a761dce0	1	0	false	false		true	TYPE	PY_TYPE_160aee5ca584e3817b8783b4e148e2a8	false	false	52	18	52	SERVICE_VERSION_00000000000000000000000000000000	PY_CALL_SITE_c17b64e33de358ab187bd05e5e6623c4
SIMPLE_CALL	Ledger	Ledger		NONE	PY_EXPRESSION_b195b578b54e74afa67f0e781a9cec4a		PY_SCOPE_40b5ef0ae36bba20e33919e0417d7306	PY_METHOD_8a98e879e2c694eb9197bff6e20af1b0		PY_MODULE_eaac5d3d87793210a2655db9a761dce0	0	0	false	false		true	TYPE	PY_TYPE_65c006b7dc1da8d5b431a90353733207	false	false	52	34	52	SERVICE_VERSION_00000000000000000000000000000000	PY_CALL_SITE_8b9334f8df628fe9bd0d45857ca15849
SIMPLE_CALL	splat_a_literal_tuple	splat_a_literal_tuple		NONE	PY_EXPRESSION_daa5dfe0836c4c32865723d86bbf65f9		PY_SCOPE_40b5ef0ae36bba20e33919e0417d7306	PY_METHOD_8a98e879e2c694eb9197bff6e20af1b0		PY_MODULE_eaac5d3d87793210a2655db9a761dce0	2	0	false	false		true	MODULE_FUNCTION	PY_METHOD_72710bdb71caade98c6dd701237ccecb	false	false	53	4	53	SERVICE_VERSION_00000000000000000000000000000000	PY_CALL_SITE_dc5a572977add3b7c66b42d222091230
SIMPLE_CALL	Account	Account		NONE	PY_EXPRESSION_9ad425bca8f9a630d8514d1a06f1561c		PY_SCOPE_40b5ef0ae36bba20e33919e0417d7306	PY_METHOD_8a98e879e2c694eb9197bff6e20af1b0		PY_MODULE_eaac5d3d87793210a2655db9a761dce0	1	0	false	false		true	TYPE	PY_TYPE_160aee5ca584e3817b8783b4e148e2a8	false	false	53	26	53	SERVICE_VERSION_00000000000000000000000000000000	PY_CALL_SITE_17bc62c6891cd79d1bae8c2cb1e00623
SIMPLE_CALL	Ledger	Ledger		NONE	PY_EXPRESSION_615da98c3ee371aadab4f7c0a3cfc35e		PY_SCOPE_40b5ef0ae36bba20e33919e0417d7306	PY_METHOD_8a98e879e2c694eb9197bff6e20af1b0		PY_MODULE_eaac5d3d87793210a2655db9a761dce0	0	0	false	false		true	TYPE	PY_TYPE_65c006b7dc1da8d5b431a90353733207	false	false	53	42	53	SERVICE_VERSION_00000000000000000000000000000000	PY_CALL_SITE_0f637453bd090bce72732461cfda50e9
METHOD_CALL	balance	account.balance	account	NAME	PY_EXPRESSION_374b35bc328537d5fb2c00686d13ee60	PY_EXPRESSION_3b636ef3b0db2c1eaf49229b36e39f6d	PY_SCOPE_8729c1fca6554e2e493652c72575d345	PY_METHOD_ca6935fcd43cbae787fac2db38395296		PY_MODULE_3e2577d507dabc3d49a0e7ec37344e51	0	0	false	false		true	UNRESOLVED		false	false	18	11	18	SERVICE_VERSION_00000000000000000000000000000000	PY_CALL_SITE_a734415d9ce9d93837d8d767ac8c5c4c
METHOD_CALL	balance	first.balance	first	NAME	PY_EXPRESSION_7534319922bd52d75c106fc477cdc51f	PY_EXPRESSION_737310e1ff29e71e498fcdfa89ae41bd	PY_SCOPE_99b54f980d4037f803d268585046bede	PY_METHOD_cb61ece167391d5e74b4da58d3005662		PY_MODULE_3e2577d507dabc3d49a0e7ec37344e51	0	0	false	false		true	UNRESOLVED		false	false	22	11	22	SERVICE_VERSION_00000000000000000000000000000000	PY_CALL_SITE_1253f3685e5f60dcbf01f5e859629825
METHOD_CALL	balance	second.balance	second	NAME	PY_EXPRESSION_79abdfb888c6db3c9f1fcb5628922495	PY_EXPRESSION_ad7a377fba58695170b242a2b18a1a1e	PY_SCOPE_99b54f980d4037f803d268585046bede	PY_METHOD_cb61ece167391d5e74b4da58d3005662		PY_MODULE_3e2577d507dabc3d49a0e7ec37344e51	0	0	false	false		true	UNRESOLVED		false	false	22	29	22	SERVICE_VERSION_00000000000000000000000000000000	PY_CALL_SITE_383c1b029034492be1d8fccbed3bf1f5
METHOD_CALL	record	ledger.record	ledger	NAME	PY_EXPRESSION_3c3f0206f1a12bdbcb72453a9048be5b	PY_EXPRESSION_27f95fe12201e8528cedfb82f0d86721	PY_SCOPE_3fd4edc853f7d7311c46d3e002b28435	PY_METHOD_178f8ff53cb58e7c628d01c887a6eaf7		PY_MODULE_3e2577d507dabc3d49a0e7ec37344e51	1	0	false	false		true	UNRESOLVED		false	false	28	4	28	SERVICE_VERSION_00000000000000000000000000000000	PY_CALL_SITE_d9c5aec540dfd94376a094f9eab4576a
METHOD_CALL	total	ledger.total	ledger	NAME	PY_EXPRESSION_5e870ccf489f175d00baaad3511b75b9	PY_EXPRESSION_559bc0de43376b1cbd24d45e5d023227	PY_SCOPE_3fd4edc853f7d7311c46d3e002b28435	PY_METHOD_178f8ff53cb58e7c628d01c887a6eaf7		PY_MODULE_3e2577d507dabc3d49a0e7ec37344e51	0	0	false	false		true	UNRESOLVED		false	false	29	11	29	SERVICE_VERSION_00000000000000000000000000000000	PY_CALL_SITE_cf4eec0e25dc420388440e1638dbbdb1
METHOD_CALL	balance	account.balance	account	NAME	PY_EXPRESSION_ca1e1ab50fe383079e6e24739873ce2e	PY_EXPRESSION_22bfae69246c6b286dc9d755ea15b171	PY_SCOPE_bd278df1ff2e2b59f68598dd57c8acc5	PY_METHOD_8d89db55b3284af038c85942f3e43c94		PY_MODULE_3e2577d507dabc3d49a0e7ec37344e51	0	0	false	false		true	UNRESOLVED		false	false	33	11	33	SERVICE_VERSION_00000000000000000000000000000000	PY_CALL_SITE_0a4a2be8a1936944bc52434ee0dff9bf
METHOD_CALL	record	ledger.record	ledger	NAME	PY_EXPRESSION_7dc8ef922707f136e9b3098ed329120b	PY_EXPRESSION_9ec7822d3b79aa727e2085bf28dff32a	PY_SCOPE_9d57cb89c3e433b9416edaee3d3cb8d8	PY_METHOD_b4d83dae449aacdb8b41d27cdda8ccc1		PY_MODULE_3e2577d507dabc3d49a0e7ec37344e51	1	0	false	false		true	UNRESOLVED		false	false	37	4	37	SERVICE_VERSION_00000000000000000000000000000000	PY_CALL_SITE_60645b9359a9af67a7aa80cea5183ecc
SIMPLE_CALL	Account	Account		NONE	PY_EXPRESSION_46be41492d4c6ee32349536dcd1a18be		PY_SCOPE_07ca87bfb810f2882cb2e17ecee65015	PY_METHOD_42739288421947271384edbcb3fa974d		PY_MODULE_3e2577d507dabc3d49a0e7ec37344e51	1	0	false	false		true	TYPE	PY_TYPE_160aee5ca584e3817b8783b4e148e2a8	false	false	44	11	44	SERVICE_VERSION_00000000000000000000000000000000	PY_CALL_SITE_052ef64416ca386852aaf41e2df75f9e
SIMPLE_CALL	positional_callee	positional_callee		NONE	PY_EXPRESSION_2a7c8e43aa1fc36d7f40d2ba0fbf2295		PY_SCOPE_07ca87bfb810f2882cb2e17ecee65015	PY_METHOD_42739288421947271384edbcb3fa974d		PY_MODULE_3e2577d507dabc3d49a0e7ec37344e51	1	0	false	false		true	MODULE_FUNCTION	PY_METHOD_ca6935fcd43cbae787fac2db38395296	false	false	45	11	45	SERVICE_VERSION_00000000000000000000000000000000	PY_CALL_SITE_5b0030894921b9b189e333cf19001e78
SIMPLE_CALL	two_positional_callee	two_positional_callee		NONE	PY_EXPRESSION_3dfed0312483adebd0ea00ddabd74dff		PY_SCOPE_eafae0c6435977b0ddab86bdaf3b8f5c	PY_METHOD_71702c732583c18df5dc408715b0f7ed		PY_MODULE_3e2577d507dabc3d49a0e7ec37344e51	2	0	false	false		true	MODULE_FUNCTION	PY_METHOD_cb61ece167391d5e74b4da58d3005662	false	false	49	11	49	SERVICE_VERSION_00000000000000000000000000000000	PY_CALL_SITE_0a1de0dcbc8d06ce458b6f224880f932
SIMPLE_CALL	Account	Account		NONE	PY_EXPRESSION_e2947c577b06eb65d3d18a71ca42291d		PY_SCOPE_eafae0c6435977b0ddab86bdaf3b8f5c	PY_METHOD_71702c732583c18df5dc408715b0f7ed		PY_MODULE_3e2577d507dabc3d49a0e7ec37344e51	1	0	false	false		true	TYPE	PY_TYPE_160aee5ca584e3817b8783b4e148e2a8	false	false	49	33	49	SERVICE_VERSION_00000000000000000000000000000000	PY_CALL_SITE_22739ea808778b17cde807eadedde7a1
SIMPLE_CALL	Account	Account		NONE	PY_EXPRESSION_d4ea3373c18e09ca25cefffd7e3b176a		PY_SCOPE_eafae0c6435977b0ddab86bdaf3b8f5c	PY_METHOD_71702c732583c18df5dc408715b0f7ed		PY_MODULE_3e2577d507dabc3d49a0e7ec37344e51	1	0	false	false		true	TYPE	PY_TYPE_160aee5ca584e3817b8783b4e148e2a8	false	false	49	51	49	SERVICE_VERSION_00000000000000000000000000000000	PY_CALL_SITE_1a2cd0ede0b533e9203166a7ef6adae8
SIMPLE_CALL	keyword_callee	keyword_callee		NONE	PY_EXPRESSION_1863031c626c47ad8dfe6b716d3758e1		PY_SCOPE_63dc1b776a2870c2f2f59102881c63b8	PY_METHOD_20c57f04952574f9d9a67a3e569643c5		PY_MODULE_3e2577d507dabc3d49a0e7ec37344e51	0	2	false	false	ledger,account	true	MODULE_FUNCTION	PY_METHOD_178f8ff53cb58e7c628d01c887a6eaf7	false	false	54	11	54	SERVICE_VERSION_00000000000000000000000000000000	PY_CALL_SITE_5fbd30e0bf7fce317212122940c141bf
SIMPLE_CALL	Ledger	Ledger		NONE	PY_EXPRESSION_1d49fbd166945ff8fadbdc1d72cc0054		PY_SCOPE_63dc1b776a2870c2f2f59102881c63b8	PY_METHOD_20c57f04952574f9d9a67a3e569643c5		PY_MODULE_3e2577d507dabc3d49a0e7ec37344e51	0	0	false	false		true	TYPE	PY_TYPE_65c006b7dc1da8d5b431a90353733207	false	false	54	33	54	SERVICE_VERSION_00000000000000000000000000000000	PY_CALL_SITE_5dd6a74c0f9527c0b8a68d12c8f609a3
SIMPLE_CALL	Account	Account		NONE	PY_EXPRESSION_d64e0227dc633b4fb32ad8ed01f2bf88		PY_SCOPE_63dc1b776a2870c2f2f59102881c63b8	PY_METHOD_20c57f04952574f9d9a67a3e569643c5		PY_MODULE_3e2577d507dabc3d49a0e7ec37344e51	1	0	false	false		true	TYPE	PY_TYPE_160aee5ca584e3817b8783b4e148e2a8	false	false	54	51	54	SERVICE_VERSION_00000000000000000000000000000000	PY_CALL_SITE_db860f1dd8999106cbf13db10654e652
SIMPLE_CALL	defaulted_callee	defaulted_callee		NONE	PY_EXPRESSION_494067367d64d16bcef18c1fffbf1b17		PY_SCOPE_36b6e3987719a70d1c90581bd4aecc36	PY_METHOD_8eec383296a40dcb8ea6797a31fbb57b		PY_MODULE_3e2577d507dabc3d49a0e7ec37344e51	1	1	false	false	factor	true	MODULE_FUNCTION	PY_METHOD_8d89db55b3284af038c85942f3e43c94	false	false	58	11	58	SERVICE_VERSION_00000000000000000000000000000000	PY_CALL_SITE_a7d93c71697a88c9bc8db2497361e7aa
SIMPLE_CALL	Account	Account		NONE	PY_EXPRESSION_ae66cac4316322475e4e580c9ddcf122		PY_SCOPE_36b6e3987719a70d1c90581bd4aecc36	PY_METHOD_8eec383296a40dcb8ea6797a31fbb57b		PY_MODULE_3e2577d507dabc3d49a0e7ec37344e51	1	0	false	false		true	TYPE	PY_TYPE_160aee5ca584e3817b8783b4e148e2a8	false	false	58	28	58	SERVICE_VERSION_00000000000000000000000000000000	PY_CALL_SITE_1a766d0b077615a39d3514660ca85fae
SIMPLE_CALL	defaulted_callee	defaulted_callee		NONE	PY_EXPRESSION_6dbb2e64ee7b39ee57dcc4a5e9423e4c		PY_SCOPE_9ef620cac4a0189368182fb784b527aa	PY_METHOD_d4da59784aac77758abf9291ba51bc8f		PY_MODULE_3e2577d507dabc3d49a0e7ec37344e51	1	0	false	false		true	MODULE_FUNCTION	PY_METHOD_8d89db55b3284af038c85942f3e43c94	false	false	62	11	62	SERVICE_VERSION_00000000000000000000000000000000	PY_CALL_SITE_a87cd599722e4bd8a085413c8f42a700
SIMPLE_CALL	Account	Account		NONE	PY_EXPRESSION_7b2d115cec53619322410b0265a395c5		PY_SCOPE_9ef620cac4a0189368182fb784b527aa	PY_METHOD_d4da59784aac77758abf9291ba51bc8f		PY_MODULE_3e2577d507dabc3d49a0e7ec37344e51	1	0	false	false		true	TYPE	PY_TYPE_160aee5ca584e3817b8783b4e148e2a8	false	false	62	28	62	SERVICE_VERSION_00000000000000000000000000000000	PY_CALL_SITE_54b613c081622aed24f8db79011cb06e
SIMPLE_CALL	mixed_callee	mixed_callee		NONE	PY_EXPRESSION_6b061a04ead5fbda3eb08d715b477f0a		PY_SCOPE_846deec199f9eb2cb84d6af8cca610e7	PY_METHOD_470dd26756c38ac01b89a762f53e9eda		PY_MODULE_3e2577d507dabc3d49a0e7ec37344e51	2	1	false	false	note	true	MODULE_FUNCTION	PY_METHOD_b4d83dae449aacdb8b41d27cdda8ccc1	false	false	67	11	67	SERVICE_VERSION_00000000000000000000000000000000	PY_CALL_SITE_37fc66885aacc79be0e3561356e295a4
SIMPLE_CALL	Ledger	Ledger		NONE	PY_EXPRESSION_35ce475e9358a84e4faace697cd9aae8		PY_SCOPE_846deec199f9eb2cb84d6af8cca610e7	PY_METHOD_470dd26756c38ac01b89a762f53e9eda		PY_MODULE_3e2577d507dabc3d49a0e7ec37344e51	0	0	false	false		true	TYPE	PY_TYPE_65c006b7dc1da8d5b431a90353733207	false	false	67	24	67	SERVICE_VERSION_00000000000000000000000000000000	PY_CALL_SITE_e6ca5343c2ae4a6bea68f1dc79cb513a
SIMPLE_CALL	Account	Account		NONE	PY_EXPRESSION_f54e006e863b0008b6aebe96be2c0a9a		PY_SCOPE_846deec199f9eb2cb84d6af8cca610e7	PY_METHOD_470dd26756c38ac01b89a762f53e9eda		PY_MODULE_3e2577d507dabc3d49a0e7ec37344e51	1	0	false	false		true	TYPE	PY_TYPE_160aee5ca584e3817b8783b4e148e2a8	false	false	67	34	67	SERVICE_VERSION_00000000000000000000000000000000	PY_CALL_SITE_6632707f716534a4f2d56644489ca36c
SIMPLE_CALL	forwarding_callee	forwarding_callee		NONE	PY_EXPRESSION_08d50647a33ff84b6e0c53c3fbb17949		PY_SCOPE_94ec286f86a48dbae31645f3ef2eee50	PY_METHOD_41832f3a5fc01b56099728479bad830e		PY_MODULE_3e2577d507dabc3d49a0e7ec37344e51	1	0	false	false		true	MODULE_FUNCTION	PY_METHOD_c05257965c5034a366444a47f8fab716	false	false	73	11	73	SERVICE_VERSION_00000000000000000000000000000000	PY_CALL_SITE_4242edf659d7b8b52503cc0f1ee17069
SIMPLE_CALL	Account	Account		NONE	PY_EXPRESSION_25474e3fe1938ef3b6f1c814f1ad69db		PY_SCOPE_94ec286f86a48dbae31645f3ef2eee50	PY_METHOD_41832f3a5fc01b56099728479bad830e		PY_MODULE_3e2577d507dabc3d49a0e7ec37344e51	1	0	false	false		true	TYPE	PY_TYPE_160aee5ca584e3817b8783b4e148e2a8	false	false	73	29	73	SERVICE_VERSION_00000000000000000000000000000000	PY_CALL_SITE_16da1ff9f3a59f02244335fe13a2a2dd
SIMPLE_CALL	positional_callee	positional_callee		NONE	PY_EXPRESSION_aee637f9389f65ef0c31138d4d03f512		PY_SCOPE_ac0c15fd627a8c07b1ed2290b8f14706	PY_METHOD_c05257965c5034a366444a47f8fab716		PY_MODULE_3e2577d507dabc3d49a0e7ec37344e51	1	0	false	false		true	MODULE_FUNCTION	PY_METHOD_ca6935fcd43cbae787fac2db38395296	false	false	78	11	78	SERVICE_VERSION_00000000000000000000000000000000	PY_CALL_SITE_54da0f3b2749bdbe03dfc26f056f6476
SIMPLE_CALL	positional_callee	positional_callee		NONE	PY_EXPRESSION_42ecc710b6d8b5d90dc4cc5457ad0d5f		PY_SCOPE_82525f83711515fbbd77c67bbdb1527f	PY_METHOD_db7e5debe1cd9fb866ea2184bf83ba3f		PY_MODULE_3e2577d507dabc3d49a0e7ec37344e51	1	0	false	false		true	MODULE_FUNCTION	PY_METHOD_ca6935fcd43cbae787fac2db38395296	false	false	84	4	84	SERVICE_VERSION_00000000000000000000000000000000	PY_CALL_SITE_ad176723f39850e1b0c463af107433f2
SIMPLE_CALL	Account	Account		NONE	PY_EXPRESSION_55432b55b83d256c7c54c1184e930034		PY_SCOPE_82525f83711515fbbd77c67bbdb1527f	PY_METHOD_db7e5debe1cd9fb866ea2184bf83ba3f		PY_MODULE_3e2577d507dabc3d49a0e7ec37344e51	1	0	false	false		true	TYPE	PY_TYPE_160aee5ca584e3817b8783b4e148e2a8	false	false	84	22	84	SERVICE_VERSION_00000000000000000000000000000000	PY_CALL_SITE_6f38f8b471f10bd678356bb9d6eb90bd
SIMPLE_CALL	positional_callee	positional_callee		NONE	PY_EXPRESSION_65c5b2fe3802dece696b43b110e3d080		PY_SCOPE_82525f83711515fbbd77c67bbdb1527f	PY_METHOD_db7e5debe1cd9fb866ea2184bf83ba3f		PY_MODULE_3e2577d507dabc3d49a0e7ec37344e51	1	0	false	false		true	MODULE_FUNCTION	PY_METHOD_ca6935fcd43cbae787fac2db38395296	false	false	85	4	85	SERVICE_VERSION_00000000000000000000000000000000	PY_CALL_SITE_0a5c9824649cf5d4809dfe600d64bc0f
SIMPLE_CALL	Ledger	Ledger		NONE	PY_EXPRESSION_4e1331688b899b5379e98eabbe74e56b		PY_SCOPE_09fc4ebb4c180ea7c3aaa0ec4e5b0ff4	PY_METHOD_045a8d3c36f9f34f18cb9bc6010d2ff1		PY_MODULE_46145c2a5de067cf211000725bcdb8de	0	0	false	false		true	TYPE	PY_TYPE_65c006b7dc1da8d5b431a90353733207	true	false	12	17	12	SERVICE_VERSION_00000000000000000000000000000000	PY_CALL_SITE_cf1bf4a8868bce72247b59ad6cf6d5e8
METHOD_CALL	record	DEFAULT_LEDGER.record	DEFAULT_LEDGER	NAME	PY_EXPRESSION_2a25e0bf591e2ea2166596dbe7daccad	PY_EXPRESSION_81abef967c3af25b4dbd4af3434bf6fd	PY_SCOPE_09fc4ebb4c180ea7c3aaa0ec4e5b0ff4	PY_METHOD_045a8d3c36f9f34f18cb9bc6010d2ff1		PY_MODULE_46145c2a5de067cf211000725bcdb8de	1	0	false	false		true	METHOD	PY_METHOD_943114e5f7e3a86f5971328f318a5e0d	true	false	13	0	13	SERVICE_VERSION_00000000000000000000000000000000	PY_CALL_SITE_d7bbf468e3023635defef7e40d94b698
SIMPLE_CALL	Account	Account		NONE	PY_EXPRESSION_d1ffffde8dcfb46ef5fc345f5870626c		PY_SCOPE_09fc4ebb4c180ea7c3aaa0ec4e5b0ff4	PY_METHOD_045a8d3c36f9f34f18cb9bc6010d2ff1		PY_MODULE_46145c2a5de067cf211000725bcdb8de	1	0	false	false		true	TYPE	PY_TYPE_160aee5ca584e3817b8783b4e148e2a8	true	false	13	22	13	SERVICE_VERSION_00000000000000000000000000000000	PY_CALL_SITE_9e800487f0d1f03f7780e59d06a10398
METHOD_CALL	total	DEFAULT_LEDGER.total	DEFAULT_LEDGER	NAME	PY_EXPRESSION_b04567ff4ff910f6b2c187637e3b8e2d	PY_EXPRESSION_4d22138e6c86cf0cb839b467c7b9cfbc	PY_SCOPE_09fc4ebb4c180ea7c3aaa0ec4e5b0ff4	PY_METHOD_045a8d3c36f9f34f18cb9bc6010d2ff1		PY_MODULE_46145c2a5de067cf211000725bcdb8de	0	0	false	false		true	METHOD	PY_METHOD_8028747b9b8ea746a7c3fa92b556c409	true	false	15	3	15	SERVICE_VERSION_00000000000000000000000000000000	PY_CALL_SITE_c47e52262958f0a89bef9ec62ceb24a6
SIMPLE_CALL	Account	Account		NONE	PY_EXPRESSION_ccd677bc66810763ae86f12b13515c22		PY_SCOPE_09fc4ebb4c180ea7c3aaa0ec4e5b0ff4	PY_METHOD_045a8d3c36f9f34f18cb9bc6010d2ff1		PY_MODULE_46145c2a5de067cf211000725bcdb8de	1	0	false	false		true	TYPE	PY_TYPE_160aee5ca584e3817b8783b4e148e2a8	true	true	17	14	17	SERVICE_VERSION_00000000000000000000000000000000	PY_CALL_SITE_c77f0f3c76588f1981add1d4e51500c2
METHOD_CALL	record	DEFAULT_LEDGER.record	DEFAULT_LEDGER	NAME	PY_EXPRESSION_594112cd8b296c7ec7a6ec66631f300b	PY_EXPRESSION_f0061e197b1987235f51704625eb3c11	PY_SCOPE_09fc4ebb4c180ea7c3aaa0ec4e5b0ff4	PY_METHOD_045a8d3c36f9f34f18cb9bc6010d2ff1		PY_MODULE_46145c2a5de067cf211000725bcdb8de	1	0	false	false		true	METHOD	PY_METHOD_943114e5f7e3a86f5971328f318a5e0d	true	true	18	4	18	SERVICE_VERSION_00000000000000000000000000000000	PY_CALL_SITE_72bda2f02cb252b98745920b6ce35f4a
METHOD_CALL	record	DEFAULT_LEDGER.record	DEFAULT_LEDGER	NAME	PY_EXPRESSION_be1c4c21b8045edd0c5db39cf3bf4a05	PY_EXPRESSION_6fd38da227784911193598c4bf96f86e	PY_SCOPE_09fc4ebb4c180ea7c3aaa0ec4e5b0ff4	PY_METHOD_045a8d3c36f9f34f18cb9bc6010d2ff1		PY_MODULE_46145c2a5de067cf211000725bcdb8de	1	0	false	false		true	METHOD	PY_METHOD_943114e5f7e3a86f5971328f318a5e0d	true	true	23	4	23	SERVICE_VERSION_00000000000000000000000000000000	PY_CALL_SITE_b6a394cfa4225343e6ae09a5721ef1ac
SIMPLE_CALL	Account	Account		NONE	PY_EXPRESSION_1a9deec97d8100c94093469a19ff8fd8		PY_SCOPE_09fc4ebb4c180ea7c3aaa0ec4e5b0ff4	PY_METHOD_045a8d3c36f9f34f18cb9bc6010d2ff1		PY_MODULE_46145c2a5de067cf211000725bcdb8de	1	0	false	false		true	TYPE	PY_TYPE_160aee5ca584e3817b8783b4e148e2a8	true	true	23	26	23	SERVICE_VERSION_00000000000000000000000000000000	PY_CALL_SITE_e764a85ceadb7a55a6a85eec011f5997
METHOD_CALL	deposit	account.deposit	account	NAME	PY_EXPRESSION_a172afd8eb663b597d1e2ae1a8e7e16e	PY_EXPRESSION_31351a6d0f35c08d2bc969fb5de09f2e	PY_SCOPE_c56fdb26b061687029d0b731a00504a0	PY_METHOD_c08c95c91dab5d42862362a14f225fba		PY_MODULE_46145c2a5de067cf211000725bcdb8de	1	0	false	false		true	UNRESOLVED		false	true	33	8	33	SERVICE_VERSION_00000000000000000000000000000000	PY_CALL_SITE_ee4c72ee9a92a25a45e6ac92bca4b681
METHOD_CALL	withdraw	account.withdraw	account	NAME	PY_EXPRESSION_9c93a2998a50cecff84ce2a23dec4434	PY_EXPRESSION_08e8a72612e7919441bc2c387e77eb36	PY_SCOPE_c56fdb26b061687029d0b731a00504a0	PY_METHOD_c08c95c91dab5d42862362a14f225fba		PY_MODULE_46145c2a5de067cf211000725bcdb8de	1	0	false	false		true	UNRESOLVED		false	true	35	8	35	SERVICE_VERSION_00000000000000000000000000000000	PY_CALL_SITE_cb06d5d1126cf7234612a00d43a12671
METHOD_CALL	balance	account.balance	account	NAME	PY_EXPRESSION_8aa58612190895c7619ce16eba51f217	PY_EXPRESSION_73a07be47015ded63b2dc4ee164d2f15	PY_SCOPE_c56fdb26b061687029d0b731a00504a0	PY_METHOD_c08c95c91dab5d42862362a14f225fba		PY_MODULE_46145c2a5de067cf211000725bcdb8de	0	0	false	false		true	UNRESOLVED		false	true	37	8	37	SERVICE_VERSION_00000000000000000000000000000000	PY_CALL_SITE_2dd1ee5e8598ccabd3063c9098d2de5d
METHOD_CALL	balance	account.balance	account	NAME	PY_EXPRESSION_582e3f1efc54b6cfc5b7164675d6b9cf	PY_EXPRESSION_0407d76559c19c49ac4facc6795a388a	PY_SCOPE_ca22866907d11fc9370982938164ce1f	PY_METHOD_f566c548ebfe64c6c3308420b0e4652e		PY_MODULE_46145c2a5de067cf211000725bcdb8de	0	0	false	false		true	UNRESOLVED		false	true	46	25	46	SERVICE_VERSION_00000000000000000000000000000000	PY_CALL_SITE_a32109efa2642d3b30faf50edc5f740a
SIMPLE_CALL	open	open		NONE	PY_EXPRESSION_e35ddaa0b53d497cfe0200f50dec0d77		PY_SCOPE_c65ac44c18b807be47252ad2f7276830	PY_METHOD_1ca9b70df2a25af8dca149c7759f5a07		PY_MODULE_46145c2a5de067cf211000725bcdb8de	1	0	false	false		true	BUILTIN		false	true	59	17	59	SERVICE_VERSION_00000000000000000000000000000000	PY_CALL_SITE_162384c270a51eef4798c1351c5c898a
METHOD_CALL	read	handle.read	handle	NAME	PY_EXPRESSION_7d26dfb6466c87d0aaa20d1678b49988	PY_EXPRESSION_8659e0d255c22012b4a929383377a554	PY_SCOPE_c65ac44c18b807be47252ad2f7276830	PY_METHOD_1ca9b70df2a25af8dca149c7759f5a07		PY_MODULE_46145c2a5de067cf211000725bcdb8de	0	0	false	false		true	UNRESOLVED		false	true	60	15	60	SERVICE_VERSION_00000000000000000000000000000000	PY_CALL_SITE_f2fd782ca2156665997dfad95e3160bb
SIMPLE_CALL	str	str		NONE	PY_EXPRESSION_10cc4b7f534bce9d5f56202c10c7836e		PY_SCOPE_c65ac44c18b807be47252ad2f7276830	PY_METHOD_1ca9b70df2a25af8dca149c7759f5a07		PY_MODULE_46145c2a5de067cf211000725bcdb8de	1	0	false	false		true	BUILTIN		false	true	64	15	64	SERVICE_VERSION_00000000000000000000000000000000	PY_CALL_SITE_8afce85a2d22192c62e7659c2814ed29
METHOD_CALL	strip	data.strip	data	NAME	PY_EXPRESSION_246998ac7acb25af21fbaa01e908bdf6	PY_EXPRESSION_baf3c8753ec27cb7839b727a35a592de	PY_SCOPE_c65ac44c18b807be47252ad2f7276830	PY_METHOD_1ca9b70df2a25af8dca149c7759f5a07		PY_MODULE_46145c2a5de067cf211000725bcdb8de	0	0	false	false		true	UNRESOLVED		false	true	67	15	67	SERVICE_VERSION_00000000000000000000000000000000	PY_CALL_SITE_9ac20bac4fb1bb240d9d2f47e44bc3f4
METHOD_CALL	close	handle.close	handle	NAME	PY_EXPRESSION_2d7b2b76673f6fba21752245a4c97497	PY_EXPRESSION_ad767925123369363ceaf74f0fa8af6b	PY_SCOPE_c65ac44c18b807be47252ad2f7276830	PY_METHOD_1ca9b70df2a25af8dca149c7759f5a07		PY_MODULE_46145c2a5de067cf211000725bcdb8de	0	0	false	false		true	UNRESOLVED		false	true	70	12	70	SERVICE_VERSION_00000000000000000000000000000000	PY_CALL_SITE_8cc8dd9186efd60560ea657c39f13fc9
SIMPLE_CALL	open	open		NONE	PY_EXPRESSION_dcba9e034ebe7b7e307caa2cb024c780		PY_SCOPE_036f5a1ae2293b966a206476492c243b	PY_METHOD_ac4a93b396bf221792a5b0824ce9c277		PY_MODULE_46145c2a5de067cf211000725bcdb8de	1	0	false	false		true	BUILTIN		false	false	75	9	75	SERVICE_VERSION_00000000000000000000000000000000	PY_CALL_SITE_098e2dadda3f61418f5cf19de1349ab6
METHOD_CALL	read	first.read	first	NAME	PY_EXPRESSION_20d907fc4d2854ac7c5c79c062e06f19	PY_EXPRESSION_b3f9b55e588da289b5afc4b491e532e4	PY_SCOPE_036f5a1ae2293b966a206476492c243b	PY_METHOD_ac4a93b396bf221792a5b0824ce9c277		PY_MODULE_46145c2a5de067cf211000725bcdb8de	0	0	false	false		true	UNRESOLVED		false	false	76	8	76	SERVICE_VERSION_00000000000000000000000000000000	PY_CALL_SITE_e9884fbeda1e8ff9eba857ef1631ebf5
SIMPLE_CALL	open	open		NONE	PY_EXPRESSION_9e836abdd2821c575ea23bea7446f47c		PY_SCOPE_036f5a1ae2293b966a206476492c243b	PY_METHOD_ac4a93b396bf221792a5b0824ce9c277		PY_MODULE_46145c2a5de067cf211000725bcdb8de	1	0	false	false		true	BUILTIN		false	false	77	9	77	SERVICE_VERSION_00000000000000000000000000000000	PY_CALL_SITE_6b3c8ba6c7d07d4b74de8f0d5cfbf632
SIMPLE_CALL	open	open		NONE	PY_EXPRESSION_e597f7ae890e76ba8ebe77e043c69ed1		PY_SCOPE_036f5a1ae2293b966a206476492c243b	PY_METHOD_ac4a93b396bf221792a5b0824ce9c277		PY_MODULE_46145c2a5de067cf211000725bcdb8de	1	0	false	false		true	BUILTIN		false	false	77	32	77	SERVICE_VERSION_00000000000000000000000000000000	PY_CALL_SITE_2523657d7bc89b24a1da2f5e165908aa
METHOD_CALL	read	first.read	first	NAME	PY_EXPRESSION_e4d21c626cd69bc5dc633d112e7c9878	PY_EXPRESSION_e8cc275586dd896c13eb5a08e32f3714	PY_SCOPE_036f5a1ae2293b966a206476492c243b	PY_METHOD_ac4a93b396bf221792a5b0824ce9c277		PY_MODULE_46145c2a5de067cf211000725bcdb8de	0	0	false	false		true	UNRESOLVED		false	false	78	15	78	SERVICE_VERSION_00000000000000000000000000000000	PY_CALL_SITE_08ea224f662b9e2e116db06c7adec9ed
METHOD_CALL	read	second.read	second	NAME	PY_EXPRESSION_af20954ae3251dc269282b5efe126452	PY_EXPRESSION_d1e9ad165eb26d687ffd39c5dd7f6f89	PY_SCOPE_036f5a1ae2293b966a206476492c243b	PY_METHOD_ac4a93b396bf221792a5b0824ce9c277		PY_MODULE_46145c2a5de067cf211000725bcdb8de	0	0	false	false		true	UNRESOLVED		false	false	78	29	78	SERVICE_VERSION_00000000000000000000000000000000	PY_CALL_SITE_06e2e63e457cfcf7b8d79de50a960481
SUBSCRIPT_CALL	balance	balance	accounts[0]	SUBSCRIPT	PY_EXPRESSION_d020fe9739d6a7822bb9361cea256761	PY_EXPRESSION_b5966b27760ae03602431a435e545e5d	PY_SCOPE_9e46cd2d60c4402ab8845b5e18b120eb	PY_METHOD_efc21184bae1ab20823e5a77e6489e63		PY_MODULE_46145c2a5de067cf211000725bcdb8de	0	0	false	false		true	UNRESOLVED		false	true	84	8	84	SERVICE_VERSION_00000000000000000000000000000000	PY_CALL_SITE_98915852b06d33cfaaa00953edf37f6b
METHOD_CALL	balance	account.balance	account	NAME	PY_EXPRESSION_f9887cf0b66ec870c021eb10a7593631	PY_EXPRESSION_7acb8abc75a977fb94f6eec9e1514abc	PY_SCOPE_9e46cd2d60c4402ab8845b5e18b120eb	PY_METHOD_efc21184bae1ab20823e5a77e6489e63		PY_MODULE_46145c2a5de067cf211000725bcdb8de	0	0	false	false		true	UNRESOLVED		false	true	86	8	86	SERVICE_VERSION_00000000000000000000000000000000	PY_CALL_SITE_6e075e49d6c0a9910f721b390335c6f2
SUBSCRIPT_CALL	balance	balance	accounts[0]	SUBSCRIPT	PY_EXPRESSION_8c5f8d24efdc3c7261231b597f66a1d8	PY_EXPRESSION_93ed93ccd8bcb8f9b406505882a6d5d8	PY_SCOPE_9e46cd2d60c4402ab8845b5e18b120eb	PY_METHOD_efc21184bae1ab20823e5a77e6489e63		PY_MODULE_46145c2a5de067cf211000725bcdb8de	0	0	false	false		true	UNRESOLVED		false	true	88	8	88	SERVICE_VERSION_00000000000000000000000000000000	PY_CALL_SITE_3f4dcf5dce7ea170d0e19ad3362258c5
SUBSCRIPT_CALL	balance	balance	accounts[0]	SUBSCRIPT	PY_EXPRESSION_2893c9732c7b90fdba0a5e00cdc32aa9	PY_EXPRESSION_f0a6a5396ffa69e4e08b8649a57598b4	PY_SCOPE_9e46cd2d60c4402ab8845b5e18b120eb	PY_METHOD_efc21184bae1ab20823e5a77e6489e63		PY_MODULE_46145c2a5de067cf211000725bcdb8de	0	0	false	false		true	UNRESOLVED		false	true	91	8	91	SERVICE_VERSION_00000000000000000000000000000000	PY_CALL_SITE_a9e8317e585a524101a6ac1d019f7ff2
SIMPLE_CALL	open	open		NONE	PY_EXPRESSION_93c70476af4e9799739ebd98d4b65441		PY_SCOPE_9e46cd2d60c4402ab8845b5e18b120eb	PY_METHOD_efc21184bae1ab20823e5a77e6489e63		PY_MODULE_46145c2a5de067cf211000725bcdb8de	1	0	false	false		true	BUILTIN		false	false	94	9	94	SERVICE_VERSION_00000000000000000000000000000000	PY_CALL_SITE_172fc61376c49c621badadcbd82a9b4c
METHOD_CALL	read	handle.read	handle	NAME	PY_EXPRESSION_c5a3d6f9c8d729150501efb465184b1a	PY_EXPRESSION_faac5f257aa42af244c9bb7b173401a9	PY_SCOPE_9e46cd2d60c4402ab8845b5e18b120eb	PY_METHOD_efc21184bae1ab20823e5a77e6489e63		PY_MODULE_46145c2a5de067cf211000725bcdb8de	0	0	false	false		true	UNRESOLVED		false	false	95	8	95	SERVICE_VERSION_00000000000000000000000000000000	PY_CALL_SITE_e2667957de9359cde8f58a3bbbef323e
METHOD_CALL	balance	a.balance	a	NAME	PY_EXPRESSION_5913f2f16dffca95c5baf8e9290941be	PY_EXPRESSION_6c519b17b77dffdd8f31be1bd9e59a79	PY_SCOPE_9edeffd1c88fff562817fa312505ce43	PY_METHOD_7eddb4d3b7255145f26a5cb31161ef1b		PY_MODULE_46145c2a5de067cf211000725bcdb8de	0	0	false	false		true	UNRESOLVED		false	true	100	16	100	SERVICE_VERSION_00000000000000000000000000000000	PY_CALL_SITE_535550d2736183ce1ceb0b05b21a7d32
METHOD_CALL	balance	a.balance	a	NAME	PY_EXPRESSION_17c2bfdb0e5bb57817405f073c7a9da1	PY_EXPRESSION_ff299615c128b9ffb2728140a1b041ad	PY_SCOPE_279e4a8b00b4afd25d7bb2c5b37b0980	PY_METHOD_7eddb4d3b7255145f26a5cb31161ef1b		PY_MODULE_46145c2a5de067cf211000725bcdb8de	0	0	false	false		true	UNRESOLVED		false	false	101	21	101	SERVICE_VERSION_00000000000000000000000000000000	PY_CALL_SITE_a73c9fc08d641da70bf438db5ad38b86
METHOD_CALL	record	DEFAULT_LEDGER.record	DEFAULT_LEDGER	NAME	PY_EXPRESSION_375e00a836e40395f2f3b16cf7cbcdd9	PY_EXPRESSION_4bf48ef08f127bd09afb6b85f0c4f986	PY_SCOPE_09fc4ebb4c180ea7c3aaa0ec4e5b0ff4	PY_METHOD_045a8d3c36f9f34f18cb9bc6010d2ff1		PY_MODULE_46145c2a5de067cf211000725bcdb8de	1	0	false	false		true	METHOD	PY_METHOD_943114e5f7e3a86f5971328f318a5e0d	true	true	106	4	106	SERVICE_VERSION_00000000000000000000000000000000	PY_CALL_SITE_4e50eb1cc532ffb8b61324e5e8aa3425
SIMPLE_CALL	Account	Account		NONE	PY_EXPRESSION_5c3ca7bcd2f5396541b28c42b2392d5e		PY_SCOPE_09fc4ebb4c180ea7c3aaa0ec4e5b0ff4	PY_METHOD_045a8d3c36f9f34f18cb9bc6010d2ff1		PY_MODULE_46145c2a5de067cf211000725bcdb8de	1	0	false	false		true	TYPE	PY_TYPE_160aee5ca584e3817b8783b4e148e2a8	true	true	106	26	106	SERVICE_VERSION_00000000000000000000000000000000	PY_CALL_SITE_2ca3f5471548a40c393b22ae1cabbd89
SIMPLE_CALL	cls	cls		NONE	PY_EXPRESSION_f05ba74ac6514610fb722cb32aced97a		PY_SCOPE_ab9da2109f017446761e251d597f3813	PY_METHOD_fbebff5666a0c70f228cd582d19e5e21	PY_TYPE_89132fdbeb8e0dd6e92a9fd413a40f2a	PY_MODULE_4aae2613b4da1ab193c5ea488a873480	1	0	false	false		true	TYPE	PY_TYPE_89132fdbeb8e0dd6e92a9fd413a40f2a	false	false	24	15	24	SERVICE_VERSION_00000000000000000000000000000000	PY_CALL_SITE_72051de1da387e308c54951ec511bcc7
METHOD_CALL	get	cls.registry.get	cls.registry	ATTRIBUTE	PY_EXPRESSION_18ed11afc2d1bb8cf1953af307852596	PY_EXPRESSION_c857c257de6ab0249f787046dedb0071	PY_SCOPE_c984c0f98ab82206f5b28ca5aa0e5445	PY_METHOD_6078616ab9538ca07ec8d5466cd5eb99	PY_TYPE_89132fdbeb8e0dd6e92a9fd413a40f2a	PY_MODULE_4aae2613b4da1ab193c5ea488a873480	1	0	false	false		true	BUILTIN		false	false	28	15	28	SERVICE_VERSION_00000000000000000000000000000000	PY_CALL_SITE_9214c48731b0310c551f4c88adbadb1e
SELF_CALL	render	self.render	self	SELF	PY_EXPRESSION_76fe59dbc94f38ee6bae53b1589e7c5c	PY_EXPRESSION_1618057e961b9e88d01c92fa814f5f89	PY_SCOPE_91e55e14a61e454d4ecc0fe24ae723c1	PY_METHOD_29af074b05609f27522cab7b9d1d6f6c	PY_TYPE_89132fdbeb8e0dd6e92a9fd413a40f2a	PY_MODULE_4aae2613b4da1ab193c5ea488a873480	0	0	false	false		true	METHOD	PY_METHOD_8a00c6a209e528e05bb5ad19edcb18f0	false	false	36	15	36	SERVICE_VERSION_00000000000000000000000000000000	PY_CALL_SITE_25f4908a2ff4ec3b458a6bffc3324edf
METHOD_CALL	append	self.children.append	self.children	ATTRIBUTE	PY_EXPRESSION_0ab1bcf4327e9ff0e2795326d147706c	PY_EXPRESSION_8f32f98f6db2724abd7c435a1e8efa27	PY_SCOPE_4089f5089cc70d0b99b34832936f27f4	PY_METHOD_c123f969057318b1c76aeded1591acce	PY_TYPE_89132fdbeb8e0dd6e92a9fd413a40f2a	PY_MODULE_4aae2613b4da1ab193c5ea488a873480	1	0	false	false		true	BUILTIN		false	false	40	15	40	SERVICE_VERSION_00000000000000000000000000000000	PY_CALL_SITE_a6f9adc50fab647f831e12c32299b775
SUBSCRIPT_CALL	render	render	self.children[0]	SUBSCRIPT	PY_EXPRESSION_6369f3b924ec9c6856e47b1c7eb5ee92	PY_EXPRESSION_95794d89b1e7af69fb545cc3f3e3509d	PY_SCOPE_a130c57cbda9b89f567c1349d9e1a742	PY_METHOD_bd58a5b2c973d46575043d8dc053353e	PY_TYPE_89132fdbeb8e0dd6e92a9fd413a40f2a	PY_MODULE_4aae2613b4da1ab193c5ea488a873480	0	0	false	false		true	UNRESOLVED		false	false	44	15	44	SERVICE_VERSION_00000000000000000000000000000000	PY_CALL_SITE_afa1ff8adb2b8a5c2108df62ff60aef5
CHAINED_CALL	render	render	Widget.build(name)	CALL_RESULT	PY_EXPRESSION_99342b281bba026d9fe5803b9b73346b	PY_EXPRESSION_5780c5caf4edd744371d7eb33e4c2874	PY_SCOPE_ce4f6c74d628ab6b24ab65a7333c16c0	PY_METHOD_65acc5cb37445b420f8b41d4f5d0a0ad	PY_TYPE_89132fdbeb8e0dd6e92a9fd413a40f2a	PY_MODULE_4aae2613b4da1ab193c5ea488a873480	0	0	false	false		true	METHOD	PY_METHOD_8a00c6a209e528e05bb5ad19edcb18f0	false	false	48	15	48	SERVICE_VERSION_00000000000000000000000000000000	PY_CALL_SITE_f8308990d4030b356d151c88a3496d8f
METHOD_CALL	build	Widget.build	Widget	NAME	PY_EXPRESSION_5780c5caf4edd744371d7eb33e4c2874	PY_EXPRESSION_54b221d2302ddc00082b4e484bd142fd	PY_SCOPE_ce4f6c74d628ab6b24ab65a7333c16c0	PY_METHOD_65acc5cb37445b420f8b41d4f5d0a0ad	PY_TYPE_89132fdbeb8e0dd6e92a9fd413a40f2a	PY_MODULE_4aae2613b4da1ab193c5ea488a873480	1	0	false	false		true	METHOD	PY_METHOD_fbebff5666a0c70f228cd582d19e5e21	false	false	48	15	48	SERVICE_VERSION_00000000000000000000000000000000	PY_CALL_SITE_e595107264fb70ef70c7f79c7c40b65d
SUPER_CALL	__repr__	__repr__	super()	SUPER	PY_EXPRESSION_5e44a66cafc86994cda64c24d9aac2a2	PY_EXPRESSION_94eac7acc72759cf3cbcf4ab3920b14a	PY_SCOPE_19a78037b8237d44fd897226b20dab5f	PY_METHOD_92ab47e48ecd017bc9f3e5696f3afb6d	PY_TYPE_89132fdbeb8e0dd6e92a9fd413a40f2a	PY_MODULE_4aae2613b4da1ab193c5ea488a873480	0	0	false	false		true	UNRESOLVED		false	false	52	15	52	SERVICE_VERSION_00000000000000000000000000000000	PY_CALL_SITE_4c86ce0864aed10e9d501e7f4f2d5f97
SIMPLE_CALL	super	super		NONE	PY_EXPRESSION_94eac7acc72759cf3cbcf4ab3920b14a		PY_SCOPE_19a78037b8237d44fd897226b20dab5f	PY_METHOD_92ab47e48ecd017bc9f3e5696f3afb6d	PY_TYPE_89132fdbeb8e0dd6e92a9fd413a40f2a	PY_MODULE_4aae2613b4da1ab193c5ea488a873480	0	0	false	false		true	BUILTIN		false	false	52	15	52	SERVICE_VERSION_00000000000000000000000000000000	PY_CALL_SITE_5b5bff4afcf39771955073e899222534
SIMPLE_CALL	len	len		NONE	PY_EXPRESSION_bbcbbc7df8a8988546d6cd8503f99ecd		PY_SCOPE_807671d7da6242e0b370b5ca2623c14e	PY_METHOD_451e0be553e5fc4b670246020d50195b		PY_MODULE_4aae2613b4da1ab193c5ea488a873480	1	0	false	false		true	BUILTIN		false	false	57	11	57	SERVICE_VERSION_00000000000000000000000000000000	PY_CALL_SITE_18d3f97d2f02b39d8ed6338a520d6480
METHOD_CALL	render	widget.render	widget	NAME	PY_EXPRESSION_a78cce04248f161b46eb892e2ce5b735	PY_EXPRESSION_cd39b5565d27b6d91795fabef0b0e624	PY_SCOPE_412304ce3bf422fbe19b60bc451d8355	PY_METHOD_93bb2592cdd11698c9b6f15ab163f334		PY_MODULE_4aae2613b4da1ab193c5ea488a873480	0	0	false	false		true	UNRESOLVED		false	false	62	11	62	SERVICE_VERSION_00000000000000000000000000000000	PY_CALL_SITE_cbc7bdbdb4ffd65be26bf1bdad08939b
METHOD_CALL	dumps	json.dumps	json	NAME	PY_EXPRESSION_f11951d2fc26c25bde6842fc93beb455	PY_EXPRESSION_487d91e35bd505d2974c32f4bf4b51d8	PY_SCOPE_5f8454a9411ab822304faa2bfa3fa0ff	PY_METHOD_4ffe961c21176e333ae2b746c3499b98		PY_MODULE_4aae2613b4da1ab193c5ea488a873480	1	0	false	false		true	IMPORTED		false	false	68	11	68	SERVICE_VERSION_00000000000000000000000000000000	PY_CALL_SITE_c36b743e09bd64e8e23a484bb110ccd5
METHOD_CALL	helper	Widget.helper	Widget	NAME	PY_EXPRESSION_203ebc450fe152c8fd6e50523ad2a29e	PY_EXPRESSION_8dc1451726db3313c37092413677e0f6	PY_SCOPE_5efa431044835c9f3ea6eb3090b77092	PY_METHOD_08de495df3f4d75ce9831803d072def0		PY_MODULE_4aae2613b4da1ab193c5ea488a873480	0	0	false	false		true	METHOD	PY_METHOD_156ddb7da9a69192e6672e6581a66205	false	false	73	11	73	SERVICE_VERSION_00000000000000000000000000000000	PY_CALL_SITE_bd982441eab1407f9933b7fb616d99e9
METHOD_CALL	join	join	""", """	LITERAL	PY_EXPRESSION_62ea2946328809ac9a35fe099f1dafa1	PY_EXPRESSION_8880c0a0e16b97b944d739eb4e4bc18c	PY_SCOPE_5e2eb433df472655d0206a4829a9101c	PY_METHOD_633bdab0f73b8ae3ad6965348564928a		PY_MODULE_4aae2613b4da1ab193c5ea488a873480	1	0	false	false		true	UNRESOLVED		false	false	78	11	78	SERVICE_VERSION_00000000000000000000000000000000	PY_CALL_SITE_177aa6766392b03e3d99eb4805f66372
SIMPLE_CALL	Account	Account		NONE	PY_EXPRESSION_f7586b03363c9d0024a17e944dca33a9		PY_SCOPE_21a5b1dc3f430293f74da6f8dbb0e80a	PY_METHOD_4356c8b9cdeb8add3756b9809634b020		PY_MODULE_4aae2613b4da1ab193c5ea488a873480	1	0	false	false		true	TYPE	PY_TYPE_160aee5ca584e3817b8783b4e148e2a8	false	false	84	11	84	SERVICE_VERSION_00000000000000000000000000000000	PY_CALL_SITE_141619b674ee6a9cc70e7de3d0788ae4
SIMPLE_CALL	callable_obj	callable_obj		NONE	PY_EXPRESSION_fda1f88827a9efa7b885caaf0d139788		PY_SCOPE_e0351a73af2c1c24e29c5d2a47425a92	PY_METHOD_14b49e9cd9d54b59cf96a27833ac7427		PY_MODULE_4aae2613b4da1ab193c5ea488a873480	0	0	false	false		true	UNRESOLVED		false	false	89	11	89	SERVICE_VERSION_00000000000000000000000000000000	PY_CALL_SITE_7b7ae10171e509efdc5ce7a9b24c3a9a
DYNAMIC_CALL				NONE	PY_EXPRESSION_00db8ad972728341739a29eb8208fe8c		PY_SCOPE_26c4d18ba1e0551b540fad650de569c9	PY_METHOD_7a132c01cf314132545b5a1dbf9f9a47		PY_MODULE_4aae2613b4da1ab193c5ea488a873480	0	0	false	false		true	UNRESOLVED		false	false	94	11	94	SERVICE_VERSION_00000000000000000000000000000000	PY_CALL_SITE_4633aebada11dbe11caa5cb49c418d09
SIMPLE_CALL	getattr	getattr		NONE	PY_EXPRESSION_eac7cb95921a273cd48f79146931306d		PY_SCOPE_26c4d18ba1e0551b540fad650de569c9	PY_METHOD_7a132c01cf314132545b5a1dbf9f9a47		PY_MODULE_4aae2613b4da1ab193c5ea488a873480	2	0	false	false		true	BUILTIN		false	false	94	11	94	SERVICE_VERSION_00000000000000000000000000000000	PY_CALL_SITE_1c21e5279db392a68f45df5086b7146b
METHOD_CALL	record	ledger.record	ledger	NAME	PY_EXPRESSION_1d4218d41375efd381cd1e744bc15dbf	PY_EXPRESSION_e21dc1e2c451ae2a1f192e2aac646e0e	PY_SCOPE_c7859cb8b99a9d0f7f3ff32e0b70bdca	PY_METHOD_febf3fd984f2fe230a83a50cff9fa88b		PY_MODULE_4aae2613b4da1ab193c5ea488a873480	1	0	false	false		true	UNRESOLVED		false	false	100	4	100	SERVICE_VERSION_00000000000000000000000000000000	PY_CALL_SITE_b2a581b90ffd3f6df782d0afc1e9b44c
SIMPLE_CALL	normalise	normalise		NONE	PY_EXPRESSION_308312e5660aee7e7d3778607745cd06		PY_SCOPE_c7859cb8b99a9d0f7f3ff32e0b70bdca	PY_METHOD_febf3fd984f2fe230a83a50cff9fa88b		PY_MODULE_4aae2613b4da1ab193c5ea488a873480	1	0	false	false		true	MODULE_FUNCTION	PY_METHOD_21fb7899277ef007478bcb94099de130	false	false	100	18	100	SERVICE_VERSION_00000000000000000000000000000000	PY_CALL_SITE_2f5f310b3e9b9f03b3cf1e0d64efc4b5
SIMPLE_CALL	normalise	normalise		NONE	PY_EXPRESSION_7db43f9e2d33ea950ceab9b989449555		PY_SCOPE_c7859cb8b99a9d0f7f3ff32e0b70bdca	PY_METHOD_febf3fd984f2fe230a83a50cff9fa88b		PY_MODULE_4aae2613b4da1ab193c5ea488a873480	1	0	false	false		true	MODULE_FUNCTION	PY_METHOD_21fb7899277ef007478bcb94099de130	false	false	101	4	101	SERVICE_VERSION_00000000000000000000000000000000	PY_CALL_SITE_29246223fd36fda9c9851ef81e3b7892
METHOD_CALL	record	ledger.record	ledger	NAME	PY_EXPRESSION_62323dac3b1d35aa09b035a2147cea96	PY_EXPRESSION_624f6af46d49ff6f10579557c3ce5b93	PY_SCOPE_c7859cb8b99a9d0f7f3ff32e0b70bdca	PY_METHOD_febf3fd984f2fe230a83a50cff9fa88b		PY_MODULE_4aae2613b4da1ab193c5ea488a873480	1	0	false	false		true	UNRESOLVED		false	false	101	14	101	SERVICE_VERSION_00000000000000000000000000000000	PY_CALL_SITE_495bae8c67ed82a563e928f72e9dfe3f
SIMPLE_CALL	positional_and_keyword	positional_and_keyword		NONE	PY_EXPRESSION_5f38911f6a49cefc2a9a09ac2de78953		PY_SCOPE_96e41552b5c27d50e794db8892c4f812	PY_METHOD_e321da753c7bc53ce1b0e4626ee9e8aa		PY_MODULE_4aae2613b4da1ab193c5ea488a873480	2	1	false	false	note	true	MODULE_FUNCTION	PY_METHOD_6441f367001973b79746364665ebc38c	false	false	109	4	109	SERVICE_VERSION_00000000000000000000000000000000	PY_CALL_SITE_7ade68187517e3c5700723fe82abfead
SIMPLE_CALL	positional_and_keyword	positional_and_keyword		NONE	PY_EXPRESSION_613d4e0886cc45821fd33a4eb6536776		PY_SCOPE_96e41552b5c27d50e794db8892c4f812	PY_METHOD_e321da753c7bc53ce1b0e4626ee9e8aa		PY_MODULE_4aae2613b4da1ab193c5ea488a873480	0	0	true	false		false	MODULE_FUNCTION	PY_METHOD_6441f367001973b79746364665ebc38c	false	false	110	4	110	SERVICE_VERSION_00000000000000000000000000000000	PY_CALL_SITE_99da8fe2600a3b435db63a5330d77c7e
SIMPLE_CALL	positional_and_keyword	positional_and_keyword		NONE	PY_EXPRESSION_061c7b21076a6e72535d6ec56085dad9		PY_SCOPE_96e41552b5c27d50e794db8892c4f812	PY_METHOD_e321da753c7bc53ce1b0e4626ee9e8aa		PY_MODULE_4aae2613b4da1ab193c5ea488a873480	2	0	false	true		false	MODULE_FUNCTION	PY_METHOD_6441f367001973b79746364665ebc38c	false	false	111	4	111	SERVICE_VERSION_00000000000000000000000000000000	PY_CALL_SITE_121421129400b60d19fd9fe0feb65316
METHOD_CALL	join	os.path.join	os.path	ATTRIBUTE	PY_EXPRESSION_f67101016575cfa65d57c7bc142243c0	PY_EXPRESSION_5d5a4a8872bfd00ead8871d949a75f8e	PY_SCOPE_3501a229e7a1e500a4b1280b1ebd2496	PY_METHOD_99031cf5cc9c3467a5e257f5de7e2007		PY_MODULE_2f026c03952e3d7d641f6bcec50aa45e	2	0	false	false		true	IMPORTED		false	false	27	11	27	SERVICE_VERSION_00000000000000000000000000000000	PY_CALL_SITE_5272941d075793bad164241bb18ea7ee
METHOD_CALL	dirname	os.path.dirname	os.path	ATTRIBUTE	PY_EXPRESSION_65578e7ba9616cf4d4e4b2669d4a3149	PY_EXPRESSION_db190be6ee0a0f25c418b765026bd0dd	PY_SCOPE_be6a4c2cd5e72fbac3722343780dacbb	PY_METHOD_d80eb96b13e89dcdbd5dfa0740477bfb		PY_MODULE_2f026c03952e3d7d641f6bcec50aa45e	1	0	false	false		true	IMPORTED		false	false	32	11	32	SERVICE_VERSION_00000000000000000000000000000000	PY_CALL_SITE_45c3d6e9e9173b3fcf9566471b05ae17
METHOD_CALL	dumps	serializer.dumps	serializer	NAME	PY_EXPRESSION_58fa42e52449f74df8716d8657b800aa	PY_EXPRESSION_1763c45704a9ac45e985ecda7800af85	PY_SCOPE_8971c835c60bed700d0969eb12575234	PY_METHOD_3a179f303b5a7a1fce2d035cdd8233c9		PY_MODULE_2f026c03952e3d7d641f6bcec50aa45e	1	0	false	false		true	IMPORTED		false	false	37	11	37	SERVICE_VERSION_00000000000000000000000000000000	PY_CALL_SITE_31c4d963ecba8eb2d1f0e1b3f8171c46
METHOD_CALL	fromstring	ElementTree.fromstring	ElementTree	NAME	PY_EXPRESSION_30756abadb0bc0e7235173fb208c6cc7	PY_EXPRESSION_07317a7ad31042bea00fc23e5688a830	PY_SCOPE_692118243df5dea118399e1ab4bd1ea4	PY_METHOD_f4de82a09c07c78db550c9240aef0ed8		PY_MODULE_2f026c03952e3d7d641f6bcec50aa45e	1	0	false	false		true	IMPORTED		false	false	42	11	42	SERVICE_VERSION_00000000000000000000000000000000	PY_CALL_SITE_8184e7bdab93ee2b9f0e54482ee4ba4b
SIMPLE_CALL	OrderedDict	OrderedDict		NONE	PY_EXPRESSION_0e8a29de0b6834b3b721ebd1d713f552		PY_SCOPE_a0ba7b6023d10ac8ffa2567e4bbba9dd	PY_METHOD_d071f59d4c19466ff2c3839a50da5e98		PY_MODULE_2f026c03952e3d7d641f6bcec50aa45e	0	0	false	false		true	UNRESOLVED		false	false	48	14	48	SERVICE_VERSION_00000000000000000000000000000000	PY_CALL_SITE_c297c9141ce22a20662a7e8229c381f3
METHOD_CALL	setdefault	ordered.setdefault	ordered	NAME	PY_EXPRESSION_ed256a1752733cd9997fc1519bba2d07	PY_EXPRESSION_ea6794387dc5a17c326fa40ff808ded7	PY_SCOPE_a0ba7b6023d10ac8ffa2567e4bbba9dd	PY_METHOD_d071f59d4c19466ff2c3839a50da5e98		PY_MODULE_2f026c03952e3d7d641f6bcec50aa45e	2	0	false	false		true	UNRESOLVED		false	false	49	4	49	SERVICE_VERSION_00000000000000000000000000000000	PY_CALL_SITE_c3bc74f930073b5398109b85e8f59c0c
SIMPLE_CALL	Decimal	Decimal		NONE	PY_EXPRESSION_28d9a72c32cd5fceef9fc49795bdd4f7		PY_SCOPE_e139031f4ed1a8469599477cde9f0ebd	PY_METHOD_2bd57193ab22b76cfb3d25c236886748		PY_MODULE_2f026c03952e3d7d641f6bcec50aa45e	1	0	false	false		true	UNRESOLVED		false	false	55	8	55	SERVICE_VERSION_00000000000000000000000000000000	PY_CALL_SITE_7057bd0d5fed231734ab12f759466b2c
METHOD_CALL	quantize	d.quantize	d	NAME	PY_EXPRESSION_670d96e193f2538d5094075c0fff80b7	PY_EXPRESSION_b866092d3d19a81ba3ff2fdf422bd3e4	PY_SCOPE_e139031f4ed1a8469599477cde9f0ebd	PY_METHOD_2bd57193ab22b76cfb3d25c236886748		PY_MODULE_2f026c03952e3d7d641f6bcec50aa45e	1	0	false	false		true	UNRESOLVED		false	false	56	11	56	SERVICE_VERSION_00000000000000000000000000000000	PY_CALL_SITE_39ce79c570325c23e6188417b7138712
SIMPLE_CALL	Decimal	Decimal		NONE	PY_EXPRESSION_6084365d669cd25302a0dc9c37e32900		PY_SCOPE_e139031f4ed1a8469599477cde9f0ebd	PY_METHOD_2bd57193ab22b76cfb3d25c236886748		PY_MODULE_2f026c03952e3d7d641f6bcec50aa45e	1	0	false	false		true	UNRESOLVED		false	false	56	22	56	SERVICE_VERSION_00000000000000000000000000000000	PY_CALL_SITE_591cffa0f1a8e061ee6546a81ee6b17a
SIMPLE_CALL	Context	Context		NONE	PY_EXPRESSION_3b1af62d8463f2d3533aec307a09c002		PY_SCOPE_9a9c614f4c110b43e46a2745e3a1084f	PY_METHOD_0eba42390e23b739e697ac32efddb9ca		PY_MODULE_2f026c03952e3d7d641f6bcec50aa45e	0	1	false	false	prec	true	UNRESOLVED		false	false	61	10	61	SERVICE_VERSION_00000000000000000000000000000000	PY_CALL_SITE_a86064123a5e89ab7eea6c8eab3c809e
METHOD_CALL	create_decimal	ctx.create_decimal	ctx	NAME	PY_EXPRESSION_af86ddf133feb19b27a9949d1df8ac75	PY_EXPRESSION_8ae05119c364e8b4ad1379b088f8788d	PY_SCOPE_9a9c614f4c110b43e46a2745e3a1084f	PY_METHOD_0eba42390e23b739e697ac32efddb9ca		PY_MODULE_2f026c03952e3d7d641f6bcec50aa45e	1	0	false	false		true	UNRESOLVED		false	false	62	11	62	SERVICE_VERSION_00000000000000000000000000000000	PY_CALL_SITE_ed325d733b8484c3eb739685a1deeefb
SIMPLE_CALL	DefaultDict	DefaultDict		NONE	PY_EXPRESSION_f4f081c77ffb2cd77ea2b81ee76ec016		PY_SCOPE_aeff7a823264fd3f7087f41dc87bb8d4	PY_METHOD_63692fa849d149f77e1a1f264fe30c0e		PY_MODULE_2f026c03952e3d7d641f6bcec50aa45e	1	0	false	false		true	UNRESOLVED		false	false	66	13	66	SERVICE_VERSION_00000000000000000000000000000000	PY_CALL_SITE_9ffd8a17f57274f561fab0871f27bc29
SIMPLE_CALL	Account	Account		NONE	PY_EXPRESSION_3c49209be6f10a71e97289e05d855e69		PY_SCOPE_3fcf4cce5aedfbfa6298cbeb238d8ebf	PY_METHOD_7d220b31d5c6e633318c2a17fac1882f		PY_MODULE_2f026c03952e3d7d641f6bcec50aa45e	1	0	false	false		true	TYPE	PY_TYPE_160aee5ca584e3817b8783b4e148e2a8	false	false	75	14	75	SERVICE_VERSION_00000000000000000000000000000000	PY_CALL_SITE_17fb383c9d73184def5b449afc1ed1d4
METHOD_CALL	deposit	account.deposit	account	NAME	PY_EXPRESSION_271595aefe1e864d9a02cad758eceb13	PY_EXPRESSION_e1be20b02c54b68b53b34edc43b242a9	PY_SCOPE_3fcf4cce5aedfbfa6298cbeb238d8ebf	PY_METHOD_7d220b31d5c6e633318c2a17fac1882f		PY_MODULE_2f026c03952e3d7d641f6bcec50aa45e	1	0	false	false		true	METHOD	PY_METHOD_93ce37faa7f1fc202c129087153a5fbb	false	false	76	4	76	SERVICE_VERSION_00000000000000000000000000000000	PY_CALL_SITE_d9d152789b8d65eed6b23af99ed08fb0
METHOD_CALL	balance	account.balance	account	NAME	PY_EXPRESSION_d9cf2ea638f35f3950379c9a152831a1	PY_EXPRESSION_52fa97917fdc8360889c01ae1d910b3a	PY_SCOPE_3fcf4cce5aedfbfa6298cbeb238d8ebf	PY_METHOD_7d220b31d5c6e633318c2a17fac1882f		PY_MODULE_2f026c03952e3d7d641f6bcec50aa45e	0	0	false	false		true	METHOD	PY_METHOD_2daf7e33379db78d4331396946451ab6	false	false	77	11	77	SERVICE_VERSION_00000000000000000000000000000000	PY_CALL_SITE_313d0600b4e13b8f22497abfcf216e8f
CHAINED_CALL	balance	balance	Acct(owner)	CALL_RESULT	PY_EXPRESSION_ad797d4e9211bbc8458999aede7f451c	PY_EXPRESSION_d077e7c9c7204b8f2b3823971b83b013	PY_SCOPE_3131da3c4a861f4f75c275e8abf431a8	PY_METHOD_08dce96162f6e5eb3fea999ab5d1542c		PY_MODULE_2f026c03952e3d7d641f6bcec50aa45e	0	0	false	false		true	METHOD	PY_METHOD_2daf7e33379db78d4331396946451ab6	false	false	82	11	82	SERVICE_VERSION_00000000000000000000000000000000	PY_CALL_SITE_f54176a7312d82795131116d9d820c98
SIMPLE_CALL	Acct	Acct		NONE	PY_EXPRESSION_d077e7c9c7204b8f2b3823971b83b013		PY_SCOPE_3131da3c4a861f4f75c275e8abf431a8	PY_METHOD_08dce96162f6e5eb3fea999ab5d1542c		PY_MODULE_2f026c03952e3d7d641f6bcec50aa45e	1	0	false	false		true	TYPE	PY_TYPE_160aee5ca584e3817b8783b4e148e2a8	false	false	82	11	82	SERVICE_VERSION_00000000000000000000000000000000	PY_CALL_SITE_8cb27380a753c17855a7dd22fd6cf552
METHOD_CALL	find_account	repository.find_account	repository	NAME	PY_EXPRESSION_9b5d592e31d7896c7886772da698a700	PY_EXPRESSION_56285d8a6cfa16efb75b9b2b5485e6b4	PY_SCOPE_723df250bb20a2663e4b791486e9046e	PY_METHOD_71e82af0d626c6a13591061213a6909a		PY_MODULE_2f026c03952e3d7d641f6bcec50aa45e	1	0	false	false		true	MODULE_FUNCTION	PY_METHOD_499d987a935671c184ee14ca08435562	false	false	87	11	87	SERVICE_VERSION_00000000000000000000000000000000	PY_CALL_SITE_e1352450c588e64dd7fb585ba11b7517
SIMPLE_CALL	Ledger	Ledger		NONE	PY_EXPRESSION_7bc51be8bcf7022e44a32f6a239b7570		PY_SCOPE_807e1c87631d22460c720a1b40564038	PY_METHOD_09d2752e8d155ecdc30ba290a20161fa		PY_MODULE_2f026c03952e3d7d641f6bcec50aa45e	0	0	false	false		true	TYPE	PY_TYPE_65c006b7dc1da8d5b431a90353733207	false	false	91	13	91	SERVICE_VERSION_00000000000000000000000000000000	PY_CALL_SITE_657d58a9284a36df9e7f17521d577832
METHOD_CALL	record	ledger.record	ledger	NAME	PY_EXPRESSION_f29b604dec3bd369f8b177e3eee2c3db	PY_EXPRESSION_56c19b3bc9bd94f303c56313cef3e559	PY_SCOPE_807e1c87631d22460c720a1b40564038	PY_METHOD_09d2752e8d155ecdc30ba290a20161fa		PY_MODULE_2f026c03952e3d7d641f6bcec50aa45e	1	0	false	false		true	METHOD	PY_METHOD_943114e5f7e3a86f5971328f318a5e0d	false	false	92	4	92	SERVICE_VERSION_00000000000000000000000000000000	PY_CALL_SITE_dc65abcc4aca9e038914984aff0b906e
SIMPLE_CALL	Account	Account		NONE	PY_EXPRESSION_424dd3c878abad6c5c18e11391b4a067		PY_SCOPE_807e1c87631d22460c720a1b40564038	PY_METHOD_09d2752e8d155ecdc30ba290a20161fa		PY_MODULE_2f026c03952e3d7d641f6bcec50aa45e	1	0	false	false		true	TYPE	PY_TYPE_160aee5ca584e3817b8783b4e148e2a8	false	false	92	18	92	SERVICE_VERSION_00000000000000000000000000000000	PY_CALL_SITE_266e1478f1131d35f628541d5845e1d4
METHOD_CALL	total	ledger.total	ledger	NAME	PY_EXPRESSION_26f6db9d970424ecbd0f57886e3415b0	PY_EXPRESSION_ef7a12fd2af0eb2e0d2723be6f6ad84d	PY_SCOPE_807e1c87631d22460c720a1b40564038	PY_METHOD_09d2752e8d155ecdc30ba290a20161fa		PY_MODULE_2f026c03952e3d7d641f6bcec50aa45e	0	0	false	false		true	METHOD	PY_METHOD_8028747b9b8ea746a7c3fa92b556c409	false	false	93	11	93	SERVICE_VERSION_00000000000000000000000000000000	PY_CALL_SITE_0f5425ac7bb37be319b4760b7f93b4a1
METHOD_CALL	getLogger	logging.getLogger	logging	NAME	PY_EXPRESSION_7441bb0e665c1aed50208c11c00828f8	PY_EXPRESSION_7ab298d21bdb9f95fa0fc0136d253805	PY_SCOPE_52128e6c465d3dfae843bba3c50162da	PY_METHOD_96f938fbd211816e0d2e0047feb56949		PY_MODULE_26d35b2196b998f00bc6fe14819c7c1e	1	0	false	false		true	IMPORTED		true	false	16	9	16	SERVICE_VERSION_00000000000000000000000000000000	PY_CALL_SITE_f479b49845e8e47ebc92a637d307b40a
SUPER_CALL	__init__	__init__	super()	SUPER	PY_EXPRESSION_610098cb1e9f75e4af7e44800a9ba601	PY_EXPRESSION_e4c34de7dfc06d92d6782cf88cf8b255	PY_SCOPE_e145df91120c70292ef7cd9cc2bdcf0f	PY_METHOD_77c3686c61f40ebcffd88460909eda13	PY_TYPE_954bd0ecfee39ac0c063e703d356e3a5	PY_MODULE_26d35b2196b998f00bc6fe14819c7c1e	1	0	false	false		true	UNRESOLVED		false	false	21	8	21	SERVICE_VERSION_00000000000000000000000000000000	PY_CALL_SITE_833eeca4c1462c1fa5a780c4d03bfdb9
SIMPLE_CALL	super	super		NONE	PY_EXPRESSION_e4c34de7dfc06d92d6782cf88cf8b255		PY_SCOPE_e145df91120c70292ef7cd9cc2bdcf0f	PY_METHOD_77c3686c61f40ebcffd88460909eda13	PY_TYPE_954bd0ecfee39ac0c063e703d356e3a5	PY_MODULE_26d35b2196b998f00bc6fe14819c7c1e	0	0	false	false		true	BUILTIN		false	false	21	8	21	SERVICE_VERSION_00000000000000000000000000000000	PY_CALL_SITE_d0554cff928d7cc287f8798a4277331c
METHOD_CALL	append	self.errors.append	self.errors	ATTRIBUTE	PY_EXPRESSION_6a99e973b03acbd494c078e522113372	PY_EXPRESSION_c2907f3dc4c72800e0997b88d33fab9e	PY_SCOPE_b8dc116ededd481f2f425f41cddf221f	PY_METHOD_ef374dadf3ccf3021c147e64b29396be	PY_TYPE_9deedaea90d20e656e8c801aca75c5ee	PY_MODULE_26d35b2196b998f00bc6fe14819c7c1e	1	0	false	false		true	BUILTIN		false	true	34	12	34	SERVICE_VERSION_00000000000000000000000000000000	PY_CALL_SITE_d07dd7778dca7486dabdffb62e58cd51
SIMPLE_CALL	ValidationError	ValidationError		NONE	PY_EXPRESSION_9bfa351854f48d70504cf8c1818e6946		PY_SCOPE_b8dc116ededd481f2f425f41cddf221f	PY_METHOD_ef374dadf3ccf3021c147e64b29396be	PY_TYPE_9deedaea90d20e656e8c801aca75c5ee	PY_MODULE_26d35b2196b998f00bc6fe14819c7c1e	2	0	false	false		true	TYPE	PY_TYPE_954bd0ecfee39ac0c063e703d356e3a5	false	true	34	31	34	SERVICE_VERSION_00000000000000000000000000000000	PY_CALL_SITE_f30804f61a760f4021e1ea1adffa1e95
SIMPLE_CALL	Ledger	Ledger		NONE	PY_EXPRESSION_26ac5de676fc199034979a44792ad674		PY_SCOPE_e73af448557437e203c63e4d64f611f8	PY_METHOD_abfce174106901a960c915c66b87a856	PY_TYPE_dff12876742058f9582b3f3848aa5392	PY_MODULE_26d35b2196b998f00bc6fe14819c7c1e	0	0	false	false		true	TYPE	PY_TYPE_65c006b7dc1da8d5b431a90353733207	false	false	46	56	46	SERVICE_VERSION_00000000000000000000000000000000	PY_CALL_SITE_98557d0d1d1d37bed9598a9a972c1038
SIMPLE_CALL	AccountValidator	AccountValidator		NONE	PY_EXPRESSION_d8718ba90355f4853efd05434c421ddc		PY_SCOPE_e73af448557437e203c63e4d64f611f8	PY_METHOD_abfce174106901a960c915c66b87a856	PY_TYPE_dff12876742058f9582b3f3848aa5392	PY_MODULE_26d35b2196b998f00bc6fe14819c7c1e	0	0	false	false		true	TYPE	PY_TYPE_9deedaea90d20e656e8c801aca75c5ee	false	false	47	25	47	SERVICE_VERSION_00000000000000000000000000000000	PY_CALL_SITE_12ea6e33b1e4715f8b3c53b21123a031
METHOD_CALL	info	logger.info	logger	NAME	PY_EXPRESSION_29997158b1171f7fd4a5f4f6319c263a	PY_EXPRESSION_47710d741a21551aa6e8e7bb531fe27b	PY_SCOPE_561cdeb2fe19353f11635cfffed51367	PY_METHOD_a4f44c51e1252db01cd41953f6bb0547	PY_TYPE_dff12876742058f9582b3f3848aa5392	PY_MODULE_26d35b2196b998f00bc6fe14819c7c1e	3	0	false	false		true	UNRESOLVED		false	false	52	8	52	SERVICE_VERSION_00000000000000000000000000000000	PY_CALL_SITE_64e94dde1e6c1e9ef6f73a4150d80761
SIMPLE_CALL	find_account	find_account		NONE	PY_EXPRESSION_c537ceae5e91a37db734e2d14e69584c		PY_SCOPE_561cdeb2fe19353f11635cfffed51367	PY_METHOD_a4f44c51e1252db01cd41953f6bb0547	PY_TYPE_dff12876742058f9582b3f3848aa5392	PY_MODULE_26d35b2196b998f00bc6fe14819c7c1e	1	0	false	false		true	MODULE_FUNCTION	PY_METHOD_499d987a935671c184ee14ca08435562	false	false	55	17	55	SERVICE_VERSION_00000000000000000000000000000000	PY_CALL_SITE_06556658c4014a54dbc228571bf4d49d
SIMPLE_CALL	find_account	find_account		NONE	PY_EXPRESSION_51d02786b506898408350f4f450eae81		PY_SCOPE_561cdeb2fe19353f11635cfffed51367	PY_METHOD_a4f44c51e1252db01cd41953f6bb0547	PY_TYPE_dff12876742058f9582b3f3848aa5392	PY_MODULE_26d35b2196b998f00bc6fe14819c7c1e	1	0	false	false		true	MODULE_FUNCTION	PY_METHOD_499d987a935671c184ee14ca08435562	false	false	56	17	56	SERVICE_VERSION_00000000000000000000000000000000	PY_CALL_SITE_da8cd338f4afc76f92befcc7529c9e1e
SELF_CALL	validate_amount	self.validate_amount	self	SELF	PY_EXPRESSION_5549a799de4bed965216428dc6ad9659	PY_EXPRESSION_4e0bf83f7811f28722b09e70f62adf1c	PY_SCOPE_561cdeb2fe19353f11635cfffed51367	PY_METHOD_a4f44c51e1252db01cd41953f6bb0547	PY_TYPE_dff12876742058f9582b3f3848aa5392	PY_MODULE_26d35b2196b998f00bc6fe14819c7c1e	1	0	false	false		true	METHOD	PY_METHOD_f152f38c0c5e01350b26d4ccebd7fc8d	false	false	59	15	59	SERVICE_VERSION_00000000000000000000000000000000	PY_CALL_SITE_5878ddeb7392e4c8661616b7c1965f18
METHOD_CALL	first_error	self.validator.first_error	self.validator	ATTRIBUTE	PY_EXPRESSION_188988e1a3c8cb921b10ddabef199c51	PY_EXPRESSION_bf4478f436af9bc6bd1abd76b60d96cd	PY_SCOPE_561cdeb2fe19353f11635cfffed51367	PY_METHOD_a4f44c51e1252db01cd41953f6bb0547	PY_TYPE_dff12876742058f9582b3f3848aa5392	PY_MODULE_26d35b2196b998f00bc6fe14819c7c1e	0	0	false	false		true	METHOD	PY_METHOD_6cc51de6adf0eda0911df3654fc37b80	false	true	61	20	61	SERVICE_VERSION_00000000000000000000000000000000	PY_CALL_SITE_0ae79b7551b9fba9633aaa4af791cadd
SIMPLE_CALL	ValidationError	ValidationError		NONE	PY_EXPRESSION_656e854575096bf52063384144c1c7ed		PY_SCOPE_561cdeb2fe19353f11635cfffed51367	PY_METHOD_a4f44c51e1252db01cd41953f6bb0547	PY_TYPE_dff12876742058f9582b3f3848aa5392	PY_MODULE_26d35b2196b998f00bc6fe14819c7c1e	2	0	false	false		true	TYPE	PY_TYPE_954bd0ecfee39ac0c063e703d356e3a5	false	true	62	50	62	SERVICE_VERSION_00000000000000000000000000000000	PY_CALL_SITE_f86aa5e04a6b6e7477d58649a0b62225
CHAINED_CALL	balance	balance	source.withdraw(amount)	CALL_RESULT	PY_EXPRESSION_62f3980ba36c5c6ea31033b973e2488e	PY_EXPRESSION_485ec106afcbba707b04bd79c892ec8c	PY_SCOPE_561cdeb2fe19353f11635cfffed51367	PY_METHOD_a4f44c51e1252db01cd41953f6bb0547	PY_TYPE_dff12876742058f9582b3f3848aa5392	PY_MODULE_26d35b2196b998f00bc6fe14819c7c1e	0	0	false	false		true	UNRESOLVED		false	false	65	8	65	SERVICE_VERSION_00000000000000000000000000000000	PY_CALL_SITE_4edc913df38fa45f751ac37afa2d0d9b
METHOD_CALL	withdraw	source.withdraw	source	NAME	PY_EXPRESSION_485ec106afcbba707b04bd79c892ec8c	PY_EXPRESSION_efcc3d4af12923b60b7ab0229ef6bd00	PY_SCOPE_561cdeb2fe19353f11635cfffed51367	PY_METHOD_a4f44c51e1252db01cd41953f6bb0547	PY_TYPE_dff12876742058f9582b3f3848aa5392	PY_MODULE_26d35b2196b998f00bc6fe14819c7c1e	1	0	false	false		true	UNRESOLVED		false	false	65	8	65	SERVICE_VERSION_00000000000000000000000000000000	PY_CALL_SITE_9f8dcbcad1f1bf4be1ee55c69ae3eb9b
METHOD_CALL	deposit	target.deposit	target	NAME	PY_EXPRESSION_c07651fe4f742535433c4412b02dfc2a	PY_EXPRESSION_9db3a41c88d40f0f3e84094ea063d153	PY_SCOPE_561cdeb2fe19353f11635cfffed51367	PY_METHOD_a4f44c51e1252db01cd41953f6bb0547	PY_TYPE_dff12876742058f9582b3f3848aa5392	PY_MODULE_26d35b2196b998f00bc6fe14819c7c1e	1	0	false	false		true	UNRESOLVED		false	false	66	8	66	SERVICE_VERSION_00000000000000000000000000000000	PY_CALL_SITE_638c5c25211e0209f878abe8f32e15c4
METHOD_CALL	record	self.ledger.record	self.ledger	ATTRIBUTE	PY_EXPRESSION_a7cccc015e89762aa709329088ae544c	PY_EXPRESSION_18d7d2225d8e1749f3be484b35a69539	PY_SCOPE_561cdeb2fe19353f11635cfffed51367	PY_METHOD_a4f44c51e1252db01cd41953f6bb0547	PY_TYPE_dff12876742058f9582b3f3848aa5392	PY_MODULE_26d35b2196b998f00bc6fe14819c7c1e	1	0	false	false		true	UNRESOLVED		false	false	69	8	69	SERVICE_VERSION_00000000000000000000000000000000	PY_CALL_SITE_850dc8ec275ba56aa6bd5df930af35d8
METHOD_CALL	record	self.ledger.record	self.ledger	ATTRIBUTE	PY_EXPRESSION_e07aedb386a9957564a5dcb22373ea02	PY_EXPRESSION_aa94e417df74e077457a554d7bd68e60	PY_SCOPE_561cdeb2fe19353f11635cfffed51367	PY_METHOD_a4f44c51e1252db01cd41953f6bb0547	PY_TYPE_dff12876742058f9582b3f3848aa5392	PY_MODULE_26d35b2196b998f00bc6fe14819c7c1e	1	0	false	false		true	UNRESOLVED		false	false	70	8	70	SERVICE_VERSION_00000000000000000000000000000000	PY_CALL_SITE_18323b908cd2294ce9258f53c7ff0af6
SELF_CALL	summary	self.summary	self	SELF	PY_EXPRESSION_20ce67fc39b8b4c8bc1a0062f7191b8e	PY_EXPRESSION_dabdf38f5641798db2f9c1fd7bd4995b	PY_SCOPE_561cdeb2fe19353f11635cfffed51367	PY_METHOD_a4f44c51e1252db01cd41953f6bb0547	PY_TYPE_dff12876742058f9582b3f3848aa5392	PY_MODULE_26d35b2196b998f00bc6fe14819c7c1e	0	0	false	false		true	METHOD	PY_METHOD_edd03c03ab2416f2845f0f56293c18dd	false	false	73	15	73	SERVICE_VERSION_00000000000000000000000000000000	PY_CALL_SITE_a23eae7b88e50e9076ad8e3cc4386b92
METHOD_CALL	validate	self.validator.validate	self.validator	ATTRIBUTE	PY_EXPRESSION_573387f39a9498ea26bd6b074b8f764f	PY_EXPRESSION_712d72af1e6afe9edf17b22e0eb5093c	PY_SCOPE_bd2c8a1a0b122058fb4b10728e8e4c8a	PY_METHOD_f152f38c0c5e01350b26d4ccebd7fc8d	PY_TYPE_dff12876742058f9582b3f3848aa5392	PY_MODULE_26d35b2196b998f00bc6fe14819c7c1e	1	0	false	false		true	METHOD	PY_METHOD_ef374dadf3ccf3021c147e64b29396be	false	false	77	15	77	SERVICE_VERSION_00000000000000000000000000000000	PY_CALL_SITE_d098c182af37d94a8266373fe5d2fcc0
METHOD_CALL	total	self.ledger.total	self.ledger	ATTRIBUTE	PY_EXPRESSION_59b8ff5c4288c54cba19548c9a0fcc11	PY_EXPRESSION_b72081801c56d75504305e320b549e46	PY_SCOPE_803c71b45a1182b2f11c2cae26dd3c75	PY_METHOD_edd03c03ab2416f2845f0f56293c18dd	PY_TYPE_dff12876742058f9582b3f3848aa5392	PY_MODULE_26d35b2196b998f00bc6fe14819c7c1e	0	0	false	false		true	UNRESOLVED		false	false	82	21	82	SERVICE_VERSION_00000000000000000000000000000000	PY_CALL_SITE_2fa1c9630dfe56ce9d30fecd86d88d74
METHOD_CALL	append	results.append	results	NAME	PY_EXPRESSION_aa6d14697aae0cb4570bb6b943328a94	PY_EXPRESSION_2eb00622cb12b528868b4d027a80defa	PY_SCOPE_8b1ebbedc3c91952fcd8ef60fc23658d	PY_METHOD_6ff262cc7fe657bfb02c1bd9bf0a9a20	PY_TYPE_dff12876742058f9582b3f3848aa5392	PY_MODULE_26d35b2196b998f00bc6fe14819c7c1e	1	0	false	false		true	UNRESOLVED		false	true	90	16	90	SERVICE_VERSION_00000000000000000000000000000000	PY_CALL_SITE_86b1d01da15706a883c264ae9e21d377
SELF_CALL	transfer	self.transfer	self	SELF	PY_EXPRESSION_1a26e889073e5fc2b19e2777da2febe2	PY_EXPRESSION_de1a9662936bc4f728d9c42766717e0b	PY_SCOPE_8b1ebbedc3c91952fcd8ef60fc23658d	PY_METHOD_6ff262cc7fe657bfb02c1bd9bf0a9a20	PY_TYPE_dff12876742058f9582b3f3848aa5392	PY_MODULE_26d35b2196b998f00bc6fe14819c7c1e	3	0	false	false		true	METHOD	PY_METHOD_a4f44c51e1252db01cd41953f6bb0547	false	true	90	31	90	SERVICE_VERSION_00000000000000000000000000000000	PY_CALL_SITE_bd34e77fa9b52d30adbef993425d66ba
METHOD_CALL	warning	logger.warning	logger	NAME	PY_EXPRESSION_d196a7580e3ceb91e652363c83013f0a	PY_EXPRESSION_b1ec00d8a7cf9386042c261fa83c6df8	PY_SCOPE_8b1ebbedc3c91952fcd8ef60fc23658d	PY_METHOD_6ff262cc7fe657bfb02c1bd9bf0a9a20	PY_TYPE_dff12876742058f9582b3f3848aa5392	PY_MODULE_26d35b2196b998f00bc6fe14819c7c1e	2	0	false	false		true	UNRESOLVED		false	true	92	16	92	SERVICE_VERSION_00000000000000000000000000000000	PY_CALL_SITE_cc92e804306459d5d6886fb289633973
METHOD_CALL	balance	entry.balance	entry	NAME	PY_EXPRESSION_a2c8de4abdca139eaa05194806918189	PY_EXPRESSION_e48afc6c42ea5c9dabfd6fdf9a2acbee	PY_SCOPE_a612bde078bcb50516f90f7d84efca59	PY_METHOD_eaf26aa958aceeff13711f31f5d8af05	PY_TYPE_dff12876742058f9582b3f3848aa5392	PY_MODULE_26d35b2196b998f00bc6fe14819c7c1e	0	0	false	false		true	UNRESOLVED		false	false	98	16	98	SERVICE_VERSION_00000000000000000000000000000000	PY_CALL_SITE_3419daf95273536615ea0921197750b4
METHOD_CALL	balance	entry.balance	entry	NAME	PY_EXPRESSION_b5d2a4f31ce7e9a168498e91676f5193	PY_EXPRESSION_5413d8bb190efb4e66179330c0bbaec7	PY_SCOPE_a612bde078bcb50516f90f7d84efca59	PY_METHOD_eaf26aa958aceeff13711f31f5d8af05	PY_TYPE_dff12876742058f9582b3f3848aa5392	PY_MODULE_26d35b2196b998f00bc6fe14819c7c1e	0	0	false	false		true	UNRESOLVED		false	false	98	68	98	SERVICE_VERSION_00000000000000000000000000000000	PY_CALL_SITE_dce55a4e75a0d903eec18180fec426a2
SIMPLE_CALL	TransferService	TransferService		NONE	PY_EXPRESSION_b70a914f15231928f36242c883754996		PY_SCOPE_a48078cc69c57cb076771ddc75a26984	PY_METHOD_b31da01fa40e522acd2f356bd1e5af56		PY_MODULE_26d35b2196b998f00bc6fe14819c7c1e	0	0	false	false		true	TYPE	PY_TYPE_dff12876742058f9582b3f3848aa5392	false	false	102	14	102	SERVICE_VERSION_00000000000000000000000000000000	PY_CALL_SITE_0f187a07b219228ba7057886991ec8bf
METHOD_CALL	bulk	service.bulk	service	NAME	PY_EXPRESSION_385235bc7589b86ad6d4f0efb459beca	PY_EXPRESSION_406882210216ab34984ff9e890b6f0f2	PY_SCOPE_a48078cc69c57cb076771ddc75a26984	PY_METHOD_b31da01fa40e522acd2f356bd1e5af56		PY_MODULE_26d35b2196b998f00bc6fe14819c7c1e	2	0	false	false		true	METHOD	PY_METHOD_6ff262cc7fe657bfb02c1bd9bf0a9a20	false	false	103	14	103	SERVICE_VERSION_00000000000000000000000000000000	PY_CALL_SITE_1d8d8e3389352be12c44bd9d049e069f
SIMPLE_CALL	Account	Account		NONE	PY_EXPRESSION_c3d2a2c4b7e14371669f0c9275857527		PY_SCOPE_9207b314ad99bbecb3a27534be644311	PY_METHOD_6df727a74135257df391e3449ce0ee7a		PY_MODULE_47bc7c208a0cd524af17965fb97762d1	1	0	false	false		true	TYPE	PY_TYPE_160aee5ca584e3817b8783b4e148e2a8	false	false	15	14	15	SERVICE_VERSION_00000000000000000000000000000000	PY_CALL_SITE_b8a6b9e3cb0a5961a6ee45b891997871
METHOD_CALL	balance	account.balance	account	NAME	PY_EXPRESSION_5b1983e90c3165a9448ba8363466ff1e	PY_EXPRESSION_6c82e365ad18f038efceddb18bf50d3b	PY_SCOPE_9207b314ad99bbecb3a27534be644311	PY_METHOD_6df727a74135257df391e3449ce0ee7a		PY_MODULE_47bc7c208a0cd524af17965fb97762d1	0	0	false	false		true	METHOD	PY_METHOD_2daf7e33379db78d4331396946451ab6	false	false	16	11	16	SERVICE_VERSION_00000000000000000000000000000000	PY_CALL_SITE_d32b5968c45f89603678bd0fdac0f1d2
SIMPLE_CALL	Account	Account		NONE	PY_EXPRESSION_ec525897b0669ae8b3ceb61f1ffa162a		PY_SCOPE_0947230b6d900e428a32312de29ec98d	PY_METHOD_f3b9ff22c6471370791c51ab89a2a391		PY_MODULE_47bc7c208a0cd524af17965fb97762d1	1	0	false	false		true	TYPE	PY_TYPE_160aee5ca584e3817b8783b4e148e2a8	false	false	21	14	21	SERVICE_VERSION_00000000000000000000000000000000	PY_CALL_SITE_8d6dec2e7e5ac51d99d6c1f3c39d5c02
SIMPLE_CALL	Account	Account		NONE	PY_EXPRESSION_c35e3e76489ec9cfb335b6832a811858		PY_SCOPE_0947230b6d900e428a32312de29ec98d	PY_METHOD_f3b9ff22c6471370791c51ab89a2a391		PY_MODULE_47bc7c208a0cd524af17965fb97762d1	1	0	false	false		true	TYPE	PY_TYPE_160aee5ca584e3817b8783b4e148e2a8	false	false	22	14	22	SERVICE_VERSION_00000000000000000000000000000000	PY_CALL_SITE_ecc7173cd31cf7909388e5798a401594
METHOD_CALL	balance	account.balance	account	NAME	PY_EXPRESSION_5d26a2430c8ef10fb08decd7a3dbe2ad	PY_EXPRESSION_92d56cf88e7f929295dbbdb4dc0de26d	PY_SCOPE_0947230b6d900e428a32312de29ec98d	PY_METHOD_f3b9ff22c6471370791c51ab89a2a391		PY_MODULE_47bc7c208a0cd524af17965fb97762d1	0	0	false	false		true	METHOD	PY_METHOD_2daf7e33379db78d4331396946451ab6	false	false	23	11	23	SERVICE_VERSION_00000000000000000000000000000000	PY_CALL_SITE_944186632f1eb706880b3ee4efb5c892
SIMPLE_CALL	Account	Account		NONE	PY_EXPRESSION_d4feac7737da493b407c51b12476089d		PY_SCOPE_c3d0e3e580a1b73422e86693d5b5dd40	PY_METHOD_5d27ec7d7b451c232e77d5b035cc9c27		PY_MODULE_47bc7c208a0cd524af17965fb97762d1	1	0	false	false		true	TYPE	PY_TYPE_160aee5ca584e3817b8783b4e148e2a8	false	false	29	13	29	SERVICE_VERSION_00000000000000000000000000000000	PY_CALL_SITE_0264b9215a15bca8d05f8924e0cfdbd2
SIMPLE_CALL	Ledger	Ledger		NONE	PY_EXPRESSION_6dbf03c864584d182a2c00adcc8eda69		PY_SCOPE_c3d0e3e580a1b73422e86693d5b5dd40	PY_METHOD_5d27ec7d7b451c232e77d5b035cc9c27		PY_MODULE_47bc7c208a0cd524af17965fb97762d1	0	0	false	false		true	TYPE	PY_TYPE_65c006b7dc1da8d5b431a90353733207	false	false	30	13	30	SERVICE_VERSION_00000000000000000000000000000000	PY_CALL_SITE_b80cd850f6a6ec6661558ab72f45aa27
SIMPLE_CALL	Account	Account		NONE	PY_EXPRESSION_960f0c7d49c968a4016c50b8ffc78817		PY_SCOPE_1c01573b2f73b7529e3aadcddb666b6d	PY_METHOD_2eeec59a3521598c683dff81f2a0e297		PY_MODULE_47bc7c208a0cd524af17965fb97762d1	1	0	false	false		true	TYPE	PY_TYPE_160aee5ca584e3817b8783b4e148e2a8	false	false	36	12	36	SERVICE_VERSION_00000000000000000000000000000000	PY_CALL_SITE_10264f0f7926704c9ab4c77ff9d5a66a
SIMPLE_CALL	Ledger	Ledger		NONE	PY_EXPRESSION_381806fa7cc38f7f1bff9becfb2acd55		PY_SCOPE_1c01573b2f73b7529e3aadcddb666b6d	PY_METHOD_2eeec59a3521598c683dff81f2a0e297		PY_MODULE_47bc7c208a0cd524af17965fb97762d1	0	0	false	false		true	TYPE	PY_TYPE_65c006b7dc1da8d5b431a90353733207	false	true	38	16	38	SERVICE_VERSION_00000000000000000000000000000000	PY_CALL_SITE_2583695c4e1068424a9602d136a4830f
CHAINED_CALL	balance	balance	Account(owner)	CALL_RESULT	PY_EXPRESSION_ed4c9d6bf304d88dab7acec9893e1f81	PY_EXPRESSION_168abeb327da30e028821eaf8c6839cc	PY_SCOPE_eaf723bf913753ad15d0f724adefe6ab	PY_METHOD_ec8c06151fd2f99fa4b987fb11cdd8bb		PY_MODULE_47bc7c208a0cd524af17965fb97762d1	0	0	false	false		true	METHOD	PY_METHOD_2daf7e33379db78d4331396946451ab6	false	false	43	12	43	SERVICE_VERSION_00000000000000000000000000000000	PY_CALL_SITE_d3b430384d7d11d8552094be2b94e4c7
SIMPLE_CALL	Account	Account		NONE	PY_EXPRESSION_168abeb327da30e028821eaf8c6839cc		PY_SCOPE_eaf723bf913753ad15d0f724adefe6ab	PY_METHOD_ec8c06151fd2f99fa4b987fb11cdd8bb		PY_MODULE_47bc7c208a0cd524af17965fb97762d1	1	0	false	false		true	TYPE	PY_TYPE_160aee5ca584e3817b8783b4e148e2a8	false	false	43	12	43	SERVICE_VERSION_00000000000000000000000000000000	PY_CALL_SITE_7808f10fac65df36c79d56588449daf0
METHOD_CALL	bit_length	count.bit_length	count	NAME	PY_EXPRESSION_e87aff3fd894ec5f9d7516f00fd05a49	PY_EXPRESSION_475938b5dd695207c0a8c42512ab1ce5	PY_SCOPE_5cad0001ad5c2d0fd41e1ff52dcdd7e5	PY_METHOD_235c0b8f122fbf9b7735fce5bf83e57d		PY_MODULE_47bc7c208a0cd524af17965fb97762d1	0	0	false	false		true	UNRESOLVED		false	false	58	11	58	SERVICE_VERSION_00000000000000000000000000000000	PY_CALL_SITE_bc9296b722909a73fd8bcc26a7939c16
METHOD_CALL	upper	label.upper	label	NAME	PY_EXPRESSION_37c26b169c7cafe346d1d84e1f211946	PY_EXPRESSION_97091a3337e90707e6e3291dceac07b2	PY_SCOPE_5cad0001ad5c2d0fd41e1ff52dcdd7e5	PY_METHOD_235c0b8f122fbf9b7735fce5bf83e57d		PY_MODULE_47bc7c208a0cd524af17965fb97762d1	0	0	false	false		true	UNRESOLVED		false	false	58	31	58	SERVICE_VERSION_00000000000000000000000000000000	PY_CALL_SITE_f209f1f2c2169072142f90301b6f2699
METHOD_CALL	is_integer	ratio.is_integer	ratio	NAME	PY_EXPRESSION_d8e6be929badc9ef86bdac55646efe8e	PY_EXPRESSION_d303dd586d771c636f8eee995c56792d	PY_SCOPE_5cad0001ad5c2d0fd41e1ff52dcdd7e5	PY_METHOD_235c0b8f122fbf9b7735fce5bf83e57d		PY_MODULE_47bc7c208a0cd524af17965fb97762d1	0	0	false	false		true	UNRESOLVED		false	false	58	46	58	SERVICE_VERSION_00000000000000000000000000000000	PY_CALL_SITE_627121d892aaa6a3c622c067714884da
METHOD_CALL	keys	mapping.keys	mapping	NAME	PY_EXPRESSION_f832dbfadf467fae7772799b8a60f11b	PY_EXPRESSION_7c49431e5b1cd50d42118ea2bc7d1fd6	PY_SCOPE_5cad0001ad5c2d0fd41e1ff52dcdd7e5	PY_METHOD_235c0b8f122fbf9b7735fce5bf83e57d		PY_MODULE_47bc7c208a0cd524af17965fb97762d1	0	0	false	false		true	UNRESOLVED		false	false	59	8	59	SERVICE_VERSION_00000000000000000000000000000000	PY_CALL_SITE_e0de72ac2c900b27398e2edadd775581
SIMPLE_CALL	find_account	find_account		NONE	PY_EXPRESSION_c0a998d5803d1dcd690173a9b9d5715c		PY_SCOPE_d2889ff2828c2d3bd3c8d3d8219c12fd	PY_METHOD_55d63cabcde6c02166699295507fc726		PY_MODULE_47bc7c208a0cd524af17965fb97762d1	1	0	false	false		true	MODULE_FUNCTION	PY_METHOD_499d987a935671c184ee14ca08435562	false	false	64	14	64	SERVICE_VERSION_00000000000000000000000000000000	PY_CALL_SITE_91982fbb3bc76595c948b5dd0923ae12
METHOD_CALL	balance	account.balance	account	NAME	PY_EXPRESSION_16295f8f5de2c205e8db7246cf6ac9a2	PY_EXPRESSION_46e76905f6a3625adc8d41acc414a190	PY_SCOPE_d2889ff2828c2d3bd3c8d3d8219c12fd	PY_METHOD_55d63cabcde6c02166699295507fc726		PY_MODULE_47bc7c208a0cd524af17965fb97762d1	0	0	false	false		true	UNRESOLVED		false	false	65	11	65	SERVICE_VERSION_00000000000000000000000000000000	PY_CALL_SITE_d4c31637a4b0df9aa321df87670d7a3e
SIMPLE_CALL	Account	Account		NONE	PY_EXPRESSION_d56397d10a62f9a1873e4900597544e8		PY_SCOPE_3afcc59b2be3c17c25a6de243386c1ea	PY_METHOD_0efa377ac39f391980ffcc8615583924		PY_MODULE_47bc7c208a0cd524af17965fb97762d1	1	0	false	false		true	TYPE	PY_TYPE_160aee5ca584e3817b8783b4e148e2a8	false	false	69	12	69	SERVICE_VERSION_00000000000000000000000000000000	PY_CALL_SITE_f03a03eacf85395fc0fcca817806926d
METHOD_CALL	balance	second.balance	second	NAME	PY_EXPRESSION_0daaa3eed6ba87390176bd2b40786a41	PY_EXPRESSION_5a254610fd0fdc8dbe109d08dc874403	PY_SCOPE_3afcc59b2be3c17c25a6de243386c1ea	PY_METHOD_0efa377ac39f391980ffcc8615583924		PY_MODULE_47bc7c208a0cd524af17965fb97762d1	0	0	false	false		true	UNRESOLVED		false	false	71	11	71	SERVICE_VERSION_00000000000000000000000000000000	PY_CALL_SITE_d9a510405ea2b9b636dc0d5302c56bbe
METHOD_CALL	balance	account.balance	account	NAME	PY_EXPRESSION_ab2aff9fcce7e94dad89505ae10108c2	PY_EXPRESSION_af2518f928fc59b4a6eec70ca478bd57	PY_SCOPE_ba10b89745294c0aedc34df8d8405bf0	PY_METHOD_5bee5f26bf4c1e3dd26662f34bd2bf49		PY_MODULE_47bc7c208a0cd524af17965fb97762d1	0	0	false	false		true	UNRESOLVED		false	true	83	28	83	SERVICE_VERSION_00000000000000000000000000000000	PY_CALL_SITE_a418c4e20a02865fd6289e594dd94113
SIMPLE_CALL	open	open		NONE	PY_EXPRESSION_0b4933fca49a19ded28095c115e518c7		PY_SCOPE_b573c25e547f415b4814cbc16bf215db	PY_METHOD_1536eea9d235cae8d2cdc753cf867ab3		PY_MODULE_47bc7c208a0cd524af17965fb97762d1	1	0	false	false		true	BUILTIN		false	false	88	9	88	SERVICE_VERSION_00000000000000000000000000000000	PY_CALL_SITE_b3cd72a0651a36aa18997870e0e9aff4
METHOD_CALL	read	handle.read	handle	NAME	PY_EXPRESSION_2daa5788bcd83d46d25e5e2a8969a359	PY_EXPRESSION_19abcb87811bfc3f86a8bb2c55e68467	PY_SCOPE_b573c25e547f415b4814cbc16bf215db	PY_METHOD_1536eea9d235cae8d2cdc753cf867ab3		PY_MODULE_47bc7c208a0cd524af17965fb97762d1	0	0	false	false		true	UNRESOLVED		false	false	89	15	89	SERVICE_VERSION_00000000000000000000000000000000	PY_CALL_SITE_9f538496bc222776a2dcd41f175fa8d3
METHOD_CALL	balance	left.balance	left	NAME	PY_EXPRESSION_9aee94586f2529bfc0c5c833a7096165	PY_EXPRESSION_d5bbca74dfa1605c3e6c31d9ff557784	PY_SCOPE_f577a54fd7c4f78d95f7d813d36aa072	PY_METHOD_972c3645b5a93c9b52c60d8000dd3b60		PY_MODULE_47bc7c208a0cd524af17965fb97762d1	0	0	false	false		true	UNRESOLVED		false	false	94	11	94	SERVICE_VERSION_00000000000000000000000000000000	PY_CALL_SITE_6930c2b03004bd9ad7d532e5adf48d29
METHOD_CALL	total	right.total	right	NAME	PY_EXPRESSION_ae3eb22dbfe417ae0557a7b8fd3b025e	PY_EXPRESSION_9333f67ce32cc3c81282516bc4dd7d34	PY_SCOPE_f577a54fd7c4f78d95f7d813d36aa072	PY_METHOD_972c3645b5a93c9b52c60d8000dd3b60		PY_MODULE_47bc7c208a0cd524af17965fb97762d1	0	0	false	false		true	UNRESOLVED		false	false	94	27	94	SERVICE_VERSION_00000000000000000000000000000000	PY_CALL_SITE_69246e04f8f71d810cd12bcbffa11bc7
METHOD_CALL	balance	head.balance	head	NAME	PY_EXPRESSION_a19390a1d468d8307be96737e8037351	PY_EXPRESSION_c1b1aada33ee1369fc5015c8edd52110	PY_SCOPE_8bbe73c7c5b3117e2a578aba2dfa9700	PY_METHOD_60ba9a680d87a61627cf5d14c81f273e		PY_MODULE_47bc7c208a0cd524af17965fb97762d1	0	0	false	false		true	UNRESOLVED		false	false	99	11	99	SERVICE_VERSION_00000000000000000000000000000000	PY_CALL_SITE_6a1ec2db48e5b8c9649b16ff17ca525f
SIMPLE_CALL	Account	Account		NONE	PY_EXPRESSION_dd609201425feb1b52db0e012b8613c2		PY_SCOPE_31f769b98174428d37fa3db6d8c00bf7	PY_METHOD_3515c175a33ee571eb6bca647c579262		PY_MODULE_47bc7c208a0cd524af17965fb97762d1	1	0	false	false		true	TYPE	PY_TYPE_160aee5ca584e3817b8783b4e148e2a8	false	false	103	19	103	SERVICE_VERSION_00000000000000000000000000000000	PY_CALL_SITE_0f170db18dbff626df2670d3aebfa7bb
METHOD_CALL	balance	account.balance	account	NAME	PY_EXPRESSION_31373ff3b23f936e1497afb43bf71a72	PY_EXPRESSION_374780db4a63836f7e0baec65254c143	PY_SCOPE_31f769b98174428d37fa3db6d8c00bf7	PY_METHOD_3515c175a33ee571eb6bca647c579262		PY_MODULE_47bc7c208a0cd524af17965fb97762d1	0	0	false	false		true	UNRESOLVED		false	true	104	15	104	SERVICE_VERSION_00000000000000000000000000000000	PY_CALL_SITE_01c91973ab3f9c7f0d2d9f3a7f2b3c00
SIMPLE_CALL	Ledger	Ledger		NONE	PY_EXPRESSION_e60bcbafce4b72fe862739c1095972ad		PY_SCOPE_a60a41a954c99d92226f74321fc379e3	PY_METHOD_228a2731b54001e4be8fe0e3dbd7d641		PY_MODULE_47bc7c208a0cd524af17965fb97762d1	0	0	false	false		true	TYPE	PY_TYPE_65c006b7dc1da8d5b431a90353733207	false	false	110	14	110	SERVICE_VERSION_00000000000000000000000000000000	PY_CALL_SITE_3c9756c2f25ab2941315c2aaf044b314
METHOD_CALL	total	account.total	account	NAME	PY_EXPRESSION_28fc0b2e4ada263f287798d21b03f34e	PY_EXPRESSION_a9bb8b8277353ad200c476bb47ca0d16	PY_SCOPE_a60a41a954c99d92226f74321fc379e3	PY_METHOD_228a2731b54001e4be8fe0e3dbd7d641		PY_MODULE_47bc7c208a0cd524af17965fb97762d1	0	0	false	false		true	METHOD	PY_METHOD_8028747b9b8ea746a7c3fa92b556c409	false	false	111	11	111	SERVICE_VERSION_00000000000000000000000000000000	PY_CALL_SITE_3a954a02e51f19e2c8e19b225b81ce98
METHOD_CALL	append	self.entries.append	self.entries	ATTRIBUTE	PY_EXPRESSION_07a94b37a23ee44a1f97a5769b6fd4f5	PY_EXPRESSION_bf1532b120f210e3395d00ea68442975	PY_SCOPE_43fa8227f19b945bb1fd9d7294283d50	PY_METHOD_943114e5f7e3a86f5971328f318a5e0d	PY_TYPE_65c006b7dc1da8d5b431a90353733207	PY_MODULE_8cbfa051f91ccce50d30f3a888c9a1c4	1	0	false	false		true	BUILTIN		false	false	30	8	30	SERVICE_VERSION_00000000000000000000000000000000	PY_CALL_SITE_daef973c369fe9100169b377ca4635cc
METHOD_CALL	balance	entry.balance	entry	NAME	PY_EXPRESSION_e3865feb40602927687cf60efcb2b7de	PY_EXPRESSION_cca75cbdf488c346678470364860455a	PY_SCOPE_95e92094f22f000742a4266ce6e52dbf	PY_METHOD_8028747b9b8ea746a7c3fa92b556c409	PY_TYPE_65c006b7dc1da8d5b431a90353733207	PY_MODULE_8cbfa051f91ccce50d30f3a888c9a1c4	0	0	false	false		true	UNRESOLVED		false	true	36	32	36	SERVICE_VERSION_00000000000000000000000000000000	PY_CALL_SITE_581095450ca6df4fbf063bdc8c7e5268
METHOD_CALL	get	_STORE.get	_STORE	NAME	PY_EXPRESSION_3a7a831b95e675fa588d026f28556ae4	PY_EXPRESSION_d6ec30e515c405e248df85de5b0b095d	PY_SCOPE_07f0e6cd7c826d1f1184f8f6801dee10	PY_METHOD_499d987a935671c184ee14ca08435562		PY_MODULE_d3b70aaf7bb86c1af4aacf97de85878b	1	0	false	false		true	UNRESOLVED		false	false	10	15	10	SERVICE_VERSION_00000000000000000000000000000000	PY_CALL_SITE_32903a7be3c4d53ad73014b81994975e
SIMPLE_CALL	Account	Account		NONE	PY_EXPRESSION_d8f0d776a75cbcd80f995b1cc3970240		PY_SCOPE_07f0e6cd7c826d1f1184f8f6801dee10	PY_METHOD_499d987a935671c184ee14ca08435562		PY_MODULE_d3b70aaf7bb86c1af4aacf97de85878b	1	0	false	false		true	TYPE	PY_TYPE_160aee5ca584e3817b8783b4e148e2a8	false	true	12	19	12	SERVICE_VERSION_00000000000000000000000000000000	PY_CALL_SITE_fa6dcff58567ddf5c3202d465672ba60
SIMPLE_CALL	Ledger	Ledger		NONE	PY_EXPRESSION_05b075909384a01eda38e771e75a8d5e		PY_SCOPE_fb4cc01be5576fc19e7b2cc5221cb8ac	PY_METHOD_c6b222269a1a7635b00cfd26ca93a0a0		PY_MODULE_d3b70aaf7bb86c1af4aacf97de85878b	0	0	false	false		true	TYPE	PY_TYPE_65c006b7dc1da8d5b431a90353733207	false	false	19	11	19	SERVICE_VERSION_00000000000000000000000000000000	PY_CALL_SITE_b7230b81885b09a9a17348bc3bc38723
METHOD_CALL	save	self.inner.save	self.inner	ATTRIBUTE	PY_EXPRESSION_00a537197969057506e8e09d49159d50	PY_EXPRESSION_4b61e850e9d071acdd3a88b3724186fd	PY_SCOPE_75a5924371610e63456441a571889cae	PY_METHOD_d1f6c3339d294672b9d5eb2a56618182	PY_TYPE_da43161140a5bb188ac8c981c1e5649e	PY_MODULE_ce17961cb9b5fed9cec337ad16f99cf3	1	0	false	false		true	UNRESOLVED		false	false	47	15	47	SERVICE_VERSION_00000000000000000000000000000000	PY_CALL_SITE_c50d9790298d938a40b68a62f88e40e1
SIMPLE_CALL	FileStore	FileStore		NONE	PY_EXPRESSION_1bf4f6e295e4b86e4b9e811fd63337a3		PY_SCOPE_e9f46f59768f40357d8e97acf21dc8f7	PY_METHOD_fe7126e9b3f926666253a1455bd761e4		PY_MODULE_ce17961cb9b5fed9cec337ad16f99cf3	0	0	false	false		true	TYPE	PY_TYPE_4a78cff9ea347266ea18f2844136becc	false	false	53	12	53	SERVICE_VERSION_00000000000000000000000000000000	PY_CALL_SITE_02b350b46b17cb25abf64569394eae4c
METHOD_CALL	save	store.save	store	NAME	PY_EXPRESSION_edc37ab090c7cbba1901b45dd9371db5	PY_EXPRESSION_373e177631a1ab4c2b0a56122d0eaed2	PY_SCOPE_e9f46f59768f40357d8e97acf21dc8f7	PY_METHOD_fe7126e9b3f926666253a1455bd761e4		PY_MODULE_ce17961cb9b5fed9cec337ad16f99cf3	1	0	false	false		true	METHOD	PY_METHOD_d0a3633a3eba729adb0e740bffa1e5e3	false	false	54	11	54	SERVICE_VERSION_00000000000000000000000000000000	PY_CALL_SITE_b39d0b75a667c77a0d45261e69f9b150
CHAINED_CALL	deposit	deposit	"Account(""owner"")"	CALL_RESULT	PY_EXPRESSION_cc1c633fc9c961158e571a2e0ab6e7c9	PY_EXPRESSION_3a5f2937a8f6ac5a3a97a1389d9350a9	PY_SCOPE_62bcc4991ac007c34f43099623fc4637	PY_METHOD_679c1e7a66e01ebb573c925694d60e80		PY_MODULE_ce17961cb9b5fed9cec337ad16f99cf3	1	0	false	false		true	METHOD	PY_METHOD_93ce37faa7f1fc202c129087153a5fbb	false	false	59	11	59	SERVICE_VERSION_00000000000000000000000000000000	PY_CALL_SITE_fc4135cbd4a1f50495d756f6b156ee3e
SIMPLE_CALL	Account	Account		NONE	PY_EXPRESSION_3a5f2937a8f6ac5a3a97a1389d9350a9		PY_SCOPE_62bcc4991ac007c34f43099623fc4637	PY_METHOD_679c1e7a66e01ebb573c925694d60e80		PY_MODULE_ce17961cb9b5fed9cec337ad16f99cf3	1	0	false	false		true	TYPE	PY_TYPE_160aee5ca584e3817b8783b4e148e2a8	false	false	59	11	59	SERVICE_VERSION_00000000000000000000000000000000	PY_CALL_SITE_34bf75e92962ac4850bf3121d452cb52
CHAINED_CALL	save	save	CachingStore(FileStore())	CALL_RESULT	PY_EXPRESSION_82a9c6b8119c51a31f33c1ccaad31375	PY_EXPRESSION_4aa4ccaffeeb23d264a17f02d9fa7287	PY_SCOPE_c5ff90c759de0712d493cf4a403633df	PY_METHOD_d4fcf4b74040b6f1db34304f09fecdff		PY_MODULE_ce17961cb9b5fed9cec337ad16f99cf3	1	0	false	false		true	METHOD	PY_METHOD_d1f6c3339d294672b9d5eb2a56618182	false	false	63	11	63	SERVICE_VERSION_00000000000000000000000000000000	PY_CALL_SITE_d1f00673e18e1eff12eac6f8807d79bc
SIMPLE_CALL	CachingStore	CachingStore		NONE	PY_EXPRESSION_4aa4ccaffeeb23d264a17f02d9fa7287		PY_SCOPE_c5ff90c759de0712d493cf4a403633df	PY_METHOD_d4fcf4b74040b6f1db34304f09fecdff		PY_MODULE_ce17961cb9b5fed9cec337ad16f99cf3	1	0	false	false		true	TYPE	PY_TYPE_da43161140a5bb188ac8c981c1e5649e	false	false	63	11	63	SERVICE_VERSION_00000000000000000000000000000000	PY_CALL_SITE_cf84443f0baef3098b5b13709f2ca147
SIMPLE_CALL	FileStore	FileStore		NONE	PY_EXPRESSION_9dc6ee25a402444867ffaa72ee2d3e19		PY_SCOPE_c5ff90c759de0712d493cf4a403633df	PY_METHOD_d4fcf4b74040b6f1db34304f09fecdff		PY_MODULE_ce17961cb9b5fed9cec337ad16f99cf3	0	0	false	false		true	TYPE	PY_TYPE_4a78cff9ea347266ea18f2844136becc	false	false	63	24	63	SERVICE_VERSION_00000000000000000000000000000000	PY_CALL_SITE_8be8bdcef2cbc2c03a502b6826759b1b
SIMPLE_CALL	isinstance	isinstance		NONE	PY_EXPRESSION_76df73a85fa3abb7d6773270ac5ec8af		PY_SCOPE_609f69a02df73b0086ccef11cd98d612	PY_METHOD_ec1c0674de5b89e4aebf23c4e1992980		PY_MODULE_ce17961cb9b5fed9cec337ad16f99cf3	2	0	false	false		true	BUILTIN		false	false	67	7	67	SERVICE_VERSION_00000000000000000000000000000000	PY_CALL_SITE_3b94561e20916feca22316739a86faad
METHOD_CALL	save	store.save	store	NAME	PY_EXPRESSION_9f84fa23d0be3214cbfd06d241e678bc	PY_EXPRESSION_f37a4072614deeb22e0f12ba925d6ab7	PY_SCOPE_609f69a02df73b0086ccef11cd98d612	PY_METHOD_ec1c0674de5b89e4aebf23c4e1992980		PY_MODULE_ce17961cb9b5fed9cec337ad16f99cf3	1	0	false	false		true	UNRESOLVED		false	true	68	15	68	SERVICE_VERSION_00000000000000000000000000000000	PY_CALL_SITE_21ea3d3100338b47eefdc21bd1f85de2
METHOD_CALL	save	store.save	store	NAME	PY_EXPRESSION_0379f50cf4f93fb4769137f645888946	PY_EXPRESSION_882ffef39321d20ff098b3a45efa6cf6	PY_SCOPE_f388bd3cce38c8238cf3ea705f6ee313	PY_METHOD_b3f9773614724880fd4d64a9714794f6		PY_MODULE_ce17961cb9b5fed9cec337ad16f99cf3	1	0	false	false		true	METHOD	PY_METHOD_0a2b9d7901b11b3729382f7f4b742b57	false	false	73	11	73	SERVICE_VERSION_00000000000000000000000000000000	PY_CALL_SITE_71c7f16d20c2563ae08c9badff6a4c63
CHAINED_CALL	save	save	make_store()	CALL_RESULT	PY_EXPRESSION_40e293ace373f6a388491239e692a702	PY_EXPRESSION_beed04d4fb0c050771af1b5c40cff57c	PY_SCOPE_e4f28d86536866977c4058fac2de1125	PY_METHOD_d4a0166fc9502502eb0afce8a8396734		PY_MODULE_ce17961cb9b5fed9cec337ad16f99cf3	1	0	false	false		true	METHOD	PY_METHOD_be2f161faf11518db7e25b6631a5ff03	false	false	77	11	77	SERVICE_VERSION_00000000000000000000000000000000	PY_CALL_SITE_abaa78e1191d232389bf4c81cf1dee24
SIMPLE_CALL	make_store	make_store		NONE	PY_EXPRESSION_beed04d4fb0c050771af1b5c40cff57c		PY_SCOPE_e4f28d86536866977c4058fac2de1125	PY_METHOD_d4a0166fc9502502eb0afce8a8396734		PY_MODULE_ce17961cb9b5fed9cec337ad16f99cf3	0	0	false	false		true	MODULE_FUNCTION	PY_METHOD_758273eb068c05403864206bbe922194	false	false	77	11	77	SERVICE_VERSION_00000000000000000000000000000000	PY_CALL_SITE_f06fe4879b5b710546b1cf7a4ae96117
SIMPLE_CALL	AuditStore	AuditStore		NONE	PY_EXPRESSION_632872871d53a460769c9a1a8a6279b3		PY_SCOPE_39568316976c44ca3b4288a571b64a87	PY_METHOD_758273eb068c05403864206bbe922194		PY_MODULE_ce17961cb9b5fed9cec337ad16f99cf3	0	0	false	false		true	TYPE	PY_TYPE_9cd9e6de4d223d020fcdc1b477d3fd03	false	false	81	11	81	SERVICE_VERSION_00000000000000000000000000000000	PY_CALL_SITE_6f8f6249fd95b3067d22f4bfc74bc4e9
METHOD_CALL	save	store.save	store	NAME	PY_EXPRESSION_d8450a05c98427bc670f0e764c079576	PY_EXPRESSION_3bfafed14f0ceece646a5455e629e8ab	PY_SCOPE_1b0ec4984727d7013e806057ebdf0884	PY_METHOD_79209177737d8b893e0fe8c3b9064363		PY_MODULE_ce17961cb9b5fed9cec337ad16f99cf3	1	0	false	false		true	UNRESOLVED		false	false	88	11	88	SERVICE_VERSION_00000000000000000000000000000000	PY_CALL_SITE_955c2fe7b2f86956711cd60662577109
DYNAMIC_CALL				NONE	PY_EXPRESSION_3655f061619c2858ab21383199ef0ad4		PY_SCOPE_f430065b47ff04ec00084e602d4e87e0	PY_METHOD_928e0a874d6371beb8d48ca946526085		PY_MODULE_ce17961cb9b5fed9cec337ad16f99cf3	0	0	false	false		true	UNRESOLVED		false	false	92	12	92	SERVICE_VERSION_00000000000000000000000000000000	PY_CALL_SITE_21ff32f74764fc71c93d0c87fb67abd9
SIMPLE_CALL	globals	globals		NONE	PY_EXPRESSION_3631a50a4ba20a6bf5a86dacc1052a3a		PY_SCOPE_f430065b47ff04ec00084e602d4e87e0	PY_METHOD_928e0a874d6371beb8d48ca946526085		PY_MODULE_ce17961cb9b5fed9cec337ad16f99cf3	0	0	false	false		true	BUILTIN		false	false	92	12	92	SERVICE_VERSION_00000000000000000000000000000000	PY_CALL_SITE_3c089d92c23e46943129c1f8158b03cb
METHOD_CALL	save	store.save	store	NAME	PY_EXPRESSION_a4c9d6278a10480fa5ef76bb491cb7a6	PY_EXPRESSION_42f255bfd4e5fc2cfea179b2dcf62f82	PY_SCOPE_f430065b47ff04ec00084e602d4e87e0	PY_METHOD_928e0a874d6371beb8d48ca946526085		PY_MODULE_ce17961cb9b5fed9cec337ad16f99cf3	1	0	false	false		true	UNRESOLVED		false	false	93	11	93	SERVICE_VERSION_00000000000000000000000000000000	PY_CALL_SITE_47be584e2117b1c67e30613c16dfff5e
DYNAMIC_CALL				NONE	PY_EXPRESSION_9982db15c30e118526828f2f14f597d7		PY_SCOPE_462b0ac631aff8bae0fed1cd176771d2	PY_METHOD_24c767c50305623afe3059a7fa0aac89		PY_MODULE_ce17961cb9b5fed9cec337ad16f99cf3	1	0	false	false		true	UNRESOLVED		false	false	97	11	97	SERVICE_VERSION_00000000000000000000000000000000	PY_CALL_SITE_4935a9158ca17ce16c022ee59391d66d
SIMPLE_CALL	getattr	getattr		NONE	PY_EXPRESSION_b889d67c40b5600760181c5c95e9a60f		PY_SCOPE_462b0ac631aff8bae0fed1cd176771d2	PY_METHOD_24c767c50305623afe3059a7fa0aac89		PY_MODULE_ce17961cb9b5fed9cec337ad16f99cf3	2	0	false	false		true	BUILTIN		false	false	97	11	97	SERVICE_VERSION_00000000000000000000000000000000	PY_CALL_SITE_80e1ff1bc7808006ec852be6d9de578b
SUBSCRIPT_CALL	save	save	stores[0]	SUBSCRIPT	PY_EXPRESSION_dd8bc57812b940c80b2f9a9dbf1e90b4	PY_EXPRESSION_96e9e2946d9e3632b97c1a08b35e94da	PY_SCOPE_ccbef12ac5a7c3f54771a8d14a1fdd57	PY_METHOD_c8e2492903f1349d8db96aa815d76be0		PY_MODULE_ce17961cb9b5fed9cec337ad16f99cf3	1	0	false	false		true	UNRESOLVED		false	false	102	11	102	SERVICE_VERSION_00000000000000000000000000000000	PY_CALL_SITE_603180b631ce1111701295c19e400009
SIMPLE_CALL	FileStore	FileStore		NONE	PY_EXPRESSION_3b7ee4f212bfede1aa7cc2a6709ba9e2		PY_SCOPE_cb5dc7462102566b821a3aff21a737e5	PY_METHOD_6a4eb4c7be5c44f570a0eb1722975963		PY_MODULE_ce17961cb9b5fed9cec337ad16f99cf3	0	0	false	false		true	TYPE	PY_TYPE_4a78cff9ea347266ea18f2844136becc	false	false	108	12	108	SERVICE_VERSION_00000000000000000000000000000000	PY_CALL_SITE_adc9b66b46d301f8605348d6d0e9954d
SIMPLE_CALL	DbStore	DbStore		NONE	PY_EXPRESSION_fed697d171ae56e7d5724b5db95fab11		PY_SCOPE_cb5dc7462102566b821a3aff21a737e5	PY_METHOD_6a4eb4c7be5c44f570a0eb1722975963		PY_MODULE_ce17961cb9b5fed9cec337ad16f99cf3	0	0	false	false		true	TYPE	PY_TYPE_6dca4a3f45f56313692e08e18aacced1	false	true	110	16	110	SERVICE_VERSION_00000000000000000000000000000000	PY_CALL_SITE_ec34e5fc63d7a320719cf3774f96ee4c
METHOD_CALL	save	store.save	store	NAME	PY_EXPRESSION_9cd2c94bfd8e8e333d7220f2817fb7df	PY_EXPRESSION_f25427a055a6b42e7e6e7a1cfda5a85e	PY_SCOPE_cb5dc7462102566b821a3aff21a737e5	PY_METHOD_6a4eb4c7be5c44f570a0eb1722975963		PY_MODULE_ce17961cb9b5fed9cec337ad16f99cf3	1	0	false	false		true	UNRESOLVED		false	false	111	11	111	SERVICE_VERSION_00000000000000000000000000000000	PY_CALL_SITE_c9df9aa14c8e3d46dc2f5a5d60b17af0
SIMPLE_CALL	Account	Account		NONE	PY_EXPRESSION_19a907f1e9248cfa728d0ce77003cd6b		PY_SCOPE_1ea361bd411db94b7da274424a3404d7	PY_METHOD_22d246dc6c1c02a93c5abfa3303cbd37		PY_MODULE_9c9f1480da13fb17657d9fde537a37e0	1	0	false	false		true	TYPE	PY_TYPE_160aee5ca584e3817b8783b4e148e2a8	false	false	14	11	14	SERVICE_VERSION_00000000000000000000000000000000	PY_CALL_SITE_fb302fb2f348e36a8aecf0937c0d1866
SIMPLE_CALL	Account	Account		NONE	PY_EXPRESSION_8f1c19ac1cbbd2c0220753028fe14c0f		PY_SCOPE_d2bab5fdd2d135810e5a86a9bef37027	PY_METHOD_80d94179b1e253759098e913ccd1a0f1		PY_MODULE_9c9f1480da13fb17657d9fde537a37e0	1	0	false	false		true	TYPE	PY_TYPE_160aee5ca584e3817b8783b4e148e2a8	false	false	19	11	19	SERVICE_VERSION_00000000000000000000000000000000	PY_CALL_SITE_f7aa19821189286ccb0b6ad7d2e22097
SIMPLE_CALL	returns_new_directly	returns_new_directly		NONE	PY_EXPRESSION_53d92181664c81c356018940a5567f1f		PY_SCOPE_20fe6b3ce5d1c6a8a5e259683850275d	PY_METHOD_0bd157d1de0fd5fdb5e41493c68a216f		PY_MODULE_9c9f1480da13fb17657d9fde537a37e0	1	0	false	false		true	MODULE_FUNCTION	PY_METHOD_22d246dc6c1c02a93c5abfa3303cbd37	false	false	24	11	24	SERVICE_VERSION_00000000000000000000000000000000	PY_CALL_SITE_43c940b03e26e3e2160f249653b0b296
SIMPLE_CALL	Account	Account		NONE	PY_EXPRESSION_067140c61334df2b07b6ea2f2a6789d0		PY_SCOPE_440b72628b7a91acf0a4a3cae1aafac1	PY_METHOD_07797a1ba11d3626a9631e2e767b76df		PY_MODULE_9c9f1480da13fb17657d9fde537a37e0	1	0	false	false		true	TYPE	PY_TYPE_160aee5ca584e3817b8783b4e148e2a8	false	true	30	15	30	SERVICE_VERSION_00000000000000000000000000000000	PY_CALL_SITE_47369d7b5a17434aab3be62eafd06a36
SIMPLE_CALL	Ledger	Ledger		NONE	PY_EXPRESSION_414c3724f722c7fd9ea46c66edc46cbf		PY_SCOPE_440b72628b7a91acf0a4a3cae1aafac1	PY_METHOD_07797a1ba11d3626a9631e2e767b76df		PY_MODULE_9c9f1480da13fb17657d9fde537a37e0	0	0	false	false		true	TYPE	PY_TYPE_65c006b7dc1da8d5b431a90353733207	false	false	31	11	31	SERVICE_VERSION_00000000000000000000000000000000	PY_CALL_SITE_55ae60d77dd448fcae01b09670a8855e
SIMPLE_CALL	Account	Account		NONE	PY_EXPRESSION_5810f5c4dbb0a5df268bf2f6f2bbd7e9		PY_SCOPE_9643ed5eb7ad9215f7eb2ce8095491e8	PY_METHOD_94bf6301f05c6dfdb57df3b97a059c27		PY_MODULE_9c9f1480da13fb17657d9fde537a37e0	1	0	false	false		true	TYPE	PY_TYPE_160aee5ca584e3817b8783b4e148e2a8	false	false	37	11	37	SERVICE_VERSION_00000000000000000000000000000000	PY_CALL_SITE_7622d5295446825506b23b6f739f6d05
CHAINED_CALL	deposit	deposit	Account(owner)	CALL_RESULT	PY_EXPRESSION_cd579e2c4ff894bad72a24d92f8caf98	PY_EXPRESSION_b6f1a33cb4d4cac1d29634f9ad5da099	PY_SCOPE_6eb8b50021ea0507bd2a7f68658519f9	PY_METHOD_a44b164c3e7c5b16601544ee778f0a73		PY_MODULE_9c9f1480da13fb17657d9fde537a37e0	1	0	false	false		true	METHOD	PY_METHOD_93ce37faa7f1fc202c129087153a5fbb	false	false	41	11	41	SERVICE_VERSION_00000000000000000000000000000000	PY_CALL_SITE_34baf8094f68218ab1635b186237b60b
SIMPLE_CALL	Account	Account		NONE	PY_EXPRESSION_b6f1a33cb4d4cac1d29634f9ad5da099		PY_SCOPE_6eb8b50021ea0507bd2a7f68658519f9	PY_METHOD_a44b164c3e7c5b16601544ee778f0a73		PY_MODULE_9c9f1480da13fb17657d9fde537a37e0	1	0	false	false		true	TYPE	PY_TYPE_160aee5ca584e3817b8783b4e148e2a8	false	false	41	11	41	SERVICE_VERSION_00000000000000000000000000000000	PY_CALL_SITE_e6efd1754adbd24a65d6da0cc8960bd1
SIMPLE_CALL	Ledger	Ledger		NONE	PY_EXPRESSION_7ffb8bed3cd74ba5481e8bda3b03ddc6		PY_SCOPE_27f8317db4ab108ee2bda3041f2e0ba7	PY_METHOD_cd31b19764a80b4d65d57b7679a5f32e	PY_TYPE_bd74adf854f8871ae083bf79ff6a67b9	PY_MODULE_9c9f1480da13fb17657d9fde537a37e0	0	0	false	false		true	TYPE	PY_TYPE_65c006b7dc1da8d5b431a90353733207	false	false	46	22	46	SERVICE_VERSION_00000000000000000000000000000000	PY_CALL_SITE_ece89a80aaa3ed8033d57efc81c557c7
SIMPLE_CALL	Account	Account		NONE	PY_EXPRESSION_6bdffe0c6ef2f02c53f5fe451c3e5542		PY_SCOPE_8171dc7826f383fe3abc65c83b27f183	PY_METHOD_eefb7fdb37617f8cd2ec21ca298ec582	PY_TYPE_bd74adf854f8871ae083bf79ff6a67b9	PY_MODULE_9c9f1480da13fb17657d9fde537a37e0	1	0	false	false		true	TYPE	PY_TYPE_160aee5ca584e3817b8783b4e148e2a8	false	false	53	15	53	SERVICE_VERSION_00000000000000000000000000000000	PY_CALL_SITE_b3a238015ee56fed78acf7c9a21e785e
CHAINED_CALL	balance	balance	self.make_account(owner).deposit(5)	CALL_RESULT	PY_EXPRESSION_d56334d4970e829a3c0a85c146289e50	PY_EXPRESSION_2ae50f7870722848774270207f61992d	PY_SCOPE_cccfb13b7c8af7e38c7265697513915c	PY_METHOD_48f59d6b7f08c7d7ec6b48a8f094603e	PY_TYPE_bd74adf854f8871ae083bf79ff6a67b9	PY_MODULE_9c9f1480da13fb17657d9fde537a37e0	0	0	false	false		true	UNRESOLVED		false	false	58	15	58	SERVICE_VERSION_00000000000000000000000000000000	PY_CALL_SITE_bdbe28d7ea2918570be4fa1cd596ca34
CHAINED_CALL	deposit	deposit	self.make_account(owner)	CALL_RESULT	PY_EXPRESSION_2ae50f7870722848774270207f61992d	PY_EXPRESSION_27c9aae1fbdb6994633ec21055086445	PY_SCOPE_cccfb13b7c8af7e38c7265697513915c	PY_METHOD_48f59d6b7f08c7d7ec6b48a8f094603e	PY_TYPE_bd74adf854f8871ae083bf79ff6a67b9	PY_MODULE_9c9f1480da13fb17657d9fde537a37e0	1	0	false	false		true	UNRESOLVED		false	false	58	15	58	SERVICE_VERSION_00000000000000000000000000000000	PY_CALL_SITE_1b6c843bc33365549b82ef18c3d72a58
SELF_CALL	make_account	self.make_account	self	SELF	PY_EXPRESSION_27c9aae1fbdb6994633ec21055086445	PY_EXPRESSION_227e120b009dcb116d1ff5953e6737db	PY_SCOPE_cccfb13b7c8af7e38c7265697513915c	PY_METHOD_48f59d6b7f08c7d7ec6b48a8f094603e	PY_TYPE_bd74adf854f8871ae083bf79ff6a67b9	PY_MODULE_9c9f1480da13fb17657d9fde537a37e0	1	0	false	false		true	METHOD	PY_METHOD_eefb7fdb37617f8cd2ec21ca298ec582	false	false	58	15	58	SERVICE_VERSION_00000000000000000000000000000000	PY_CALL_SITE_79e79932b2590a1a46cbd2eac07f45aa
CHAINED_CALL	balance	balance	returns_new_directly(owner)	CALL_RESULT	PY_EXPRESSION_77fa0396bec94948ed83dbb1b0048237	PY_EXPRESSION_5c2cf59554d4bb0302e5ef29852e8bf9	PY_SCOPE_da72beb512b4d63488ce931b59267fe1	PY_METHOD_057308a5b0883fa667693e149b1b81ed		PY_MODULE_9c9f1480da13fb17657d9fde537a37e0	0	0	false	false		true	METHOD	PY_METHOD_2daf7e33379db78d4331396946451ab6	false	false	62	11	62	SERVICE_VERSION_00000000000000000000000000000000	PY_CALL_SITE_2817f2bbccc8b072f0343812bd1ff976
SIMPLE_CALL	returns_new_directly	returns_new_directly		NONE	PY_EXPRESSION_5c2cf59554d4bb0302e5ef29852e8bf9		PY_SCOPE_da72beb512b4d63488ce931b59267fe1	PY_METHOD_057308a5b0883fa667693e149b1b81ed		PY_MODULE_9c9f1480da13fb17657d9fde537a37e0	1	0	false	false		true	MODULE_FUNCTION	PY_METHOD_22d246dc6c1c02a93c5abfa3303cbd37	false	false	62	11	62	SERVICE_VERSION_00000000000000000000000000000000	PY_CALL_SITE_8145596f9d94ab721c89553739d0ab01
CHAINED_CALL	balance	balance	returns_new_directly(owner).deposit(10)	CALL_RESULT	PY_EXPRESSION_db941884deae24167b64289abcd61c8d	PY_EXPRESSION_43c3d769aa844a0971d11fe27d6f3348	PY_SCOPE_a08fd03bc1f12ff3d8af1e3907e93bf4	PY_METHOD_47dda2e9488d98fcb51f562c1a2499c4		PY_MODULE_9c9f1480da13fb17657d9fde537a37e0	0	0	false	false		true	UNRESOLVED		false	false	66	11	66	SERVICE_VERSION_00000000000000000000000000000000	PY_CALL_SITE_cfea41d54046196293c8deec36cedcfb
CHAINED_CALL	deposit	deposit	returns_new_directly(owner)	CALL_RESULT	PY_EXPRESSION_43c3d769aa844a0971d11fe27d6f3348	PY_EXPRESSION_0e31cc3fcdbfb421708c80f95c397734	PY_SCOPE_a08fd03bc1f12ff3d8af1e3907e93bf4	PY_METHOD_47dda2e9488d98fcb51f562c1a2499c4		PY_MODULE_9c9f1480da13fb17657d9fde537a37e0	1	0	false	false		true	METHOD	PY_METHOD_93ce37faa7f1fc202c129087153a5fbb	false	false	66	11	66	SERVICE_VERSION_00000000000000000000000000000000	PY_CALL_SITE_e4e1ee2056ec4981f09f20a697da549f
SIMPLE_CALL	returns_new_directly	returns_new_directly		NONE	PY_EXPRESSION_0e31cc3fcdbfb421708c80f95c397734		PY_SCOPE_a08fd03bc1f12ff3d8af1e3907e93bf4	PY_METHOD_47dda2e9488d98fcb51f562c1a2499c4		PY_MODULE_9c9f1480da13fb17657d9fde537a37e0	1	0	false	false		true	MODULE_FUNCTION	PY_METHOD_22d246dc6c1c02a93c5abfa3303cbd37	false	false	66	11	66	SERVICE_VERSION_00000000000000000000000000000000	PY_CALL_SITE_41dff5e4980c3583d5313a848c905c24
CHAINED_CALL	balance	balance	returns_new_directly(owner).deposit(10).withdraw(3)	CALL_RESULT	PY_EXPRESSION_c42a84fb0b54ccc7077c0f3bc7f28533	PY_EXPRESSION_88b8c3594c6b8e627713bbae335a02ff	PY_SCOPE_47ffe4d7245e92495fbdc073b1314db6	PY_METHOD_a4e12300d562d20000b2f87d34854a8f		PY_MODULE_9c9f1480da13fb17657d9fde537a37e0	0	0	false	false		true	UNRESOLVED		false	false	70	11	70	SERVICE_VERSION_00000000000000000000000000000000	PY_CALL_SITE_6bbc470e2c7b4509997ec2c11bcce8f0
CHAINED_CALL	withdraw	withdraw	returns_new_directly(owner).deposit(10)	CALL_RESULT	PY_EXPRESSION_88b8c3594c6b8e627713bbae335a02ff	PY_EXPRESSION_322b41303ede8559d3711f2decdc06e8	PY_SCOPE_47ffe4d7245e92495fbdc073b1314db6	PY_METHOD_a4e12300d562d20000b2f87d34854a8f		PY_MODULE_9c9f1480da13fb17657d9fde537a37e0	1	0	false	false		true	UNRESOLVED		false	false	70	11	70	SERVICE_VERSION_00000000000000000000000000000000	PY_CALL_SITE_5d0468184562a31d485d0c47a88dd82b
CHAINED_CALL	deposit	deposit	returns_new_directly(owner)	CALL_RESULT	PY_EXPRESSION_322b41303ede8559d3711f2decdc06e8	PY_EXPRESSION_d18c6b87cae0f2d5dbe86b585b7e3fd9	PY_SCOPE_47ffe4d7245e92495fbdc073b1314db6	PY_METHOD_a4e12300d562d20000b2f87d34854a8f		PY_MODULE_9c9f1480da13fb17657d9fde537a37e0	1	0	false	false		true	METHOD	PY_METHOD_93ce37faa7f1fc202c129087153a5fbb	false	false	70	11	70	SERVICE_VERSION_00000000000000000000000000000000	PY_CALL_SITE_c7c58ebda92f693f7e6a24ff01339d5f
SIMPLE_CALL	returns_new_directly	returns_new_directly		NONE	PY_EXPRESSION_d18c6b87cae0f2d5dbe86b585b7e3fd9		PY_SCOPE_47ffe4d7245e92495fbdc073b1314db6	PY_METHOD_a4e12300d562d20000b2f87d34854a8f		PY_MODULE_9c9f1480da13fb17657d9fde537a37e0	1	0	false	false		true	MODULE_FUNCTION	PY_METHOD_22d246dc6c1c02a93c5abfa3303cbd37	false	false	70	11	70	SERVICE_VERSION_00000000000000000000000000000000	PY_CALL_SITE_1d9b84a2c4ae230b44eda50e6d87c229
SIMPLE_CALL	Service	Service		NONE	PY_EXPRESSION_7d16eb831961077d3bee8565b8bff53f		PY_SCOPE_787451d2d18e97be47e5bd43eff77f32	PY_METHOD_c66c493510209b64f8b207a7f61ebbb5		PY_MODULE_9c9f1480da13fb17657d9fde537a37e0	0	0	false	false		true	TYPE	PY_TYPE_bd74adf854f8871ae083bf79ff6a67b9	false	false	74	14	74	SERVICE_VERSION_00000000000000000000000000000000	PY_CALL_SITE_952e50c442d35545b95a194732a45724
CHAINED_CALL	total	total	service.get_ledger()	CALL_RESULT	PY_EXPRESSION_e713b3e088f51d6f7e66585dcd045969	PY_EXPRESSION_13daacad7c769c904c1d18270833a7d4	PY_SCOPE_787451d2d18e97be47e5bd43eff77f32	PY_METHOD_c66c493510209b64f8b207a7f61ebbb5		PY_MODULE_9c9f1480da13fb17657d9fde537a37e0	0	0	false	false		true	UNRESOLVED		false	false	75	11	75	SERVICE_VERSION_00000000000000000000000000000000	PY_CALL_SITE_d160268f2ece37d6aa0fbbf870d5d9ab
METHOD_CALL	get_ledger	service.get_ledger	service	NAME	PY_EXPRESSION_13daacad7c769c904c1d18270833a7d4	PY_EXPRESSION_67d7e1d89d7ad55185acb884a70e0e13	PY_SCOPE_787451d2d18e97be47e5bd43eff77f32	PY_METHOD_c66c493510209b64f8b207a7f61ebbb5		PY_MODULE_9c9f1480da13fb17657d9fde537a37e0	0	0	false	false		true	METHOD	PY_METHOD_1050c803e48aa243d3e26ebb917549e8	false	false	75	11	75	SERVICE_VERSION_00000000000000000000000000000000	PY_CALL_SITE_72adcd4d07f8e17b18fca3b6528082c4
CHAINED_CALL	balance	balance	Account(owner).deposit(1).withdraw(1)	CALL_RESULT	PY_EXPRESSION_a87a6166b18d7bdf25505c8961ec13dc	PY_EXPRESSION_9eb6872ad24ba6c659a0580932c8f0c0	PY_SCOPE_5e79e096d671e9b292200e077914577e	PY_METHOD_e2c17d2df44d8afae7470b48bff8fa9f		PY_MODULE_9c9f1480da13fb17657d9fde537a37e0	0	0	false	false		true	METHOD	PY_METHOD_2daf7e33379db78d4331396946451ab6	false	false	80	11	80	SERVICE_VERSION_00000000000000000000000000000000	PY_CALL_SITE_59f9f6fe9ced6eefca26e84bc62b6b06
CHAINED_CALL	withdraw	withdraw	Account(owner).deposit(1)	CALL_RESULT	PY_EXPRESSION_9eb6872ad24ba6c659a0580932c8f0c0	PY_EXPRESSION_6553b015ea10f40c5b9fbe85c25dea0b	PY_SCOPE_5e79e096d671e9b292200e077914577e	PY_METHOD_e2c17d2df44d8afae7470b48bff8fa9f		PY_MODULE_9c9f1480da13fb17657d9fde537a37e0	1	0	false	false		true	METHOD	PY_METHOD_0d60949b38638eb134c10acb0722032d	false	false	80	11	80	SERVICE_VERSION_00000000000000000000000000000000	PY_CALL_SITE_a3a14310891576fa077c53cdbe704013
CHAINED_CALL	deposit	deposit	Account(owner)	CALL_RESULT	PY_EXPRESSION_6553b015ea10f40c5b9fbe85c25dea0b	PY_EXPRESSION_12ff9e64d5338d9de1ec4287e80ff3e8	PY_SCOPE_5e79e096d671e9b292200e077914577e	PY_METHOD_e2c17d2df44d8afae7470b48bff8fa9f		PY_MODULE_9c9f1480da13fb17657d9fde537a37e0	1	0	false	false		true	METHOD	PY_METHOD_93ce37faa7f1fc202c129087153a5fbb	false	false	80	11	80	SERVICE_VERSION_00000000000000000000000000000000	PY_CALL_SITE_b54164921813450b98a5572fc85ad9e4
SIMPLE_CALL	Account	Account		NONE	PY_EXPRESSION_12ff9e64d5338d9de1ec4287e80ff3e8		PY_SCOPE_5e79e096d671e9b292200e077914577e	PY_METHOD_e2c17d2df44d8afae7470b48bff8fa9f		PY_MODULE_9c9f1480da13fb17657d9fde537a37e0	1	0	false	false		true	TYPE	PY_TYPE_160aee5ca584e3817b8783b4e148e2a8	false	false	80	11	80	SERVICE_VERSION_00000000000000000000000000000000	PY_CALL_SITE_0b9a2c65079248c57b67c387682bb60e
CHAINED_CALL	balance	balance	find_account(owner).deposit(2)	CALL_RESULT	PY_EXPRESSION_b9ed825b244560388e991911ec3bd886	PY_EXPRESSION_c044c17a759bb63205cd4c9d880fcd0f	PY_SCOPE_9ed02449e6d589f75efde1866aa906ce	PY_METHOD_354ae1ff09214090eac15708b27608d6		PY_MODULE_9c9f1480da13fb17657d9fde537a37e0	0	0	false	false		true	UNRESOLVED		false	false	85	11	85	SERVICE_VERSION_00000000000000000000000000000000	PY_CALL_SITE_8df0f698cc7f112a3591fc239c7b3043
CHAINED_CALL	deposit	deposit	find_account(owner)	CALL_RESULT	PY_EXPRESSION_c044c17a759bb63205cd4c9d880fcd0f	PY_EXPRESSION_2ecf11cc69a09ff9f0d3ea56b282dc08	PY_SCOPE_9ed02449e6d589f75efde1866aa906ce	PY_METHOD_354ae1ff09214090eac15708b27608d6		PY_MODULE_9c9f1480da13fb17657d9fde537a37e0	1	0	false	false		true	UNRESOLVED		false	false	85	11	85	SERVICE_VERSION_00000000000000000000000000000000	PY_CALL_SITE_94488a877801e28ee6534e28ce8c48b1
SIMPLE_CALL	find_account	find_account		NONE	PY_EXPRESSION_2ecf11cc69a09ff9f0d3ea56b282dc08		PY_SCOPE_9ed02449e6d589f75efde1866aa906ce	PY_METHOD_354ae1ff09214090eac15708b27608d6		PY_MODULE_9c9f1480da13fb17657d9fde537a37e0	1	0	false	false		true	MODULE_FUNCTION	PY_METHOD_499d987a935671c184ee14ca08435562	false	false	85	11	85	SERVICE_VERSION_00000000000000000000000000000000	PY_CALL_SITE_e9058502436ba53c3bf4a4a907550471
SIMPLE_CALL	Ledger	Ledger		NONE	PY_EXPRESSION_a4ad189786f9bd0c88d076b782e9728d		PY_SCOPE_11a3ac892affc873305e62bf66899c57	PY_METHOD_c36b8f6b385f8e9cdff6822dc7283177	PY_TYPE_cae958ca255fa5164c7794954b62fdaa	PY_MODULE_47972cfb252e2f1acae1bbbe05a0ad79	0	0	false	false		true	TYPE	PY_TYPE_65c006b7dc1da8d5b431a90353733207	false	false	16	22	16	SERVICE_VERSION_00000000000000000000000000000000	PY_CALL_SITE_9634cd9a1499dca75330374d79b3b895
METHOD_CALL	record	self.ledger.record	self.ledger	ATTRIBUTE	PY_EXPRESSION_55b7caeccdcfacf9686d8354fea240fe	PY_EXPRESSION_3fe232ba126d2821daec9c73e8bb3014	PY_SCOPE_cd7e198b6606d8d294289e4756c293a3	PY_METHOD_b0bc7b1a6ed6a9ff39d9748059a0e7ec	PY_TYPE_cae958ca255fa5164c7794954b62fdaa	PY_MODULE_47972cfb252e2f1acae1bbbe05a0ad79	1	0	false	false		true	METHOD	PY_METHOD_943114e5f7e3a86f5971328f318a5e0d	false	false	20	8	20	SERVICE_VERSION_00000000000000000000000000000000	PY_CALL_SITE_5717c7052a65203a028e4ee253b01fa8
METHOD_CALL	total	self.ledger.total	self.ledger	ATTRIBUTE	PY_EXPRESSION_234f6b09b7c6d19f4b413864c71a7da4	PY_EXPRESSION_5bdf7c9ec23d3bbb3ea307a17426717d	PY_SCOPE_13b87ca4113ca9f3d76ebbdffcd0bacb	PY_METHOD_b36536cced29c4b1d92367539330fa26	PY_TYPE_cae958ca255fa5164c7794954b62fdaa	PY_MODULE_47972cfb252e2f1acae1bbbe05a0ad79	0	0	false	false		true	METHOD	PY_METHOD_8028747b9b8ea746a7c3fa92b556c409	false	false	26	15	26	SERVICE_VERSION_00000000000000000000000000000000	PY_CALL_SITE_016762d0ef7bd7e12404f2430fb3fe69
SIMPLE_CALL	Repository	Repository		NONE	PY_EXPRESSION_a8ff1230ca4772d4873e1f0c1110bbf4		PY_SCOPE_297a277bf1832b83e96710a691c45314	PY_METHOD_a60ed679b49c234b36ba6f409798c9b6	PY_TYPE_e6f0886e1ee43ec949057e681defe894	PY_MODULE_47972cfb252e2f1acae1bbbe05a0ad79	0	0	false	false		true	TYPE	PY_TYPE_cae958ca255fa5164c7794954b62fdaa	false	false	37	20	37	SERVICE_VERSION_00000000000000000000000000000000	PY_CALL_SITE_f16b9e8d8d5d88e3614b7d3c0f482cbf
SIMPLE_CALL	Account	Account		NONE	PY_EXPRESSION_281b5284279ed0f87d0da116c005ee32		PY_SCOPE_297a277bf1832b83e96710a691c45314	PY_METHOD_a60ed679b49c234b36ba6f409798c9b6	PY_TYPE_e6f0886e1ee43ec949057e681defe894	PY_MODULE_47972cfb252e2f1acae1bbbe05a0ad79	1	0	false	false		true	TYPE	PY_TYPE_160aee5ca584e3817b8783b4e148e2a8	false	false	39	23	39	SERVICE_VERSION_00000000000000000000000000000000	PY_CALL_SITE_f5edc4fd46ed6833d3cb69d100055da7
SIMPLE_CALL	Account	Account		NONE	PY_EXPRESSION_a897cb13b16b6558c2faf4ffc7280088		PY_SCOPE_ece1b1332f009edd9b7a4afc6ad97d2c	PY_METHOD_fca696f5df363dde84b4fc5b5c2da74f	PY_TYPE_e6f0886e1ee43ec949057e681defe894	PY_MODULE_47972cfb252e2f1acae1bbbe05a0ad79	1	0	false	false		true	TYPE	PY_TYPE_160aee5ca584e3817b8783b4e148e2a8	false	false	44	25	44	SERVICE_VERSION_00000000000000000000000000000000	PY_CALL_SITE_9e6174b2dfbcc346c1b035e8f7b691b6
SIMPLE_CALL	Account	Account		NONE	PY_EXPRESSION_00409b914118bd4e83ad71d2f4e270a7		PY_SCOPE_e8aeafa4492ed8c1d4d6d443d68336af	PY_METHOD_664776b097cc5444b8fb72851bf26ce8	PY_TYPE_e6f0886e1ee43ec949057e681defe894	PY_MODULE_47972cfb252e2f1acae1bbbe05a0ad79	1	0	false	false		true	TYPE	PY_TYPE_160aee5ca584e3817b8783b4e148e2a8	false	false	49	23	49	SERVICE_VERSION_00000000000000000000000000000000	PY_CALL_SITE_2b7d324ef1d2a0262df05fe6e4aad92c
SELF_CALL	compute	self.compute	self	SELF	PY_EXPRESSION_940f74fa436d0e55851399b98266c6b2	PY_EXPRESSION_099b695c38edfb1271754a866c6b24a2	PY_SCOPE_66a82385e4c839355a96cfc1923562f2	PY_METHOD_d547f058cd0bdae0eb486d679a725fd3	PY_TYPE_e6f0886e1ee43ec949057e681defe894	PY_MODULE_47972cfb252e2f1acae1bbbe05a0ad79	0	0	false	false		true	METHOD	PY_METHOD_7f53c3b8113724585abad9e1ac60d44d	false	false	54	15	54	SERVICE_VERSION_00000000000000000000000000000000	PY_CALL_SITE_2cf658dce0ba5580c150dfa10d606c01
METHOD_CALL	balance	self.primary.balance	self.primary	ATTRIBUTE	PY_EXPRESSION_cb267c4c4829432e4ee9db51a22dc0e5	PY_EXPRESSION_3c56a18764335ba0cbb7bcf24af53fa9	PY_SCOPE_0fea898c63887d314d96ab215404b534	PY_METHOD_7f53c3b8113724585abad9e1ac60d44d	PY_TYPE_e6f0886e1ee43ec949057e681defe894	PY_MODULE_47972cfb252e2f1acae1bbbe05a0ad79	0	0	false	false		true	METHOD	PY_METHOD_2daf7e33379db78d4331396946451ab6	false	false	57	15	57	SERVICE_VERSION_00000000000000000000000000000000	PY_CALL_SITE_1e9a41c24d5e00e927a1eaf77d245e1f
METHOD_CALL	balance	self.primary.balance	self.primary	ATTRIBUTE	PY_EXPRESSION_95648c0001ad2b326539dd9e6b667e56	PY_EXPRESSION_69a842940ab52473f0e89ea82c2d7caa	PY_SCOPE_9de0f648bf8a5ae0927015cc65df700b	PY_METHOD_d87f70998d9dc2c938e4913dd96b8053	PY_TYPE_e6f0886e1ee43ec949057e681defe894	PY_MODULE_47972cfb252e2f1acae1bbbe05a0ad79	0	0	false	false		true	METHOD	PY_METHOD_2daf7e33379db78d4331396946451ab6	false	false	61	15	61	SERVICE_VERSION_00000000000000000000000000000000	PY_CALL_SITE_3e65d82487e741a3b9c2a0f8c95c4bc4
METHOD_CALL	total	self.repo.ledger.total	self.repo.ledger	ATTRIBUTE	PY_EXPRESSION_fdd0c412fe837c0d5fbbb16623ef99b5	PY_EXPRESSION_225bfcf7bb19e55d0c70297365220af3	PY_SCOPE_8f4e533646327480981295e7b8669266	PY_METHOD_8357a0bc17497a8ed16633a0256d808e	PY_TYPE_e6f0886e1ee43ec949057e681defe894	PY_MODULE_47972cfb252e2f1acae1bbbe05a0ad79	0	0	false	false		true	UNRESOLVED		false	false	65	15	65	SERVICE_VERSION_00000000000000000000000000000000	PY_CALL_SITE_d6a4c1cfd59f6e347eae93a430507bda
CHAINED_CALL	total	total	self.repo.store(Account(other_owner))	CALL_RESULT	PY_EXPRESSION_6551db7dd7ee70b32f7c60e8bc89826b	PY_EXPRESSION_debd04e6d5c59e1cdec78905ce8ae3e6	PY_SCOPE_511836602d2b04bd69e99d2ec3be94f9	PY_METHOD_d8340704f3d9b1ccea3d89127eafada3	PY_TYPE_e6f0886e1ee43ec949057e681defe894	PY_MODULE_47972cfb252e2f1acae1bbbe05a0ad79	0	0	false	false		true	METHOD	PY_METHOD_b36536cced29c4b1d92367539330fa26	false	false	69	15	69	SERVICE_VERSION_00000000000000000000000000000000	PY_CALL_SITE_f162ec9741036e5cbc401600fc371aab
METHOD_CALL	store	self.repo.store	self.repo	ATTRIBUTE	PY_EXPRESSION_debd04e6d5c59e1cdec78905ce8ae3e6	PY_EXPRESSION_096e26176890fcc2ee583177d19cffc5	PY_SCOPE_511836602d2b04bd69e99d2ec3be94f9	PY_METHOD_d8340704f3d9b1ccea3d89127eafada3	PY_TYPE_e6f0886e1ee43ec949057e681defe894	PY_MODULE_47972cfb252e2f1acae1bbbe05a0ad79	1	0	false	false		true	METHOD	PY_METHOD_b0bc7b1a6ed6a9ff39d9748059a0e7ec	false	false	69	15	69	SERVICE_VERSION_00000000000000000000000000000000	PY_CALL_SITE_a013833e05c5835f3ff40175381f5e59
SIMPLE_CALL	Account	Account		NONE	PY_EXPRESSION_d971d11f2e77f30479bccfbf19383f6c		PY_SCOPE_511836602d2b04bd69e99d2ec3be94f9	PY_METHOD_d8340704f3d9b1ccea3d89127eafada3	PY_TYPE_e6f0886e1ee43ec949057e681defe894	PY_MODULE_47972cfb252e2f1acae1bbbe05a0ad79	1	0	false	false		true	TYPE	PY_TYPE_160aee5ca584e3817b8783b4e148e2a8	false	false	69	31	69	SERVICE_VERSION_00000000000000000000000000000000	PY_CALL_SITE_347dff1749822f6d8448212f1126b943
SELF_CALL	open_secondary	self.open_secondary	self	SELF	PY_EXPRESSION_0280c152ff7d08919fe47ec754ba4c53	PY_EXPRESSION_8d73b80c5265436731eff49c10869d4b	PY_SCOPE_422d6a861c8116adb8370987bcf2f789	PY_METHOD_7309058f8192e5a5b971102110a5a82c	PY_TYPE_e6f0886e1ee43ec949057e681defe894	PY_MODULE_47972cfb252e2f1acae1bbbe05a0ad79	1	0	false	false		true	METHOD	PY_METHOD_fca696f5df363dde84b4fc5b5c2da74f	false	false	73	8	73	SERVICE_VERSION_00000000000000000000000000000000	PY_CALL_SITE_3f91487dc87e21738fb93ba0ff324cbf
METHOD_CALL	balance	self.secondary.balance	self.secondary	ATTRIBUTE	PY_EXPRESSION_9514549921eee8b66a0e553954b3c0c0	PY_EXPRESSION_0774ea3ad9386311c1f8d762d10b6d32	PY_SCOPE_422d6a861c8116adb8370987bcf2f789	PY_METHOD_7309058f8192e5a5b971102110a5a82c	PY_TYPE_e6f0886e1ee43ec949057e681defe894	PY_MODULE_47972cfb252e2f1acae1bbbe05a0ad79	0	0	false	false		true	METHOD	PY_METHOD_2daf7e33379db78d4331396946451ab6	false	false	74	15	74	SERVICE_VERSION_00000000000000000000000000000000	PY_CALL_SITE_ca054b9f3293346ed4204225f0733ba5
METHOD_CALL	balance	self.primary.balance	self.primary	ATTRIBUTE	PY_EXPRESSION_5921918185efdc6b2121f5439c72a295	PY_EXPRESSION_5da9ba4f2d723ea98b7949894221ed0b	PY_SCOPE_1d7ae95f9d6dabef8a99c09462d617a0	PY_METHOD_ac3f95379f2486724063e97d9b5c47b6	PY_TYPE_8c23474ac198ab42fc8b799ff25b3510	PY_MODULE_47972cfb252e2f1acae1bbbe05a0ad79	0	0	false	false		true	METHOD	PY_METHOD_2daf7e33379db78d4331396946451ab6	false	false	93	15	93	SERVICE_VERSION_00000000000000000000000000000000	PY_CALL_SITE_78a0e05164aa0bfe8b41017dc8ef0b92
SELF_CALL	compute	self.compute	self	SELF	PY_EXPRESSION_949426bf2e8446c4625f87b4d5fab44c	PY_EXPRESSION_a3480721b3d09507f3994a3e72aa2404	PY_SCOPE_f79ffb2e7ab875e71310b7064e24bd93	PY_METHOD_888ba1593d1e84b09738bd910fdfe7d2	PY_TYPE_8c23474ac198ab42fc8b799ff25b3510	PY_MODULE_47972cfb252e2f1acae1bbbe05a0ad79	0	0	false	false		true	METHOD	PY_METHOD_7f53c3b8113724585abad9e1ac60d44d	false	false	96	15	96	SERVICE_VERSION_00000000000000000000000000000000	PY_CALL_SITE_9428ad1f48b5c33d4564faa56fd18963
SUPER_CALL	compute	compute	super()	SUPER	PY_EXPRESSION_d249b241514798c015c9d160bf3d4ccf	PY_EXPRESSION_40e83bd27079e944392420f0db5f6020	PY_SCOPE_f298e4aeb476f7d1e3ea4acb3ee1e377	PY_METHOD_214efe28dc6d392475520d1d5cd22b8b	PY_TYPE_8c23474ac198ab42fc8b799ff25b3510	PY_MODULE_47972cfb252e2f1acae1bbbe05a0ad79	0	0	false	false		true	METHOD	PY_METHOD_7f53c3b8113724585abad9e1ac60d44d	false	false	101	15	101	SERVICE_VERSION_00000000000000000000000000000000	PY_CALL_SITE_4ad43239373cd31941977c79f1b65729
SIMPLE_CALL	super	super		NONE	PY_EXPRESSION_40e83bd27079e944392420f0db5f6020		PY_SCOPE_f298e4aeb476f7d1e3ea4acb3ee1e377	PY_METHOD_214efe28dc6d392475520d1d5cd22b8b	PY_TYPE_8c23474ac198ab42fc8b799ff25b3510	PY_MODULE_47972cfb252e2f1acae1bbbe05a0ad79	0	0	false	false		true	BUILTIN		false	false	101	15	101	SERVICE_VERSION_00000000000000000000000000000000	PY_CALL_SITE_c4f10317ffeccacb8db00ca73f2a5468
SIMPLE_CALL	Service	Service		NONE	PY_EXPRESSION_774fb049c7b63537b1f43baf704be5b0		PY_SCOPE_dd2c9e04457d27cd681321b841bf945d	PY_METHOD_6a85cd680925c2f05e76e80bda970da7		PY_MODULE_47972cfb252e2f1acae1bbbe05a0ad79	1	0	false	false		true	TYPE	PY_TYPE_e6f0886e1ee43ec949057e681defe894	false	false	105	14	105	SERVICE_VERSION_00000000000000000000000000000000	PY_CALL_SITE_09164e789ad13a380f2c32140594945a
METHOD_CALL	total	service.repo.ledger.total	service.repo.ledger	ATTRIBUTE	PY_EXPRESSION_da897f00902179f67013aba96447c9a1	PY_EXPRESSION_63a0c885c89b69c029e81f15f635618f	PY_SCOPE_dd2c9e04457d27cd681321b841bf945d	PY_METHOD_6a85cd680925c2f05e76e80bda970da7		PY_MODULE_47972cfb252e2f1acae1bbbe05a0ad79	0	0	false	false		true	UNRESOLVED		false	false	106	11	106	SERVICE_VERSION_00000000000000000000000000000000	PY_CALL_SITE_848563b62c3cfd7ef2874fc4de393898
METHOD_CALL	total	service.repo.ledger.total	service.repo.ledger	ATTRIBUTE	PY_EXPRESSION_26b7971c27c0e88f02018b8fc2061751	PY_EXPRESSION_62e746aef40c7ff6fad6f71438f1504c	PY_SCOPE_e6f1dc0403573a11fd1e02ee005258cd	PY_METHOD_5c63d83dba886a8074d589d1bede0a00		PY_MODULE_47972cfb252e2f1acae1bbbe05a0ad79	0	0	false	false		true	UNRESOLVED		false	false	111	11	111	SERVICE_VERSION_00000000000000000000000000000000	PY_CALL_SITE_774b692cde1b812c6334c64f7f1609de
METHOD_CALL	record	ledger.record	ledger	NAME	PY_EXPRESSION_dbe07443b32805f00f0d67f619f65631	PY_EXPRESSION_0fc0a1802270a87b5b939b898b546c41	PY_SCOPE_683b318ba2b40d7703855ca28a459693	PY_METHOD_2e5eaf575119985a49af4ab5c1965db1		PY_MODULE_ff0e72e19cc67a1292b8a3fd0cadecff	1	0	false	false		true	METHOD	PY_METHOD_943114e5f7e3a86f5971328f318a5e0d	false	false	17	4	17	SERVICE_VERSION_00000000000000000000000000000000	PY_CALL_SITE_f9d8311fb3f86a00c303e9ba314c3716
METHOD_CALL	total	ledger.total	ledger	NAME	PY_EXPRESSION_72baecbda1b2724ee494af2a8f0ec14e	PY_EXPRESSION_7d005a5dabc3b8461e66af3edca1b789	PY_SCOPE_683b318ba2b40d7703855ca28a459693	PY_METHOD_2e5eaf575119985a49af4ab5c1965db1		PY_MODULE_ff0e72e19cc67a1292b8a3fd0cadecff	0	0	false	false		true	METHOD	PY_METHOD_8028747b9b8ea746a7c3fa92b556c409	false	false	18	11	18	SERVICE_VERSION_00000000000000000000000000000000	PY_CALL_SITE_5c069508f6d8ff610416512b672c7319
METHOD_CALL	balance	account.balance	account	NAME	PY_EXPRESSION_0d7c04686006a593a3ed3b40be518cd6	PY_EXPRESSION_d6419670875091560b3c0ca0162405a9	PY_SCOPE_e63f1e0af4a19e5f0ab86562a1895c7b	PY_METHOD_f558aabfa6800bc64e2a06dd58737257		PY_MODULE_ff0e72e19cc67a1292b8a3fd0cadecff	0	0	false	false		true	METHOD	PY_METHOD_2daf7e33379db78d4331396946451ab6	false	false	25	11	25	SERVICE_VERSION_00000000000000000000000000000000	PY_CALL_SITE_8028b0616a9073b1f0c9671704cc39a0
SIMPLE_CALL	repr	repr		NONE	PY_EXPRESSION_1a7a17b4a36f1a3decc7b7d86d0bcbaf		PY_SCOPE_af40372cc9145ef4c33c8b82edce4537	PY_METHOD_59c08f568968fd88e747104912c7cd2e		PY_MODULE_ff0e72e19cc67a1292b8a3fd0cadecff	1	0	false	false		true	BUILTIN		false	false	29	11	29	SERVICE_VERSION_00000000000000000000000000000000	PY_CALL_SITE_c2f6a3030abb4daf876da5b9194ef6cb
METHOD_CALL	values	rows.values	rows	NAME	PY_EXPRESSION_2daec7301994d9d426270389b0e2267e	PY_EXPRESSION_1221f3141136c0efc9989895b0e4b424	PY_SCOPE_7aa851e6f3de84f228d994fc75fcfe35	PY_METHOD_5c48b9f9970f88bf43555f1afeeefdb9		PY_MODULE_ff0e72e19cc67a1292b8a3fd0cadecff	0	0	false	false		true	UNRESOLVED		false	false	34	20	34	SERVICE_VERSION_00000000000000000000000000000000	PY_CALL_SITE_155693735cc4fc1c4a154faa408ecfb9
METHOD_CALL	balance	account.balance	account	NAME	PY_EXPRESSION_9c467ddcda4f8abcd9f37f38700893b5	PY_EXPRESSION_d3c144d0f93624727e85bb3f5ac317cb	PY_SCOPE_7aa851e6f3de84f228d994fc75fcfe35	PY_METHOD_5c48b9f9970f88bf43555f1afeeefdb9		PY_MODULE_ff0e72e19cc67a1292b8a3fd0cadecff	0	0	false	false		true	UNRESOLVED		false	true	36	21	36	SERVICE_VERSION_00000000000000000000000000000000	PY_CALL_SITE_1089f321a6adb67011e6252249a70bbc
SIMPLE_CALL	fn	fn		NONE	PY_EXPRESSION_0c3d5f902d675c15b6d3c787ec41e6c5		PY_SCOPE_bec2874ab3edc3284f7b3e4746910116	PY_METHOD_2e3cb8ea24de391bafbdd2d2eb607239		PY_MODULE_ff0e72e19cc67a1292b8a3fd0cadecff	1	0	false	false		true	UNRESOLVED		false	false	41	11	41	SERVICE_VERSION_00000000000000000000000000000000	PY_CALL_SITE_ebff096d4019e09eed9ffed37b00e913
SIMPLE_CALL	Ledger	Ledger		NONE	PY_EXPRESSION_84aca7b4587f1d22a3dd0112fd465b45		PY_SCOPE_e51110b2cd58bb96c670315c2d556ef8	PY_METHOD_aab1f0b774c67ab143a402cbc51b2076		PY_MODULE_ff0e72e19cc67a1292b8a3fd0cadecff	0	0	false	false		true	TYPE	PY_TYPE_65c006b7dc1da8d5b431a90353733207	false	false	46	13	46	SERVICE_VERSION_00000000000000000000000000000000	PY_CALL_SITE_fd101a8a1a26df62d3310b6d884c8810
METHOD_CALL	record	ledger.record	ledger	NAME	PY_EXPRESSION_abe57514d65e12fd2b038679cc97814a	PY_EXPRESSION_14ed8e18414dd89351442bafb107f6f9	PY_SCOPE_e51110b2cd58bb96c670315c2d556ef8	PY_METHOD_aab1f0b774c67ab143a402cbc51b2076		PY_MODULE_ff0e72e19cc67a1292b8a3fd0cadecff	1	0	false	false		true	METHOD	PY_METHOD_943114e5f7e3a86f5971328f318a5e0d	false	false	47	4	47	SERVICE_VERSION_00000000000000000000000000000000	PY_CALL_SITE_cc30d22359856ef5c247daf9d309b279
SIMPLE_CALL	Account	Account		NONE	PY_EXPRESSION_bbe282662ab8dc2ea5192d4dce1dbd2f		PY_SCOPE_747a6da8ef04268caaa8e87910f24e40	PY_METHOD_1ae0ac218a7186fa75d48a9fb495d180		PY_MODULE_ff0e72e19cc67a1292b8a3fd0cadecff	1	0	false	false		true	TYPE	PY_TYPE_160aee5ca584e3817b8783b4e148e2a8	false	false	52	22	52	SERVICE_VERSION_00000000000000000000000000000000	PY_CALL_SITE_2f7c88b9ca6becef42407c5f482fbf3e
SIMPLE_CALL	Ledger	Ledger		NONE	PY_EXPRESSION_8f5aa2f7525beda92e14cd284c3442fd		PY_SCOPE_747a6da8ef04268caaa8e87910f24e40	PY_METHOD_1ae0ac218a7186fa75d48a9fb495d180		PY_MODULE_ff0e72e19cc67a1292b8a3fd0cadecff	0	0	false	false		true	TYPE	PY_TYPE_65c006b7dc1da8d5b431a90353733207	false	false	54	12	54	SERVICE_VERSION_00000000000000000000000000000000	PY_CALL_SITE_22e40afb0a3a76b41962f622baf173f8
METHOD_CALL	record	later.record	later	NAME	PY_EXPRESSION_13414b0fc51ffa0952a61efb6188185e	PY_EXPRESSION_b4b04538034c9e745abc8742f37222cb	PY_SCOPE_747a6da8ef04268caaa8e87910f24e40	PY_METHOD_1ae0ac218a7186fa75d48a9fb495d180		PY_MODULE_ff0e72e19cc67a1292b8a3fd0cadecff	1	0	false	false		true	UNRESOLVED		false	false	55	4	55	SERVICE_VERSION_00000000000000000000000000000000	PY_CALL_SITE_a408ef7c214ded36f1b2ee74860146c0
SIMPLE_CALL	isinstance	isinstance		NONE	PY_EXPRESSION_dda61830086ab04572b75d5f084a86a4		PY_SCOPE_d3230d2444d8cac8ab526f698f1795d1	PY_METHOD_ed15f5d164195d11b19c8e0d4be9f526		PY_MODULE_ff0e72e19cc67a1292b8a3fd0cadecff	2	0	false	false		true	BUILTIN		false	false	60	7	60	SERVICE_VERSION_00000000000000000000000000000000	PY_CALL_SITE_c191944904a8d8a01414bf242fed687f
METHOD_CALL	balance	value.balance	value	NAME	PY_EXPRESSION_55074f08e4bf5a2653ef5d99ead4970e	PY_EXPRESSION_848cfd5679db7c2238fc0dc9993b8c38	PY_SCOPE_d3230d2444d8cac8ab526f698f1795d1	PY_METHOD_ed15f5d164195d11b19c8e0d4be9f526		PY_MODULE_ff0e72e19cc67a1292b8a3fd0cadecff	0	0	false	false		true	UNRESOLVED		false	true	61	15	61	SERVICE_VERSION_00000000000000000000000000000000	PY_CALL_SITE_90b0576b8f4dc0da8b63e738e7b6e087
SIMPLE_CALL	isinstance	isinstance		NONE	PY_EXPRESSION_cb274f39bfc9b93de7f81c1556f0a968		PY_SCOPE_d3230d2444d8cac8ab526f698f1795d1	PY_METHOD_ed15f5d164195d11b19c8e0d4be9f526		PY_MODULE_ff0e72e19cc67a1292b8a3fd0cadecff	2	0	false	false		true	BUILTIN		false	false	62	7	62	SERVICE_VERSION_00000000000000000000000000000000	PY_CALL_SITE_a108339811c6b880d123d7506105a0b2
METHOD_CALL	total	value.total	value	NAME	PY_EXPRESSION_2adcf94e99b0f56417ca63836c368ea3	PY_EXPRESSION_9d1d86eb7c83768c153d851241994a7d	PY_SCOPE_d3230d2444d8cac8ab526f698f1795d1	PY_METHOD_ed15f5d164195d11b19c8e0d4be9f526		PY_MODULE_ff0e72e19cc67a1292b8a3fd0cadecff	0	0	false	false		true	UNRESOLVED		false	true	63	15	63	SERVICE_VERSION_00000000000000000000000000000000	PY_CALL_SITE_fcdc9f37b01fa945262c23b687a443eb
SIMPLE_CALL	isinstance	isinstance		NONE	PY_EXPRESSION_ca3f7859fc768fea6cde8ebb873b13f0		PY_SCOPE_d3976b296012e10a8f31fe893c935b37	PY_METHOD_8397d12dc4718180cf361cdc333aae0e		PY_MODULE_ff0e72e19cc67a1292b8a3fd0cadecff	2	0	false	false		true	BUILTIN		false	false	68	7	68	SERVICE_VERSION_00000000000000000000000000000000	PY_CALL_SITE_9080db1a3a1cca848bea06f38e5ff9c1
SIMPLE_CALL	repr	repr		NONE	PY_EXPRESSION_c24b2e48d9f1c6bf553e2e03845c5bff		PY_SCOPE_d3976b296012e10a8f31fe893c935b37	PY_METHOD_8397d12dc4718180cf361cdc333aae0e		PY_MODULE_ff0e72e19cc67a1292b8a3fd0cadecff	1	0	false	false		true	BUILTIN		false	true	69	15	69	SERVICE_VERSION_00000000000000000000000000000000	PY_CALL_SITE_a338ec2a464053bfcd3e14a5b3009a51
SIMPLE_CALL	isinstance	isinstance		NONE	PY_EXPRESSION_ea1333de0cf4b34ee7237a810fcc6b9b		PY_SCOPE_b127c1d83e73ead4a4b6e6db31572258	PY_METHOD_907c7cd92a6c9db6a00f1b11aabe66a7		PY_MODULE_ff0e72e19cc67a1292b8a3fd0cadecff	2	0	false	false		true	BUILTIN		false	false	75	11	75	SERVICE_VERSION_00000000000000000000000000000000	PY_CALL_SITE_762f94f58ca670b2a2888b2ec1edc9ab
METHOD_CALL	balance	value.balance	value	NAME	PY_EXPRESSION_ccf5de40211b198624dc2f2e72865ca0	PY_EXPRESSION_1637af388e3028ad68f7bf244d6904b4	PY_SCOPE_b127c1d83e73ead4a4b6e6db31572258	PY_METHOD_907c7cd92a6c9db6a00f1b11aabe66a7		PY_MODULE_ff0e72e19cc67a1292b8a3fd0cadecff	0	0	false	false		true	UNRESOLVED		false	false	77	11	77	SERVICE_VERSION_00000000000000000000000000000000	PY_CALL_SITE_ef01e58cd56673e2b2ce5827729a1846
SIMPLE_CALL	issubclass	issubclass		NONE	PY_EXPRESSION_014aeae49ccffc86f9108f01b3523a6c		PY_SCOPE_8fb3d4a0517c92e5e765c30c7ea60fa0	PY_METHOD_2522902c1ab3b711e5775bc48ceb4d20		PY_MODULE_ff0e72e19cc67a1292b8a3fd0cadecff	2	0	false	false		true	BUILTIN		false	false	81	7	81	SERVICE_VERSION_00000000000000000000000000000000	PY_CALL_SITE_02c8824d93ca7897a976d42ba54e0894
SIMPLE_CALL	klass	klass		NONE	PY_EXPRESSION_02ee15944d63f7b0bd110aeb97f13047		PY_SCOPE_8fb3d4a0517c92e5e765c30c7ea60fa0	PY_METHOD_2522902c1ab3b711e5775bc48ceb4d20		PY_MODULE_ff0e72e19cc67a1292b8a3fd0cadecff	1	0	false	false		true	UNRESOLVED		false	true	82	15	82	SERVICE_VERSION_00000000000000000000000000000000	PY_CALL_SITE_e7d0758607c089dca65454e30984d008
SIMPLE_CALL	cast	cast		NONE	PY_EXPRESSION_cc7371bd5fe6de9fc92e83f6acbc4b8f		PY_SCOPE_40c91d326fad9a93577f13d5139a0637	PY_METHOD_6d07a68423da7067dc5ba5e1ec143db8		PY_MODULE_ff0e72e19cc67a1292b8a3fd0cadecff	2	0	false	false		true	UNRESOLVED		false	false	88	14	88	SERVICE_VERSION_00000000000000000000000000000000	PY_CALL_SITE_e471aa5ac6d8d167b2aabe0ebac7385f
METHOD_CALL	balance	account.balance	account	NAME	PY_EXPRESSION_d3d6a87920c5cf2b7e758d8f6f55a6a2	PY_EXPRESSION_77babeea031ed693b38a1ee7c50e74e3	PY_SCOPE_40c91d326fad9a93577f13d5139a0637	PY_METHOD_6d07a68423da7067dc5ba5e1ec143db8		PY_MODULE_ff0e72e19cc67a1292b8a3fd0cadecff	0	0	false	false		true	UNRESOLVED		false	false	89	11	89	SERVICE_VERSION_00000000000000000000000000000000	PY_CALL_SITE_dd7772ac046a7a30bb44fec7cd7ee79b
METHOD_CALL	whatever	value.whatever	value	NAME	PY_EXPRESSION_7f17b4064e2dab67d7db2a44e9e013e2	PY_EXPRESSION_dbca20e0f00885c6310af3c0c9b1c392	PY_SCOPE_47c0b8ddc475bb3ed85a4291c884193b	PY_METHOD_dd3957b77851d716b7194f515c33f90c		PY_MODULE_ff0e72e19cc67a1292b8a3fd0cadecff	0	0	false	false		true	UNRESOLVED		false	false	94	11	94	SERVICE_VERSION_00000000000000000000000000000000	PY_CALL_SITE_87b975ba420006cad4720c27e96174cd
CHAINED_CALL	read	read	open(path)	CALL_RESULT	PY_EXPRESSION_159cddb982c94c4ea9ff2655d815fe9d	PY_EXPRESSION_f8a07840131ee0b79fe02196b4f92fea	PY_SCOPE_52f0feb47f168a3bec496de863eaf1a8	PY_METHOD_b82e02e2aeaea73018fe8eab75dc0e51		PY_MODULE_ff0e72e19cc67a1292b8a3fd0cadecff	0	0	false	false		true	UNRESOLVED		false	true	99	15	99	SERVICE_VERSION_00000000000000000000000000000000	PY_CALL_SITE_4b9795c76c6b332e4e9053cb059d3917
SIMPLE_CALL	open	open		NONE	PY_EXPRESSION_f8a07840131ee0b79fe02196b4f92fea		PY_SCOPE_52f0feb47f168a3bec496de863eaf1a8	PY_METHOD_b82e02e2aeaea73018fe8eab75dc0e51		PY_MODULE_ff0e72e19cc67a1292b8a3fd0cadecff	1	0	false	false		true	BUILTIN		false	true	99	15	99	SERVICE_VERSION_00000000000000000000000000000000	PY_CALL_SITE_2b2017e0c92beb239f650f8e3e3cd299
SIMPLE_CALL	ValueError	ValueError		NONE	PY_EXPRESSION_987a6ae19de952f6ee98a8418fe2078d		PY_SCOPE_52f0feb47f168a3bec496de863eaf1a8	PY_METHOD_b82e02e2aeaea73018fe8eab75dc0e51		PY_MODULE_ff0e72e19cc67a1292b8a3fd0cadecff	1	0	false	false		true	UNRESOLVED		false	true	101	14	101	SERVICE_VERSION_00000000000000000000000000000000	PY_CALL_SITE_6175610846f73ea7d51389a8be970ce2
SIMPLE_CALL	Ledger	Ledger		NONE	PY_EXPRESSION_edd458955a38b5f58b33f888385717fc		PY_SCOPE_49486851fd9bd36520ce63a74456aedf	PY_METHOD_aab157e8edf5e19f7c23c68ab3c999d4	PY_TYPE_e8071789019fd5c244e78bd8d39766bd	PY_MODULE_ff0e72e19cc67a1292b8a3fd0cadecff	0	0	false	false		true	TYPE	PY_TYPE_65c006b7dc1da8d5b431a90353733207	false	false	112	21	112	SERVICE_VERSION_00000000000000000000000000000000	PY_CALL_SITE_59eb7aefeb7853c1d695a41ae68d1483
SIMPLE_CALL	Account	Account		NONE	PY_EXPRESSION_fd3be53adb989cd6dea0da7a2c36664a		PY_SCOPE_bcf1474476f8e165f1cadc0da19e4b3b	PY_METHOD_9411cad7a6105212e125b90b6fc3da16	PY_TYPE_e8071789019fd5c244e78bd8d39766bd	PY_MODULE_ff0e72e19cc67a1292b8a3fd0cadecff	1	0	false	false		true	TYPE	PY_TYPE_160aee5ca584e3817b8783b4e148e2a8	false	false	116	32	116	SERVICE_VERSION_00000000000000000000000000000000	PY_CALL_SITE_4963c2fab915c738c8ff0e8c4a37fe10
