name	pyScopeLinkHash	bindingKind	bindingOrigin	isParameter	isLocal	isGlobal	isNonlocal	isFree	isImported	isAssigned	isReferenced	isDeclaredGlobal	isAnnotated	isNamespace	bindingCount	firstBindingLine	lastBindingLine	declaredTypeName	declaredBaseType	potentialQualifiedName	isAmbiguous	targetEntityKind	targetEntityHash	pyModuleLinkHash	pyMethodLinkHash	filePath	serviceVersionLinkHash	pyBindingUniqueHash
Account	PY_SCOPE_dedb55837ecfe9764a3046ff76d8ba8d	IMPORTED	IMPORT	false	true	true	false	false	true	false	false	false	false	false	1	11	11				false	IMPORT	PY_IMPORT_981760ab9c765dafdbc33e098ef9867e	PY_MODULE_eaac5d3d87793210a2655db9a761dce0	PY_METHOD_98fb279af19ce570f3aa12de91004416	args_kwargs_passthrough.py	SERVICE_VERSION_00000000000000000000000000000000	PY_BINDING_462fe4927d7adb066eeb1115133db534
Ledger	PY_SCOPE_dedb55837ecfe9764a3046ff76d8ba8d	IMPORTED	IMPORT	false	true	true	false	false	true	false	false	false	false	false	1	11	11				false	IMPORT	PY_IMPORT_745db92b035606e86c7337b8e6b212c6	PY_MODULE_eaac5d3d87793210a2655db9a761dce0	PY_METHOD_98fb279af19ce570f3aa12de91004416	args_kwargs_passthrough.py	SERVICE_VERSION_00000000000000000000000000000000	PY_BINDING_7c146fe64a14605b9bfd3aa342237932
call_through_passthrough	PY_SCOPE_dedb55837ecfe9764a3046ff76d8ba8d	MODULE_LEVEL	FUNCTION_DEF	false	true	true	false	false	false	true	false	false	false	true	1	48	48				false	METHOD	PY_METHOD_8a98e879e2c694eb9197bff6e20af1b0	PY_MODULE_eaac5d3d87793210a2655db9a761dce0	PY_METHOD_98fb279af19ce570f3aa12de91004416	args_kwargs_passthrough.py	SERVICE_VERSION_00000000000000000000000000000000	PY_BINDING_02f2b52ac6890af986d4202d6591a8ff
concrete_target	PY_SCOPE_dedb55837ecfe9764a3046ff76d8ba8d	MODULE_LEVEL	FUNCTION_DEF	false	true	true	false	false	false	true	false	false	false	true	1	14	14				false	METHOD	PY_METHOD_af1040c2eac14cc23c3bad2178f5641c	PY_MODULE_eaac5d3d87793210a2655db9a761dce0	PY_METHOD_98fb279af19ce570f3aa12de91004416	args_kwargs_passthrough.py	SERVICE_VERSION_00000000000000000000000000000000	PY_BINDING_f5f9c3ccaca3f024e55337b23447f517
full_passthrough	PY_SCOPE_dedb55837ecfe9764a3046ff76d8ba8d	MODULE_LEVEL	FUNCTION_DEF	false	true	true	false	false	false	true	false	false	false	true	1	29	29				false	METHOD	PY_METHOD_b3c80121fe8c4631c0606909c9ae24f2	PY_MODULE_eaac5d3d87793210a2655db9a761dce0	PY_METHOD_98fb279af19ce570f3aa12de91004416	args_kwargs_passthrough.py	SERVICE_VERSION_00000000000000000000000000000000	PY_BINDING_8f9c16be24db82e14f4230433da89a43
kwargs_only_passthrough	PY_SCOPE_dedb55837ecfe9764a3046ff76d8ba8d	MODULE_LEVEL	FUNCTION_DEF	false	true	true	false	false	false	true	false	false	false	true	1	25	25				false	METHOD	PY_METHOD_cea36a77e9c18f57b6d17929bc1bc873	PY_MODULE_eaac5d3d87793210a2655db9a761dce0	PY_METHOD_98fb279af19ce570f3aa12de91004416	args_kwargs_passthrough.py	SERVICE_VERSION_00000000000000000000000000000000	PY_BINDING_adbaae0f2235de76ca5dee37f82bb5e1
partial_splat	PY_SCOPE_dedb55837ecfe9764a3046ff76d8ba8d	MODULE_LEVEL	FUNCTION_DEF	false	true	true	false	false	false	true	false	false	false	true	1	34	34				false	METHOD	PY_METHOD_5f51b71454110ce2111c8c1a81fe45dd	PY_MODULE_eaac5d3d87793210a2655db9a761dce0	PY_METHOD_98fb279af19ce570f3aa12de91004416	args_kwargs_passthrough.py	SERVICE_VERSION_00000000000000000000000000000000	PY_BINDING_7e187c57dc04867a895fb7563ec6db27
splat_a_genexp	PY_SCOPE_dedb55837ecfe9764a3046ff76d8ba8d	MODULE_LEVEL	FUNCTION_DEF	false	true	true	false	false	false	true	false	false	false	true	1	44	44				false	METHOD	PY_METHOD_4292c7c567ee3086f3a46288e25e1379	PY_MODULE_eaac5d3d87793210a2655db9a761dce0	PY_METHOD_98fb279af19ce570f3aa12de91004416	args_kwargs_passthrough.py	SERVICE_VERSION_00000000000000000000000000000000	PY_BINDING_1671bf04b0df8f0257dc7ef0282e9384
splat_a_literal_tuple	PY_SCOPE_dedb55837ecfe9764a3046ff76d8ba8d	MODULE_LEVEL	FUNCTION_DEF	false	true	true	false	false	false	true	false	false	false	true	1	39	39				false	METHOD	PY_METHOD_72710bdb71caade98c6dd701237ccecb	PY_MODULE_eaac5d3d87793210a2655db9a761dce0	PY_METHOD_98fb279af19ce570f3aa12de91004416	args_kwargs_passthrough.py	SERVICE_VERSION_00000000000000000000000000000000	PY_BINDING_481ca6c8616eef9cb153da09aecbee74
star_only_passthrough	PY_SCOPE_dedb55837ecfe9764a3046ff76d8ba8d	MODULE_LEVEL	FUNCTION_DEF	false	true	true	false	false	false	true	false	false	false	true	1	19	19				false	METHOD	PY_METHOD_12613e51da2b1c6140bd0d2d97a83705	PY_MODULE_eaac5d3d87793210a2655db9a761dce0	PY_METHOD_98fb279af19ce570f3aa12de91004416	args_kwargs_passthrough.py	SERVICE_VERSION_00000000000000000000000000000000	PY_BINDING_e063b5666ef8c6890501092190b88bad
account	PY_SCOPE_02c2985b07ab08118fb930bf98e71011	PARAMETER	PARAMETER	true	true	false	false	false	false	false	true	false	false	false	1	14	14				false	PARAMETER	PY_METHOD_PARAMETER_bb5000963e22f6132bf1178ff32e6cc5	PY_MODULE_eaac5d3d87793210a2655db9a761dce0	PY_METHOD_af1040c2eac14cc23c3bad2178f5641c	args_kwargs_passthrough.py	SERVICE_VERSION_00000000000000000000000000000000	PY_BINDING_3b44b5bcea2c97df3af2637fc4157bce
ledger	PY_SCOPE_02c2985b07ab08118fb930bf98e71011	PARAMETER	PARAMETER	true	true	false	false	false	false	false	true	false	false	false	1	14	14				false	PARAMETER	PY_METHOD_PARAMETER_d4bd2b34a6e9a40daadf71f278ad5ad7	PY_MODULE_eaac5d3d87793210a2655db9a761dce0	PY_METHOD_af1040c2eac14cc23c3bad2178f5641c	args_kwargs_passthrough.py	SERVICE_VERSION_00000000000000000000000000000000	PY_BINDING_6a5c52fd4e5152fad7d870472c899017
note	PY_SCOPE_02c2985b07ab08118fb930bf98e71011	PARAMETER	PARAMETER	true	true	false	false	false	false	false	true	false	false	false	1	14	14				false	PARAMETER	PY_METHOD_PARAMETER_37bd9e1c6d11edf01e471fe66c11b3f4	PY_MODULE_eaac5d3d87793210a2655db9a761dce0	PY_METHOD_af1040c2eac14cc23c3bad2178f5641c	args_kwargs_passthrough.py	SERVICE_VERSION_00000000000000000000000000000000	PY_BINDING_43816376a6b9bdcb810f04d9f20ae790
args	PY_SCOPE_8c413c55391c42fd7072a54b1a207ac6	PARAMETER	PARAMETER	true	true	false	false	false	false	false	true	false	false	false	1	19	19				false	PARAMETER	PY_METHOD_PARAMETER_6de9ad94d1fb1abb00fc999c4fea8188	PY_MODULE_eaac5d3d87793210a2655db9a761dce0	PY_METHOD_12613e51da2b1c6140bd0d2d97a83705	args_kwargs_passthrough.py	SERVICE_VERSION_00000000000000000000000000000000	PY_BINDING_f217ac40157f18def05dc6e100150147
concrete_target	PY_SCOPE_8c413c55391c42fd7072a54b1a207ac6	GLOBAL_IMPLICIT	ASSIGNMENT	false	false	true	false	false	false	false	true	false	false	false	0	0	0				false	NONE		PY_MODULE_eaac5d3d87793210a2655db9a761dce0	PY_METHOD_12613e51da2b1c6140bd0d2d97a83705	args_kwargs_passthrough.py	SERVICE_VERSION_00000000000000000000000000000000	PY_BINDING_ae2c90b79be5613b6b6593177daf2df5
concrete_target	PY_SCOPE_c57d79792f3f64aef620c792a2081c79	GLOBAL_IMPLICIT	ASSIGNMENT	false	false	true	false	false	false	false	true	false	false	false	0	0	0				false	NONE		PY_MODULE_eaac5d3d87793210a2655db9a761dce0	PY_METHOD_cea36a77e9c18f57b6d17929bc1bc873	args_kwargs_passthrough.py	SERVICE_VERSION_00000000000000000000000000000000	PY_BINDING_3e2d46dafdefa1c3727d985755d9efb9
kwargs	PY_SCOPE_c57d79792f3f64aef620c792a2081c79	PARAMETER	PARAMETER	true	true	false	false	false	false	false	true	false	false	false	1	25	25				false	PARAMETER	PY_METHOD_PARAMETER_a233e204cd48acd0d1ce62537b93d77a	PY_MODULE_eaac5d3d87793210a2655db9a761dce0	PY_METHOD_cea36a77e9c18f57b6d17929bc1bc873	args_kwargs_passthrough.py	SERVICE_VERSION_00000000000000000000000000000000	PY_BINDING_bfb433f1618feefc7648858f0acf7552
args	PY_SCOPE_e078751b18a4ea82e25e0c3ff5bbd956	PARAMETER	PARAMETER	true	true	false	false	false	false	false	true	false	false	false	1	29	29				false	PARAMETER	PY_METHOD_PARAMETER_4bcf19d2b99fb218a1a796516098bc45	PY_MODULE_eaac5d3d87793210a2655db9a761dce0	PY_METHOD_b3c80121fe8c4631c0606909c9ae24f2	args_kwargs_passthrough.py	SERVICE_VERSION_00000000000000000000000000000000	PY_BINDING_80fd7541e66f3004f514c62fada7bc26
concrete_target	PY_SCOPE_e078751b18a4ea82e25e0c3ff5bbd956	GLOBAL_IMPLICIT	ASSIGNMENT	false	false	true	false	false	false	false	true	false	false	false	0	0	0				false	NONE		PY_MODULE_eaac5d3d87793210a2655db9a761dce0	PY_METHOD_b3c80121fe8c4631c0606909c9ae24f2	args_kwargs_passthrough.py	SERVICE_VERSION_00000000000000000000000000000000	PY_BINDING_6b0a02ee454477079c3294886671ba0e
kwargs	PY_SCOPE_e078751b18a4ea82e25e0c3ff5bbd956	PARAMETER	PARAMETER	true	true	false	false	false	false	false	true	false	false	false	1	29	29				false	PARAMETER	PY_METHOD_PARAMETER_0d461453bfd6faff977053f766c1999e	PY_MODULE_eaac5d3d87793210a2655db9a761dce0	PY_METHOD_b3c80121fe8c4631c0606909c9ae24f2	args_kwargs_passthrough.py	SERVICE_VERSION_00000000000000000000000000000000	PY_BINDING_413083350be5b43989362d5c1d141718
account	PY_SCOPE_b890af9d763c39ffb1fe4c3c4b0663a3	PARAMETER	PARAMETER	true	true	false	false	false	false	false	true	false	false	false	1	34	34				false	PARAMETER	PY_METHOD_PARAMETER_4e5b54ba333a49c36c3ed9b47fd7b743	PY_MODULE_eaac5d3d87793210a2655db9a761dce0	PY_METHOD_5f51b71454110ce2111c8c1a81fe45dd	args_kwargs_passthrough.py	SERVICE_VERSION_00000000000000000000000000000000	PY_BINDING_2fadc52a7909abb0f3a417ae33a0b4ed
concrete_target	PY_SCOPE_b890af9d763c39ffb1fe4c3c4b0663a3	GLOBAL_IMPLICIT	ASSIGNMENT	false	false	true	false	false	false	false	true	false	false	false	0	0	0				false	NONE		PY_MODULE_eaac5d3d87793210a2655db9a761dce0	PY_METHOD_5f51b71454110ce2111c8c1a81fe45dd	args_kwargs_passthrough.py	SERVICE_VERSION_00000000000000000000000000000000	PY_BINDING_79826965a8e71e7285c9ae9e7d9a7874
rest	PY_SCOPE_b890af9d763c39ffb1fe4c3c4b0663a3	PARAMETER	PARAMETER	true	true	false	false	false	false	false	true	false	false	false	1	34	34				false	PARAMETER	PY_METHOD_PARAMETER_4a3d5d4bd457d512cf7c880f24d5ec8d	PY_MODULE_eaac5d3d87793210a2655db9a761dce0	PY_METHOD_5f51b71454110ce2111c8c1a81fe45dd	args_kwargs_passthrough.py	SERVICE_VERSION_00000000000000000000000000000000	PY_BINDING_850a38e1bd19d2587cca00ff0a8ca2ff
account	PY_SCOPE_ef4a0e06203a25e248c1ca092278922d	PARAMETER	PARAMETER	true	true	false	false	false	false	false	true	false	false	false	1	39	39				false	PARAMETER	PY_METHOD_PARAMETER_25539e4cde79f6dd710d51420e4230ad	PY_MODULE_eaac5d3d87793210a2655db9a761dce0	PY_METHOD_72710bdb71caade98c6dd701237ccecb	args_kwargs_passthrough.py	SERVICE_VERSION_00000000000000000000000000000000	PY_BINDING_9b52303b8fc20ab7a9ef1ada59267d46
concrete_target	PY_SCOPE_ef4a0e06203a25e248c1ca092278922d	GLOBAL_IMPLICIT	ASSIGNMENT	false	false	true	false	false	false	false	true	false	false	false	0	0	0				false	NONE		PY_MODULE_eaac5d3d87793210a2655db9a761dce0	PY_METHOD_72710bdb71caade98c6dd701237ccecb	args_kwargs_passthrough.py	SERVICE_VERSION_00000000000000000000000000000000	PY_BINDING_8d09a0d0a145af7fd0042d28bce8f517
ledger	PY_SCOPE_ef4a0e06203a25e248c1ca092278922d	PARAMETER	PARAMETER	true	true	false	false	false	false	false	true	false	false	false	1	39	39				false	PARAMETER	PY_METHOD_PARAMETER_133270536bbd99749ec24f5afa7bf965	PY_MODULE_eaac5d3d87793210a2655db9a761dce0	PY_METHOD_72710bdb71caade98c6dd701237ccecb	args_kwargs_passthrough.py	SERVICE_VERSION_00000000000000000000000000000000	PY_BINDING_a857da1a205272e46bf18029a281c99c
accounts	PY_SCOPE_dff3b66c7c4eb0398c3e9b7ed98ffd43	PARAMETER	PARAMETER	true	true	false	false	false	false	false	true	false	false	false	1	44	44				false	PARAMETER	PY_METHOD_PARAMETER_41add01221e47ab58f658e1cc54e6c3b	PY_MODULE_eaac5d3d87793210a2655db9a761dce0	PY_METHOD_4292c7c567ee3086f3a46288e25e1379	args_kwargs_passthrough.py	SERVICE_VERSION_00000000000000000000000000000000	PY_BINDING_ea9e36800863e07b1c46cac1ccb4fd53
sum	PY_SCOPE_dff3b66c7c4eb0398c3e9b7ed98ffd43	GLOBAL_IMPLICIT	ASSIGNMENT	false	false	true	false	false	false	false	true	false	false	false	0	0	0				false	NONE		PY_MODULE_eaac5d3d87793210a2655db9a761dce0	PY_METHOD_4292c7c567ee3086f3a46288e25e1379	args_kwargs_passthrough.py	SERVICE_VERSION_00000000000000000000000000000000	PY_BINDING_fe6cbff7360d431e9bf06f2a155884bc
.0	PY_SCOPE_904d54b879e471850873963b63e698f5	PARAMETER	PARAMETER	true	true	false	false	false	false	false	false	false	false	false	1	45	45				false	NONE		PY_MODULE_eaac5d3d87793210a2655db9a761dce0	PY_METHOD_4292c7c567ee3086f3a46288e25e1379	args_kwargs_passthrough.py	SERVICE_VERSION_00000000000000000000000000000000	PY_BINDING_641faa9cc82dfffb5279bf090c189cc3
a	PY_SCOPE_904d54b879e471850873963b63e698f5	LOCAL	COMPREHENSION_TARGET	false	true	false	false	false	false	true	true	false	false	false	1	45	45				false	NONE		PY_MODULE_eaac5d3d87793210a2655db9a761dce0	PY_METHOD_4292c7c567ee3086f3a46288e25e1379	args_kwargs_passthrough.py	SERVICE_VERSION_00000000000000000000000000000000	PY_BINDING_92bf3562084fa735bd9f0918479dd7d2
Account	PY_SCOPE_40b5ef0ae36bba20e33919e0417d7306	GLOBAL_IMPLICIT	ASSIGNMENT	false	false	true	false	false	false	false	true	false	false	false	0	0	0				false	NONE		PY_MODULE_eaac5d3d87793210a2655db9a761dce0	PY_METHOD_8a98e879e2c694eb9197bff6e20af1b0	args_kwargs_passthrough.py	SERVICE_VERSION_00000000000000000000000000000000	PY_BINDING_25e72f83683283cd588cdda8927ef486
Ledger	PY_SCOPE_40b5ef0ae36bba20e33919e0417d7306	GLOBAL_IMPLICIT	ASSIGNMENT	false	false	true	false	false	false	false	true	false	false	false	0	0	0				false	NONE		PY_MODULE_eaac5d3d87793210a2655db9a761dce0	PY_METHOD_8a98e879e2c694eb9197bff6e20af1b0	args_kwargs_passthrough.py	SERVICE_VERSION_00000000000000000000000000000000	PY_BINDING_3b44c2ee8f511870939df3d70142789c
full_passthrough	PY_SCOPE_40b5ef0ae36bba20e33919e0417d7306	GLOBAL_IMPLICIT	ASSIGNMENT	false	false	true	false	false	false	false	true	false	false	false	0	0	0				false	NONE		PY_MODULE_eaac5d3d87793210a2655db9a761dce0	PY_METHOD_8a98e879e2c694eb9197bff6e20af1b0	args_kwargs_passthrough.py	SERVICE_VERSION_00000000000000000000000000000000	PY_BINDING_da745d4b58a0e72cad299e023258e483
kwargs_only_passthrough	PY_SCOPE_40b5ef0ae36bba20e33919e0417d7306	GLOBAL_IMPLICIT	ASSIGNMENT	false	false	true	false	false	false	false	true	false	false	false	0	0	0				false	NONE		PY_MODULE_eaac5d3d87793210a2655db9a761dce0	PY_METHOD_8a98e879e2c694eb9197bff6e20af1b0	args_kwargs_passthrough.py	SERVICE_VERSION_00000000000000000000000000000000	PY_BINDING_5945654d94117ab7d33711af68c34c5a
owner	PY_SCOPE_40b5ef0ae36bba20e33919e0417d7306	PARAMETER	PARAMETER	true	true	false	false	false	false	false	true	false	false	false	1	48	48				false	PARAMETER	PY_METHOD_PARAMETER_6fefe42ef245e1eb14c7809ec3b4bd78	PY_MODULE_eaac5d3d87793210a2655db9a761dce0	PY_METHOD_8a98e879e2c694eb9197bff6e20af1b0	args_kwargs_passthrough.py	SERVICE_VERSION_00000000000000000000000000000000	PY_BINDING_dd16b87cd7bc7b868a0e08d09642c90c
partial_splat	PY_SCOPE_40b5ef0ae36bba20e33919e0417d7306	GLOBAL_IMPLICIT	ASSIGNMENT	false	false	true	false	false	false	false	true	false	false	false	0	0	0				false	NONE		PY_MODULE_eaac5d3d87793210a2655db9a761dce0	PY_METHOD_8a98e879e2c694eb9197bff6e20af1b0	args_kwargs_passthrough.py	SERVICE_VERSION_00000000000000000000000000000000	PY_BINDING_de63537ca78ae536d75fd90a56b55138
splat_a_literal_tuple	PY_SCOPE_40b5ef0ae36bba20e33919e0417d7306	GLOBAL_IMPLICIT	ASSIGNMENT	false	false	true	false	false	false	false	true	false	false	false	0	0	0				false	NONE		PY_MODULE_eaac5d3d87793210a2655db9a761dce0	PY_METHOD_8a98e879e2c694eb9197bff6e20af1b0	args_kwargs_passthrough.py	SERVICE_VERSION_00000000000000000000000000000000	PY_BINDING_d728bf347a736f09295ac9f5371dc41f
star_only_passthrough	PY_SCOPE_40b5ef0ae36bba20e33919e0417d7306	GLOBAL_IMPLICIT	ASSIGNMENT	false	false	true	false	false	false	false	true	false	false	false	0	0	0				false	NONE		PY_MODULE_eaac5d3d87793210a2655db9a761dce0	PY_METHOD_8a98e879e2c694eb9197bff6e20af1b0	args_kwargs_passthrough.py	SERVICE_VERSION_00000000000000000000000000000000	PY_BINDING_33dfe299589f938de13a7b1a479ada6d
Account	PY_SCOPE_850472b769a962131b1227af3589d5b9	IMPORTED	IMPORT	false	true	true	false	false	true	false	false	false	false	false	1	11	11				false	IMPORT	PY_IMPORT_cef1b57d0ef6228cc61929c0f4396e5e	PY_MODULE_3e2577d507dabc3d49a0e7ec37344e51	PY_METHOD_c6aa1f86dabb668bdc8ccb16358da101	argument_to_parameter_flow.py	SERVICE_VERSION_00000000000000000000000000000000	PY_BINDING_156052c7deb1532a154858065e45e935
Ledger	PY_SCOPE_850472b769a962131b1227af3589d5b9	IMPORTED	IMPORT	false	true	true	false	false	true	false	false	false	false	false	1	11	11				false	IMPORT	PY_IMPORT_ec3c5917dda9ced9571e1608d26df4c2	PY_MODULE_3e2577d507dabc3d49a0e7ec37344e51	PY_METHOD_c6aa1f86dabb668bdc8ccb16358da101	argument_to_parameter_flow.py	SERVICE_VERSION_00000000000000000000000000000000	PY_BINDING_64feacfe97b8ffb580f1e338d9dd641d
call_by_keyword	PY_SCOPE_850472b769a962131b1227af3589d5b9	MODULE_LEVEL	FUNCTION_DEF	false	true	true	false	false	false	true	false	false	false	true	1	52	52				false	METHOD	PY_METHOD_20c57f04952574f9d9a67a3e569643c5	PY_MODULE_3e2577d507dabc3d49a0e7ec37344e51	PY_METHOD_c6aa1f86dabb668bdc8ccb16358da101	argument_to_parameter_flow.py	SERVICE_VERSION_00000000000000000000000000000000	PY_BINDING_2e307080959ef7ac24df58e33f6ac501
call_mixed_positional_and_keyword	PY_SCOPE_850472b769a962131b1227af3589d5b9	MODULE_LEVEL	FUNCTION_DEF	false	true	true	false	false	false	true	false	false	false	true	1	65	65				false	METHOD	PY_METHOD_470dd26756c38ac01b89a762f53e9eda	PY_MODULE_3e2577d507dabc3d49a0e7ec37344e51	PY_METHOD_c6aa1f86dabb668bdc8ccb16358da101	argument_to_parameter_flow.py	SERVICE_VERSION_00000000000000000000000000000000	PY_BINDING_a1598d14ec20556ede61cf836082afd2
call_positional	PY_SCOPE_850472b769a962131b1227af3589d5b9	MODULE_LEVEL	FUNCTION_DEF	false	true	true	false	false	false	true	false	false	false	true	1	43	43				false	METHOD	PY_METHOD_42739288421947271384edbcb3fa974d	PY_MODULE_3e2577d507dabc3d49a0e7ec37344e51	PY_METHOD_c6aa1f86dabb668bdc8ccb16358da101	argument_to_parameter_flow.py	SERVICE_VERSION_00000000000000000000000000000000	PY_BINDING_7116a07ae688ff2efcd46f8ae3b5cc20
call_positional_twice	PY_SCOPE_850472b769a962131b1227af3589d5b9	MODULE_LEVEL	FUNCTION_DEF	false	true	true	false	false	false	true	false	false	false	true	1	48	48				false	METHOD	PY_METHOD_71702c732583c18df5dc408715b0f7ed	PY_MODULE_3e2577d507dabc3d49a0e7ec37344e51	PY_METHOD_c6aa1f86dabb668bdc8ccb16358da101	argument_to_parameter_flow.py	SERVICE_VERSION_00000000000000000000000000000000	PY_BINDING_a3a2456e984d46b62e02ee937e5eb4ff
call_same_param_two_types	PY_SCOPE_850472b769a962131b1227af3589d5b9	MODULE_LEVEL	FUNCTION_DEF	false	true	true	false	false	false	true	false	false	false	true	1	81	81				false	METHOD	PY_METHOD_db7e5debe1cd9fb866ea2184bf83ba3f	PY_MODULE_3e2577d507dabc3d49a0e7ec37344e51	PY_METHOD_c6aa1f86dabb668bdc8ccb16358da101	argument_to_parameter_flow.py	SERVICE_VERSION_00000000000000000000000000000000	PY_BINDING_592c78536e00783741ea655fab63e65e
call_transitive	PY_SCOPE_850472b769a962131b1227af3589d5b9	MODULE_LEVEL	FUNCTION_DEF	false	true	true	false	false	false	true	false	false	false	true	1	70	70				false	METHOD	PY_METHOD_41832f3a5fc01b56099728479bad830e	PY_MODULE_3e2577d507dabc3d49a0e7ec37344e51	PY_METHOD_c6aa1f86dabb668bdc8ccb16358da101	argument_to_parameter_flow.py	SERVICE_VERSION_00000000000000000000000000000000	PY_BINDING_c2daa84d028e1f87501f87f39dedf5fe
call_with_default_overridden	PY_SCOPE_850472b769a962131b1227af3589d5b9	MODULE_LEVEL	FUNCTION_DEF	false	true	true	false	false	false	true	false	false	false	true	1	57	57				false	METHOD	PY_METHOD_8eec383296a40dcb8ea6797a31fbb57b	PY_MODULE_3e2577d507dabc3d49a0e7ec37344e51	PY_METHOD_c6aa1f86dabb668bdc8ccb16358da101	argument_to_parameter_flow.py	SERVICE_VERSION_00000000000000000000000000000000	PY_BINDING_b96a44b649b3a431abfddd10fc391257
call_with_default_taken	PY_SCOPE_850472b769a962131b1227af3589d5b9	MODULE_LEVEL	FUNCTION_DEF	false	true	true	false	false	false	true	false	false	false	true	1	61	61				false	METHOD	PY_METHOD_d4da59784aac77758abf9291ba51bc8f	PY_MODULE_3e2577d507dabc3d49a0e7ec37344e51	PY_METHOD_c6aa1f86dabb668bdc8ccb16358da101	argument_to_parameter_flow.py	SERVICE_VERSION_00000000000000000000000000000000	PY_BINDING_a22ff59200c8e8abd4fb84fa149e60a9
defaulted_callee	PY_SCOPE_850472b769a962131b1227af3589d5b9	MODULE_LEVEL	FUNCTION_DEF	false	true	true	false	false	false	true	false	false	false	true	1	32	32				false	METHOD	PY_METHOD_8d89db55b3284af038c85942f3e43c94	PY_MODULE_3e2577d507dabc3d49a0e7ec37344e51	PY_METHOD_c6aa1f86dabb668bdc8ccb16358da101	argument_to_parameter_flow.py	SERVICE_VERSION_00000000000000000000000000000000	PY_BINDING_213026cbc4c31840c1566a9b6a802625
forwarding_callee	PY_SCOPE_850472b769a962131b1227af3589d5b9	MODULE_LEVEL	FUNCTION_DEF	false	true	true	false	false	false	true	false	false	false	true	1	76	76				false	METHOD	PY_METHOD_c05257965c5034a366444a47f8fab716	PY_MODULE_3e2577d507dabc3d49a0e7ec37344e51	PY_METHOD_c6aa1f86dabb668bdc8ccb16358da101	argument_to_parameter_flow.py	SERVICE_VERSION_00000000000000000000000000000000	PY_BINDING_cf77dca72cc85298935ab6c32a55b511
keyword_callee	PY_SCOPE_850472b769a962131b1227af3589d5b9	MODULE_LEVEL	FUNCTION_DEF	false	true	true	false	false	false	true	false	false	false	true	1	25	25				false	METHOD	PY_METHOD_178f8ff53cb58e7c628d01c887a6eaf7	PY_MODULE_3e2577d507dabc3d49a0e7ec37344e51	PY_METHOD_c6aa1f86dabb668bdc8ccb16358da101	argument_to_parameter_flow.py	SERVICE_VERSION_00000000000000000000000000000000	PY_BINDING_9e44580bc6abeb341234e1226213e9ff
mixed_callee	PY_SCOPE_850472b769a962131b1227af3589d5b9	MODULE_LEVEL	FUNCTION_DEF	false	true	true	false	false	false	true	false	false	false	true	1	36	36				false	METHOD	PY_METHOD_b4d83dae449aacdb8b41d27cdda8ccc1	PY_MODULE_3e2577d507dabc3d49a0e7ec37344e51	PY_METHOD_c6aa1f86dabb668bdc8ccb16358da101	argument_to_parameter_flow.py	SERVICE_VERSION_00000000000000000000000000000000	PY_BINDING_48fc4eeba4568d0647fa169adbd753e6
positional_callee	PY_SCOPE_850472b769a962131b1227af3589d5b9	MODULE_LEVEL	FUNCTION_DEF	false	true	true	false	false	false	true	false	false	false	true	1	16	16				false	METHOD	PY_METHOD_ca6935fcd43cbae787fac2db38395296	PY_MODULE_3e2577d507dabc3d49a0e7ec37344e51	PY_METHOD_c6aa1f86dabb668bdc8ccb16358da101	argument_to_parameter_flow.py	SERVICE_VERSION_00000000000000000000000000000000	PY_BINDING_dc2bc236227f2fd55f51c99c35753f8b
two_positional_callee	PY_SCOPE_850472b769a962131b1227af3589d5b9	MODULE_LEVEL	FUNCTION_DEF	false	true	true	false	false	false	true	false	false	false	true	1	21	21				false	METHOD	PY_METHOD_cb61ece167391d5e74b4da58d3005662	PY_MODULE_3e2577d507dabc3d49a0e7ec37344e51	PY_METHOD_c6aa1f86dabb668bdc8ccb16358da101	argument_to_parameter_flow.py	SERVICE_VERSION_00000000000000000000000000000000	PY_BINDING_45ef252ac45665cad41c9c97d36e38fb
account	PY_SCOPE_8729c1fca6554e2e493652c72575d345	PARAMETER	PARAMETER	true	true	false	false	false	false	false	true	false	false	false	1	16	16				false	PARAMETER	PY_METHOD_PARAMETER_bc35eacceec673c03b03d22dbd873bfd	PY_MODULE_3e2577d507dabc3d49a0e7ec37344e51	PY_METHOD_ca6935fcd43cbae787fac2db38395296	argument_to_parameter_flow.py	SERVICE_VERSION_00000000000000000000000000000000	PY_BINDING_756631dadff468d1ea8cb7a241c7d573
first	PY_SCOPE_99b54f980d4037f803d268585046bede	PARAMETER	PARAMETER	true	true	false	false	false	false	false	true	false	false	false	1	21	21				false	PARAMETER	PY_METHOD_PARAMETER_a303fd9c1a957a668797c0b5ff27eccf	PY_MODULE_3e2577d507dabc3d49a0e7ec37344e51	PY_METHOD_cb61ece167391d5e74b4da58d3005662	argument_to_parameter_flow.py	SERVICE_VERSION_00000000000000000000000000000000	PY_BINDING_f286df8ac8d5ac5c25a0c6b8b941eb1e
second	PY_SCOPE_99b54f980d4037f803d268585046bede	PARAMETER	PARAMETER	true	true	false	false	false	false	false	true	false	false	false	1	21	21				false	PARAMETER	PY_METHOD_PARAMETER_25327814be236e6f9611a15002b1b7fe	PY_MODULE_3e2577d507dabc3d49a0e7ec37344e51	PY_METHOD_cb61ece167391d5e74b4da58d3005662	argument_to_parameter_flow.py	SERVICE_VERSION_00000000000000000000000000000000	PY_BINDING_9f58d57e9db17edf2062fce9b9f9d2ea
account	PY_SCOPE_3fd4edc853f7d7311c46d3e002b28435	PARAMETER	PARAMETER	true	true	false	false	false	false	false	true	false	false	false	1	25	25				false	PARAMETER	PY_METHOD_PARAMETER_1ffd1bd474b0ed2d7c2edde1cea7c68c	PY_MODULE_3e2577d507dabc3d49a0e7ec37344e51	PY_METHOD_178f8ff53cb58e7c628d01c887a6eaf7	argument_to_parameter_flow.py	SERVICE_VERSION_00000000000000000000000000000000	PY_BINDING_f21f1c1f9c0732d4a4b2a420db943811
ledger	PY_SCOPE_3fd4edc853f7d7311c46d3e002b28435	PARAMETER	PARAMETER	true	true	false	false	false	false	false	true	false	false	false	1	25	25				false	PARAMETER	PY_METHOD_PARAMETER_2e53d6d8cc0681fb42e5952ca451b152	PY_MODULE_3e2577d507dabc3d49a0e7ec37344e51	PY_METHOD_178f8ff53cb58e7c628d01c887a6eaf7	argument_to_parameter_flow.py	SERVICE_VERSION_00000000000000000000000000000000	PY_BINDING_1eaca344d7a523f3720500731796cda8
account	PY_SCOPE_bd278df1ff2e2b59f68598dd57c8acc5	PARAMETER	PARAMETER	true	true	false	false	false	false	false	true	false	false	false	1	32	32				false	PARAMETER	PY_METHOD_PARAMETER_ee9f18acfde088f42c54562e5ec24fc2	PY_MODULE_3e2577d507dabc3d49a0e7ec37344e51	PY_METHOD_8d89db55b3284af038c85942f3e43c94	argument_to_parameter_flow.py	SERVICE_VERSION_00000000000000000000000000000000	PY_BINDING_4d8be620b4f60b3b542392ef83bb52b3
factor	PY_SCOPE_bd278df1ff2e2b59f68598dd57c8acc5	PARAMETER	PARAMETER	true	true	false	false	false	false	false	true	false	false	false	1	32	32				false	PARAMETER	PY_METHOD_PARAMETER_e428ac2ae4c408db7ddcf25aacd23f90	PY_MODULE_3e2577d507dabc3d49a0e7ec37344e51	PY_METHOD_8d89db55b3284af038c85942f3e43c94	argument_to_parameter_flow.py	SERVICE_VERSION_00000000000000000000000000000000	PY_BINDING_40ac873285cd54f220470cd413f5d171
account	PY_SCOPE_9d57cb89c3e433b9416edaee3d3cb8d8	PARAMETER	PARAMETER	true	true	false	false	false	false	false	true	false	false	false	1	36	36				false	PARAMETER	PY_METHOD_PARAMETER_48028a77a3bb93355df73ad398fdb4a3	PY_MODULE_3e2577d507dabc3d49a0e7ec37344e51	PY_METHOD_b4d83dae449aacdb8b41d27cdda8ccc1	argument_to_parameter_flow.py	SERVICE_VERSION_00000000000000000000000000000000	PY_BINDING_3d9562966e617ff8f16ea49bf8734d0b
ledger	PY_SCOPE_9d57cb89c3e433b9416edaee3d3cb8d8	PARAMETER	PARAMETER	true	true	false	false	false	false	false	true	false	false	false	1	36	36				false	PARAMETER	PY_METHOD_PARAMETER_b31ddc3fcad2a19827727c97ac220879	PY_MODULE_3e2577d507dabc3d49a0e7ec37344e51	PY_METHOD_b4d83dae449aacdb8b41d27cdda8ccc1	argument_to_parameter_flow.py	SERVICE_VERSION_00000000000000000000000000000000	PY_BINDING_4072f5ab3228c6412f737be0b179bcd8
note	PY_SCOPE_9d57cb89c3e433b9416edaee3d3cb8d8	PARAMETER	PARAMETER	true	true	false	false	false	false	false	true	false	false	false	1	36	36				false	PARAMETER	PY_METHOD_PARAMETER_bb27e8c2b0c047835d47615082ba0496	PY_MODULE_3e2577d507dabc3d49a0e7ec37344e51	PY_METHOD_b4d83dae449aacdb8b41d27cdda8ccc1	argument_to_parameter_flow.py	SERVICE_VERSION_00000000000000000000000000000000	PY_BINDING_1f1cdec9c45aa7fc99bc8fdd8a857323
Account	PY_SCOPE_07ca87bfb810f2882cb2e17ecee65015	GLOBAL_IMPLICIT	ASSIGNMENT	false	false	true	false	false	false	false	true	false	false	false	0	0	0				false	NONE		PY_MODULE_3e2577d507dabc3d49a0e7ec37344e51	PY_METHOD_42739288421947271384edbcb3fa974d	argument_to_parameter_flow.py	SERVICE_VERSION_00000000000000000000000000000000	PY_BINDING_45c48a9a0466e07df423189ff3b6ba45
made	PY_SCOPE_07ca87bfb810f2882cb2e17ecee65015	LOCAL	ASSIGNMENT	false	true	false	false	false	false	true	true	false	false	false	1	44	44				false	NONE		PY_MODULE_3e2577d507dabc3d49a0e7ec37344e51	PY_METHOD_42739288421947271384edbcb3fa974d	argument_to_parameter_flow.py	SERVICE_VERSION_00000000000000000000000000000000	PY_BINDING_2424cba572b48d9e31850abc39c0d123
owner	PY_SCOPE_07ca87bfb810f2882cb2e17ecee65015	PARAMETER	PARAMETER	true	true	false	false	false	false	false	true	false	false	false	1	43	43				false	PARAMETER	PY_METHOD_PARAMETER_dc7eeb9c1f190f297d0bfd7deea76142	PY_MODULE_3e2577d507dabc3d49a0e7ec37344e51	PY_METHOD_42739288421947271384edbcb3fa974d	argument_to_parameter_flow.py	SERVICE_VERSION_00000000000000000000000000000000	PY_BINDING_3a335e5d2997bbd1fa7fb1c8a55c4598
positional_callee	PY_SCOPE_07ca87bfb810f2882cb2e17ecee65015	GLOBAL_IMPLICIT	ASSIGNMENT	false	false	true	false	false	false	false	true	false	false	false	0	0	0				false	NONE		PY_MODULE_3e2577d507dabc3d49a0e7ec37344e51	PY_METHOD_42739288421947271384edbcb3fa974d	argument_to_parameter_flow.py	SERVICE_VERSION_00000000000000000000000000000000	PY_BINDING_74648719780e6648952fd551d56912a4
Account	PY_SCOPE_eafae0c6435977b0ddab86bdaf3b8f5c	GLOBAL_IMPLICIT	ASSIGNMENT	false	false	true	false	false	false	false	true	false	false	false	0	0	0				false	NONE		PY_MODULE_3e2577d507dabc3d49a0e7ec37344e51	PY_METHOD_71702c732583c18df5dc408715b0f7ed	argument_to_parameter_flow.py	SERVICE_VERSION_00000000000000000000000000000000	PY_BINDING_66dfeaddb3caf86d36688e4c229bee1c
owner_a	PY_SCOPE_eafae0c6435977b0ddab86bdaf3b8f5c	PARAMETER	PARAMETER	true	true	false	false	false	false	false	true	false	false	false	1	48	48				false	PARAMETER	PY_METHOD_PARAMETER_cfc517b5293ffb836a659d589854fed8	PY_MODULE_3e2577d507dabc3d49a0e7ec37344e51	PY_METHOD_71702c732583c18df5dc408715b0f7ed	argument_to_parameter_flow.py	SERVICE_VERSION_00000000000000000000000000000000	PY_BINDING_f5d1cba9112e1337606a82a43c85240d
owner_b	PY_SCOPE_eafae0c6435977b0ddab86bdaf3b8f5c	PARAMETER	PARAMETER	true	true	false	false	false	false	false	true	false	false	false	1	48	48				false	PARAMETER	PY_METHOD_PARAMETER_ac3a0bb86dcc0485d31d36f8650b5de4	PY_MODULE_3e2577d507dabc3d49a0e7ec37344e51	PY_METHOD_71702c732583c18df5dc408715b0f7ed	argument_to_parameter_flow.py	SERVICE_VERSION_00000000000000000000000000000000	PY_BINDING_80fdea24b3f27aec91d035e3e337cc83
two_positional_callee	PY_SCOPE_eafae0c6435977b0ddab86bdaf3b8f5c	GLOBAL_IMPLICIT	ASSIGNMENT	false	false	true	false	false	false	false	true	false	false	false	0	0	0				false	NONE		PY_MODULE_3e2577d507dabc3d49a0e7ec37344e51	PY_METHOD_71702c732583c18df5dc408715b0f7ed	argument_to_parameter_flow.py	SERVICE_VERSION_00000000000000000000000000000000	PY_BINDING_7ed1854d55fc6814e49f6d1b70eccfc5
Account	PY_SCOPE_63dc1b776a2870c2f2f59102881c63b8	GLOBAL_IMPLICIT	ASSIGNMENT	false	false	true	false	false	false	false	true	false	false	false	0	0	0				false	NONE		PY_MODULE_3e2577d507dabc3d49a0e7ec37344e51	PY_METHOD_20c57f04952574f9d9a67a3e569643c5	argument_to_parameter_flow.py	SERVICE_VERSION_00000000000000000000000000000000	PY_BINDING_ad9ef20b44da2e290ccf18dd014c0a63
Ledger	PY_SCOPE_63dc1b776a2870c2f2f59102881c63b8	GLOBAL_IMPLICIT	ASSIGNMENT	false	false	true	false	false	false	false	true	false	false	false	0	0	0				false	NONE		PY_MODULE_3e2577d507dabc3d49a0e7ec37344e51	PY_METHOD_20c57f04952574f9d9a67a3e569643c5	argument_to_parameter_flow.py	SERVICE_VERSION_00000000000000000000000000000000	PY_BINDING_b4d28285171bbd2be8341e7772efe581
keyword_callee	PY_SCOPE_63dc1b776a2870c2f2f59102881c63b8	GLOBAL_IMPLICIT	ASSIGNMENT	false	false	true	false	false	false	false	true	false	false	false	0	0	0				false	NONE		PY_MODULE_3e2577d507dabc3d49a0e7ec37344e51	PY_METHOD_20c57f04952574f9d9a67a3e569643c5	argument_to_parameter_flow.py	SERVICE_VERSION_00000000000000000000000000000000	PY_BINDING_b4fc461dd1602490c37e9852e090074d
owner	PY_SCOPE_63dc1b776a2870c2f2f59102881c63b8	PARAMETER	PARAMETER	true	true	false	false	false	false	false	true	false	false	false	1	52	52				false	PARAMETER	PY_METHOD_PARAMETER_e733a5364fb77a66567bfd9ee77d9d3c	PY_MODULE_3e2577d507dabc3d49a0e7ec37344e51	PY_METHOD_20c57f04952574f9d9a67a3e569643c5	argument_to_parameter_flow.py	SERVICE_VERSION_00000000000000000000000000000000	PY_BINDING_2ec2a2776881e2e21758f62a83a8e1c9
Account	PY_SCOPE_36b6e3987719a70d1c90581bd4aecc36	GLOBAL_IMPLICIT	ASSIGNMENT	false	false	true	false	false	false	false	true	false	false	false	0	0	0				false	NONE		PY_MODULE_3e2577d507dabc3d49a0e7ec37344e51	PY_METHOD_8eec383296a40dcb8ea6797a31fbb57b	argument_to_parameter_flow.py	SERVICE_VERSION_00000000000000000000000000000000	PY_BINDING_f5183517ff376c1b44f21a1ccd07d025
defaulted_callee	PY_SCOPE_36b6e3987719a70d1c90581bd4aecc36	GLOBAL_IMPLICIT	ASSIGNMENT	false	false	true	false	false	false	false	true	false	false	false	0	0	0				false	NONE		PY_MODULE_3e2577d507dabc3d49a0e7ec37344e51	PY_METHOD_8eec383296a40dcb8ea6797a31fbb57b	argument_to_parameter_flow.py	SERVICE_VERSION_00000000000000000000000000000000	PY_BINDING_bedde1b59eab4faa368e9b7967be8893
owner	PY_SCOPE_36b6e3987719a70d1c90581bd4aecc36	PARAMETER	PARAMETER	true	true	false	false	false	false	false	true	false	false	false	1	57	57				false	PARAMETER	PY_METHOD_PARAMETER_6249e176d2affe42654ddd71c48ec977	PY_MODULE_3e2577d507dabc3d49a0e7ec37344e51	PY_METHOD_8eec383296a40dcb8ea6797a31fbb57b	argument_to_parameter_flow.py	SERVICE_VERSION_00000000000000000000000000000000	PY_BINDING_6e1414c318bebf1dcf5c25c5a7d19fef
Account	PY_SCOPE_9ef620cac4a0189368182fb784b527aa	GLOBAL_IMPLICIT	ASSIGNMENT	false	false	true	false	false	false	false	true	false	false	false	0	0	0				false	NONE		PY_MODULE_3e2577d507dabc3d49a0e7ec37344e51	PY_METHOD_d4da59784aac77758abf9291ba51bc8f	argument_to_parameter_flow.py	SERVICE_VERSION_00000000000000000000000000000000	PY_BINDING_c3cf476d62be0bfbc71eac5a082b72c5
defaulted_callee	PY_SCOPE_9ef620cac4a0189368182fb784b527aa	GLOBAL_IMPLICIT	ASSIGNMENT	false	false	true	false	false	false	false	true	false	false	false	0	0	0				false	NONE		PY_MODULE_3e2577d507dabc3d49a0e7ec37344e51	PY_METHOD_d4da59784aac77758abf9291ba51bc8f	argument_to_parameter_flow.py	SERVICE_VERSION_00000000000000000000000000000000	PY_BINDING_cf69dac3901f7804f90a6a34d1f0b4f6
owner	PY_SCOPE_9ef620cac4a0189368182fb784b527aa	PARAMETER	PARAMETER	true	true	false	false	false	false	false	true	false	false	false	1	61	61				false	PARAMETER	PY_METHOD_PARAMETER_39a4f409e8e9bdd47eabad669f1e6e10	PY_MODULE_3e2577d507dabc3d49a0e7ec37344e51	PY_METHOD_d4da59784aac77758abf9291ba51bc8f	argument_to_parameter_flow.py	SERVICE_VERSION_00000000000000000000000000000000	PY_BINDING_8f53c9b75b18267d6a531821a2709d49
Account	PY_SCOPE_846deec199f9eb2cb84d6af8cca610e7	GLOBAL_IMPLICIT	ASSIGNMENT	false	false	true	false	false	false	false	true	false	false	false	0	0	0				false	NONE		PY_MODULE_3e2577d507dabc3d49a0e7ec37344e51	PY_METHOD_470dd26756c38ac01b89a762f53e9eda	argument_to_parameter_flow.py	SERVICE_VERSION_00000000000000000000000000000000	PY_BINDING_fc0322d9c792f716773a43634a205418
Ledger	PY_SCOPE_846deec199f9eb2cb84d6af8cca610e7	GLOBAL_IMPLICIT	ASSIGNMENT	false	false	true	false	false	false	false	true	false	false	false	0	0	0				false	NONE		PY_MODULE_3e2577d507dabc3d49a0e7ec37344e51	PY_METHOD_470dd26756c38ac01b89a762f53e9eda	argument_to_parameter_flow.py	SERVICE_VERSION_00000000000000000000000000000000	PY_BINDING_af89e8a180a3f157fd902d4cb0d2b4ac
mixed_callee	PY_SCOPE_846deec199f9eb2cb84d6af8cca610e7	GLOBAL_IMPLICIT	ASSIGNMENT	false	false	true	false	false	false	false	true	false	false	false	0	0	0				false	NONE		PY_MODULE_3e2577d507dabc3d49a0e7ec37344e51	PY_METHOD_470dd26756c38ac01b89a762f53e9eda	argument_to_parameter_flow.py	SERVICE_VERSION_00000000000000000000000000000000	PY_BINDING_1a76fbb7d3265681edb7ecaa3301ca47
owner	PY_SCOPE_846deec199f9eb2cb84d6af8cca610e7	PARAMETER	PARAMETER	true	true	false	false	false	false	false	true	false	false	false	1	65	65				false	PARAMETER	PY_METHOD_PARAMETER_67da9bc42cf15c124071b0fcc9bf574f	PY_MODULE_3e2577d507dabc3d49a0e7ec37344e51	PY_METHOD_470dd26756c38ac01b89a762f53e9eda	argument_to_parameter_flow.py	SERVICE_VERSION_00000000000000000000000000000000	PY_BINDING_33ac279e2f76128eee00fe1b7bf53ce0
Account	PY_SCOPE_94ec286f86a48dbae31645f3ef2eee50	GLOBAL_IMPLICIT	ASSIGNMENT	false	false	true	false	false	false	false	true	false	false	false	0	0	0				false	NONE		PY_MODULE_3e2577d507dabc3d49a0e7ec37344e51	PY_METHOD_41832f3a5fc01b56099728479bad830e	argument_to_parameter_flow.py	SERVICE_VERSION_00000000000000000000000000000000	PY_BINDING_16c16e22a4c73f7344e714b23e98f80f
forwarding_callee	PY_SCOPE_94ec286f86a48dbae31645f3ef2eee50	GLOBAL_IMPLICIT	ASSIGNMENT	false	false	true	false	false	false	false	true	false	false	false	0	0	0				false	NONE		PY_MODULE_3e2577d507dabc3d49a0e7ec37344e51	PY_METHOD_41832f3a5fc01b56099728479bad830e	argument_to_parameter_flow.py	SERVICE_VERSION_00000000000000000000000000000000	PY_BINDING_dc6a213ed81dd1f72181f7459547f92b
owner	PY_SCOPE_94ec286f86a48dbae31645f3ef2eee50	PARAMETER	PARAMETER	true	true	false	false	false	false	false	true	false	false	false	1	70	70				false	PARAMETER	PY_METHOD_PARAMETER_3e43ae1243483dcbf48fdbdae2c181bc	PY_MODULE_3e2577d507dabc3d49a0e7ec37344e51	PY_METHOD_41832f3a5fc01b56099728479bad830e	argument_to_parameter_flow.py	SERVICE_VERSION_00000000000000000000000000000000	PY_BINDING_bf477c537854152f469a86eb9506137c
account	PY_SCOPE_ac0c15fd627a8c07b1ed2290b8f14706	PARAMETER	PARAMETER	true	true	false	false	false	false	false	true	false	false	false	1	76	76				false	PARAMETER	PY_METHOD_PARAMETER_8c2d4892d31c10c5dbbec4b916e62b63	PY_MODULE_3e2577d507dabc3d49a0e7ec37344e51	PY_METHOD_c05257965c5034a366444a47f8fab716	argument_to_parameter_flow.py	SERVICE_VERSION_00000000000000000000000000000000	PY_BINDING_9c62cbb955995ce55d97a0f5c8479b0d
positional_callee	PY_SCOPE_ac0c15fd627a8c07b1ed2290b8f14706	GLOBAL_IMPLICIT	ASSIGNMENT	false	false	true	false	false	false	false	true	false	false	false	0	0	0				false	NONE		PY_MODULE_3e2577d507dabc3d49a0e7ec37344e51	PY_METHOD_c05257965c5034a366444a47f8fab716	argument_to_parameter_flow.py	SERVICE_VERSION_00000000000000000000000000000000	PY_BINDING_2f8f877a3a6841673b40fb44484b3c09
Account	PY_SCOPE_82525f83711515fbbd77c67bbdb1527f	GLOBAL_IMPLICIT	ASSIGNMENT	false	false	true	false	false	false	false	true	false	false	false	0	0	0				false	NONE		PY_MODULE_3e2577d507dabc3d49a0e7ec37344e51	PY_METHOD_db7e5debe1cd9fb866ea2184bf83ba3f	argument_to_parameter_flow.py	SERVICE_VERSION_00000000000000000000000000000000	PY_BINDING_cdab6e79adf6c52aa818bb8f33ffccfd
ledger	PY_SCOPE_82525f83711515fbbd77c67bbdb1527f	PARAMETER	PARAMETER	true	true	false	false	false	false	false	true	false	false	false	1	81	81				false	PARAMETER	PY_METHOD_PARAMETER_05648dc93c74f6eb12a2a597704eb9cb	PY_MODULE_3e2577d507dabc3d49a0e7ec37344e51	PY_METHOD_db7e5debe1cd9fb866ea2184bf83ba3f	argument_to_parameter_flow.py	SERVICE_VERSION_00000000000000000000000000000000	PY_BINDING_8c13fb45aae67c31d4c1e8077e05a4c4
owner	PY_SCOPE_82525f83711515fbbd77c67bbdb1527f	PARAMETER	PARAMETER	true	true	false	false	false	false	false	true	false	false	false	1	81	81				false	PARAMETER	PY_METHOD_PARAMETER_a873e6b9ce5d5c2b88a21f076d5a0790	PY_MODULE_3e2577d507dabc3d49a0e7ec37344e51	PY_METHOD_db7e5debe1cd9fb866ea2184bf83ba3f	argument_to_parameter_flow.py	SERVICE_VERSION_00000000000000000000000000000000	PY_BINDING_c21e2afc6323e2a5db5636204329ac33
positional_callee	PY_SCOPE_82525f83711515fbbd77c67bbdb1527f	GLOBAL_IMPLICIT	ASSIGNMENT	false	false	true	false	false	false	false	true	false	false	false	0	0	0				false	NONE		PY_MODULE_3e2577d507dabc3d49a0e7ec37344e51	PY_METHOD_db7e5debe1cd9fb866ea2184bf83ba3f	argument_to_parameter_flow.py	SERVICE_VERSION_00000000000000000000000000000000	PY_BINDING_154552071786b577a134c520485a0c33
Account	PY_SCOPE_09fc4ebb4c180ea7c3aaa0ec4e5b0ff4	IMPORTED	IMPORT	false	true	true	false	false	true	false	true	false	false	false	1	9	9				false	IMPORT	PY_IMPORT_487a294e5802ab580ec331b48db9bd1d	PY_MODULE_46145c2a5de067cf211000725bcdb8de	PY_METHOD_045a8d3c36f9f34f18cb9bc6010d2ff1	blocks_and_conditional_flow.py	SERVICE_VERSION_00000000000000000000000000000000	PY_BINDING_b5a1067c86131509a84be3d4ab135550
DEFAULT_LEDGER	PY_SCOPE_09fc4ebb4c180ea7c3aaa0ec4e5b0ff4	MODULE_LEVEL	ASSIGNMENT	false	true	true	false	false	false	true	true	false	false	false	1	12	12				false	NONE		PY_MODULE_46145c2a5de067cf211000725bcdb8de	PY_METHOD_045a8d3c36f9f34f18cb9bc6010d2ff1	blocks_and_conditional_flow.py	SERVICE_VERSION_00000000000000000000000000000000	PY_BINDING_a240d6557ed8ae6d71bf35485bc9fdf4
ImportError	PY_SCOPE_09fc4ebb4c180ea7c3aaa0ec4e5b0ff4	GLOBAL_IMPLICIT	ASSIGNMENT	false	false	true	false	false	false	false	true	false	false	false	0	0	0				false	NONE		PY_MODULE_46145c2a5de067cf211000725bcdb8de	PY_METHOD_045a8d3c36f9f34f18cb9bc6010d2ff1	blocks_and_conditional_flow.py	SERVICE_VERSION_00000000000000000000000000000000	PY_BINDING_e81fe8b3663db6d9d41aef92671010c5
Ledger	PY_SCOPE_09fc4ebb4c180ea7c3aaa0ec4e5b0ff4	IMPORTED	IMPORT	false	true	true	false	false	true	false	true	false	false	false	1	9	9				false	IMPORT	PY_IMPORT_89d5bcab60e236866f4ae6b6860fd961	PY_MODULE_46145c2a5de067cf211000725bcdb8de	PY_METHOD_045a8d3c36f9f34f18cb9bc6010d2ff1	blocks_and_conditional_flow.py	SERVICE_VERSION_00000000000000000000000000000000	PY_BINDING_c26057214158cbd3ea8b8c34f011b0d6
STARTUP	PY_SCOPE_09fc4ebb4c180ea7c3aaa0ec4e5b0ff4	MODULE_LEVEL	ASSIGNMENT	false	true	true	false	false	false	true	true	false	false	false	2	17	20				false	NONE		PY_MODULE_46145c2a5de067cf211000725bcdb8de	PY_METHOD_045a8d3c36f9f34f18cb9bc6010d2ff1	blocks_and_conditional_flow.py	SERVICE_VERSION_00000000000000000000000000000000	PY_BINDING_017a36717b48176ea5101fd5e2845e41
__name__	PY_SCOPE_09fc4ebb4c180ea7c3aaa0ec4e5b0ff4	GLOBAL_IMPLICIT	ASSIGNMENT	false	false	true	false	false	false	false	true	false	false	false	0	0	0				false	NONE		PY_MODULE_46145c2a5de067cf211000725bcdb8de	PY_METHOD_045a8d3c36f9f34f18cb9bc6010d2ff1	blocks_and_conditional_flow.py	SERVICE_VERSION_00000000000000000000000000000000	PY_BINDING_975857bff782d281d66d435b567fb968
_fast_json	PY_SCOPE_09fc4ebb4c180ea7c3aaa0ec4e5b0ff4	IMPORTED	IMPORT	false	true	true	false	false	true	false	false	false	false	false	2	26	28				false	IMPORT	PY_IMPORT_4a6f7c9fcb6aed73884ca238195ff9e5	PY_MODULE_46145c2a5de067cf211000725bcdb8de	PY_METHOD_045a8d3c36f9f34f18cb9bc6010d2ff1	blocks_and_conditional_flow.py	SERVICE_VERSION_00000000000000000000000000000000	PY_BINDING_9db46cd34baa72f30db3dc99cc305256
_seed	PY_SCOPE_09fc4ebb4c180ea7c3aaa0ec4e5b0ff4	MODULE_LEVEL	FOR_TARGET	false	true	true	false	false	false	true	true	false	false	false	1	22	22				false	NONE		PY_MODULE_46145c2a5de067cf211000725bcdb8de	PY_METHOD_045a8d3c36f9f34f18cb9bc6010d2ff1	blocks_and_conditional_flow.py	SERVICE_VERSION_00000000000000000000000000000000	PY_BINDING_14ee4441eaaec88a527581fc78bccc01
calls_inside_every_block_kind	PY_SCOPE_09fc4ebb4c180ea7c3aaa0ec4e5b0ff4	MODULE_LEVEL	FUNCTION_DEF	false	true	true	false	false	false	true	false	false	false	true	1	81	81				false	METHOD	PY_METHOD_efc21184bae1ab20823e5a77e6489e63	PY_MODULE_46145c2a5de067cf211000725bcdb8de	PY_METHOD_045a8d3c36f9f34f18cb9bc6010d2ff1	blocks_and_conditional_flow.py	SERVICE_VERSION_00000000000000000000000000000000	PY_BINDING_035e8e76e245c9692a14c1a025f7f269
comprehension_inside_a_block	PY_SCOPE_09fc4ebb4c180ea7c3aaa0ec4e5b0ff4	MODULE_LEVEL	FUNCTION_DEF	false	true	true	false	false	false	true	false	false	false	true	1	98	98				false	METHOD	PY_METHOD_7eddb4d3b7255145f26a5cb31161ef1b	PY_MODULE_46145c2a5de067cf211000725bcdb8de	PY_METHOD_045a8d3c36f9f34f18cb9bc6010d2ff1	blocks_and_conditional_flow.py	SERVICE_VERSION_00000000000000000000000000000000	PY_BINDING_2645658aa64b18a8f01b6cacb53c8f9c
if_elif_else	PY_SCOPE_09fc4ebb4c180ea7c3aaa0ec4e5b0ff4	MODULE_LEVEL	FUNCTION_DEF	false	true	true	false	false	false	true	false	false	false	true	1	31	31				false	METHOD	PY_METHOD_c08c95c91dab5d42862362a14f225fba	PY_MODULE_46145c2a5de067cf211000725bcdb8de	PY_METHOD_045a8d3c36f9f34f18cb9bc6010d2ff1	blocks_and_conditional_flow.py	SERVICE_VERSION_00000000000000000000000000000000	PY_BINDING_76288767754b205fd86ca6a69c26569b
nested_blocks	PY_SCOPE_09fc4ebb4c180ea7c3aaa0ec4e5b0ff4	MODULE_LEVEL	FUNCTION_DEF	false	true	true	false	false	false	true	false	false	false	true	1	41	41				false	METHOD	PY_METHOD_f566c548ebfe64c6c3308420b0e4652e	PY_MODULE_46145c2a5de067cf211000725bcdb8de	PY_METHOD_045a8d3c36f9f34f18cb9bc6010d2ff1	blocks_and_conditional_flow.py	SERVICE_VERSION_00000000000000000000000000000000	PY_BINDING_6f6a095f69611373e9fec1d39e5d91f0
try_except_else_finally	PY_SCOPE_09fc4ebb4c180ea7c3aaa0ec4e5b0ff4	MODULE_LEVEL	FUNCTION_DEF	false	true	true	false	false	false	true	false	false	false	true	1	56	56				false	METHOD	PY_METHOD_1ca9b70df2a25af8dca149c7759f5a07	PY_MODULE_46145c2a5de067cf211000725bcdb8de	PY_METHOD_045a8d3c36f9f34f18cb9bc6010d2ff1	blocks_and_conditional_flow.py	SERVICE_VERSION_00000000000000000000000000000000	PY_BINDING_d7c47e718e071cb2fb6130ea87f605e3
with_single_and_multiple	PY_SCOPE_09fc4ebb4c180ea7c3aaa0ec4e5b0ff4	MODULE_LEVEL	FUNCTION_DEF	false	true	true	false	false	false	true	false	false	false	true	1	74	74				false	METHOD	PY_METHOD_ac4a93b396bf221792a5b0824ce9c277	PY_MODULE_46145c2a5de067cf211000725bcdb8de	PY_METHOD_045a8d3c36f9f34f18cb9bc6010d2ff1	blocks_and_conditional_flow.py	SERVICE_VERSION_00000000000000000000000000000000	PY_BINDING_b36c1e6162c969106ededec217c9c9d0
account	PY_SCOPE_c56fdb26b061687029d0b731a00504a0	PARAMETER	PARAMETER	true	true	false	false	false	false	false	true	false	false	false	1	31	31				false	PARAMETER	PY_METHOD_PARAMETER_50cae4a34e140692b34b321b5537e958	PY_MODULE_46145c2a5de067cf211000725bcdb8de	PY_METHOD_c08c95c91dab5d42862362a14f225fba	blocks_and_conditional_flow.py	SERVICE_VERSION_00000000000000000000000000000000	PY_BINDING_e069b0a4af5b9d6adaeb2dc1ca0801d2
mode	PY_SCOPE_c56fdb26b061687029d0b731a00504a0	PARAMETER	PARAMETER	true	true	false	false	false	false	false	true	false	false	false	1	31	31				false	PARAMETER	PY_METHOD_PARAMETER_28cb1f8d1321b1acd4d0484b409820d6	PY_MODULE_46145c2a5de067cf211000725bcdb8de	PY_METHOD_c08c95c91dab5d42862362a14f225fba	blocks_and_conditional_flow.py	SERVICE_VERSION_00000000000000000000000000000000	PY_BINDING_1ecfb074a2fd1d321d86821c6f122706
account	PY_SCOPE_ca22866907d11fc9370982938164ce1f	LOCAL	FOR_TARGET	false	true	false	false	false	false	true	true	false	false	false	1	43	43				false	NONE		PY_MODULE_46145c2a5de067cf211000725bcdb8de	PY_METHOD_f566c548ebfe64c6c3308420b0e4652e	blocks_and_conditional_flow.py	SERVICE_VERSION_00000000000000000000000000000000	PY_BINDING_b69dd5fc19fdcbed0ef83681a759e3e6
accounts	PY_SCOPE_ca22866907d11fc9370982938164ce1f	PARAMETER	PARAMETER	true	true	false	false	false	false	false	true	false	false	false	1	41	41				false	PARAMETER	PY_METHOD_PARAMETER_3b69708a43716b03f1983cd8bb26a221	PY_MODULE_46145c2a5de067cf211000725bcdb8de	PY_METHOD_f566c548ebfe64c6c3308420b0e4652e	blocks_and_conditional_flow.py	SERVICE_VERSION_00000000000000000000000000000000	PY_BINDING_5310c3584cc562581f7780991f9bdeba
flag	PY_SCOPE_ca22866907d11fc9370982938164ce1f	PARAMETER	PARAMETER	true	true	false	false	false	false	false	true	false	false	false	1	41	41				false	PARAMETER	PY_METHOD_PARAMETER_d5c45650b07575906f369b1cc118cc48	PY_MODULE_46145c2a5de067cf211000725bcdb8de	PY_METHOD_f566c548ebfe64c6c3308420b0e4652e	blocks_and_conditional_flow.py	SERVICE_VERSION_00000000000000000000000000000000	PY_BINDING_0b3d4faea838bf141b270a5f027614f3
total	PY_SCOPE_ca22866907d11fc9370982938164ce1f	LOCAL	MULTIPLE	false	true	false	false	false	false	true	true	false	false	false	3	42	50				false	NONE		PY_MODULE_46145c2a5de067cf211000725bcdb8de	PY_METHOD_f566c548ebfe64c6c3308420b0e4652e	blocks_and_conditional_flow.py	SERVICE_VERSION_00000000000000000000000000000000	PY_BINDING_2617d67bc3131c6d83387349be3dadcf
FileNotFoundError	PY_SCOPE_c65ac44c18b807be47252ad2f7276830	GLOBAL_IMPLICIT	ASSIGNMENT	false	false	true	false	false	false	false	true	false	false	false	0	0	0				false	NONE		PY_MODULE_46145c2a5de067cf211000725bcdb8de	PY_METHOD_1ca9b70df2a25af8dca149c7759f5a07	blocks_and_conditional_flow.py	SERVICE_VERSION_00000000000000000000000000000000	PY_BINDING_95d7328c24412de1632ced7026c39adc
OSError	PY_SCOPE_c65ac44c18b807be47252ad2f7276830	GLOBAL_IMPLICIT	ASSIGNMENT	false	false	true	false	false	false	false	true	false	false	false	0	0	0				false	NONE		PY_MODULE_46145c2a5de067cf211000725bcdb8de	PY_METHOD_1ca9b70df2a25af8dca149c7759f5a07	blocks_and_conditional_flow.py	SERVICE_VERSION_00000000000000000000000000000000	PY_BINDING_9a1bcacb059aad7ef91027028c062530
data	PY_SCOPE_c65ac44c18b807be47252ad2f7276830	LOCAL	ASSIGNMENT	false	true	false	false	false	false	true	true	false	false	false	4	60	67				false	NONE		PY_MODULE_46145c2a5de067cf211000725bcdb8de	PY_METHOD_1ca9b70df2a25af8dca149c7759f5a07	blocks_and_conditional_flow.py	SERVICE_VERSION_00000000000000000000000000000000	PY_BINDING_750ecda691967e91f8841a458305d828
err	PY_SCOPE_c65ac44c18b807be47252ad2f7276830	LOCAL	EXCEPT_TARGET	false	true	false	false	false	false	true	true	false	false	false	1	63	63				false	NONE		PY_MODULE_46145c2a5de067cf211000725bcdb8de	PY_METHOD_1ca9b70df2a25af8dca149c7759f5a07	blocks_and_conditional_flow.py	SERVICE_VERSION_00000000000000000000000000000000	PY_BINDING_8ae97187ed7d3a8e50d170f1b79b016c
handle	PY_SCOPE_c65ac44c18b807be47252ad2f7276830	LOCAL	ASSIGNMENT	false	true	false	false	false	false	true	true	false	false	false	2	57	59				false	NONE		PY_MODULE_46145c2a5de067cf211000725bcdb8de	PY_METHOD_1ca9b70df2a25af8dca149c7759f5a07	blocks_and_conditional_flow.py	SERVICE_VERSION_00000000000000000000000000000000	PY_BINDING_f30dcb10857f97d7a7a0a3c9d6170fc5
open	PY_SCOPE_c65ac44c18b807be47252ad2f7276830	GLOBAL_IMPLICIT	ASSIGNMENT	false	false	true	false	false	false	false	true	false	false	false	0	0	0				false	NONE		PY_MODULE_46145c2a5de067cf211000725bcdb8de	PY_METHOD_1ca9b70df2a25af8dca149c7759f5a07	blocks_and_conditional_flow.py	SERVICE_VERSION_00000000000000000000000000000000	PY_BINDING_0086a37515d13def561dd89109823cca
path	PY_SCOPE_c65ac44c18b807be47252ad2f7276830	PARAMETER	PARAMETER	true	true	false	false	false	false	false	true	false	false	false	1	56	56				false	PARAMETER	PY_METHOD_PARAMETER_f51dd46bb1641ac22a19c890edbaa7ad	PY_MODULE_46145c2a5de067cf211000725bcdb8de	PY_METHOD_1ca9b70df2a25af8dca149c7759f5a07	blocks_and_conditional_flow.py	SERVICE_VERSION_00000000000000000000000000000000	PY_BINDING_4be27be9eb9e0d9bed6dc40e7656dc87
str	PY_SCOPE_c65ac44c18b807be47252ad2f7276830	GLOBAL_IMPLICIT	ASSIGNMENT	false	false	true	false	false	false	false	true	false	false	false	0	0	0				false	NONE		PY_MODULE_46145c2a5de067cf211000725bcdb8de	PY_METHOD_1ca9b70df2a25af8dca149c7759f5a07	blocks_and_conditional_flow.py	SERVICE_VERSION_00000000000000000000000000000000	PY_BINDING_a66d21bc7581379798cff8509c43b8be
first	PY_SCOPE_036f5a1ae2293b966a206476492c243b	LOCAL	WITH_TARGET	false	true	false	false	false	false	true	true	false	false	false	2	75	77				false	NONE		PY_MODULE_46145c2a5de067cf211000725bcdb8de	PY_METHOD_ac4a93b396bf221792a5b0824ce9c277	blocks_and_conditional_flow.py	SERVICE_VERSION_00000000000000000000000000000000	PY_BINDING_bc9aea8939b466d4833ad6bcd19b4ba4
open	PY_SCOPE_036f5a1ae2293b966a206476492c243b	GLOBAL_IMPLICIT	ASSIGNMENT	false	false	true	false	false	false	false	true	false	false	false	0	0	0				false	NONE		PY_MODULE_46145c2a5de067cf211000725bcdb8de	PY_METHOD_ac4a93b396bf221792a5b0824ce9c277	blocks_and_conditional_flow.py	SERVICE_VERSION_00000000000000000000000000000000	PY_BINDING_ccd3b48897d85be51c857183626b4b4c
path_a	PY_SCOPE_036f5a1ae2293b966a206476492c243b	PARAMETER	PARAMETER	true	true	false	false	false	false	false	true	false	false	false	1	74	74				false	PARAMETER	PY_METHOD_PARAMETER_657cab2a99365db0b6c56f0a2c5fa8c1	PY_MODULE_46145c2a5de067cf211000725bcdb8de	PY_METHOD_ac4a93b396bf221792a5b0824ce9c277	blocks_and_conditional_flow.py	SERVICE_VERSION_00000000000000000000000000000000	PY_BINDING_775eb351a8363a60bdb5e63383446b70
path_b	PY_SCOPE_036f5a1ae2293b966a206476492c243b	PARAMETER	PARAMETER	true	true	false	false	false	false	false	true	false	false	false	1	74	74				false	PARAMETER	PY_METHOD_PARAMETER_4ce52dadfa51969c35f9464423fcccc0	PY_MODULE_46145c2a5de067cf211000725bcdb8de	PY_METHOD_ac4a93b396bf221792a5b0824ce9c277	blocks_and_conditional_flow.py	SERVICE_VERSION_00000000000000000000000000000000	PY_BINDING_96570a5fc3e74b744b0a92139bd66052
second	PY_SCOPE_036f5a1ae2293b966a206476492c243b	LOCAL	WITH_TARGET	false	true	false	false	false	false	true	true	false	false	false	1	77	77				false	NONE		PY_MODULE_46145c2a5de067cf211000725bcdb8de	PY_METHOD_ac4a93b396bf221792a5b0824ce9c277	blocks_and_conditional_flow.py	SERVICE_VERSION_00000000000000000000000000000000	PY_BINDING_d3762d0929a8c920d6faa4aacf104096
IndexError	PY_SCOPE_9e46cd2d60c4402ab8845b5e18b120eb	GLOBAL_IMPLICIT	ASSIGNMENT	false	false	true	false	false	false	false	true	false	false	false	0	0	0				false	NONE		PY_MODULE_46145c2a5de067cf211000725bcdb8de	PY_METHOD_efc21184bae1ab20823e5a77e6489e63	blocks_and_conditional_flow.py	SERVICE_VERSION_00000000000000000000000000000000	PY_BINDING_f4a0ac6a0029d07cab560703af9583cf
account	PY_SCOPE_9e46cd2d60c4402ab8845b5e18b120eb	LOCAL	FOR_TARGET	false	true	false	false	false	false	true	true	false	false	false	1	85	85				false	NONE		PY_MODULE_46145c2a5de067cf211000725bcdb8de	PY_METHOD_efc21184bae1ab20823e5a77e6489e63	blocks_and_conditional_flow.py	SERVICE_VERSION_00000000000000000000000000000000	PY_BINDING_bc1adfda313b6a37d5220c4b60f4c74b
accounts	PY_SCOPE_9e46cd2d60c4402ab8845b5e18b120eb	PARAMETER	PARAMETER	true	true	false	false	false	false	false	true	false	false	false	1	81	81				false	PARAMETER	PY_METHOD_PARAMETER_d5fadb64ed9a684b7e739a048e84333b	PY_MODULE_46145c2a5de067cf211000725bcdb8de	PY_METHOD_efc21184bae1ab20823e5a77e6489e63	blocks_and_conditional_flow.py	SERVICE_VERSION_00000000000000000000000000000000	PY_BINDING_189d70131bae1f8598121bd844498bad
flag	PY_SCOPE_9e46cd2d60c4402ab8845b5e18b120eb	PARAMETER	PARAMETER	true	true	false	false	false	false	false	true	false	false	false	1	81	81				false	PARAMETER	PY_METHOD_PARAMETER_dea0fb04670ef8d5f31f59020fad92d2	PY_MODULE_46145c2a5de067cf211000725bcdb8de	PY_METHOD_efc21184bae1ab20823e5a77e6489e63	blocks_and_conditional_flow.py	SERVICE_VERSION_00000000000000000000000000000000	PY_BINDING_b7479f247d8357c1b57342bfafda3814
handle	PY_SCOPE_9e46cd2d60c4402ab8845b5e18b120eb	LOCAL	WITH_TARGET	false	true	false	false	false	false	true	true	false	false	false	1	94	94				false	NONE		PY_MODULE_46145c2a5de067cf211000725bcdb8de	PY_METHOD_efc21184bae1ab20823e5a77e6489e63	blocks_and_conditional_flow.py	SERVICE_VERSION_00000000000000000000000000000000	PY_BINDING_d7aae6971bb69f47bdca9af2c86c9cb2
open	PY_SCOPE_9e46cd2d60c4402ab8845b5e18b120eb	GLOBAL_IMPLICIT	ASSIGNMENT	false	false	true	false	false	false	false	true	false	false	false	0	0	0				false	NONE		PY_MODULE_46145c2a5de067cf211000725bcdb8de	PY_METHOD_efc21184bae1ab20823e5a77e6489e63	blocks_and_conditional_flow.py	SERVICE_VERSION_00000000000000000000000000000000	PY_BINDING_bbed85600d094c7a81ba0fc61124fffe
path	PY_SCOPE_9e46cd2d60c4402ab8845b5e18b120eb	PARAMETER	PARAMETER	true	true	false	false	false	false	false	true	false	false	false	1	81	81				false	PARAMETER	PY_METHOD_PARAMETER_c6630c922cdedf36cd7a752c63fc6e4f	PY_MODULE_46145c2a5de067cf211000725bcdb8de	PY_METHOD_efc21184bae1ab20823e5a77e6489e63	blocks_and_conditional_flow.py	SERVICE_VERSION_00000000000000000000000000000000	PY_BINDING_6faea82599c26523feebf739fe7ba2e5
accounts	PY_SCOPE_b81ce063bea4f86604f9b05ff2db4c56	PARAMETER	PARAMETER	true	true	false	false	false	false	false	true	false	false	false	1	98	98				false	PARAMETER	PY_METHOD_PARAMETER_68933cee85bcfbf77ef372a997d866fd	PY_MODULE_46145c2a5de067cf211000725bcdb8de	PY_METHOD_7eddb4d3b7255145f26a5cb31161ef1b	blocks_and_conditional_flow.py	SERVICE_VERSION_00000000000000000000000000000000	PY_BINDING_f147f8a30f449df32dac669d3d3e8c93
flag	PY_SCOPE_b81ce063bea4f86604f9b05ff2db4c56	PARAMETER	PARAMETER	true	true	false	false	false	false	false	true	false	false	false	1	98	98				false	PARAMETER	PY_METHOD_PARAMETER_a967f31bfb15bb5ba6f63b94ad32f371	PY_MODULE_46145c2a5de067cf211000725bcdb8de	PY_METHOD_7eddb4d3b7255145f26a5cb31161ef1b	blocks_and_conditional_flow.py	SERVICE_VERSION_00000000000000000000000000000000	PY_BINDING_2ed54cd895fef61de7984d2fa851e985
.0	PY_SCOPE_9edeffd1c88fff562817fa312505ce43	PARAMETER	PARAMETER	true	true	false	false	false	false	false	false	false	false	false	1	100	100				false	NONE		PY_MODULE_46145c2a5de067cf211000725bcdb8de	PY_METHOD_7eddb4d3b7255145f26a5cb31161ef1b	blocks_and_conditional_flow.py	SERVICE_VERSION_00000000000000000000000000000000	PY_BINDING_775311310742cb1665ed243e8bc39e1e
a	PY_SCOPE_9edeffd1c88fff562817fa312505ce43	LOCAL	COMPREHENSION_TARGET	false	true	false	false	false	false	true	true	false	false	false	1	100	100				false	NONE		PY_MODULE_46145c2a5de067cf211000725bcdb8de	PY_METHOD_7eddb4d3b7255145f26a5cb31161ef1b	blocks_and_conditional_flow.py	SERVICE_VERSION_00000000000000000000000000000000	PY_BINDING_a68bf4be8eb354313dd711cc54dd896d
.0	PY_SCOPE_279e4a8b00b4afd25d7bb2c5b37b0980	PARAMETER	PARAMETER	true	true	false	false	false	false	false	false	false	false	false	1	101	101				false	NONE		PY_MODULE_46145c2a5de067cf211000725bcdb8de	PY_METHOD_7eddb4d3b7255145f26a5cb31161ef1b	blocks_and_conditional_flow.py	SERVICE_VERSION_00000000000000000000000000000000	PY_BINDING_e42002d1934ceaa521c35f47fc684dd2
a	PY_SCOPE_279e4a8b00b4afd25d7bb2c5b37b0980	LOCAL	COMPREHENSION_TARGET	false	true	false	false	false	false	true	true	false	false	false	1	101	101				false	NONE		PY_MODULE_46145c2a5de067cf211000725bcdb8de	PY_METHOD_7eddb4d3b7255145f26a5cb31161ef1b	blocks_and_conditional_flow.py	SERVICE_VERSION_00000000000000000000000000000000	PY_BINDING_7ea0e84a868b1dcfd59fef898c1d329c
Account	PY_SCOPE_b3aca4bef919752b89f94426f2986bad	IMPORTED	IMPORT	false	true	true	false	false	true	false	false	false	false	false	1	8	8				false	IMPORT	PY_IMPORT_fa975e4884ea786dc336c136e1654862	PY_MODULE_4aae2613b4da1ab193c5ea488a873480	PY_METHOD_e85c3d1307a5a5571064b639a9cc3262	call_site_shapes.py	SERVICE_VERSION_00000000000000000000000000000000	PY_BINDING_7a1a7b70087331d74ebe1ba057d5ce24
Ledger	PY_SCOPE_b3aca4bef919752b89f94426f2986bad	IMPORTED	IMPORT	false	true	true	false	false	true	false	false	false	false	false	1	8	8				false	IMPORT	PY_IMPORT_5f8cd70b522597700ddeb821b30798ca	PY_MODULE_4aae2613b4da1ab193c5ea488a873480	PY_METHOD_e85c3d1307a5a5571064b639a9cc3262	call_site_shapes.py	SERVICE_VERSION_00000000000000000000000000000000	PY_BINDING_a7656a039030ea331a20dbbce83557e1
Widget	PY_SCOPE_b3aca4bef919752b89f94426f2986bad	MODULE_LEVEL	CLASS_DEF	false	true	true	false	false	false	true	false	false	false	true	1	11	11				false	TYPE	PY_TYPE_89132fdbeb8e0dd6e92a9fd413a40f2a	PY_MODULE_4aae2613b4da1ab193c5ea488a873480	PY_METHOD_e85c3d1307a5a5571064b639a9cc3262	call_site_shapes.py	SERVICE_VERSION_00000000000000000000000000000000	PY_BINDING_2175f8c20617e78307fe66633c6e6139
bare_name_call	PY_SCOPE_b3aca4bef919752b89f94426f2986bad	MODULE_LEVEL	FUNCTION_DEF	false	true	true	false	false	false	true	false	false	false	true	1	55	55				false	METHOD	PY_METHOD_451e0be553e5fc4b670246020d50195b	PY_MODULE_4aae2613b4da1ab193c5ea488a873480	PY_METHOD_e85c3d1307a5a5571064b639a9cc3262	call_site_shapes.py	SERVICE_VERSION_00000000000000000000000000000000	PY_BINDING_b5ffda84f3c1566c871cdb322644f56d
constructor_like_call	PY_SCOPE_b3aca4bef919752b89f94426f2986bad	MODULE_LEVEL	FUNCTION_DEF	false	true	true	false	false	false	true	false	false	false	true	1	81	81				false	METHOD	PY_METHOD_4356c8b9cdeb8add3756b9809634b020	PY_MODULE_4aae2613b4da1ab193c5ea488a873480	PY_METHOD_e85c3d1307a5a5571064b639a9cc3262	call_site_shapes.py	SERVICE_VERSION_00000000000000000000000000000000	PY_BINDING_017356d7954297105371b354d146443d
dynamic_call	PY_SCOPE_b3aca4bef919752b89f94426f2986bad	MODULE_LEVEL	FUNCTION_DEF	false	true	true	false	false	false	true	false	false	false	true	1	92	92				false	METHOD	PY_METHOD_7a132c01cf314132545b5a1dbf9f9a47	PY_MODULE_4aae2613b4da1ab193c5ea488a873480	PY_METHOD_e85c3d1307a5a5571064b639a9cc3262	call_site_shapes.py	SERVICE_VERSION_00000000000000000000000000000000	PY_BINDING_211735ff6f69bfdef8564c024f202def
instance_call_via_dunder	PY_SCOPE_b3aca4bef919752b89f94426f2986bad	MODULE_LEVEL	FUNCTION_DEF	false	true	true	false	false	false	true	false	false	false	true	1	87	87				false	METHOD	PY_METHOD_14b49e9cd9d54b59cf96a27833ac7427	PY_MODULE_4aae2613b4da1ab193c5ea488a873480	PY_METHOD_e85c3d1307a5a5571064b639a9cc3262	call_site_shapes.py	SERVICE_VERSION_00000000000000000000000000000000	PY_BINDING_4ca84e7eb045a09bd6484fa63f1b1f1d
keyword_and_star_shapes	PY_SCOPE_b3aca4bef919752b89f94426f2986bad	MODULE_LEVEL	FUNCTION_DEF	false	true	true	false	false	false	true	false	false	false	true	1	108	108				false	METHOD	PY_METHOD_e321da753c7bc53ce1b0e4626ee9e8aa	PY_MODULE_4aae2613b4da1ab193c5ea488a873480	PY_METHOD_e85c3d1307a5a5571064b639a9cc3262	call_site_shapes.py	SERVICE_VERSION_00000000000000000000000000000000	PY_BINDING_253a5c2edadd6ad0070bf359c7d23a2c
literal_receiver	PY_SCOPE_b3aca4bef919752b89f94426f2986bad	MODULE_LEVEL	FUNCTION_DEF	false	true	true	false	false	false	true	false	false	false	true	1	76	76				false	METHOD	PY_METHOD_633bdab0f73b8ae3ad6965348564928a	PY_MODULE_4aae2613b4da1ab193c5ea488a873480	PY_METHOD_e85c3d1307a5a5571064b639a9cc3262	call_site_shapes.py	SERVICE_VERSION_00000000000000000000000000000000	PY_BINDING_c311e9bf23646fcdbe73a4089a22fe8a
module_receiver	PY_SCOPE_b3aca4bef919752b89f94426f2986bad	MODULE_LEVEL	FUNCTION_DEF	false	true	true	false	false	false	true	false	false	false	true	1	65	65				false	METHOD	PY_METHOD_4ffe961c21176e333ae2b746c3499b98	PY_MODULE_4aae2613b4da1ab193c5ea488a873480	PY_METHOD_e85c3d1307a5a5571064b639a9cc3262	call_site_shapes.py	SERVICE_VERSION_00000000000000000000000000000000	PY_BINDING_b934726a809d3d77a3c89b0509b452b3
name_receiver	PY_SCOPE_b3aca4bef919752b89f94426f2986bad	MODULE_LEVEL	FUNCTION_DEF	false	true	true	false	false	false	true	false	false	false	true	1	60	60				false	METHOD	PY_METHOD_93bb2592cdd11698c9b6f15ab163f334	PY_MODULE_4aae2613b4da1ab193c5ea488a873480	PY_METHOD_e85c3d1307a5a5571064b639a9cc3262	call_site_shapes.py	SERVICE_VERSION_00000000000000000000000000000000	PY_BINDING_915c6fc55fa46f44115abeb3136817ac
nested_calls_same_start_offset	PY_SCOPE_b3aca4bef919752b89f94426f2986bad	MODULE_LEVEL	FUNCTION_DEF	false	true	true	false	false	false	true	false	false	false	true	1	97	97				false	METHOD	PY_METHOD_febf3fd984f2fe230a83a50cff9fa88b	PY_MODULE_4aae2613b4da1ab193c5ea488a873480	PY_METHOD_e85c3d1307a5a5571064b639a9cc3262	call_site_shapes.py	SERVICE_VERSION_00000000000000000000000000000000	PY_BINDING_2d311a14e2c293523ccc146d3691f82e
normalise	PY_SCOPE_b3aca4bef919752b89f94426f2986bad	MODULE_LEVEL	FUNCTION_DEF	false	true	true	false	false	false	true	false	false	false	true	1	104	104				false	METHOD	PY_METHOD_21fb7899277ef007478bcb94099de130	PY_MODULE_4aae2613b4da1ab193c5ea488a873480	PY_METHOD_e85c3d1307a5a5571064b639a9cc3262	call_site_shapes.py	SERVICE_VERSION_00000000000000000000000000000000	PY_BINDING_0dc482496da518e56f2948b52722a6e7
positional_and_keyword	PY_SCOPE_b3aca4bef919752b89f94426f2986bad	MODULE_LEVEL	FUNCTION_DEF	false	true	true	false	false	false	true	false	false	false	true	1	114	114				false	METHOD	PY_METHOD_6441f367001973b79746364665ebc38c	PY_MODULE_4aae2613b4da1ab193c5ea488a873480	PY_METHOD_e85c3d1307a5a5571064b639a9cc3262	call_site_shapes.py	SERVICE_VERSION_00000000000000000000000000000000	PY_BINDING_01f04b99d0aa479fc618d3bfadd1cb93
type_receiver	PY_SCOPE_b3aca4bef919752b89f94426f2986bad	MODULE_LEVEL	FUNCTION_DEF	false	true	true	false	false	false	true	false	false	false	true	1	71	71				false	METHOD	PY_METHOD_08de495df3f4d75ce9831803d072def0	PY_MODULE_4aae2613b4da1ab193c5ea488a873480	PY_METHOD_e85c3d1307a5a5571064b639a9cc3262	call_site_shapes.py	SERVICE_VERSION_00000000000000000000000000000000	PY_BINDING_678fcd8f9c0eb1c5279273c2aea8e50d
__init__	PY_SCOPE_418a92849be2784b0f0d2c64d8aec25d	CLASS_ATTRIBUTE	FUNCTION_DEF	false	true	false	false	false	false	true	false	false	false	true	1	14	14				false	METHOD	PY_METHOD_6f4c37f04330de911c5a2a714cde6ada	PY_MODULE_4aae2613b4da1ab193c5ea488a873480	PY_METHOD_ae5bb3fde49a04de6c5e6a6dd543d77e	call_site_shapes.py	SERVICE_VERSION_00000000000000000000000000000000	PY_BINDING_ec567535c96bd8f3640d4165b8c0ee84
attribute_receiver	PY_SCOPE_418a92849be2784b0f0d2c64d8aec25d	CLASS_ATTRIBUTE	FUNCTION_DEF	false	true	false	false	false	false	true	false	false	false	true	1	38	38				false	METHOD	PY_METHOD_c123f969057318b1c76aeded1591acce	PY_MODULE_4aae2613b4da1ab193c5ea488a873480	PY_METHOD_ae5bb3fde49a04de6c5e6a6dd543d77e	call_site_shapes.py	SERVICE_VERSION_00000000000000000000000000000000	PY_BINDING_5afea8b8c3eb82c80b67003777aab1bb
build	PY_SCOPE_418a92849be2784b0f0d2c64d8aec25d	CLASS_ATTRIBUTE	FUNCTION_DEF	false	true	false	false	false	false	true	false	false	false	true	1	22	22				false	METHOD	PY_METHOD_fbebff5666a0c70f228cd582d19e5e21	PY_MODULE_4aae2613b4da1ab193c5ea488a873480	PY_METHOD_ae5bb3fde49a04de6c5e6a6dd543d77e	call_site_shapes.py	SERVICE_VERSION_00000000000000000000000000000000	PY_BINDING_1fa2735e788525ad8057519638ce1af1
call_result_receiver	PY_SCOPE_418a92849be2784b0f0d2c64d8aec25d	CLASS_ATTRIBUTE	FUNCTION_DEF	false	true	false	false	false	false	true	false	false	false	true	1	46	46				false	METHOD	PY_METHOD_65acc5cb37445b420f8b41d4f5d0a0ad	PY_MODULE_4aae2613b4da1ab193c5ea488a873480	PY_METHOD_ae5bb3fde49a04de6c5e6a6dd543d77e	call_site_shapes.py	SERVICE_VERSION_00000000000000000000000000000000	PY_BINDING_41a1420a0f0024b0df8082592c28f264
classmethod	PY_SCOPE_418a92849be2784b0f0d2c64d8aec25d	GLOBAL_IMPLICIT	ASSIGNMENT	false	false	true	false	false	false	false	true	false	false	false	0	0	0				false	NONE		PY_MODULE_4aae2613b4da1ab193c5ea488a873480	PY_METHOD_ae5bb3fde49a04de6c5e6a6dd543d77e	call_site_shapes.py	SERVICE_VERSION_00000000000000000000000000000000	PY_BINDING_721402d351b1a286700331d5bfafb32f
cls_receiver	PY_SCOPE_418a92849be2784b0f0d2c64d8aec25d	CLASS_ATTRIBUTE	FUNCTION_DEF	false	true	false	false	false	false	true	false	false	false	true	1	27	27				false	METHOD	PY_METHOD_6078616ab9538ca07ec8d5466cd5eb99	PY_MODULE_4aae2613b4da1ab193c5ea488a873480	PY_METHOD_ae5bb3fde49a04de6c5e6a6dd543d77e	call_site_shapes.py	SERVICE_VERSION_00000000000000000000000000000000	PY_BINDING_eaeda6bd269f45a22b7db70b489cbda6
helper	PY_SCOPE_418a92849be2784b0f0d2c64d8aec25d	CLASS_ATTRIBUTE	FUNCTION_DEF	false	true	false	false	false	false	true	false	false	false	true	1	31	31				false	METHOD	PY_METHOD_156ddb7da9a69192e6672e6581a66205	PY_MODULE_4aae2613b4da1ab193c5ea488a873480	PY_METHOD_ae5bb3fde49a04de6c5e6a6dd543d77e	call_site_shapes.py	SERVICE_VERSION_00000000000000000000000000000000	PY_BINDING_17000706b9441cb5961628e7b50f8b22
registry	PY_SCOPE_418a92849be2784b0f0d2c64d8aec25d	CLASS_ATTRIBUTE	ASSIGNMENT	false	true	false	false	false	false	true	false	false	false	false	1	12	12				false	NONE		PY_MODULE_4aae2613b4da1ab193c5ea488a873480	PY_METHOD_ae5bb3fde49a04de6c5e6a6dd543d77e	call_site_shapes.py	SERVICE_VERSION_00000000000000000000000000000000	PY_BINDING_836fba15a7b0be5978df0bca5e57fe2f
render	PY_SCOPE_418a92849be2784b0f0d2c64d8aec25d	CLASS_ATTRIBUTE	FUNCTION_DEF	false	true	false	false	false	false	true	false	false	false	true	1	18	18				false	METHOD	PY_METHOD_8a00c6a209e528e05bb5ad19edcb18f0	PY_MODULE_4aae2613b4da1ab193c5ea488a873480	PY_METHOD_ae5bb3fde49a04de6c5e6a6dd543d77e	call_site_shapes.py	SERVICE_VERSION_00000000000000000000000000000000	PY_BINDING_a99ad40a30000fa973fe056a7feaceab
self_receiver	PY_SCOPE_418a92849be2784b0f0d2c64d8aec25d	CLASS_ATTRIBUTE	FUNCTION_DEF	false	true	false	false	false	false	true	false	false	false	true	1	34	34				false	METHOD	PY_METHOD_29af074b05609f27522cab7b9d1d6f6c	PY_MODULE_4aae2613b4da1ab193c5ea488a873480	PY_METHOD_ae5bb3fde49a04de6c5e6a6dd543d77e	call_site_shapes.py	SERVICE_VERSION_00000000000000000000000000000000	PY_BINDING_f6c8b640c1db32d7b03298f329ad473b
staticmethod	PY_SCOPE_418a92849be2784b0f0d2c64d8aec25d	GLOBAL_IMPLICIT	ASSIGNMENT	false	false	true	false	false	false	false	true	false	false	false	0	0	0				false	NONE		PY_MODULE_4aae2613b4da1ab193c5ea488a873480	PY_METHOD_ae5bb3fde49a04de6c5e6a6dd543d77e	call_site_shapes.py	SERVICE_VERSION_00000000000000000000000000000000	PY_BINDING_88c49a51b9ad90fe5dff7638b8fecfb1
subscript_receiver	PY_SCOPE_418a92849be2784b0f0d2c64d8aec25d	CLASS_ATTRIBUTE	FUNCTION_DEF	false	true	false	false	false	false	true	false	false	false	true	1	42	42				false	METHOD	PY_METHOD_bd58a5b2c973d46575043d8dc053353e	PY_MODULE_4aae2613b4da1ab193c5ea488a873480	PY_METHOD_ae5bb3fde49a04de6c5e6a6dd543d77e	call_site_shapes.py	SERVICE_VERSION_00000000000000000000000000000000	PY_BINDING_258ca0e6ef559681090150a99c9a1b20
super_receiver	PY_SCOPE_418a92849be2784b0f0d2c64d8aec25d	CLASS_ATTRIBUTE	FUNCTION_DEF	false	true	false	false	false	false	true	false	false	false	true	1	50	50				false	METHOD	PY_METHOD_92ab47e48ecd017bc9f3e5696f3afb6d	PY_MODULE_4aae2613b4da1ab193c5ea488a873480	PY_METHOD_ae5bb3fde49a04de6c5e6a6dd543d77e	call_site_shapes.py	SERVICE_VERSION_00000000000000000000000000000000	PY_BINDING_dc1b6924130f62c5c60902dd53b29f66
name	PY_SCOPE_e468eddd7062744df2b29ca18485b656	PARAMETER	PARAMETER	true	true	false	false	false	false	false	true	false	false	false	1	14	14				false	PARAMETER	PY_METHOD_PARAMETER_d4825087715c83979bcea0c84422ba29	PY_MODULE_4aae2613b4da1ab193c5ea488a873480	PY_METHOD_6f4c37f04330de911c5a2a714cde6ada	call_site_shapes.py	SERVICE_VERSION_00000000000000000000000000000000	PY_BINDING_d9aaaa0f470fbbcf257c44f7458333cb
self	PY_SCOPE_e468eddd7062744df2b29ca18485b656	PARAMETER	PARAMETER	true	true	false	false	false	false	false	true	false	false	false	1	14	14				false	PARAMETER	PY_METHOD_PARAMETER_489673092d700b19b459e48f0b670357	PY_MODULE_4aae2613b4da1ab193c5ea488a873480	PY_METHOD_6f4c37f04330de911c5a2a714cde6ada	call_site_shapes.py	SERVICE_VERSION_00000000000000000000000000000000	PY_BINDING_915228d7e7d8e9ea5ece7498897c2776
self	PY_SCOPE_36d41b4c413c83be1cec398f4f728fcd	PARAMETER	PARAMETER	true	true	false	false	false	false	false	true	false	false	false	1	18	18				false	PARAMETER	PY_METHOD_PARAMETER_c0c7622273fd4db0d4dfeaa23d165852	PY_MODULE_4aae2613b4da1ab193c5ea488a873480	PY_METHOD_8a00c6a209e528e05bb5ad19edcb18f0	call_site_shapes.py	SERVICE_VERSION_00000000000000000000000000000000	PY_BINDING_b1dd01a85e7faada5ad0dd5f00da337e
cls	PY_SCOPE_ab9da2109f017446761e251d597f3813	PARAMETER	PARAMETER	true	true	false	false	false	false	false	true	false	false	false	1	22	22				false	PARAMETER	PY_METHOD_PARAMETER_2e1f22d8e150920f420aa3f72b0d2a80	PY_MODULE_4aae2613b4da1ab193c5ea488a873480	PY_METHOD_fbebff5666a0c70f228cd582d19e5e21	call_site_shapes.py	SERVICE_VERSION_00000000000000000000000000000000	PY_BINDING_f03eb92a2a3bffe105e93c2076811e9b
name	PY_SCOPE_ab9da2109f017446761e251d597f3813	PARAMETER	PARAMETER	true	true	false	false	false	false	false	true	false	false	false	1	22	22				false	PARAMETER	PY_METHOD_PARAMETER_2ab469659a7f2eb753d874215870e309	PY_MODULE_4aae2613b4da1ab193c5ea488a873480	PY_METHOD_fbebff5666a0c70f228cd582d19e5e21	call_site_shapes.py	SERVICE_VERSION_00000000000000000000000000000000	PY_BINDING_5391f36bab52e948fa3aeb5ad5ad804c
cls	PY_SCOPE_c984c0f98ab82206f5b28ca5aa0e5445	PARAMETER	PARAMETER	true	true	false	false	false	false	false	true	false	false	false	1	27	27				false	PARAMETER	PY_METHOD_PARAMETER_ab56399279616d53f4ba740efa924bc2	PY_MODULE_4aae2613b4da1ab193c5ea488a873480	PY_METHOD_6078616ab9538ca07ec8d5466cd5eb99	call_site_shapes.py	SERVICE_VERSION_00000000000000000000000000000000	PY_BINDING_e1191abf68c79b33e4291e11a1cb3b1f
self	PY_SCOPE_91e55e14a61e454d4ecc0fe24ae723c1	PARAMETER	PARAMETER	true	true	false	false	false	false	false	true	false	false	false	1	34	34				false	PARAMETER	PY_METHOD_PARAMETER_cedfdaac92d0f69d72c37942ad8dce68	PY_MODULE_4aae2613b4da1ab193c5ea488a873480	PY_METHOD_29af074b05609f27522cab7b9d1d6f6c	call_site_shapes.py	SERVICE_VERSION_00000000000000000000000000000000	PY_BINDING_d5262fec27a167db58d60c9f3b7df8e3
self	PY_SCOPE_4089f5089cc70d0b99b34832936f27f4	PARAMETER	PARAMETER	true	true	false	false	false	false	false	true	false	false	false	1	38	38				false	PARAMETER	PY_METHOD_PARAMETER_6da1b2d8353c7e2bb8a02c812a851fa0	PY_MODULE_4aae2613b4da1ab193c5ea488a873480	PY_METHOD_c123f969057318b1c76aeded1591acce	call_site_shapes.py	SERVICE_VERSION_00000000000000000000000000000000	PY_BINDING_eaaa831cefae5aa4c3ee61beb5efc0f2
self	PY_SCOPE_a130c57cbda9b89f567c1349d9e1a742	PARAMETER	PARAMETER	true	true	false	false	false	false	false	true	false	false	false	1	42	42				false	PARAMETER	PY_METHOD_PARAMETER_cb794a8bbb33ce2df7c74bf69b93bb96	PY_MODULE_4aae2613b4da1ab193c5ea488a873480	PY_METHOD_bd58a5b2c973d46575043d8dc053353e	call_site_shapes.py	SERVICE_VERSION_00000000000000000000000000000000	PY_BINDING_ed03464ba008a913706f3647b5239902
Widget	PY_SCOPE_ce4f6c74d628ab6b24ab65a7333c16c0	GLOBAL_IMPLICIT	ASSIGNMENT	false	false	true	false	false	false	false	true	false	false	false	0	0	0				false	NONE		PY_MODULE_4aae2613b4da1ab193c5ea488a873480	PY_METHOD_65acc5cb37445b420f8b41d4f5d0a0ad	call_site_shapes.py	SERVICE_VERSION_00000000000000000000000000000000	PY_BINDING_cc4b78015fa3697fccb27318df4801b3
name	PY_SCOPE_ce4f6c74d628ab6b24ab65a7333c16c0	PARAMETER	PARAMETER	true	true	false	false	false	false	false	true	false	false	false	1	46	46				false	PARAMETER	PY_METHOD_PARAMETER_f53b857acbee694cdf41c04458484ec6	PY_MODULE_4aae2613b4da1ab193c5ea488a873480	PY_METHOD_65acc5cb37445b420f8b41d4f5d0a0ad	call_site_shapes.py	SERVICE_VERSION_00000000000000000000000000000000	PY_BINDING_05e6d60570689e2b96a83e135b082bfe
self	PY_SCOPE_ce4f6c74d628ab6b24ab65a7333c16c0	PARAMETER	PARAMETER	true	true	false	false	false	false	false	false	false	false	false	1	46	46				false	PARAMETER	PY_METHOD_PARAMETER_bc0522d5375c6dd2d23d9a94c3f2ea79	PY_MODULE_4aae2613b4da1ab193c5ea488a873480	PY_METHOD_65acc5cb37445b420f8b41d4f5d0a0ad	call_site_shapes.py	SERVICE_VERSION_00000000000000000000000000000000	PY_BINDING_f7cbbf6bae61ea8292cdbf1a84c98ca0
__class__	PY_SCOPE_19a78037b8237d44fd897226b20dab5f	FREE	ASSIGNMENT	false	false	false	false	true	false	false	true	false	false	false	0	0	0				false	NONE		PY_MODULE_4aae2613b4da1ab193c5ea488a873480	PY_METHOD_92ab47e48ecd017bc9f3e5696f3afb6d	call_site_shapes.py	SERVICE_VERSION_00000000000000000000000000000000	PY_BINDING_c3a1efe450a02ff8b178105fbf32dfb1
self	PY_SCOPE_19a78037b8237d44fd897226b20dab5f	PARAMETER	PARAMETER	true	true	false	false	false	false	false	false	false	false	false	1	50	50				false	PARAMETER	PY_METHOD_PARAMETER_1c844318a5c4479779a7338e4d3b757d	PY_MODULE_4aae2613b4da1ab193c5ea488a873480	PY_METHOD_92ab47e48ecd017bc9f3e5696f3afb6d	call_site_shapes.py	SERVICE_VERSION_00000000000000000000000000000000	PY_BINDING_b6a87f1bb2c4e28d83d49233d1615d72
super	PY_SCOPE_19a78037b8237d44fd897226b20dab5f	GLOBAL_IMPLICIT	ASSIGNMENT	false	false	true	false	false	false	false	true	false	false	false	0	0	0				false	NONE		PY_MODULE_4aae2613b4da1ab193c5ea488a873480	PY_METHOD_92ab47e48ecd017bc9f3e5696f3afb6d	call_site_shapes.py	SERVICE_VERSION_00000000000000000000000000000000	PY_BINDING_499b521c47497aa4b1a5dc0ee061147b
len	PY_SCOPE_807671d7da6242e0b370b5ca2623c14e	GLOBAL_IMPLICIT	ASSIGNMENT	false	false	true	false	false	false	false	true	false	false	false	0	0	0				false	NONE		PY_MODULE_4aae2613b4da1ab193c5ea488a873480	PY_METHOD_451e0be553e5fc4b670246020d50195b	call_site_shapes.py	SERVICE_VERSION_00000000000000000000000000000000	PY_BINDING_c52d2bbe59fd51217949803caf4b6b32
value	PY_SCOPE_807671d7da6242e0b370b5ca2623c14e	PARAMETER	PARAMETER	true	true	false	false	false	false	false	true	false	false	false	1	55	55				false	PARAMETER	PY_METHOD_PARAMETER_1f18369ddfea22d08367e49e15d8dd93	PY_MODULE_4aae2613b4da1ab193c5ea488a873480	PY_METHOD_451e0be553e5fc4b670246020d50195b	call_site_shapes.py	SERVICE_VERSION_00000000000000000000000000000000	PY_BINDING_32bce2afd969603b0981058e7b3076f8
widget	PY_SCOPE_412304ce3bf422fbe19b60bc451d8355	PARAMETER	PARAMETER	true	true	false	false	false	false	false	true	false	false	false	1	60	60				false	PARAMETER	PY_METHOD_PARAMETER_79c8657e33abac1fb0898ab94150ee1d	PY_MODULE_4aae2613b4da1ab193c5ea488a873480	PY_METHOD_93bb2592cdd11698c9b6f15ab163f334	call_site_shapes.py	SERVICE_VERSION_00000000000000000000000000000000	PY_BINDING_2c6b8727d77c9828e92e71a7c3167a9f
json	PY_SCOPE_5f8454a9411ab822304faa2bfa3fa0ff	IMPORTED	IMPORT	false	true	false	false	false	true	false	true	false	false	false	1	66	66				false	IMPORT	PY_IMPORT_a0f33316bf6e847b948182eb4205a085	PY_MODULE_4aae2613b4da1ab193c5ea488a873480	PY_METHOD_4ffe961c21176e333ae2b746c3499b98	call_site_shapes.py	SERVICE_VERSION_00000000000000000000000000000000	PY_BINDING_69ef62a6a22f162715f89718a33be112
payload	PY_SCOPE_5f8454a9411ab822304faa2bfa3fa0ff	PARAMETER	PARAMETER	true	true	false	false	false	false	false	true	false	false	false	1	65	65				false	PARAMETER	PY_METHOD_PARAMETER_43b0e3fd17fd507c166e7b5425ae6930	PY_MODULE_4aae2613b4da1ab193c5ea488a873480	PY_METHOD_4ffe961c21176e333ae2b746c3499b98	call_site_shapes.py	SERVICE_VERSION_00000000000000000000000000000000	PY_BINDING_06ee4998b8583d64730037aa02d6e66d
Widget	PY_SCOPE_5efa431044835c9f3ea6eb3090b77092	GLOBAL_IMPLICIT	ASSIGNMENT	false	false	true	false	false	false	false	true	false	false	false	0	0	0				false	NONE		PY_MODULE_4aae2613b4da1ab193c5ea488a873480	PY_METHOD_08de495df3f4d75ce9831803d072def0	call_site_shapes.py	SERVICE_VERSION_00000000000000000000000000000000	PY_BINDING_9d9ed6971e21dd45f339b27355be87eb
name	PY_SCOPE_5efa431044835c9f3ea6eb3090b77092	PARAMETER	PARAMETER	true	true	false	false	false	false	false	false	false	false	false	1	71	71				false	PARAMETER	PY_METHOD_PARAMETER_d915c78b70a204edcec0565f7623f96f	PY_MODULE_4aae2613b4da1ab193c5ea488a873480	PY_METHOD_08de495df3f4d75ce9831803d072def0	call_site_shapes.py	SERVICE_VERSION_00000000000000000000000000000000	PY_BINDING_3b29f16edf3f2ab2cded74333c34b012
parts	PY_SCOPE_5e2eb433df472655d0206a4829a9101c	PARAMETER	PARAMETER	true	true	false	false	false	false	false	true	false	false	false	1	76	76				false	PARAMETER	PY_METHOD_PARAMETER_db2d9638e85374fb2ce9c83489b31959	PY_MODULE_4aae2613b4da1ab193c5ea488a873480	PY_METHOD_633bdab0f73b8ae3ad6965348564928a	call_site_shapes.py	SERVICE_VERSION_00000000000000000000000000000000	PY_BINDING_da829b3607b24c13f7b466edd81bff4b
Account	PY_SCOPE_21a5b1dc3f430293f74da6f8dbb0e80a	GLOBAL_IMPLICIT	ASSIGNMENT	false	false	true	false	false	false	false	true	false	false	false	0	0	0				false	NONE		PY_MODULE_4aae2613b4da1ab193c5ea488a873480	PY_METHOD_4356c8b9cdeb8add3756b9809634b020	call_site_shapes.py	SERVICE_VERSION_00000000000000000000000000000000	PY_BINDING_2b1e7ae0b52ad45d5c21a25f550ed63d
owner	PY_SCOPE_21a5b1dc3f430293f74da6f8dbb0e80a	PARAMETER	PARAMETER	true	true	false	false	false	false	false	true	false	false	false	1	81	81				false	PARAMETER	PY_METHOD_PARAMETER_3c7ccb818572eec0de93f1c535afb428	PY_MODULE_4aae2613b4da1ab193c5ea488a873480	PY_METHOD_4356c8b9cdeb8add3756b9809634b020	call_site_shapes.py	SERVICE_VERSION_00000000000000000000000000000000	PY_BINDING_143d5a3611f9de4fc0c663832b77bfe7
callable_obj	PY_SCOPE_e0351a73af2c1c24e29c5d2a47425a92	PARAMETER	PARAMETER	true	true	false	false	false	false	false	true	false	false	false	1	87	87				false	PARAMETER	PY_METHOD_PARAMETER_9d6a84214984cc707726dd5f5e3c0d10	PY_MODULE_4aae2613b4da1ab193c5ea488a873480	PY_METHOD_14b49e9cd9d54b59cf96a27833ac7427	call_site_shapes.py	SERVICE_VERSION_00000000000000000000000000000000	PY_BINDING_c9cccf3e73ba6f7256ba951103c688ab
getattr	PY_SCOPE_26c4d18ba1e0551b540fad650de569c9	GLOBAL_IMPLICIT	ASSIGNMENT	false	false	true	false	false	false	false	true	false	false	false	0	0	0				false	NONE		PY_MODULE_4aae2613b4da1ab193c5ea488a873480	PY_METHOD_7a132c01cf314132545b5a1dbf9f9a47	call_site_shapes.py	SERVICE_VERSION_00000000000000000000000000000000	PY_BINDING_0b6a1b81ca0f533826ec8708a59cac47
method_name	PY_SCOPE_26c4d18ba1e0551b540fad650de569c9	PARAMETER	PARAMETER	true	true	false	false	false	false	false	true	false	false	false	1	92	92				false	PARAMETER	PY_METHOD_PARAMETER_6bb5ffa13ba20e182d9b151d543707b8	PY_MODULE_4aae2613b4da1ab193c5ea488a873480	PY_METHOD_7a132c01cf314132545b5a1dbf9f9a47	call_site_shapes.py	SERVICE_VERSION_00000000000000000000000000000000	PY_BINDING_e44886598ffcf898e818d098369fb104
obj	PY_SCOPE_26c4d18ba1e0551b540fad650de569c9	PARAMETER	PARAMETER	true	true	false	false	false	false	false	true	false	false	false	1	92	92				false	PARAMETER	PY_METHOD_PARAMETER_65ff91e5ec530be9105aab0835012220	PY_MODULE_4aae2613b4da1ab193c5ea488a873480	PY_METHOD_7a132c01cf314132545b5a1dbf9f9a47	call_site_shapes.py	SERVICE_VERSION_00000000000000000000000000000000	PY_BINDING_ff5508ecd7da7dc7939e886ea7e65ccf
account	PY_SCOPE_c7859cb8b99a9d0f7f3ff32e0b70bdca	PARAMETER	PARAMETER	true	true	false	false	false	false	false	true	false	false	false	1	97	97				false	PARAMETER	PY_METHOD_PARAMETER_64f1e706685199bc75ff2c14e00e70b9	PY_MODULE_4aae2613b4da1ab193c5ea488a873480	PY_METHOD_febf3fd984f2fe230a83a50cff9fa88b	call_site_shapes.py	SERVICE_VERSION_00000000000000000000000000000000	PY_BINDING_3d216377a6c134b4149e2efaa2864fac
ledger	PY_SCOPE_c7859cb8b99a9d0f7f3ff32e0b70bdca	PARAMETER	PARAMETER	true	true	false	false	false	false	false	true	false	false	false	1	97	97				false	PARAMETER	PY_METHOD_PARAMETER_c7ca8b21cd7fca26a901b011d8a68920	PY_MODULE_4aae2613b4da1ab193c5ea488a873480	PY_METHOD_febf3fd984f2fe230a83a50cff9fa88b	call_site_shapes.py	SERVICE_VERSION_00000000000000000000000000000000	PY_BINDING_968773749efb1820eb7e8b0f669044c2
normalise	PY_SCOPE_c7859cb8b99a9d0f7f3ff32e0b70bdca	GLOBAL_IMPLICIT	ASSIGNMENT	false	false	true	false	false	false	false	true	false	false	false	0	0	0				false	NONE		PY_MODULE_4aae2613b4da1ab193c5ea488a873480	PY_METHOD_febf3fd984f2fe230a83a50cff9fa88b	call_site_shapes.py	SERVICE_VERSION_00000000000000000000000000000000	PY_BINDING_fc0e4c7c8cd0e2eb8a56029002eaab03
value	PY_SCOPE_310e84a00afd089fc105e58fe13975d7	PARAMETER	PARAMETER	true	true	false	false	false	false	false	true	false	false	false	1	104	104				false	PARAMETER	PY_METHOD_PARAMETER_a228267571d9c17bbbbb9fa73562c88b	PY_MODULE_4aae2613b4da1ab193c5ea488a873480	PY_METHOD_21fb7899277ef007478bcb94099de130	call_site_shapes.py	SERVICE_VERSION_00000000000000000000000000000000	PY_BINDING_5ef55006a7a92060b09be92e431708a8
account	PY_SCOPE_96e41552b5c27d50e794db8892c4f812	PARAMETER	PARAMETER	true	true	false	false	false	false	false	true	false	false	false	1	108	108				false	PARAMETER	PY_METHOD_PARAMETER_48bb3129d841e6734c50055b766fc556	PY_MODULE_4aae2613b4da1ab193c5ea488a873480	PY_METHOD_e321da753c7bc53ce1b0e4626ee9e8aa	call_site_shapes.py	SERVICE_VERSION_00000000000000000000000000000000	PY_BINDING_8bf2925da0440f43dc601dfa38f590c1
extras	PY_SCOPE_96e41552b5c27d50e794db8892c4f812	PARAMETER	PARAMETER	true	true	false	false	false	false	false	true	false	false	false	1	108	108				false	PARAMETER	PY_METHOD_PARAMETER_c684c971e15788d1ec5ab04d9a7458fd	PY_MODULE_4aae2613b4da1ab193c5ea488a873480	PY_METHOD_e321da753c7bc53ce1b0e4626ee9e8aa	call_site_shapes.py	SERVICE_VERSION_00000000000000000000000000000000	PY_BINDING_9cee013f0e5c1ad00fd895c399f7bc28
ledger	PY_SCOPE_96e41552b5c27d50e794db8892c4f812	PARAMETER	PARAMETER	true	true	false	false	false	false	false	true	false	false	false	1	108	108				false	PARAMETER	PY_METHOD_PARAMETER_de5b5d6d0b56b70c789a8fd3212b1e56	PY_MODULE_4aae2613b4da1ab193c5ea488a873480	PY_METHOD_e321da753c7bc53ce1b0e4626ee9e8aa	call_site_shapes.py	SERVICE_VERSION_00000000000000000000000000000000	PY_BINDING_f09f765c70f757240b73d9621aa7f3e2
positional_and_keyword	PY_SCOPE_96e41552b5c27d50e794db8892c4f812	GLOBAL_IMPLICIT	ASSIGNMENT	false	false	true	false	false	false	false	true	false	false	false	0	0	0				false	NONE		PY_MODULE_4aae2613b4da1ab193c5ea488a873480	PY_METHOD_e321da753c7bc53ce1b0e4626ee9e8aa	call_site_shapes.py	SERVICE_VERSION_00000000000000000000000000000000	PY_BINDING_c0f1b40dc3359cf738250b599579067b
account	PY_SCOPE_c36f7ebf9ac31459e5ff9030de717221	PARAMETER	PARAMETER	true	true	false	false	false	false	false	false	false	false	false	1	114	114				false	PARAMETER	PY_METHOD_PARAMETER_a6313a6764dc1b0c06735734e8a0c687	PY_MODULE_4aae2613b4da1ab193c5ea488a873480	PY_METHOD_6441f367001973b79746364665ebc38c	call_site_shapes.py	SERVICE_VERSION_00000000000000000000000000000000	PY_BINDING_dd3bbdb8d144b4a32f11e4d5a3cf5e4f
ledger	PY_SCOPE_c36f7ebf9ac31459e5ff9030de717221	PARAMETER	PARAMETER	true	true	false	false	false	false	false	false	false	false	false	1	114	114				false	PARAMETER	PY_METHOD_PARAMETER_5ec454898be09dbcc039ba4536c6395a	PY_MODULE_4aae2613b4da1ab193c5ea488a873480	PY_METHOD_6441f367001973b79746364665ebc38c	call_site_shapes.py	SERVICE_VERSION_00000000000000000000000000000000	PY_BINDING_8961021d11460bf933b1db7c881e6e3a
note	PY_SCOPE_c36f7ebf9ac31459e5ff9030de717221	PARAMETER	PARAMETER	true	true	false	false	false	false	false	true	false	false	false	1	114	114				false	PARAMETER	PY_METHOD_PARAMETER_6d2c8a8297eb2fcf3cbf00ab065a350d	PY_MODULE_4aae2613b4da1ab193c5ea488a873480	PY_METHOD_6441f367001973b79746364665ebc38c	call_site_shapes.py	SERVICE_VERSION_00000000000000000000000000000000	PY_BINDING_7b4fd91d44088134bb54a23f1f10b5e0
Account	PY_SCOPE_6b3188baec654bfac089fc808e216ca0	IMPORTED	IMPORT	false	true	true	false	false	true	false	false	false	false	false	1	20	20				false	IMPORT	PY_IMPORT_693a82da32f323204564fb747514947c	PY_MODULE_2f026c03952e3d7d641f6bcec50aa45e	PY_METHOD_4d67acc2f94adf3f266748c424f2c406	imports_resolution_flow.py	SERVICE_VERSION_00000000000000000000000000000000	PY_BINDING_17cad13ff88633ec19860ebc24aaef34
Acct	PY_SCOPE_6b3188baec654bfac089fc808e216ca0	IMPORTED	IMPORT	false	true	true	false	false	true	false	false	false	false	false	1	21	21				false	IMPORT	PY_IMPORT_726b16667e77f68c4c17d9467a744a77	PY_MODULE_2f026c03952e3d7d641f6bcec50aa45e	PY_METHOD_4d67acc2f94adf3f266748c424f2c406	imports_resolution_flow.py	SERVICE_VERSION_00000000000000000000000000000000	PY_BINDING_2ebc4edf4a02678520967bb600079fca
Context	PY_SCOPE_6b3188baec654bfac089fc808e216ca0	IMPORTED	IMPORT	false	true	true	false	false	true	false	false	false	false	false	1	18	18				false	IMPORT	PY_IMPORT_fd3a20666fffbfec1fca4011731869e7	PY_MODULE_2f026c03952e3d7d641f6bcec50aa45e	PY_METHOD_4d67acc2f94adf3f266748c424f2c406	imports_resolution_flow.py	SERVICE_VERSION_00000000000000000000000000000000	PY_BINDING_5d11b9ae335a641f0d6227e916bcb5a7
Decimal	PY_SCOPE_6b3188baec654bfac089fc808e216ca0	IMPORTED	IMPORT	false	true	true	false	false	true	false	false	false	false	false	1	18	18				false	IMPORT	PY_IMPORT_99666768d17c67acbbec5be528530248	PY_MODULE_2f026c03952e3d7d641f6bcec50aa45e	PY_METHOD_4d67acc2f94adf3f266748c424f2c406	imports_resolution_flow.py	SERVICE_VERSION_00000000000000000000000000000000	PY_BINDING_d6c8b155b7f196b28498a53d2f7864ca
DefaultDict	PY_SCOPE_6b3188baec654bfac089fc808e216ca0	IMPORTED	IMPORT	false	true	true	false	false	true	false	false	false	false	false	1	17	17				false	IMPORT	PY_IMPORT_f32110d002b643600faf09eff4cde748	PY_MODULE_2f026c03952e3d7d641f6bcec50aa45e	PY_METHOD_4d67acc2f94adf3f266748c424f2c406	imports_resolution_flow.py	SERVICE_VERSION_00000000000000000000000000000000	PY_BINDING_2bde088a531a0acb74e73e0427b79889
ElementTree	PY_SCOPE_6b3188baec654bfac089fc808e216ca0	IMPORTED	IMPORT	false	true	true	false	false	true	false	false	false	false	false	1	15	15				false	IMPORT	PY_IMPORT_32bc0b127e4a21f99c805b65af35244a	PY_MODULE_2f026c03952e3d7d641f6bcec50aa45e	PY_METHOD_4d67acc2f94adf3f266748c424f2c406	imports_resolution_flow.py	SERVICE_VERSION_00000000000000000000000000000000	PY_BINDING_e20cf86ba658f088adea0d6e5acbf9fb
Ledger	PY_SCOPE_6b3188baec654bfac089fc808e216ca0	IMPORTED	IMPORT	false	true	true	false	false	true	false	false	false	false	false	1	20	20				false	IMPORT	PY_IMPORT_bf85db13707e11ed8f8e43a5a5fbcf8c	PY_MODULE_2f026c03952e3d7d641f6bcec50aa45e	PY_METHOD_4d67acc2f94adf3f266748c424f2c406	imports_resolution_flow.py	SERVICE_VERSION_00000000000000000000000000000000	PY_BINDING_47e01e0fea848d76268cc525996380d4
OrderedDict	PY_SCOPE_6b3188baec654bfac089fc808e216ca0	IMPORTED	IMPORT	false	true	true	false	false	true	false	false	false	false	false	1	16	16				false	IMPORT	PY_IMPORT_679602d74e5cb5330888448dce5b5a0a	PY_MODULE_2f026c03952e3d7d641f6bcec50aa45e	PY_METHOD_4d67acc2f94adf3f266748c424f2c406	imports_resolution_flow.py	SERVICE_VERSION_00000000000000000000000000000000	PY_BINDING_0556e62225f72cde737fb2eb9a5b9438
aliased_member_receiver	PY_SCOPE_6b3188baec654bfac089fc808e216ca0	MODULE_LEVEL	FUNCTION_DEF	false	true	true	false	false	false	true	false	false	false	true	1	53	53				false	METHOD	PY_METHOD_2bd57193ab22b76cfb3d25c236886748	PY_MODULE_2f026c03952e3d7d641f6bcec50aa45e	PY_METHOD_4d67acc2f94adf3f266748c424f2c406	imports_resolution_flow.py	SERVICE_VERSION_00000000000000000000000000000000	PY_BINDING_97b464c011ebe1aca66044113e48203f
aliased_module_receiver	PY_SCOPE_6b3188baec654bfac089fc808e216ca0	MODULE_LEVEL	FUNCTION_DEF	false	true	true	false	false	false	true	false	false	false	true	1	35	35				false	METHOD	PY_METHOD_3a179f303b5a7a1fce2d035cdd8233c9	PY_MODULE_2f026c03952e3d7d641f6bcec50aa45e	PY_METHOD_4d67acc2f94adf3f266748c424f2c406	imports_resolution_flow.py	SERVICE_VERSION_00000000000000000000000000000000	PY_BINDING_62936999b8e510b1405547b3da36cde3
constructed_then_chained	PY_SCOPE_6b3188baec654bfac089fc808e216ca0	MODULE_LEVEL	FUNCTION_DEF	false	true	true	false	false	false	true	false	false	false	true	1	90	90				false	METHOD	PY_METHOD_09d2752e8d155ecdc30ba290a20161fa	PY_MODULE_2f026c03952e3d7d641f6bcec50aa45e	PY_METHOD_4d67acc2f94adf3f266748c424f2c406	imports_resolution_flow.py	SERVICE_VERSION_00000000000000000000000000000000	PY_BINDING_cd178e4f682c6e2cd611dcc885519f08
cross_module_alias_receiver	PY_SCOPE_6b3188baec654bfac089fc808e216ca0	MODULE_LEVEL	FUNCTION_DEF	false	true	true	false	false	false	true	false	false	false	true	1	80	80				false	METHOD	PY_METHOD_08dce96162f6e5eb3fea999ab5d1542c	PY_MODULE_2f026c03952e3d7d641f6bcec50aa45e	PY_METHOD_4d67acc2f94adf3f266748c424f2c406	imports_resolution_flow.py	SERVICE_VERSION_00000000000000000000000000000000	PY_BINDING_b4782bf9b8150736344c23c43de4c266
cross_module_class_receiver	PY_SCOPE_6b3188baec654bfac089fc808e216ca0	MODULE_LEVEL	FUNCTION_DEF	false	true	true	false	false	false	true	false	false	false	true	1	72	72				false	METHOD	PY_METHOD_7d220b31d5c6e633318c2a17fac1882f	PY_MODULE_2f026c03952e3d7d641f6bcec50aa45e	PY_METHOD_4d67acc2f94adf3f266748c424f2c406	imports_resolution_flow.py	SERVICE_VERSION_00000000000000000000000000000000	PY_BINDING_c6925b73214f5cb576f78e762358bd85
cross_module_module_receiver	PY_SCOPE_6b3188baec654bfac089fc808e216ca0	MODULE_LEVEL	FUNCTION_DEF	false	true	true	false	false	false	true	false	false	false	true	1	85	85				false	METHOD	PY_METHOD_71e82af0d626c6a13591061213a6909a	PY_MODULE_2f026c03952e3d7d641f6bcec50aa45e	PY_METHOD_4d67acc2f94adf3f266748c424f2c406	imports_resolution_flow.py	SERVICE_VERSION_00000000000000000000000000000000	PY_BINDING_45b23e62073080732c975668cbd2be15
deep_aliased_module_receiver	PY_SCOPE_6b3188baec654bfac089fc808e216ca0	MODULE_LEVEL	FUNCTION_DEF	false	true	true	false	false	false	true	false	false	false	true	1	40	40				false	METHOD	PY_METHOD_f4de82a09c07c78db550c9240aef0ed8	PY_MODULE_2f026c03952e3d7d641f6bcec50aa45e	PY_METHOD_4d67acc2f94adf3f266748c424f2c406	imports_resolution_flow.py	SERVICE_VERSION_00000000000000000000000000000000	PY_BINDING_ba76aef2b911490e88ef86b6528c5e61
defaultdict_alias	PY_SCOPE_6b3188baec654bfac089fc808e216ca0	MODULE_LEVEL	FUNCTION_DEF	false	true	true	false	false	false	true	false	false	false	true	1	65	65				false	METHOD	PY_METHOD_63692fa849d149f77e1a1f264fe30c0e	PY_MODULE_2f026c03952e3d7d641f6bcec50aa45e	PY_METHOD_4d67acc2f94adf3f266748c424f2c406	imports_resolution_flow.py	SERVICE_VERSION_00000000000000000000000000000000	PY_BINDING_da2df5927c3cd0ce53dc07962300eb3f
dotted_module_import_receiver	PY_SCOPE_6b3188baec654bfac089fc808e216ca0	MODULE_LEVEL	FUNCTION_DEF	false	true	true	false	false	false	true	false	false	false	true	1	30	30				false	METHOD	PY_METHOD_d80eb96b13e89dcdbd5dfa0740477bfb	PY_MODULE_2f026c03952e3d7d641f6bcec50aa45e	PY_METHOD_4d67acc2f94adf3f266748c424f2c406	imports_resolution_flow.py	SERVICE_VERSION_00000000000000000000000000000000	PY_BINDING_3b01be5a64637029f752dab770e15ddd
from_member_receiver	PY_SCOPE_6b3188baec654bfac089fc808e216ca0	MODULE_LEVEL	FUNCTION_DEF	false	true	true	false	false	false	true	false	false	false	true	1	45	45				false	METHOD	PY_METHOD_d071f59d4c19466ff2c3839a50da5e98	PY_MODULE_2f026c03952e3d7d641f6bcec50aa45e	PY_METHOD_4d67acc2f94adf3f266748c424f2c406	imports_resolution_flow.py	SERVICE_VERSION_00000000000000000000000000000000	PY_BINDING_17dc525e0e30c9c71c69a6b9121bd069
module_import_receiver	PY_SCOPE_6b3188baec654bfac089fc808e216ca0	MODULE_LEVEL	FUNCTION_DEF	false	true	true	false	false	false	true	false	false	false	true	1	25	25				false	METHOD	PY_METHOD_99031cf5cc9c3467a5e257f5de7e2007	PY_MODULE_2f026c03952e3d7d641f6bcec50aa45e	PY_METHOD_4d67acc2f94adf3f266748c424f2c406	imports_resolution_flow.py	SERVICE_VERSION_00000000000000000000000000000000	PY_BINDING_27a970bd548b26f44dd59f8fd8f99ad5
multi_name_from_import	PY_SCOPE_6b3188baec654bfac089fc808e216ca0	MODULE_LEVEL	FUNCTION_DEF	false	true	true	false	false	false	true	false	false	false	true	1	59	59				false	METHOD	PY_METHOD_0eba42390e23b739e697ac32efddb9ca	PY_MODULE_2f026c03952e3d7d641f6bcec50aa45e	PY_METHOD_4d67acc2f94adf3f266748c424f2c406	imports_resolution_flow.py	SERVICE_VERSION_00000000000000000000000000000000	PY_BINDING_ea3e4db249474a029258c62f8a5d7852
os	PY_SCOPE_6b3188baec654bfac089fc808e216ca0	IMPORTED	IMPORT	false	true	true	false	false	true	false	false	false	false	false	2	12	13				false	IMPORT	PY_IMPORT_d319e3d2f5b0e9a3bb704aac1e1f66bc	PY_MODULE_2f026c03952e3d7d641f6bcec50aa45e	PY_METHOD_4d67acc2f94adf3f266748c424f2c406	imports_resolution_flow.py	SERVICE_VERSION_00000000000000000000000000000000	PY_BINDING_e0b7613cf3c8892cbd08486b36769d4b
repository	PY_SCOPE_6b3188baec654bfac089fc808e216ca0	IMPORTED	IMPORT	false	true	true	false	false	true	false	false	false	false	false	1	22	22				false	IMPORT	PY_IMPORT_ac8883402c9e168176aa0fc7a322816f	PY_MODULE_2f026c03952e3d7d641f6bcec50aa45e	PY_METHOD_4d67acc2f94adf3f266748c424f2c406	imports_resolution_flow.py	SERVICE_VERSION_00000000000000000000000000000000	PY_BINDING_35f285fceedbd4db36f8abaa9efd761f
serializer	PY_SCOPE_6b3188baec654bfac089fc808e216ca0	IMPORTED	IMPORT	false	true	true	false	false	true	false	false	false	false	false	1	14	14				false	IMPORT	PY_IMPORT_5fd36934e3c1adeb74c4293ec5ea09c5	PY_MODULE_2f026c03952e3d7d641f6bcec50aa45e	PY_METHOD_4d67acc2f94adf3f266748c424f2c406	imports_resolution_flow.py	SERVICE_VERSION_00000000000000000000000000000000	PY_BINDING_469c51328e161eecd438f996fb7f889d
os	PY_SCOPE_3501a229e7a1e500a4b1280b1ebd2496	GLOBAL_IMPLICIT	ASSIGNMENT	false	false	true	false	false	false	false	true	false	false	false	0	0	0				false	NONE		PY_MODULE_2f026c03952e3d7d641f6bcec50aa45e	PY_METHOD_99031cf5cc9c3467a5e257f5de7e2007	imports_resolution_flow.py	SERVICE_VERSION_00000000000000000000000000000000	PY_BINDING_16c120e530561d12889862f6292ac871
path	PY_SCOPE_3501a229e7a1e500a4b1280b1ebd2496	PARAMETER	PARAMETER	true	true	false	false	false	false	false	true	false	false	false	1	25	25				false	PARAMETER	PY_METHOD_PARAMETER_e11a44fd82d0257363d5859cda194f39	PY_MODULE_2f026c03952e3d7d641f6bcec50aa45e	PY_METHOD_99031cf5cc9c3467a5e257f5de7e2007	imports_resolution_flow.py	SERVICE_VERSION_00000000000000000000000000000000	PY_BINDING_2f45eae6894bbce1fbba4a77daf07178
os	PY_SCOPE_be6a4c2cd5e72fbac3722343780dacbb	GLOBAL_IMPLICIT	ASSIGNMENT	false	false	true	false	false	false	false	true	false	false	false	0	0	0				false	NONE		PY_MODULE_2f026c03952e3d7d641f6bcec50aa45e	PY_METHOD_d80eb96b13e89dcdbd5dfa0740477bfb	imports_resolution_flow.py	SERVICE_VERSION_00000000000000000000000000000000	PY_BINDING_c1da0298a4f4481f1e552be3ed4826d6
path	PY_SCOPE_be6a4c2cd5e72fbac3722343780dacbb	PARAMETER	PARAMETER	true	true	false	false	false	false	false	true	false	false	false	1	30	30				false	PARAMETER	PY_METHOD_PARAMETER_97b0ebb5d32c2a4c518c4a483efb5b2f	PY_MODULE_2f026c03952e3d7d641f6bcec50aa45e	PY_METHOD_d80eb96b13e89dcdbd5dfa0740477bfb	imports_resolution_flow.py	SERVICE_VERSION_00000000000000000000000000000000	PY_BINDING_11cdd5ae93c16ede66f784901c132d47
payload	PY_SCOPE_8971c835c60bed700d0969eb12575234	PARAMETER	PARAMETER	true	true	false	false	false	false	false	true	false	false	false	1	35	35				false	PARAMETER	PY_METHOD_PARAMETER_5dcecc10a1226c826747fe9dc01f1f12	PY_MODULE_2f026c03952e3d7d641f6bcec50aa45e	PY_METHOD_3a179f303b5a7a1fce2d035cdd8233c9	imports_resolution_flow.py	SERVICE_VERSION_00000000000000000000000000000000	PY_BINDING_bd24fcba8450e3673f01178eb6d0c8cd
serializer	PY_SCOPE_8971c835c60bed700d0969eb12575234	GLOBAL_IMPLICIT	ASSIGNMENT	false	false	true	false	false	false	false	true	false	false	false	0	0	0				false	NONE		PY_MODULE_2f026c03952e3d7d641f6bcec50aa45e	PY_METHOD_3a179f303b5a7a1fce2d035cdd8233c9	imports_resolution_flow.py	SERVICE_VERSION_00000000000000000000000000000000	PY_BINDING_d25130e85a320e018a51c0a88216794f
ElementTree	PY_SCOPE_692118243df5dea118399e1ab4bd1ea4	GLOBAL_IMPLICIT	ASSIGNMENT	false	false	true	false	false	false	false	true	false	false	false	0	0	0				false	NONE		PY_MODULE_2f026c03952e3d7d641f6bcec50aa45e	PY_METHOD_f4de82a09c07c78db550c9240aef0ed8	imports_resolution_flow.py	SERVICE_VERSION_00000000000000000000000000000000	PY_BINDING_67a32b1b52337aa15fda6b8177f7acfa
text	PY_SCOPE_692118243df5dea118399e1ab4bd1ea4	PARAMETER	PARAMETER	true	true	false	false	false	false	false	true	false	false	false	1	40	40				false	PARAMETER	PY_METHOD_PARAMETER_4a3c686291aae736ad40d961fd50a968	PY_MODULE_2f026c03952e3d7d641f6bcec50aa45e	PY_METHOD_f4de82a09c07c78db550c9240aef0ed8	imports_resolution_flow.py	SERVICE_VERSION_00000000000000000000000000000000	PY_BINDING_800c368f56bab84e20aa5abfe4383356
OrderedDict	PY_SCOPE_a0ba7b6023d10ac8ffa2567e4bbba9dd	GLOBAL_IMPLICIT	ASSIGNMENT	false	false	true	false	false	false	false	true	false	false	false	0	0	0				false	NONE		PY_MODULE_2f026c03952e3d7d641f6bcec50aa45e	PY_METHOD_d071f59d4c19466ff2c3839a50da5e98	imports_resolution_flow.py	SERVICE_VERSION_00000000000000000000000000000000	PY_BINDING_a8c85de4fda43f54318fced1b7e73b1c
ordered	PY_SCOPE_a0ba7b6023d10ac8ffa2567e4bbba9dd	LOCAL	ASSIGNMENT	false	true	false	false	false	false	true	true	false	false	false	1	48	48				false	NONE		PY_MODULE_2f026c03952e3d7d641f6bcec50aa45e	PY_METHOD_d071f59d4c19466ff2c3839a50da5e98	imports_resolution_flow.py	SERVICE_VERSION_00000000000000000000000000000000	PY_BINDING_dd9e61a9fefc61e8b8931281b9c76d01
Decimal	PY_SCOPE_e139031f4ed1a8469599477cde9f0ebd	GLOBAL_IMPLICIT	ASSIGNMENT	false	false	true	false	false	false	false	true	false	false	false	0	0	0				false	NONE		PY_MODULE_2f026c03952e3d7d641f6bcec50aa45e	PY_METHOD_2bd57193ab22b76cfb3d25c236886748	imports_resolution_flow.py	SERVICE_VERSION_00000000000000000000000000000000	PY_BINDING_9798ddc382b41d3dd576260da4f12d3d
amount	PY_SCOPE_e139031f4ed1a8469599477cde9f0ebd	PARAMETER	PARAMETER	true	true	false	false	false	false	false	true	false	false	false	1	53	53				false	PARAMETER	PY_METHOD_PARAMETER_e53dd6b7a4e0848a4e3704abdaabe527	PY_MODULE_2f026c03952e3d7d641f6bcec50aa45e	PY_METHOD_2bd57193ab22b76cfb3d25c236886748	imports_resolution_flow.py	SERVICE_VERSION_00000000000000000000000000000000	PY_BINDING_15df3df99d4eb8835793cb49b94ff777
d	PY_SCOPE_e139031f4ed1a8469599477cde9f0ebd	LOCAL	ASSIGNMENT	false	true	false	false	false	false	true	true	false	false	false	1	55	55				false	NONE		PY_MODULE_2f026c03952e3d7d641f6bcec50aa45e	PY_METHOD_2bd57193ab22b76cfb3d25c236886748	imports_resolution_flow.py	SERVICE_VERSION_00000000000000000000000000000000	PY_BINDING_8ed87b2bea96cc78ae3907cb3d7d99de
Context	PY_SCOPE_9a9c614f4c110b43e46a2745e3a1084f	GLOBAL_IMPLICIT	ASSIGNMENT	false	false	true	false	false	false	false	true	false	false	false	0	0	0				false	NONE		PY_MODULE_2f026c03952e3d7d641f6bcec50aa45e	PY_METHOD_0eba42390e23b739e697ac32efddb9ca	imports_resolution_flow.py	SERVICE_VERSION_00000000000000000000000000000000	PY_BINDING_202bc9e5bf66f28763fc6279bb4f47ab
ctx	PY_SCOPE_9a9c614f4c110b43e46a2745e3a1084f	LOCAL	ASSIGNMENT	false	true	false	false	false	false	true	true	false	false	false	1	61	61				false	NONE		PY_MODULE_2f026c03952e3d7d641f6bcec50aa45e	PY_METHOD_0eba42390e23b739e697ac32efddb9ca	imports_resolution_flow.py	SERVICE_VERSION_00000000000000000000000000000000	PY_BINDING_96f262b58423358fb9ee2bac99ca67ee
precision	PY_SCOPE_9a9c614f4c110b43e46a2745e3a1084f	PARAMETER	PARAMETER	true	true	false	false	false	false	false	true	false	false	false	1	59	59				false	PARAMETER	PY_METHOD_PARAMETER_4f8d84d1450fbb7d610d64de538e8938	PY_MODULE_2f026c03952e3d7d641f6bcec50aa45e	PY_METHOD_0eba42390e23b739e697ac32efddb9ca	imports_resolution_flow.py	SERVICE_VERSION_00000000000000000000000000000000	PY_BINDING_dffb58d3f4f3461e74cb1e0b336d7525
DefaultDict	PY_SCOPE_aeff7a823264fd3f7087f41dc87bb8d4	GLOBAL_IMPLICIT	ASSIGNMENT	false	false	true	false	false	false	false	true	false	false	false	0	0	0				false	NONE		PY_MODULE_2f026c03952e3d7d641f6bcec50aa45e	PY_METHOD_63692fa849d149f77e1a1f264fe30c0e	imports_resolution_flow.py	SERVICE_VERSION_00000000000000000000000000000000	PY_BINDING_57b6d4d982633ff6a9ac93373bddf4c1
counts	PY_SCOPE_aeff7a823264fd3f7087f41dc87bb8d4	LOCAL	ASSIGNMENT	false	true	false	false	false	false	true	true	false	false	false	1	66	66				false	NONE		PY_MODULE_2f026c03952e3d7d641f6bcec50aa45e	PY_METHOD_63692fa849d149f77e1a1f264fe30c0e	imports_resolution_flow.py	SERVICE_VERSION_00000000000000000000000000000000	PY_BINDING_d6508ce521cef18a86b91fa4a8d96ac7
int	PY_SCOPE_aeff7a823264fd3f7087f41dc87bb8d4	GLOBAL_IMPLICIT	ASSIGNMENT	false	false	true	false	false	false	false	true	false	false	false	0	0	0				false	NONE		PY_MODULE_2f026c03952e3d7d641f6bcec50aa45e	PY_METHOD_63692fa849d149f77e1a1f264fe30c0e	imports_resolution_flow.py	SERVICE_VERSION_00000000000000000000000000000000	PY_BINDING_479b15a88bbf78ac8752faf2b0a4a647
key	PY_SCOPE_aeff7a823264fd3f7087f41dc87bb8d4	LOCAL	FOR_TARGET	false	true	false	false	false	false	true	true	false	false	false	1	67	67				false	NONE		PY_MODULE_2f026c03952e3d7d641f6bcec50aa45e	PY_METHOD_63692fa849d149f77e1a1f264fe30c0e	imports_resolution_flow.py	SERVICE_VERSION_00000000000000000000000000000000	PY_BINDING_4bd03df7b4a9e4993f21f14978461822
pairs	PY_SCOPE_aeff7a823264fd3f7087f41dc87bb8d4	PARAMETER	PARAMETER	true	true	false	false	false	false	false	true	false	false	false	1	65	65				false	PARAMETER	PY_METHOD_PARAMETER_04ca2fd54d00c6c9741e0801920c9e06	PY_MODULE_2f026c03952e3d7d641f6bcec50aa45e	PY_METHOD_63692fa849d149f77e1a1f264fe30c0e	imports_resolution_flow.py	SERVICE_VERSION_00000000000000000000000000000000	PY_BINDING_7a0400fd47a86e2dd4479093fe12f21d
value	PY_SCOPE_aeff7a823264fd3f7087f41dc87bb8d4	LOCAL	FOR_TARGET	false	true	false	false	false	false	true	true	false	false	false	1	67	67				false	NONE		PY_MODULE_2f026c03952e3d7d641f6bcec50aa45e	PY_METHOD_63692fa849d149f77e1a1f264fe30c0e	imports_resolution_flow.py	SERVICE_VERSION_00000000000000000000000000000000	PY_BINDING_6d81c1bb977e821d208da3515c659b73
Account	PY_SCOPE_3fcf4cce5aedfbfa6298cbeb238d8ebf	GLOBAL_IMPLICIT	ASSIGNMENT	false	false	true	false	false	false	false	true	false	false	false	0	0	0				false	NONE		PY_MODULE_2f026c03952e3d7d641f6bcec50aa45e	PY_METHOD_7d220b31d5c6e633318c2a17fac1882f	imports_resolution_flow.py	SERVICE_VERSION_00000000000000000000000000000000	PY_BINDING_dcf354c2dfd4d845c2c8d0db3e15a379
account	PY_SCOPE_3fcf4cce5aedfbfa6298cbeb238d8ebf	LOCAL	ASSIGNMENT	false	true	false	false	false	false	true	true	false	false	false	1	75	75				false	NONE		PY_MODULE_2f026c03952e3d7d641f6bcec50aa45e	PY_METHOD_7d220b31d5c6e633318c2a17fac1882f	imports_resolution_flow.py	SERVICE_VERSION_00000000000000000000000000000000	PY_BINDING_87e32999dd81cc565ba54b61d430b1bf
owner	PY_SCOPE_3fcf4cce5aedfbfa6298cbeb238d8ebf	PARAMETER	PARAMETER	true	true	false	false	false	false	false	true	false	false	false	1	72	72				false	PARAMETER	PY_METHOD_PARAMETER_ba56cbef682d55cff6dae4cbf4e61310	PY_MODULE_2f026c03952e3d7d641f6bcec50aa45e	PY_METHOD_7d220b31d5c6e633318c2a17fac1882f	imports_resolution_flow.py	SERVICE_VERSION_00000000000000000000000000000000	PY_BINDING_0d58c0f30a186c55dc52ca27fe0e4daa
Acct	PY_SCOPE_3131da3c4a861f4f75c275e8abf431a8	GLOBAL_IMPLICIT	ASSIGNMENT	false	false	true	false	false	false	false	true	false	false	false	0	0	0				false	NONE		PY_MODULE_2f026c03952e3d7d641f6bcec50aa45e	PY_METHOD_08dce96162f6e5eb3fea999ab5d1542c	imports_resolution_flow.py	SERVICE_VERSION_00000000000000000000000000000000	PY_BINDING_0b67709f51b19301fd13d6b851df5ff0
owner	PY_SCOPE_3131da3c4a861f4f75c275e8abf431a8	PARAMETER	PARAMETER	true	true	false	false	false	false	false	true	false	false	false	1	80	80				false	PARAMETER	PY_METHOD_PARAMETER_614299baaffa02d24183b442a1b71d22	PY_MODULE_2f026c03952e3d7d641f6bcec50aa45e	PY_METHOD_08dce96162f6e5eb3fea999ab5d1542c	imports_resolution_flow.py	SERVICE_VERSION_00000000000000000000000000000000	PY_BINDING_d730250cda6a60d6a3d6984da0c14ad5
owner	PY_SCOPE_723df250bb20a2663e4b791486e9046e	PARAMETER	PARAMETER	true	true	false	false	false	false	false	true	false	false	false	1	85	85				false	PARAMETER	PY_METHOD_PARAMETER_c0782333597cea16144fcc87b4e5ec9b	PY_MODULE_2f026c03952e3d7d641f6bcec50aa45e	PY_METHOD_71e82af0d626c6a13591061213a6909a	imports_resolution_flow.py	SERVICE_VERSION_00000000000000000000000000000000	PY_BINDING_a1aedb72e5d779312e344178d6e2ead1
repository	PY_SCOPE_723df250bb20a2663e4b791486e9046e	GLOBAL_IMPLICIT	ASSIGNMENT	false	false	true	false	false	false	false	true	false	false	false	0	0	0				false	NONE		PY_MODULE_2f026c03952e3d7d641f6bcec50aa45e	PY_METHOD_71e82af0d626c6a13591061213a6909a	imports_resolution_flow.py	SERVICE_VERSION_00000000000000000000000000000000	PY_BINDING_922ef38feb648e8ca2a20da29d82931c
Account	PY_SCOPE_807e1c87631d22460c720a1b40564038	GLOBAL_IMPLICIT	ASSIGNMENT	false	false	true	false	false	false	false	true	false	false	false	0	0	0				false	NONE		PY_MODULE_2f026c03952e3d7d641f6bcec50aa45e	PY_METHOD_09d2752e8d155ecdc30ba290a20161fa	imports_resolution_flow.py	SERVICE_VERSION_00000000000000000000000000000000	PY_BINDING_a71bfe6cfde44b25c4bd99fb5b1af2b8
Ledger	PY_SCOPE_807e1c87631d22460c720a1b40564038	GLOBAL_IMPLICIT	ASSIGNMENT	false	false	true	false	false	false	false	true	false	false	false	0	0	0				false	NONE		PY_MODULE_2f026c03952e3d7d641f6bcec50aa45e	PY_METHOD_09d2752e8d155ecdc30ba290a20161fa	imports_resolution_flow.py	SERVICE_VERSION_00000000000000000000000000000000	PY_BINDING_d4754c845ace4a17b4b0834ec9fdedf5
ledger	PY_SCOPE_807e1c87631d22460c720a1b40564038	LOCAL	ASSIGNMENT	false	true	false	false	false	false	true	true	false	false	false	1	91	91				false	NONE		PY_MODULE_2f026c03952e3d7d641f6bcec50aa45e	PY_METHOD_09d2752e8d155ecdc30ba290a20161fa	imports_resolution_flow.py	SERVICE_VERSION_00000000000000000000000000000000	PY_BINDING_90f407a2fa8561011dac50ede7f7b8f6
owner	PY_SCOPE_807e1c87631d22460c720a1b40564038	PARAMETER	PARAMETER	true	true	false	false	false	false	false	true	false	false	false	1	90	90				false	PARAMETER	PY_METHOD_PARAMETER_77c06f9815a382542667900a6b1fc6f8	PY_MODULE_2f026c03952e3d7d641f6bcec50aa45e	PY_METHOD_09d2752e8d155ecdc30ba290a20161fa	imports_resolution_flow.py	SERVICE_VERSION_00000000000000000000000000000000	PY_BINDING_85b5065eb081febc82a65651bdc3d208
Account	PY_SCOPE_52128e6c465d3dfae843bba3c50162da	IMPORTED	IMPORT	false	true	true	false	false	true	false	false	false	false	false	1	13	13				false	IMPORT	PY_IMPORT_a5f6dc939b50595e2842849129acd407	PY_MODULE_26d35b2196b998f00bc6fe14819c7c1e	PY_METHOD_96f938fbd211816e0d2e0047feb56949	integration_service_layer.py	SERVICE_VERSION_00000000000000000000000000000000	PY_BINDING_0e02b5dd1fd3dd4ef9ff8c9595eaedfc
AccountValidator	PY_SCOPE_52128e6c465d3dfae843bba3c50162da	MODULE_LEVEL	CLASS_DEF	false	true	true	false	false	false	true	false	false	false	true	1	26	26				false	TYPE	PY_TYPE_9deedaea90d20e656e8c801aca75c5ee	PY_MODULE_26d35b2196b998f00bc6fe14819c7c1e	PY_METHOD_96f938fbd211816e0d2e0047feb56949	integration_service_layer.py	SERVICE_VERSION_00000000000000000000000000000000	PY_BINDING_3fa8f59d9bb35a930e4e1edccf566443
Exception	PY_SCOPE_52128e6c465d3dfae843bba3c50162da	GLOBAL_IMPLICIT	ASSIGNMENT	false	false	true	false	false	false	false	true	false	false	false	0	0	0				false	NONE		PY_MODULE_26d35b2196b998f00bc6fe14819c7c1e	PY_METHOD_96f938fbd211816e0d2e0047feb56949	integration_service_layer.py	SERVICE_VERSION_00000000000000000000000000000000	PY_BINDING_3f9d87add5ac5f2ad8c238aa511f6051
Ledger	PY_SCOPE_52128e6c465d3dfae843bba3c50162da	IMPORTED	IMPORT	false	true	true	false	false	true	false	false	false	false	false	1	13	13				false	IMPORT	PY_IMPORT_40a8ce993de31b64ded88cb015a3c353	PY_MODULE_26d35b2196b998f00bc6fe14819c7c1e	PY_METHOD_96f938fbd211816e0d2e0047feb56949	integration_service_layer.py	SERVICE_VERSION_00000000000000000000000000000000	PY_BINDING_48d1aa9cefa88f097de2ab88830c3424
Optional	PY_SCOPE_52128e6c465d3dfae843bba3c50162da	IMPORTED	IMPORT	false	true	true	false	false	true	false	false	false	false	false	1	11	11				false	IMPORT	PY_IMPORT_9a8de0688c03998c66e544ce125420ae	PY_MODULE_26d35b2196b998f00bc6fe14819c7c1e	PY_METHOD_96f938fbd211816e0d2e0047feb56949	integration_service_layer.py	SERVICE_VERSION_00000000000000000000000000000000	PY_BINDING_72ede2b7d5ec269945e6634d7b94991a
TransferService	PY_SCOPE_52128e6c465d3dfae843bba3c50162da	MODULE_LEVEL	CLASS_DEF	false	true	true	false	false	false	true	false	false	false	true	1	44	44				false	TYPE	PY_TYPE_dff12876742058f9582b3f3848aa5392	PY_MODULE_26d35b2196b998f00bc6fe14819c7c1e	PY_METHOD_96f938fbd211816e0d2e0047feb56949	integration_service_layer.py	SERVICE_VERSION_00000000000000000000000000000000	PY_BINDING_e87d2580d705cf955365e10270b55b05
ValidationError	PY_SCOPE_52128e6c465d3dfae843bba3c50162da	MODULE_LEVEL	CLASS_DEF	false	true	true	false	false	false	true	false	false	false	true	1	19	19				false	TYPE	PY_TYPE_954bd0ecfee39ac0c063e703d356e3a5	PY_MODULE_26d35b2196b998f00bc6fe14819c7c1e	PY_METHOD_96f938fbd211816e0d2e0047feb56949	integration_service_layer.py	SERVICE_VERSION_00000000000000000000000000000000	PY_BINDING_5efc7d967818e5ff8228430f110ca717
__name__	PY_SCOPE_52128e6c465d3dfae843bba3c50162da	GLOBAL_IMPLICIT	ASSIGNMENT	false	false	true	false	false	false	false	true	false	false	false	0	0	0				false	NONE		PY_MODULE_26d35b2196b998f00bc6fe14819c7c1e	PY_METHOD_96f938fbd211816e0d2e0047feb56949	integration_service_layer.py	SERVICE_VERSION_00000000000000000000000000000000	PY_BINDING_9c3d98194448d8eccec4b90e2bfeefad
find_account	PY_SCOPE_52128e6c465d3dfae843bba3c50162da	IMPORTED	IMPORT	false	true	true	false	false	true	false	false	false	false	false	1	14	14				false	IMPORT	PY_IMPORT_c49a20b8d411b4ece1ce0a87214c0072	PY_MODULE_26d35b2196b998f00bc6fe14819c7c1e	PY_METHOD_96f938fbd211816e0d2e0047feb56949	integration_service_layer.py	SERVICE_VERSION_00000000000000000000000000000000	PY_BINDING_30c0572f9ac402eb3f70af4d8a4ba4dc
logger	PY_SCOPE_52128e6c465d3dfae843bba3c50162da	MODULE_LEVEL	ASSIGNMENT	false	true	true	false	false	false	true	false	false	false	false	1	16	16				false	NONE		PY_MODULE_26d35b2196b998f00bc6fe14819c7c1e	PY_METHOD_96f938fbd211816e0d2e0047feb56949	integration_service_layer.py	SERVICE_VERSION_00000000000000000000000000000000	PY_BINDING_3a789247e46d290341a6c9cfb85acfd1
logging	PY_SCOPE_52128e6c465d3dfae843bba3c50162da	IMPORTED	IMPORT	false	true	true	false	false	true	false	true	false	false	false	1	10	10				false	IMPORT	PY_IMPORT_98b284d9e3187cecb3b7637d334ef0d6	PY_MODULE_26d35b2196b998f00bc6fe14819c7c1e	PY_METHOD_96f938fbd211816e0d2e0047feb56949	integration_service_layer.py	SERVICE_VERSION_00000000000000000000000000000000	PY_BINDING_8fd2a6371d9cdf933ccd330f73f3a411
run	PY_SCOPE_52128e6c465d3dfae843bba3c50162da	MODULE_LEVEL	FUNCTION_DEF	false	true	true	false	false	false	true	false	false	false	true	1	101	101				false	METHOD	PY_METHOD_b31da01fa40e522acd2f356bd1e5af56	PY_MODULE_26d35b2196b998f00bc6fe14819c7c1e	PY_METHOD_96f938fbd211816e0d2e0047feb56949	integration_service_layer.py	SERVICE_VERSION_00000000000000000000000000000000	PY_BINDING_34ea17acc6c27f2d0dd08fd813ff30ed
__init__	PY_SCOPE_14270ea36aecefc8ff71733b2ae27407	CLASS_ATTRIBUTE	FUNCTION_DEF	false	true	false	false	false	false	true	false	false	false	true	1	20	20				false	METHOD	PY_METHOD_77c3686c61f40ebcffd88460909eda13	PY_MODULE_26d35b2196b998f00bc6fe14819c7c1e	PY_METHOD_f87a5e03ae209ae0e778e7e095593fcd	integration_service_layer.py	SERVICE_VERSION_00000000000000000000000000000000	PY_BINDING_543f79d2344bfe53f19e48204b325a31
__class__	PY_SCOPE_e145df91120c70292ef7cd9cc2bdcf0f	FREE	ASSIGNMENT	false	false	false	false	true	false	false	true	false	false	false	0	0	0				false	NONE		PY_MODULE_26d35b2196b998f00bc6fe14819c7c1e	PY_METHOD_77c3686c61f40ebcffd88460909eda13	integration_service_layer.py	SERVICE_VERSION_00000000000000000000000000000000	PY_BINDING_70f85a0670af2412cdf8e3a214672276
field	PY_SCOPE_e145df91120c70292ef7cd9cc2bdcf0f	PARAMETER	PARAMETER	true	true	false	false	false	false	false	true	false	false	false	1	20	20				false	PARAMETER	PY_METHOD_PARAMETER_b76c6bca16ee7feab8a9494d1f184db8	PY_MODULE_26d35b2196b998f00bc6fe14819c7c1e	PY_METHOD_77c3686c61f40ebcffd88460909eda13	integration_service_layer.py	SERVICE_VERSION_00000000000000000000000000000000	PY_BINDING_d6ea1da3daf8bcd2a807bbfd39685013
message	PY_SCOPE_e145df91120c70292ef7cd9cc2bdcf0f	PARAMETER	PARAMETER	true	true	false	false	false	false	false	true	false	false	false	1	20	20				false	PARAMETER	PY_METHOD_PARAMETER_9ff22e9edcb98bdd868ca2f2eaae1d12	PY_MODULE_26d35b2196b998f00bc6fe14819c7c1e	PY_METHOD_77c3686c61f40ebcffd88460909eda13	integration_service_layer.py	SERVICE_VERSION_00000000000000000000000000000000	PY_BINDING_6486f9effacca1416a3854809f5971e4
self	PY_SCOPE_e145df91120c70292ef7cd9cc2bdcf0f	PARAMETER	PARAMETER	true	true	false	false	false	false	false	true	false	false	false	1	20	20				false	PARAMETER	PY_METHOD_PARAMETER_af9aec76e615c6e698f6507cfa82e5fb	PY_MODULE_26d35b2196b998f00bc6fe14819c7c1e	PY_METHOD_77c3686c61f40ebcffd88460909eda13	integration_service_layer.py	SERVICE_VERSION_00000000000000000000000000000000	PY_BINDING_efbbb85591338e6372454b1e9f4aed3b
super	PY_SCOPE_e145df91120c70292ef7cd9cc2bdcf0f	GLOBAL_IMPLICIT	ASSIGNMENT	false	false	true	false	false	false	false	true	false	false	false	0	0	0				false	NONE		PY_MODULE_26d35b2196b998f00bc6fe14819c7c1e	PY_METHOD_77c3686c61f40ebcffd88460909eda13	integration_service_layer.py	SERVICE_VERSION_00000000000000000000000000000000	PY_BINDING_369bc38cf930478dfd8142b38e3649d6
MIN_AMOUNT	PY_SCOPE_0c25c7fd07b5354c42f71ff4d7c1e384	CLASS_ATTRIBUTE	ASSIGNMENT	false	true	false	false	false	false	true	false	false	false	false	1	27	27				false	NONE		PY_MODULE_26d35b2196b998f00bc6fe14819c7c1e	PY_METHOD_1e8f6ed75d03a6540fb8046c56e26610	integration_service_layer.py	SERVICE_VERSION_00000000000000000000000000000000	PY_BINDING_c20b65ad06df486247ed15e164cff041
Optional	PY_SCOPE_0c25c7fd07b5354c42f71ff4d7c1e384	GLOBAL_IMPLICIT	ASSIGNMENT	false	false	true	false	false	false	false	true	false	false	false	0	0	0				false	NONE		PY_MODULE_26d35b2196b998f00bc6fe14819c7c1e	PY_METHOD_1e8f6ed75d03a6540fb8046c56e26610	integration_service_layer.py	SERVICE_VERSION_00000000000000000000000000000000	PY_BINDING_c45c3dd9d347218dcbba90b64163742d
ValidationError	PY_SCOPE_0c25c7fd07b5354c42f71ff4d7c1e384	GLOBAL_IMPLICIT	ASSIGNMENT	false	false	true	false	false	false	false	true	false	false	false	0	0	0				false	NONE		PY_MODULE_26d35b2196b998f00bc6fe14819c7c1e	PY_METHOD_1e8f6ed75d03a6540fb8046c56e26610	integration_service_layer.py	SERVICE_VERSION_00000000000000000000000000000000	PY_BINDING_0f99dab6702b731afb1776c374200c64
__init__	PY_SCOPE_0c25c7fd07b5354c42f71ff4d7c1e384	CLASS_ATTRIBUTE	FUNCTION_DEF	false	true	false	false	false	false	true	false	false	false	true	1	29	29				false	METHOD	PY_METHOD_a06737389772974f0644c675d63ff603	PY_MODULE_26d35b2196b998f00bc6fe14819c7c1e	PY_METHOD_1e8f6ed75d03a6540fb8046c56e26610	integration_service_layer.py	SERVICE_VERSION_00000000000000000000000000000000	PY_BINDING_28ab7d32dfbdd5bb2a89ac7c09b00a85
first_error	PY_SCOPE_0c25c7fd07b5354c42f71ff4d7c1e384	CLASS_ATTRIBUTE	FUNCTION_DEF	false	true	false	false	false	false	true	false	false	false	true	1	38	38				false	METHOD	PY_METHOD_6cc51de6adf0eda0911df3654fc37b80	PY_MODULE_26d35b2196b998f00bc6fe14819c7c1e	PY_METHOD_1e8f6ed75d03a6540fb8046c56e26610	integration_service_layer.py	SERVICE_VERSION_00000000000000000000000000000000	PY_BINDING_3f421c8fa14091f5c1cd82021ba1d5d5
validate	PY_SCOPE_0c25c7fd07b5354c42f71ff4d7c1e384	CLASS_ATTRIBUTE	FUNCTION_DEF	false	true	false	false	false	false	true	false	false	false	true	1	32	32				false	METHOD	PY_METHOD_ef374dadf3ccf3021c147e64b29396be	PY_MODULE_26d35b2196b998f00bc6fe14819c7c1e	PY_METHOD_1e8f6ed75d03a6540fb8046c56e26610	integration_service_layer.py	SERVICE_VERSION_00000000000000000000000000000000	PY_BINDING_aeb1e44d4a50c6398c5641b8e4a19030
self	PY_SCOPE_7beecc805440faf863bc616579b6079a	PARAMETER	PARAMETER	true	true	false	false	false	false	false	true	false	false	false	1	29	29				false	PARAMETER	PY_METHOD_PARAMETER_1918957a1c928335fd406bf4f7c28aec	PY_MODULE_26d35b2196b998f00bc6fe14819c7c1e	PY_METHOD_a06737389772974f0644c675d63ff603	integration_service_layer.py	SERVICE_VERSION_00000000000000000000000000000000	PY_BINDING_de281079f07d95306f6c16ee368a1d27
ValidationError	PY_SCOPE_b8dc116ededd481f2f425f41cddf221f	GLOBAL_IMPLICIT	ASSIGNMENT	false	false	true	false	false	false	false	true	false	false	false	0	0	0				false	NONE		PY_MODULE_26d35b2196b998f00bc6fe14819c7c1e	PY_METHOD_ef374dadf3ccf3021c147e64b29396be	integration_service_layer.py	SERVICE_VERSION_00000000000000000000000000000000	PY_BINDING_19602878a81ee840a53767bfbbc7f0be
amount	PY_SCOPE_b8dc116ededd481f2f425f41cddf221f	PARAMETER	PARAMETER	true	true	false	false	false	false	false	true	false	false	false	1	32	32				false	PARAMETER	PY_METHOD_PARAMETER_764e68857cd5a046204a6e5ef286138e	PY_MODULE_26d35b2196b998f00bc6fe14819c7c1e	PY_METHOD_ef374dadf3ccf3021c147e64b29396be	integration_service_layer.py	SERVICE_VERSION_00000000000000000000000000000000	PY_BINDING_6c845b5111fa10b48c2a84bc7daa7d6f
self	PY_SCOPE_b8dc116ededd481f2f425f41cddf221f	PARAMETER	PARAMETER	true	true	false	false	false	false	false	true	false	false	false	1	32	32				false	PARAMETER	PY_METHOD_PARAMETER_750d3e8ca0f8b16b57cbbf03ac0f86c7	PY_MODULE_26d35b2196b998f00bc6fe14819c7c1e	PY_METHOD_ef374dadf3ccf3021c147e64b29396be	integration_service_layer.py	SERVICE_VERSION_00000000000000000000000000000000	PY_BINDING_28faac723d012a977ffffa9d286c0c09
self	PY_SCOPE_32447883d03e473da8aa9cee3429d1dc	PARAMETER	PARAMETER	true	true	false	false	false	false	false	true	false	false	false	1	38	38				false	PARAMETER	PY_METHOD_PARAMETER_9b673590267952c6270140bdae5d203e	PY_MODULE_26d35b2196b998f00bc6fe14819c7c1e	PY_METHOD_6cc51de6adf0eda0911df3654fc37b80	integration_service_layer.py	SERVICE_VERSION_00000000000000000000000000000000	PY_BINDING_801a6a6f40bdb4c9ecdafc10b9019e95
__init__	PY_SCOPE_d340d2d0dceeb5567668aba983c3e9cc	CLASS_ATTRIBUTE	FUNCTION_DEF	false	true	false	false	false	false	true	false	false	false	true	1	45	45				false	METHOD	PY_METHOD_abfce174106901a960c915c66b87a856	PY_MODULE_26d35b2196b998f00bc6fe14819c7c1e	PY_METHOD_e3a5ca982cbef6c812ab1b5d59760aec	integration_service_layer.py	SERVICE_VERSION_00000000000000000000000000000000	PY_BINDING_185e052200fd4cbc191a542e8812d79c
audit	PY_SCOPE_d340d2d0dceeb5567668aba983c3e9cc	CLASS_ATTRIBUTE	FUNCTION_DEF	false	true	false	false	false	false	true	false	false	false	true	1	96	96				false	METHOD	PY_METHOD_eaf26aa958aceeff13711f31f5d8af05	PY_MODULE_26d35b2196b998f00bc6fe14819c7c1e	PY_METHOD_e3a5ca982cbef6c812ab1b5d59760aec	integration_service_layer.py	SERVICE_VERSION_00000000000000000000000000000000	PY_BINDING_6914a1276be54a866d8204b3aa462c6d
bulk	PY_SCOPE_d340d2d0dceeb5567668aba983c3e9cc	CLASS_ATTRIBUTE	FUNCTION_DEF	false	true	false	false	false	false	true	false	false	false	true	1	86	86				false	METHOD	PY_METHOD_6ff262cc7fe657bfb02c1bd9bf0a9a20	PY_MODULE_26d35b2196b998f00bc6fe14819c7c1e	PY_METHOD_e3a5ca982cbef6c812ab1b5d59760aec	integration_service_layer.py	SERVICE_VERSION_00000000000000000000000000000000	PY_BINDING_44bcd3a3be4b5f3c0895c6c5dc74095d
summary	PY_SCOPE_d340d2d0dceeb5567668aba983c3e9cc	CLASS_ATTRIBUTE	FUNCTION_DEF	false	true	false	false	false	false	true	false	false	false	true	1	79	79				false	METHOD	PY_METHOD_edd03c03ab2416f2845f0f56293c18dd	PY_MODULE_26d35b2196b998f00bc6fe14819c7c1e	PY_METHOD_e3a5ca982cbef6c812ab1b5d59760aec	integration_service_layer.py	SERVICE_VERSION_00000000000000000000000000000000	PY_BINDING_85de909421ccf4ba50286fc0cc53ebb9
transfer	PY_SCOPE_d340d2d0dceeb5567668aba983c3e9cc	CLASS_ATTRIBUTE	FUNCTION_DEF	false	true	false	false	false	false	true	false	false	false	true	1	50	50				false	METHOD	PY_METHOD_a4f44c51e1252db01cd41953f6bb0547	PY_MODULE_26d35b2196b998f00bc6fe14819c7c1e	PY_METHOD_e3a5ca982cbef6c812ab1b5d59760aec	integration_service_layer.py	SERVICE_VERSION_00000000000000000000000000000000	PY_BINDING_828037d89a83879b72601a71a6dc6483
validate_amount	PY_SCOPE_d340d2d0dceeb5567668aba983c3e9cc	CLASS_ATTRIBUTE	FUNCTION_DEF	false	true	false	false	false	false	true	false	false	false	true	1	75	75				false	METHOD	PY_METHOD_f152f38c0c5e01350b26d4ccebd7fc8d	PY_MODULE_26d35b2196b998f00bc6fe14819c7c1e	PY_METHOD_e3a5ca982cbef6c812ab1b5d59760aec	integration_service_layer.py	SERVICE_VERSION_00000000000000000000000000000000	PY_BINDING_333223f07dde31010f921a541b38d27b
AccountValidator	PY_SCOPE_e73af448557437e203c63e4d64f611f8	GLOBAL_IMPLICIT	ASSIGNMENT	false	false	true	false	false	false	false	true	false	false	false	0	0	0				false	NONE		PY_MODULE_26d35b2196b998f00bc6fe14819c7c1e	PY_METHOD_abfce174106901a960c915c66b87a856	integration_service_layer.py	SERVICE_VERSION_00000000000000000000000000000000	PY_BINDING_48aabdde376037874a66760f33b8cc4c
Ledger	PY_SCOPE_e73af448557437e203c63e4d64f611f8	GLOBAL_IMPLICIT	ASSIGNMENT	false	false	true	false	false	false	false	true	false	false	false	0	0	0				false	NONE		PY_MODULE_26d35b2196b998f00bc6fe14819c7c1e	PY_METHOD_abfce174106901a960c915c66b87a856	integration_service_layer.py	SERVICE_VERSION_00000000000000000000000000000000	PY_BINDING_34925dba2cd0a8f80acf09ae916faa61
ledger	PY_SCOPE_e73af448557437e203c63e4d64f611f8	PARAMETER	PARAMETER	true	true	false	false	false	false	false	true	false	false	false	1	45	45				false	PARAMETER	PY_METHOD_PARAMETER_3373e61be49e86aa92c42be6ba67d5e6	PY_MODULE_26d35b2196b998f00bc6fe14819c7c1e	PY_METHOD_abfce174106901a960c915c66b87a856	integration_service_layer.py	SERVICE_VERSION_00000000000000000000000000000000	PY_BINDING_d9a9f4aa68edcf2b0050478f1026d609
self	PY_SCOPE_e73af448557437e203c63e4d64f611f8	PARAMETER	PARAMETER	true	true	false	false	false	false	false	true	false	false	false	1	45	45				false	PARAMETER	PY_METHOD_PARAMETER_3e97baecc0806c847394ff1e08e79c04	PY_MODULE_26d35b2196b998f00bc6fe14819c7c1e	PY_METHOD_abfce174106901a960c915c66b87a856	integration_service_layer.py	SERVICE_VERSION_00000000000000000000000000000000	PY_BINDING_e14e1c1293935b3bfd30225decd7ff5c
ValidationError	PY_SCOPE_561cdeb2fe19353f11635cfffed51367	GLOBAL_IMPLICIT	ASSIGNMENT	false	false	true	false	false	false	false	true	false	false	false	0	0	0				false	NONE		PY_MODULE_26d35b2196b998f00bc6fe14819c7c1e	PY_METHOD_a4f44c51e1252db01cd41953f6bb0547	integration_service_layer.py	SERVICE_VERSION_00000000000000000000000000000000	PY_BINDING_ebbdb95dac3eefcb544ec06fc67ce77e
amount	PY_SCOPE_561cdeb2fe19353f11635cfffed51367	PARAMETER	PARAMETER	true	true	false	false	false	false	false	true	false	false	false	1	50	50				false	PARAMETER	PY_METHOD_PARAMETER_03bdd40e10560bab35b1bf00bd423c31	PY_MODULE_26d35b2196b998f00bc6fe14819c7c1e	PY_METHOD_a4f44c51e1252db01cd41953f6bb0547	integration_service_layer.py	SERVICE_VERSION_00000000000000000000000000000000	PY_BINDING_6ce2f2556e65988577a66ac513d55563
error	PY_SCOPE_561cdeb2fe19353f11635cfffed51367	LOCAL	ASSIGNMENT	false	true	false	false	false	false	true	true	false	false	false	1	61	61				false	NONE		PY_MODULE_26d35b2196b998f00bc6fe14819c7c1e	PY_METHOD_a4f44c51e1252db01cd41953f6bb0547	integration_service_layer.py	SERVICE_VERSION_00000000000000000000000000000000	PY_BINDING_dbaadca53e6b978578f6894afb5cf2d7
find_account	PY_SCOPE_561cdeb2fe19353f11635cfffed51367	GLOBAL_IMPLICIT	ASSIGNMENT	false	false	true	false	false	false	false	true	false	false	false	0	0	0				false	NONE		PY_MODULE_26d35b2196b998f00bc6fe14819c7c1e	PY_METHOD_a4f44c51e1252db01cd41953f6bb0547	integration_service_layer.py	SERVICE_VERSION_00000000000000000000000000000000	PY_BINDING_6166ae660094e07282c4cdfe19c50889
logger	PY_SCOPE_561cdeb2fe19353f11635cfffed51367	GLOBAL_IMPLICIT	ASSIGNMENT	false	false	true	false	false	false	false	true	false	false	false	0	0	0				false	NONE		PY_MODULE_26d35b2196b998f00bc6fe14819c7c1e	PY_METHOD_a4f44c51e1252db01cd41953f6bb0547	integration_service_layer.py	SERVICE_VERSION_00000000000000000000000000000000	PY_BINDING_8b01d3e640d440ba63fd79def484772f
self	PY_SCOPE_561cdeb2fe19353f11635cfffed51367	PARAMETER	PARAMETER	true	true	false	false	false	false	false	true	false	false	false	1	50	50				false	PARAMETER	PY_METHOD_PARAMETER_c87cdb731e17951f23988770fd4e1b7d	PY_MODULE_26d35b2196b998f00bc6fe14819c7c1e	PY_METHOD_a4f44c51e1252db01cd41953f6bb0547	integration_service_layer.py	SERVICE_VERSION_00000000000000000000000000000000	PY_BINDING_bcc029071369487732b1e9eccdcd7eb7
source	PY_SCOPE_561cdeb2fe19353f11635cfffed51367	LOCAL	ASSIGNMENT	false	true	false	false	false	false	true	true	false	false	false	1	55	55				false	NONE		PY_MODULE_26d35b2196b998f00bc6fe14819c7c1e	PY_METHOD_a4f44c51e1252db01cd41953f6bb0547	integration_service_layer.py	SERVICE_VERSION_00000000000000000000000000000000	PY_BINDING_a7b2e6896dbb4101fd88701ecef94ac1
source_owner	PY_SCOPE_561cdeb2fe19353f11635cfffed51367	PARAMETER	PARAMETER	true	true	false	false	false	false	false	true	false	false	false	1	50	50				false	PARAMETER	PY_METHOD_PARAMETER_274ea32112a439aef2aea8e3b5924e12	PY_MODULE_26d35b2196b998f00bc6fe14819c7c1e	PY_METHOD_a4f44c51e1252db01cd41953f6bb0547	integration_service_layer.py	SERVICE_VERSION_00000000000000000000000000000000	PY_BINDING_064634200bd313b04c90673df719dff8
target	PY_SCOPE_561cdeb2fe19353f11635cfffed51367	LOCAL	ASSIGNMENT	false	true	false	false	false	false	true	true	false	false	false	1	56	56				false	NONE		PY_MODULE_26d35b2196b998f00bc6fe14819c7c1e	PY_METHOD_a4f44c51e1252db01cd41953f6bb0547	integration_service_layer.py	SERVICE_VERSION_00000000000000000000000000000000	PY_BINDING_03ade7eff4d7078d90840f85fa4f00b9
target_owner	PY_SCOPE_561cdeb2fe19353f11635cfffed51367	PARAMETER	PARAMETER	true	true	false	false	false	false	false	true	false	false	false	1	50	50				false	PARAMETER	PY_METHOD_PARAMETER_36e3745eefe570d730fbcae5d983ed60	PY_MODULE_26d35b2196b998f00bc6fe14819c7c1e	PY_METHOD_a4f44c51e1252db01cd41953f6bb0547	integration_service_layer.py	SERVICE_VERSION_00000000000000000000000000000000	PY_BINDING_67b661a1d73a7bdcac71fcbdd5fa77bd
amount	PY_SCOPE_bd2c8a1a0b122058fb4b10728e8e4c8a	PARAMETER	PARAMETER	true	true	false	false	false	false	false	true	false	false	false	1	75	75				false	PARAMETER	PY_METHOD_PARAMETER_2b26a7a2c196261ab7683fa9e3906fc4	PY_MODULE_26d35b2196b998f00bc6fe14819c7c1e	PY_METHOD_f152f38c0c5e01350b26d4ccebd7fc8d	integration_service_layer.py	SERVICE_VERSION_00000000000000000000000000000000	PY_BINDING_ebc75c9791adc5576cc9c0e6c5719871
self	PY_SCOPE_bd2c8a1a0b122058fb4b10728e8e4c8a	PARAMETER	PARAMETER	true	true	false	false	false	false	false	true	false	false	false	1	75	75				false	PARAMETER	PY_METHOD_PARAMETER_d1a59a11f6ce83c4e2765418efe3c434	PY_MODULE_26d35b2196b998f00bc6fe14819c7c1e	PY_METHOD_f152f38c0c5e01350b26d4ccebd7fc8d	integration_service_layer.py	SERVICE_VERSION_00000000000000000000000000000000	PY_BINDING_b0ef4dc47bcc6ba2a3a62f2cdb3eb720
self	PY_SCOPE_803c71b45a1182b2f11c2cae26dd3c75	PARAMETER	PARAMETER	true	true	false	false	false	false	false	true	false	false	false	1	79	79				false	PARAMETER	PY_METHOD_PARAMETER_90d7f1e0bdc902666cc4cc514838cca5	PY_MODULE_26d35b2196b998f00bc6fe14819c7c1e	PY_METHOD_edd03c03ab2416f2845f0f56293c18dd	integration_service_layer.py	SERVICE_VERSION_00000000000000000000000000000000	PY_BINDING_73f8c4de7ad5422e0792bd96845cc944
ValidationError	PY_SCOPE_8b1ebbedc3c91952fcd8ef60fc23658d	GLOBAL_IMPLICIT	ASSIGNMENT	false	false	true	false	false	false	false	true	false	false	false	0	0	0				false	NONE		PY_MODULE_26d35b2196b998f00bc6fe14819c7c1e	PY_METHOD_6ff262cc7fe657bfb02c1bd9bf0a9a20	integration_service_layer.py	SERVICE_VERSION_00000000000000000000000000000000	PY_BINDING_473fe56c0a070242e7cacfc1340cc132
amount	PY_SCOPE_8b1ebbedc3c91952fcd8ef60fc23658d	PARAMETER	PARAMETER	true	true	false	false	false	false	false	true	false	false	false	1	86	86				false	PARAMETER	PY_METHOD_PARAMETER_57117c9a7d9578f7cea14efe7952249e	PY_MODULE_26d35b2196b998f00bc6fe14819c7c1e	PY_METHOD_6ff262cc7fe657bfb02c1bd9bf0a9a20	integration_service_layer.py	SERVICE_VERSION_00000000000000000000000000000000	PY_BINDING_5ded7054d20434dede387c11b7ddf739
err	PY_SCOPE_8b1ebbedc3c91952fcd8ef60fc23658d	LOCAL	EXCEPT_TARGET	false	true	false	false	false	false	true	true	false	false	false	1	91	91				false	NONE		PY_MODULE_26d35b2196b998f00bc6fe14819c7c1e	PY_METHOD_6ff262cc7fe657bfb02c1bd9bf0a9a20	integration_service_layer.py	SERVICE_VERSION_00000000000000000000000000000000	PY_BINDING_2773b868f24b17548b36816f8d5439d3
logger	PY_SCOPE_8b1ebbedc3c91952fcd8ef60fc23658d	GLOBAL_IMPLICIT	ASSIGNMENT	false	false	true	false	false	false	false	true	false	false	false	0	0	0				false	NONE		PY_MODULE_26d35b2196b998f00bc6fe14819c7c1e	PY_METHOD_6ff262cc7fe657bfb02c1bd9bf0a9a20	integration_service_layer.py	SERVICE_VERSION_00000000000000000000000000000000	PY_BINDING_5585174a30be1e73f14aa4f11ad539bd
pairs	PY_SCOPE_8b1ebbedc3c91952fcd8ef60fc23658d	PARAMETER	PARAMETER	true	true	false	false	false	false	false	true	false	false	false	1	86	86				false	PARAMETER	PY_METHOD_PARAMETER_870598402df707b6a03ee6b039db216f	PY_MODULE_26d35b2196b998f00bc6fe14819c7c1e	PY_METHOD_6ff262cc7fe657bfb02c1bd9bf0a9a20	integration_service_layer.py	SERVICE_VERSION_00000000000000000000000000000000	PY_BINDING_ffc3f274243f342f28c71a4d6d8265a7
results	PY_SCOPE_8b1ebbedc3c91952fcd8ef60fc23658d	LOCAL	ASSIGNMENT	false	true	false	false	false	false	true	true	false	false	false	1	87	87				false	NONE		PY_MODULE_26d35b2196b998f00bc6fe14819c7c1e	PY_METHOD_6ff262cc7fe657bfb02c1bd9bf0a9a20	integration_service_layer.py	SERVICE_VERSION_00000000000000000000000000000000	PY_BINDING_9d0accf3af8ee225358c3527a804ad39
self	PY_SCOPE_8b1ebbedc3c91952fcd8ef60fc23658d	PARAMETER	PARAMETER	true	true	false	false	false	false	false	true	false	false	false	1	86	86				false	PARAMETER	PY_METHOD_PARAMETER_28fa719698b7ad59829264d8315f22b4	PY_MODULE_26d35b2196b998f00bc6fe14819c7c1e	PY_METHOD_6ff262cc7fe657bfb02c1bd9bf0a9a20	integration_service_layer.py	SERVICE_VERSION_00000000000000000000000000000000	PY_BINDING_d883e0ca86a4b3ce2271683d5e9a40ef
source_owner	PY_SCOPE_8b1ebbedc3c91952fcd8ef60fc23658d	LOCAL	FOR_TARGET	false	true	false	false	false	false	true	true	false	false	false	1	88	88				false	NONE		PY_MODULE_26d35b2196b998f00bc6fe14819c7c1e	PY_METHOD_6ff262cc7fe657bfb02c1bd9bf0a9a20	integration_service_layer.py	SERVICE_VERSION_00000000000000000000000000000000	PY_BINDING_ce14cf78310a884f6bda0a59f3505895
target_owner	PY_SCOPE_8b1ebbedc3c91952fcd8ef60fc23658d	LOCAL	FOR_TARGET	false	true	false	false	false	false	true	true	false	false	false	1	88	88				false	NONE		PY_MODULE_26d35b2196b998f00bc6fe14819c7c1e	PY_METHOD_6ff262cc7fe657bfb02c1bd9bf0a9a20	integration_service_layer.py	SERVICE_VERSION_00000000000000000000000000000000	PY_BINDING_23e541cca602f2161ddb7fa5f8504a60
self	PY_SCOPE_cf70edccbfc7c4c9cec9f3b3489486a3	PARAMETER	PARAMETER	true	true	false	false	false	false	false	true	false	false	false	1	96	96				false	PARAMETER	PY_METHOD_PARAMETER_8a126e2c45b0ad8c25db037473f710ad	PY_MODULE_26d35b2196b998f00bc6fe14819c7c1e	PY_METHOD_eaf26aa958aceeff13711f31f5d8af05	integration_service_layer.py	SERVICE_VERSION_00000000000000000000000000000000	PY_BINDING_122b4e61ffa95b51f4420c7873b11d50
.0	PY_SCOPE_a612bde078bcb50516f90f7d84efca59	PARAMETER	PARAMETER	true	true	false	false	false	false	false	false	false	false	false	1	98	98				false	NONE		PY_MODULE_26d35b2196b998f00bc6fe14819c7c1e	PY_METHOD_eaf26aa958aceeff13711f31f5d8af05	integration_service_layer.py	SERVICE_VERSION_00000000000000000000000000000000	PY_BINDING_6a52fa5a7e6b4c418bec3c69d88dc326
entry	PY_SCOPE_a612bde078bcb50516f90f7d84efca59	LOCAL	COMPREHENSION_TARGET	false	true	false	false	false	false	true	true	false	false	false	1	98	98				false	NONE		PY_MODULE_26d35b2196b998f00bc6fe14819c7c1e	PY_METHOD_eaf26aa958aceeff13711f31f5d8af05	integration_service_layer.py	SERVICE_VERSION_00000000000000000000000000000000	PY_BINDING_09db5879c0d355cb2c51afe13c77974e
TransferService	PY_SCOPE_a48078cc69c57cb076771ddc75a26984	GLOBAL_IMPLICIT	ASSIGNMENT	false	false	true	false	false	false	false	true	false	false	false	0	0	0				false	NONE		PY_MODULE_26d35b2196b998f00bc6fe14819c7c1e	PY_METHOD_b31da01fa40e522acd2f356bd1e5af56	integration_service_layer.py	SERVICE_VERSION_00000000000000000000000000000000	PY_BINDING_d74703e2859751d19d7f7912211fe55c
amount	PY_SCOPE_a48078cc69c57cb076771ddc75a26984	PARAMETER	PARAMETER	true	true	false	false	false	false	false	true	false	false	false	1	101	101				false	PARAMETER	PY_METHOD_PARAMETER_12a424175191e0399721f07ea62b545c	PY_MODULE_26d35b2196b998f00bc6fe14819c7c1e	PY_METHOD_b31da01fa40e522acd2f356bd1e5af56	integration_service_layer.py	SERVICE_VERSION_00000000000000000000000000000000	PY_BINDING_0e44b63e7c527e0c8f6ea83d73aa3b5b
outcome	PY_SCOPE_a48078cc69c57cb076771ddc75a26984	LOCAL	ASSIGNMENT	false	true	false	false	false	false	true	true	false	false	false	1	103	103				false	NONE		PY_MODULE_26d35b2196b998f00bc6fe14819c7c1e	PY_METHOD_b31da01fa40e522acd2f356bd1e5af56	integration_service_layer.py	SERVICE_VERSION_00000000000000000000000000000000	PY_BINDING_ea86c002e866697b51702c921a52728b
pairs	PY_SCOPE_a48078cc69c57cb076771ddc75a26984	PARAMETER	PARAMETER	true	true	false	false	false	false	false	true	false	false	false	1	101	101				false	PARAMETER	PY_METHOD_PARAMETER_f2b7c3803517b8a0283b49ea593ce14c	PY_MODULE_26d35b2196b998f00bc6fe14819c7c1e	PY_METHOD_b31da01fa40e522acd2f356bd1e5af56	integration_service_layer.py	SERVICE_VERSION_00000000000000000000000000000000	PY_BINDING_f20a54362c2236802bc7f52e26ea658a
service	PY_SCOPE_a48078cc69c57cb076771ddc75a26984	LOCAL	ASSIGNMENT	false	true	false	false	false	false	true	true	false	false	false	1	102	102				false	NONE		PY_MODULE_26d35b2196b998f00bc6fe14819c7c1e	PY_METHOD_b31da01fa40e522acd2f356bd1e5af56	integration_service_layer.py	SERVICE_VERSION_00000000000000000000000000000000	PY_BINDING_b3bcea2f744d65bdc9ebd75b4a48f6c9
Account	PY_SCOPE_75674551fc694a700896e9c0038131ce	IMPORTED	IMPORT	false	true	true	false	false	true	false	false	false	false	false	1	9	9				false	IMPORT	PY_IMPORT_cb94ce852624a058706c2ffe5e456d7e	PY_MODULE_47bc7c208a0cd524af17965fb97762d1	PY_METHOD_a8bfd074a868eda7ddd94f14345cb9ff	local_variable_flow.py	SERVICE_VERSION_00000000000000000000000000000000	PY_BINDING_232aa7d7819200fbc09b6dc08f0076f4
Ledger	PY_SCOPE_75674551fc694a700896e9c0038131ce	IMPORTED	IMPORT	false	true	true	false	false	true	false	false	false	false	false	1	9	9				false	IMPORT	PY_IMPORT_024e3ce40d7b482605fe9e525832ad55	PY_MODULE_47bc7c208a0cd524af17965fb97762d1	PY_METHOD_a8bfd074a868eda7ddd94f14345cb9ff	local_variable_flow.py	SERVICE_VERSION_00000000000000000000000000000000	PY_BINDING_814a39a701cc01c567d69b093eac92f1
augmented_assignment	PY_SCOPE_75674551fc694a700896e9c0038131ce	MODULE_LEVEL	FUNCTION_DEF	false	true	true	false	false	false	true	false	false	false	true	1	42	42				false	METHOD	PY_METHOD_ec8c06151fd2f99fa4b987fb11cdd8bb	PY_MODULE_47bc7c208a0cd524af17965fb97762d1	PY_METHOD_a8bfd074a868eda7ddd94f14345cb9ff	local_variable_flow.py	SERVICE_VERSION_00000000000000000000000000000000	PY_BINDING_64945228286b3a935b94d1a76098aa49
conditional_reassignment	PY_SCOPE_75674551fc694a700896e9c0038131ce	MODULE_LEVEL	FUNCTION_DEF	false	true	true	false	false	false	true	false	false	false	true	1	34	34				false	METHOD	PY_METHOD_2eeec59a3521598c683dff81f2a0e297	PY_MODULE_47bc7c208a0cd524af17965fb97762d1	PY_METHOD_a8bfd074a868eda7ddd94f14345cb9ff	local_variable_flow.py	SERVICE_VERSION_00000000000000000000000000000000	PY_BINDING_f461aeaa005519bf113aace3ae0dca75
find_account	PY_SCOPE_75674551fc694a700896e9c0038131ce	IMPORTED	IMPORT	false	true	true	false	false	true	false	false	false	false	false	1	10	10				false	IMPORT	PY_IMPORT_64459e4a238c7070192ca810a0575f22	PY_MODULE_47bc7c208a0cd524af17965fb97762d1	PY_METHOD_a8bfd074a868eda7ddd94f14345cb9ff	local_variable_flow.py	SERVICE_VERSION_00000000000000000000000000000000	PY_BINDING_207996d29cfa62cfa4dfaeccf2c7d3af
from_another_local	PY_SCOPE_75674551fc694a700896e9c0038131ce	MODULE_LEVEL	FUNCTION_DEF	false	true	true	false	false	false	true	false	false	false	true	1	68	68				false	METHOD	PY_METHOD_0efa377ac39f391980ffcc8615583924	PY_MODULE_47bc7c208a0cd524af17965fb97762d1	PY_METHOD_a8bfd074a868eda7ddd94f14345cb9ff	local_variable_flow.py	SERVICE_VERSION_00000000000000000000000000000000	PY_BINDING_a03d117c0d53f6bad9550926bae7126d
from_attribute	PY_SCOPE_75674551fc694a700896e9c0038131ce	MODULE_LEVEL	FUNCTION_DEF	false	true	true	false	false	false	true	false	false	false	true	1	74	74				false	METHOD	PY_METHOD_6ac5301ac6ac937d6d587955607e61cb	PY_MODULE_47bc7c208a0cd524af17965fb97762d1	PY_METHOD_a8bfd074a868eda7ddd94f14345cb9ff	local_variable_flow.py	SERVICE_VERSION_00000000000000000000000000000000	PY_BINDING_5364935c871f55b834232e320edd49e9
from_call_result	PY_SCOPE_75674551fc694a700896e9c0038131ce	MODULE_LEVEL	FUNCTION_DEF	false	true	true	false	false	false	true	false	false	false	true	1	62	62				false	METHOD	PY_METHOD_55d63cabcde6c02166699295507fc726	PY_MODULE_47bc7c208a0cd524af17965fb97762d1	PY_METHOD_a8bfd074a868eda7ddd94f14345cb9ff	local_variable_flow.py	SERVICE_VERSION_00000000000000000000000000000000	PY_BINDING_624208a8f97d6ea635c31d3f23d00498
from_literal	PY_SCOPE_75674551fc694a700896e9c0038131ce	MODULE_LEVEL	FUNCTION_DEF	false	true	true	false	false	false	true	false	false	false	true	1	49	49				false	METHOD	PY_METHOD_235c0b8f122fbf9b7735fce5bf83e57d	PY_MODULE_47bc7c208a0cd524af17965fb97762d1	PY_METHOD_a8bfd074a868eda7ddd94f14345cb9ff	local_variable_flow.py	SERVICE_VERSION_00000000000000000000000000000000	PY_BINDING_17d7a62d84e71657f1b310eadd658c1c
loop_target	PY_SCOPE_75674551fc694a700896e9c0038131ce	MODULE_LEVEL	FUNCTION_DEF	false	true	true	false	false	false	true	false	false	false	true	1	79	79				false	METHOD	PY_METHOD_5bee5f26bf4c1e3dd26662f34bd2bf49	PY_MODULE_47bc7c208a0cd524af17965fb97762d1	PY_METHOD_a8bfd074a868eda7ddd94f14345cb9ff	local_variable_flow.py	SERVICE_VERSION_00000000000000000000000000000000	PY_BINDING_ff36b342b444e1e9484b11d30170aa2f
monomorphic_from_constructor	PY_SCOPE_75674551fc694a700896e9c0038131ce	MODULE_LEVEL	FUNCTION_DEF	false	true	true	false	false	false	true	false	false	false	true	1	13	13				false	METHOD	PY_METHOD_6df727a74135257df391e3449ce0ee7a	PY_MODULE_47bc7c208a0cd524af17965fb97762d1	PY_METHOD_a8bfd074a868eda7ddd94f14345cb9ff	local_variable_flow.py	SERVICE_VERSION_00000000000000000000000000000000	PY_BINDING_5b946ce334449edab8dc20696c587f82
reassigned_different_types	PY_SCOPE_75674551fc694a700896e9c0038131ce	MODULE_LEVEL	FUNCTION_DEF	false	true	true	false	false	false	true	false	false	false	true	1	26	26				false	METHOD	PY_METHOD_5d27ec7d7b451c232e77d5b035cc9c27	PY_MODULE_47bc7c208a0cd524af17965fb97762d1	PY_METHOD_a8bfd074a868eda7ddd94f14345cb9ff	local_variable_flow.py	SERVICE_VERSION_00000000000000000000000000000000	PY_BINDING_bccb7f9a0343b845461a46f975ffcc8c
reassigned_same_type	PY_SCOPE_75674551fc694a700896e9c0038131ce	MODULE_LEVEL	FUNCTION_DEF	false	true	true	false	false	false	true	false	false	false	true	1	19	19				false	METHOD	PY_METHOD_f3b9ff22c6471370791c51ab89a2a391	PY_MODULE_47bc7c208a0cd524af17965fb97762d1	PY_METHOD_a8bfd074a868eda7ddd94f14345cb9ff	local_variable_flow.py	SERVICE_VERSION_00000000000000000000000000000000	PY_BINDING_99660034c8752fe75fc1e21384d6f70d
shadowing_a_parameter	PY_SCOPE_75674551fc694a700896e9c0038131ce	MODULE_LEVEL	FUNCTION_DEF	false	true	true	false	false	false	true	false	false	false	true	1	108	108				false	METHOD	PY_METHOD_228a2731b54001e4be8fe0e3dbd7d641	PY_MODULE_47bc7c208a0cd524af17965fb97762d1	PY_METHOD_a8bfd074a868eda7ddd94f14345cb9ff	local_variable_flow.py	SERVICE_VERSION_00000000000000000000000000000000	PY_BINDING_bdf4b4a77107677eda1e4e00c66cf3f4
star_unpacked	PY_SCOPE_75674551fc694a700896e9c0038131ce	MODULE_LEVEL	FUNCTION_DEF	false	true	true	false	false	false	true	false	false	false	true	1	97	97				false	METHOD	PY_METHOD_60ba9a680d87a61627cf5d14c81f273e	PY_MODULE_47bc7c208a0cd524af17965fb97762d1	PY_METHOD_a8bfd074a868eda7ddd94f14345cb9ff	local_variable_flow.py	SERVICE_VERSION_00000000000000000000000000000000	PY_BINDING_c8d25f52b5a6897eaa2014396366178a
tuple_unpacked	PY_SCOPE_75674551fc694a700896e9c0038131ce	MODULE_LEVEL	FUNCTION_DEF	false	true	true	false	false	false	true	false	false	false	true	1	92	92				false	METHOD	PY_METHOD_972c3645b5a93c9b52c60d8000dd3b60	PY_MODULE_47bc7c208a0cd524af17965fb97762d1	PY_METHOD_a8bfd074a868eda7ddd94f14345cb9ff	local_variable_flow.py	SERVICE_VERSION_00000000000000000000000000000000	PY_BINDING_1b84891d324d91ed07e6d2341a07e67c
walrus_target	PY_SCOPE_75674551fc694a700896e9c0038131ce	MODULE_LEVEL	FUNCTION_DEF	false	true	true	false	false	false	true	false	false	false	true	1	102	102				false	METHOD	PY_METHOD_3515c175a33ee571eb6bca647c579262	PY_MODULE_47bc7c208a0cd524af17965fb97762d1	PY_METHOD_a8bfd074a868eda7ddd94f14345cb9ff	local_variable_flow.py	SERVICE_VERSION_00000000000000000000000000000000	PY_BINDING_6a9fee42d782bd72991a8c3a11cecd60
with_target	PY_SCOPE_75674551fc694a700896e9c0038131ce	MODULE_LEVEL	FUNCTION_DEF	false	true	true	false	false	false	true	false	false	false	true	1	87	87				false	METHOD	PY_METHOD_1536eea9d235cae8d2cdc753cf867ab3	PY_MODULE_47bc7c208a0cd524af17965fb97762d1	PY_METHOD_a8bfd074a868eda7ddd94f14345cb9ff	local_variable_flow.py	SERVICE_VERSION_00000000000000000000000000000000	PY_BINDING_75d2f4e3c12d62cdcdecd859617bb7e6
Account	PY_SCOPE_9207b314ad99bbecb3a27534be644311	GLOBAL_IMPLICIT	ASSIGNMENT	false	false	true	false	false	false	false	true	false	false	false	0	0	0				false	NONE		PY_MODULE_47bc7c208a0cd524af17965fb97762d1	PY_METHOD_6df727a74135257df391e3449ce0ee7a	local_variable_flow.py	SERVICE_VERSION_00000000000000000000000000000000	PY_BINDING_cf4538068616f07230c0e73cbcbdd60d
account	PY_SCOPE_9207b314ad99bbecb3a27534be644311	LOCAL	ASSIGNMENT	false	true	false	false	false	false	true	true	false	false	false	1	15	15				false	NONE		PY_MODULE_47bc7c208a0cd524af17965fb97762d1	PY_METHOD_6df727a74135257df391e3449ce0ee7a	local_variable_flow.py	SERVICE_VERSION_00000000000000000000000000000000	PY_BINDING_36df3c80b6c6aa0cd50a0c7ac2971f9f
owner	PY_SCOPE_9207b314ad99bbecb3a27534be644311	PARAMETER	PARAMETER	true	true	false	false	false	false	false	true	false	false	false	1	13	13				false	PARAMETER	PY_METHOD_PARAMETER_59f4807002ce2530ab87b07f43c68964	PY_MODULE_47bc7c208a0cd524af17965fb97762d1	PY_METHOD_6df727a74135257df391e3449ce0ee7a	local_variable_flow.py	SERVICE_VERSION_00000000000000000000000000000000	PY_BINDING_0abcc96ddfbb63fc5d70d77175c21303
Account	PY_SCOPE_0947230b6d900e428a32312de29ec98d	GLOBAL_IMPLICIT	ASSIGNMENT	false	false	true	false	false	false	false	true	false	false	false	0	0	0				false	NONE		PY_MODULE_47bc7c208a0cd524af17965fb97762d1	PY_METHOD_f3b9ff22c6471370791c51ab89a2a391	local_variable_flow.py	SERVICE_VERSION_00000000000000000000000000000000	PY_BINDING_c1768eb7f7cc75a38b1ca7a50113e8e1
account	PY_SCOPE_0947230b6d900e428a32312de29ec98d	LOCAL	ASSIGNMENT	false	true	false	false	false	false	true	true	false	false	false	2	21	22				false	NONE		PY_MODULE_47bc7c208a0cd524af17965fb97762d1	PY_METHOD_f3b9ff22c6471370791c51ab89a2a391	local_variable_flow.py	SERVICE_VERSION_00000000000000000000000000000000	PY_BINDING_9b771eaf65605129224b24f374d4f555
owner_a	PY_SCOPE_0947230b6d900e428a32312de29ec98d	PARAMETER	PARAMETER	true	true	false	false	false	false	false	true	false	false	false	1	19	19				false	PARAMETER	PY_METHOD_PARAMETER_0f870f34000830db073ebb5d4ef2e2e9	PY_MODULE_47bc7c208a0cd524af17965fb97762d1	PY_METHOD_f3b9ff22c6471370791c51ab89a2a391	local_variable_flow.py	SERVICE_VERSION_00000000000000000000000000000000	PY_BINDING_492b372b774cb2d33844a39d50a14e3e
owner_b	PY_SCOPE_0947230b6d900e428a32312de29ec98d	PARAMETER	PARAMETER	true	true	false	false	false	false	false	true	false	false	false	1	19	19				false	PARAMETER	PY_METHOD_PARAMETER_7e780270fe89c50f2649e2ed8e008900	PY_MODULE_47bc7c208a0cd524af17965fb97762d1	PY_METHOD_f3b9ff22c6471370791c51ab89a2a391	local_variable_flow.py	SERVICE_VERSION_00000000000000000000000000000000	PY_BINDING_0e252c0a815d30e10704283665062c6b
Account	PY_SCOPE_c3d0e3e580a1b73422e86693d5b5dd40	GLOBAL_IMPLICIT	ASSIGNMENT	false	false	true	false	false	false	false	true	false	false	false	0	0	0				false	NONE		PY_MODULE_47bc7c208a0cd524af17965fb97762d1	PY_METHOD_5d27ec7d7b451c232e77d5b035cc9c27	local_variable_flow.py	SERVICE_VERSION_00000000000000000000000000000000	PY_BINDING_f41f766ce2a5711473a39ca83f90d595
Ledger	PY_SCOPE_c3d0e3e580a1b73422e86693d5b5dd40	GLOBAL_IMPLICIT	ASSIGNMENT	false	false	true	false	false	false	false	true	false	false	false	0	0	0				false	NONE		PY_MODULE_47bc7c208a0cd524af17965fb97762d1	PY_METHOD_5d27ec7d7b451c232e77d5b035cc9c27	local_variable_flow.py	SERVICE_VERSION_00000000000000000000000000000000	PY_BINDING_f927443c171d3f47a3b94a3d5ad298fb
holder	PY_SCOPE_c3d0e3e580a1b73422e86693d5b5dd40	LOCAL	ASSIGNMENT	false	true	false	false	false	false	true	true	false	false	false	2	29	30				false	NONE		PY_MODULE_47bc7c208a0cd524af17965fb97762d1	PY_METHOD_5d27ec7d7b451c232e77d5b035cc9c27	local_variable_flow.py	SERVICE_VERSION_00000000000000000000000000000000	PY_BINDING_5129d9de25fb8f45ca0fbe6ff37f922c
owner	PY_SCOPE_c3d0e3e580a1b73422e86693d5b5dd40	PARAMETER	PARAMETER	true	true	false	false	false	false	false	true	false	false	false	1	26	26				false	PARAMETER	PY_METHOD_PARAMETER_e7296a37116e8f171bb2f4ef9c482211	PY_MODULE_47bc7c208a0cd524af17965fb97762d1	PY_METHOD_5d27ec7d7b451c232e77d5b035cc9c27	local_variable_flow.py	SERVICE_VERSION_00000000000000000000000000000000	PY_BINDING_e55f6072ba009cfca1f96036fce3844c
Account	PY_SCOPE_1c01573b2f73b7529e3aadcddb666b6d	GLOBAL_IMPLICIT	ASSIGNMENT	false	false	true	false	false	false	false	true	false	false	false	0	0	0				false	NONE		PY_MODULE_47bc7c208a0cd524af17965fb97762d1	PY_METHOD_2eeec59a3521598c683dff81f2a0e297	local_variable_flow.py	SERVICE_VERSION_00000000000000000000000000000000	PY_BINDING_83dc111047c1917c68d20f09d6d13f8b
Ledger	PY_SCOPE_1c01573b2f73b7529e3aadcddb666b6d	GLOBAL_IMPLICIT	ASSIGNMENT	false	false	true	false	false	false	false	true	false	false	false	0	0	0				false	NONE		PY_MODULE_47bc7c208a0cd524af17965fb97762d1	PY_METHOD_2eeec59a3521598c683dff81f2a0e297	local_variable_flow.py	SERVICE_VERSION_00000000000000000000000000000000	PY_BINDING_b37e087ecf979b1ca1f6599c19e0a61e
flag	PY_SCOPE_1c01573b2f73b7529e3aadcddb666b6d	PARAMETER	PARAMETER	true	true	false	false	false	false	false	true	false	false	false	1	34	34				false	PARAMETER	PY_METHOD_PARAMETER_008dbc8e745d9e4c3eac9588a3e926fb	PY_MODULE_47bc7c208a0cd524af17965fb97762d1	PY_METHOD_2eeec59a3521598c683dff81f2a0e297	local_variable_flow.py	SERVICE_VERSION_00000000000000000000000000000000	PY_BINDING_f48ea2a21eb1a536f73440b101ca62c9
owner	PY_SCOPE_1c01573b2f73b7529e3aadcddb666b6d	PARAMETER	PARAMETER	true	true	false	false	false	false	false	true	false	false	false	1	34	34				false	PARAMETER	PY_METHOD_PARAMETER_705460b3b7e7b0f5906d6ce19c031101	PY_MODULE_47bc7c208a0cd524af17965fb97762d1	PY_METHOD_2eeec59a3521598c683dff81f2a0e297	local_variable_flow.py	SERVICE_VERSION_00000000000000000000000000000000	PY_BINDING_9f08fa0a2c647fb472078ae23f2cc1be
value	PY_SCOPE_1c01573b2f73b7529e3aadcddb666b6d	LOCAL	ASSIGNMENT	false	true	false	false	false	false	true	true	false	false	false	2	36	38				false	NONE		PY_MODULE_47bc7c208a0cd524af17965fb97762d1	PY_METHOD_2eeec59a3521598c683dff81f2a0e297	local_variable_flow.py	SERVICE_VERSION_00000000000000000000000000000000	PY_BINDING_3ae883b87ac9070ef6869517ee8ba76b
Account	PY_SCOPE_eaf723bf913753ad15d0f724adefe6ab	GLOBAL_IMPLICIT	ASSIGNMENT	false	false	true	false	false	false	false	true	false	false	false	0	0	0				false	NONE		PY_MODULE_47bc7c208a0cd524af17965fb97762d1	PY_METHOD_ec8c06151fd2f99fa4b987fb11cdd8bb	local_variable_flow.py	SERVICE_VERSION_00000000000000000000000000000000	PY_BINDING_2245013e279eb5cbebae84de6574ba2f
owner	PY_SCOPE_eaf723bf913753ad15d0f724adefe6ab	PARAMETER	PARAMETER	true	true	false	false	false	false	false	true	false	false	false	1	42	42				false	PARAMETER	PY_METHOD_PARAMETER_4d349ece8e2843d0e885804f713d9b17	PY_MODULE_47bc7c208a0cd524af17965fb97762d1	PY_METHOD_ec8c06151fd2f99fa4b987fb11cdd8bb	local_variable_flow.py	SERVICE_VERSION_00000000000000000000000000000000	PY_BINDING_a179ea28edebd1e019e6416ca3b1ff34
total	PY_SCOPE_eaf723bf913753ad15d0f724adefe6ab	LOCAL	MULTIPLE	false	true	false	false	false	false	true	true	false	false	false	3	43	45				false	NONE		PY_MODULE_47bc7c208a0cd524af17965fb97762d1	PY_METHOD_ec8c06151fd2f99fa4b987fb11cdd8bb	local_variable_flow.py	SERVICE_VERSION_00000000000000000000000000000000	PY_BINDING_cda077017a6b703af86e3711399d88c8
count	PY_SCOPE_5cad0001ad5c2d0fd41e1ff52dcdd7e5	LOCAL	ASSIGNMENT	false	true	false	false	false	false	true	true	false	false	false	1	51	51				false	NONE		PY_MODULE_47bc7c208a0cd524af17965fb97762d1	PY_METHOD_235c0b8f122fbf9b7735fce5bf83e57d	local_variable_flow.py	SERVICE_VERSION_00000000000000000000000000000000	PY_BINDING_046677d51818f76aa1b152eab8c053cf
flags	PY_SCOPE_5cad0001ad5c2d0fd41e1ff52dcdd7e5	LOCAL	ASSIGNMENT	false	true	false	false	false	false	true	true	false	false	false	1	54	54				false	NONE		PY_MODULE_47bc7c208a0cd524af17965fb97762d1	PY_METHOD_235c0b8f122fbf9b7735fce5bf83e57d	local_variable_flow.py	SERVICE_VERSION_00000000000000000000000000000000	PY_BINDING_deccb38ce8439e5d12af661891f91dbe
label	PY_SCOPE_5cad0001ad5c2d0fd41e1ff52dcdd7e5	LOCAL	ASSIGNMENT	false	true	false	false	false	false	true	true	false	false	false	1	52	52				false	NONE		PY_MODULE_47bc7c208a0cd524af17965fb97762d1	PY_METHOD_235c0b8f122fbf9b7735fce5bf83e57d	local_variable_flow.py	SERVICE_VERSION_00000000000000000000000000000000	PY_BINDING_cb8bce96e7166b20e5010073fcfca25d
mapping	PY_SCOPE_5cad0001ad5c2d0fd41e1ff52dcdd7e5	LOCAL	ASSIGNMENT	false	true	false	false	false	false	true	true	false	false	false	1	55	55				false	NONE		PY_MODULE_47bc7c208a0cd524af17965fb97762d1	PY_METHOD_235c0b8f122fbf9b7735fce5bf83e57d	local_variable_flow.py	SERVICE_VERSION_00000000000000000000000000000000	PY_BINDING_5eb5aec8378edf27ad0272eb98e41cea
pair	PY_SCOPE_5cad0001ad5c2d0fd41e1ff52dcdd7e5	LOCAL	ASSIGNMENT	false	true	false	false	false	false	true	true	false	false	false	1	57	57				false	NONE		PY_MODULE_47bc7c208a0cd524af17965fb97762d1	PY_METHOD_235c0b8f122fbf9b7735fce5bf83e57d	local_variable_flow.py	SERVICE_VERSION_00000000000000000000000000000000	PY_BINDING_911b3f7724d075306e604671806b994d
ratio	PY_SCOPE_5cad0001ad5c2d0fd41e1ff52dcdd7e5	LOCAL	ASSIGNMENT	false	true	false	false	false	false	true	true	false	false	false	1	53	53				false	NONE		PY_MODULE_47bc7c208a0cd524af17965fb97762d1	PY_METHOD_235c0b8f122fbf9b7735fce5bf83e57d	local_variable_flow.py	SERVICE_VERSION_00000000000000000000000000000000	PY_BINDING_c35ed438d83e2693b1790db5d9e05d37
unique	PY_SCOPE_5cad0001ad5c2d0fd41e1ff52dcdd7e5	LOCAL	ASSIGNMENT	false	true	false	false	false	false	true	true	false	false	false	1	56	56				false	NONE		PY_MODULE_47bc7c208a0cd524af17965fb97762d1	PY_METHOD_235c0b8f122fbf9b7735fce5bf83e57d	local_variable_flow.py	SERVICE_VERSION_00000000000000000000000000000000	PY_BINDING_d4e7b60a224f982be979732c6f2f2895
account	PY_SCOPE_d2889ff2828c2d3bd3c8d3d8219c12fd	LOCAL	ASSIGNMENT	false	true	false	false	false	false	true	true	false	false	false	1	64	64				false	NONE		PY_MODULE_47bc7c208a0cd524af17965fb97762d1	PY_METHOD_55d63cabcde6c02166699295507fc726	local_variable_flow.py	SERVICE_VERSION_00000000000000000000000000000000	PY_BINDING_0e59fa03fe81d6be2524a75255eb1867
find_account	PY_SCOPE_d2889ff2828c2d3bd3c8d3d8219c12fd	GLOBAL_IMPLICIT	ASSIGNMENT	false	false	true	false	false	false	false	true	false	false	false	0	0	0				false	NONE		PY_MODULE_47bc7c208a0cd524af17965fb97762d1	PY_METHOD_55d63cabcde6c02166699295507fc726	local_variable_flow.py	SERVICE_VERSION_00000000000000000000000000000000	PY_BINDING_a8bb5b6fb347dbf8ab31399acb5872f3
owner	PY_SCOPE_d2889ff2828c2d3bd3c8d3d8219c12fd	PARAMETER	PARAMETER	true	true	false	false	false	false	false	true	false	false	false	1	62	62				false	PARAMETER	PY_METHOD_PARAMETER_b4514b1d19cf3adfafa93f3e2cc57ee4	PY_MODULE_47bc7c208a0cd524af17965fb97762d1	PY_METHOD_55d63cabcde6c02166699295507fc726	local_variable_flow.py	SERVICE_VERSION_00000000000000000000000000000000	PY_BINDING_ab008ba6ade0874dd26b24ac6661b5d5
Account	PY_SCOPE_3afcc59b2be3c17c25a6de243386c1ea	GLOBAL_IMPLICIT	ASSIGNMENT	false	false	true	false	false	false	false	true	false	false	false	0	0	0				false	NONE		PY_MODULE_47bc7c208a0cd524af17965fb97762d1	PY_METHOD_0efa377ac39f391980ffcc8615583924	local_variable_flow.py	SERVICE_VERSION_00000000000000000000000000000000	PY_BINDING_caa7ba0dd7ff1d58dde0fe20ce149e49
first	PY_SCOPE_3afcc59b2be3c17c25a6de243386c1ea	LOCAL	ASSIGNMENT	false	true	false	false	false	false	true	true	false	false	false	1	69	69				false	NONE		PY_MODULE_47bc7c208a0cd524af17965fb97762d1	PY_METHOD_0efa377ac39f391980ffcc8615583924	local_variable_flow.py	SERVICE_VERSION_00000000000000000000000000000000	PY_BINDING_349d6e1f9dba81f6ed8ae9b65c54172f
owner	PY_SCOPE_3afcc59b2be3c17c25a6de243386c1ea	PARAMETER	PARAMETER	true	true	false	false	false	false	false	true	false	false	false	1	68	68				false	PARAMETER	PY_METHOD_PARAMETER_d94c09a164a8f2f8ea9ebcbbb8446ca8	PY_MODULE_47bc7c208a0cd524af17965fb97762d1	PY_METHOD_0efa377ac39f391980ffcc8615583924	local_variable_flow.py	SERVICE_VERSION_00000000000000000000000000000000	PY_BINDING_ee0c8ccc265b53cf155831f20d233e48
second	PY_SCOPE_3afcc59b2be3c17c25a6de243386c1ea	LOCAL	ASSIGNMENT	false	true	false	false	false	false	true	true	false	false	false	1	70	70				false	NONE		PY_MODULE_47bc7c208a0cd524af17965fb97762d1	PY_METHOD_0efa377ac39f391980ffcc8615583924	local_variable_flow.py	SERVICE_VERSION_00000000000000000000000000000000	PY_BINDING_822203cbac647e67d80dd4d968c17a3d
entries	PY_SCOPE_41fa4a619bc4a4477ad80ed830b5bf27	LOCAL	ASSIGNMENT	false	true	false	false	false	false	true	true	false	false	false	1	75	75				false	NONE		PY_MODULE_47bc7c208a0cd524af17965fb97762d1	PY_METHOD_6ac5301ac6ac937d6d587955607e61cb	local_variable_flow.py	SERVICE_VERSION_00000000000000000000000000000000	PY_BINDING_f45d7d0e0d117f3570037102878e6b41
ledger	PY_SCOPE_41fa4a619bc4a4477ad80ed830b5bf27	PARAMETER	PARAMETER	true	true	false	false	false	false	false	true	false	false	false	1	74	74				false	PARAMETER	PY_METHOD_PARAMETER_6951e9c5f3e9d02d2e5e663cdebcfde2	PY_MODULE_47bc7c208a0cd524af17965fb97762d1	PY_METHOD_6ac5301ac6ac937d6d587955607e61cb	local_variable_flow.py	SERVICE_VERSION_00000000000000000000000000000000	PY_BINDING_8baf6ad6f362719d473ead90fb94e50e
account	PY_SCOPE_ba10b89745294c0aedc34df8d8405bf0	LOCAL	FOR_TARGET	false	true	false	false	false	false	true	true	false	false	false	1	82	82				false	NONE		PY_MODULE_47bc7c208a0cd524af17965fb97762d1	PY_METHOD_5bee5f26bf4c1e3dd26662f34bd2bf49	local_variable_flow.py	SERVICE_VERSION_00000000000000000000000000000000	PY_BINDING_6b8542a5fafb3c8b8217fd0f9dd42c4b
accounts	PY_SCOPE_ba10b89745294c0aedc34df8d8405bf0	PARAMETER	PARAMETER	true	true	false	false	false	false	false	true	false	false	false	1	79	79				false	PARAMETER	PY_METHOD_PARAMETER_620b1e4186e277eb85f28e396403d253	PY_MODULE_47bc7c208a0cd524af17965fb97762d1	PY_METHOD_5bee5f26bf4c1e3dd26662f34bd2bf49	local_variable_flow.py	SERVICE_VERSION_00000000000000000000000000000000	PY_BINDING_bb431f55ea6ffc4f02b7b8a9c36f6118
running	PY_SCOPE_ba10b89745294c0aedc34df8d8405bf0	LOCAL	ASSIGNMENT	false	true	false	false	false	false	true	true	false	false	false	2	81	83				false	NONE		PY_MODULE_47bc7c208a0cd524af17965fb97762d1	PY_METHOD_5bee5f26bf4c1e3dd26662f34bd2bf49	local_variable_flow.py	SERVICE_VERSION_00000000000000000000000000000000	PY_BINDING_d7701b5e3e51a458a53873338dd9a007
handle	PY_SCOPE_b573c25e547f415b4814cbc16bf215db	LOCAL	WITH_TARGET	false	true	false	false	false	false	true	true	false	false	false	1	88	88				false	NONE		PY_MODULE_47bc7c208a0cd524af17965fb97762d1	PY_METHOD_1536eea9d235cae8d2cdc753cf867ab3	local_variable_flow.py	SERVICE_VERSION_00000000000000000000000000000000	PY_BINDING_421e8b413f368e57d94693b8c60d0dbd
open	PY_SCOPE_b573c25e547f415b4814cbc16bf215db	GLOBAL_IMPLICIT	ASSIGNMENT	false	false	true	false	false	false	false	true	false	false	false	0	0	0				false	NONE		PY_MODULE_47bc7c208a0cd524af17965fb97762d1	PY_METHOD_1536eea9d235cae8d2cdc753cf867ab3	local_variable_flow.py	SERVICE_VERSION_00000000000000000000000000000000	PY_BINDING_22df00820cabc7efac220a31eca806f2
path	PY_SCOPE_b573c25e547f415b4814cbc16bf215db	PARAMETER	PARAMETER	true	true	false	false	false	false	false	true	false	false	false	1	87	87				false	PARAMETER	PY_METHOD_PARAMETER_cfa0bcfb995df771b1f261664049e4a7	PY_MODULE_47bc7c208a0cd524af17965fb97762d1	PY_METHOD_1536eea9d235cae8d2cdc753cf867ab3	local_variable_flow.py	SERVICE_VERSION_00000000000000000000000000000000	PY_BINDING_831655085c7ebcf3b62c52f9f7c67141
left	PY_SCOPE_f577a54fd7c4f78d95f7d813d36aa072	LOCAL	TUPLE_UNPACK_TARGET	false	true	false	false	false	false	true	true	false	false	false	1	93	93				false	NONE		PY_MODULE_47bc7c208a0cd524af17965fb97762d1	PY_METHOD_972c3645b5a93c9b52c60d8000dd3b60	local_variable_flow.py	SERVICE_VERSION_00000000000000000000000000000000	PY_BINDING_f98015db8c827ca54c47b6933d578814
pair	PY_SCOPE_f577a54fd7c4f78d95f7d813d36aa072	PARAMETER	PARAMETER	true	true	false	false	false	false	false	true	false	false	false	1	92	92				false	PARAMETER	PY_METHOD_PARAMETER_5bc74b1581c74f7c136afe4108d20b6f	PY_MODULE_47bc7c208a0cd524af17965fb97762d1	PY_METHOD_972c3645b5a93c9b52c60d8000dd3b60	local_variable_flow.py	SERVICE_VERSION_00000000000000000000000000000000	PY_BINDING_b1d70b65aae6acadd00bc9b83d62a2ce
right	PY_SCOPE_f577a54fd7c4f78d95f7d813d36aa072	LOCAL	TUPLE_UNPACK_TARGET	false	true	false	false	false	false	true	true	false	false	false	1	93	93				false	NONE		PY_MODULE_47bc7c208a0cd524af17965fb97762d1	PY_METHOD_972c3645b5a93c9b52c60d8000dd3b60	local_variable_flow.py	SERVICE_VERSION_00000000000000000000000000000000	PY_BINDING_51113d09a4f5674848345dc09916f8f5
head	PY_SCOPE_8bbe73c7c5b3117e2a578aba2dfa9700	LOCAL	TUPLE_UNPACK_TARGET	false	true	false	false	false	false	true	true	false	false	false	1	98	98				false	NONE		PY_MODULE_47bc7c208a0cd524af17965fb97762d1	PY_METHOD_60ba9a680d87a61627cf5d14c81f273e	local_variable_flow.py	SERVICE_VERSION_00000000000000000000000000000000	PY_BINDING_5e879bafe404a4835460f7386f36eab3
items	PY_SCOPE_8bbe73c7c5b3117e2a578aba2dfa9700	PARAMETER	PARAMETER	true	true	false	false	false	false	false	true	false	false	false	1	97	97				false	PARAMETER	PY_METHOD_PARAMETER_74f31f0768100507ea8c310a74c51638	PY_MODULE_47bc7c208a0cd524af17965fb97762d1	PY_METHOD_60ba9a680d87a61627cf5d14c81f273e	local_variable_flow.py	SERVICE_VERSION_00000000000000000000000000000000	PY_BINDING_eb60d9b52000e691e49253d49d008cdb
tail	PY_SCOPE_8bbe73c7c5b3117e2a578aba2dfa9700	LOCAL	STAR_TARGET	false	true	false	false	false	false	true	true	false	false	false	1	98	98				false	NONE		PY_MODULE_47bc7c208a0cd524af17965fb97762d1	PY_METHOD_60ba9a680d87a61627cf5d14c81f273e	local_variable_flow.py	SERVICE_VERSION_00000000000000000000000000000000	PY_BINDING_5ebccc68db43cde31b00719e0422484c
Account	PY_SCOPE_31f769b98174428d37fa3db6d8c00bf7	GLOBAL_IMPLICIT	ASSIGNMENT	false	false	true	false	false	false	false	true	false	false	false	0	0	0				false	NONE		PY_MODULE_47bc7c208a0cd524af17965fb97762d1	PY_METHOD_3515c175a33ee571eb6bca647c579262	local_variable_flow.py	SERVICE_VERSION_00000000000000000000000000000000	PY_BINDING_3d3ad1469a2b67574fb7ce73ec5ed6eb
account	PY_SCOPE_31f769b98174428d37fa3db6d8c00bf7	LOCAL	WALRUS	false	true	false	false	false	false	true	true	false	false	false	1	103	103				false	NONE		PY_MODULE_47bc7c208a0cd524af17965fb97762d1	PY_METHOD_3515c175a33ee571eb6bca647c579262	local_variable_flow.py	SERVICE_VERSION_00000000000000000000000000000000	PY_BINDING_68a1b4070c68b48499a35d4aacd52249
owner	PY_SCOPE_31f769b98174428d37fa3db6d8c00bf7	PARAMETER	PARAMETER	true	true	false	false	false	false	false	true	false	false	false	1	102	102				false	PARAMETER	PY_METHOD_PARAMETER_b46354f736bd55dd048db70d99c727cf	PY_MODULE_47bc7c208a0cd524af17965fb97762d1	PY_METHOD_3515c175a33ee571eb6bca647c579262	local_variable_flow.py	SERVICE_VERSION_00000000000000000000000000000000	PY_BINDING_0eef2faca3393edd61ce940c2006f455
Ledger	PY_SCOPE_a60a41a954c99d92226f74321fc379e3	GLOBAL_IMPLICIT	ASSIGNMENT	false	false	true	false	false	false	false	true	false	false	false	0	0	0				false	NONE		PY_MODULE_47bc7c208a0cd524af17965fb97762d1	PY_METHOD_228a2731b54001e4be8fe0e3dbd7d641	local_variable_flow.py	SERVICE_VERSION_00000000000000000000000000000000	PY_BINDING_487680f20387f7cbd6d3607644b7d480
account	PY_SCOPE_a60a41a954c99d92226f74321fc379e3	PARAMETER	MULTIPLE	true	true	false	false	false	false	true	true	false	false	false	2	108	110				false	PARAMETER	PY_METHOD_PARAMETER_b4729b45c7a9fc92e2a82eeab56c4043	PY_MODULE_47bc7c208a0cd524af17965fb97762d1	PY_METHOD_228a2731b54001e4be8fe0e3dbd7d641	local_variable_flow.py	SERVICE_VERSION_00000000000000000000000000000000	PY_BINDING_6ad33a2b01ca3102668371baca6910de
Account	PY_SCOPE_b73c03b86ab5928df2fe75561c200d60	IMPORTED	IMPORT	false	true	true	false	false	true	false	false	false	false	false	1	8	8				false	IMPORT	PY_IMPORT_b1a8ad548620156e57eac0febbcc8f89	PY_MODULE_f6cea4e9d38d07a6a42f1b08a125bac4	PY_METHOD_8baf05ae00af71aeecd786062bcb7361	pkg/__init__.py	SERVICE_VERSION_00000000000000000000000000000000	PY_BINDING_266b2eeefaab79c65e88dd2d9883cea1
Ledger	PY_SCOPE_b73c03b86ab5928df2fe75561c200d60	IMPORTED	IMPORT	false	true	true	false	false	true	false	false	false	false	false	1	8	8				false	IMPORT	PY_IMPORT_d75a10478adf79d972217004accd14e3	PY_MODULE_f6cea4e9d38d07a6a42f1b08a125bac4	PY_METHOD_8baf05ae00af71aeecd786062bcb7361	pkg/__init__.py	SERVICE_VERSION_00000000000000000000000000000000	PY_BINDING_f76a3b8bbef1c1131541bd5458e97677
__all__	PY_SCOPE_b73c03b86ab5928df2fe75561c200d60	MODULE_LEVEL	ASSIGNMENT	false	true	true	false	false	false	true	false	false	false	false	1	11	11				false	NONE		PY_MODULE_f6cea4e9d38d07a6a42f1b08a125bac4	PY_METHOD_8baf05ae00af71aeecd786062bcb7361	pkg/__init__.py	SERVICE_VERSION_00000000000000000000000000000000	PY_BINDING_d4456cf6346a2da58fab38647de5a4ca
find_account	PY_SCOPE_b73c03b86ab5928df2fe75561c200d60	IMPORTED	IMPORT	false	true	true	false	false	true	false	false	false	false	false	1	9	9				false	IMPORT	PY_IMPORT_6ce9e8b11ee0d14b72beb3c99ccf542d	PY_MODULE_f6cea4e9d38d07a6a42f1b08a125bac4	PY_METHOD_8baf05ae00af71aeecd786062bcb7361	pkg/__init__.py	SERVICE_VERSION_00000000000000000000000000000000	PY_BINDING_9020a65cae5211f42efbc7c624a676cc
Account	PY_SCOPE_c36e0f2c836b876e6dd802443d88744e	MODULE_LEVEL	CLASS_DEF	false	true	true	false	false	false	true	false	false	false	true	1	4	4				false	TYPE	PY_TYPE_160aee5ca584e3817b8783b4e148e2a8	PY_MODULE_8cbfa051f91ccce50d30f3a888c9a1c4	PY_METHOD_296867f1523d44be2bf2d7ecd8c49dcf	pkg/models.py	SERVICE_VERSION_00000000000000000000000000000000	PY_BINDING_c9e6db907f610509cae2d8e8627f60c9
Ledger	PY_SCOPE_c36e0f2c836b876e6dd802443d88744e	MODULE_LEVEL	CLASS_DEF	false	true	true	false	false	false	true	false	false	false	true	1	23	23				false	TYPE	PY_TYPE_65c006b7dc1da8d5b431a90353733207	PY_MODULE_8cbfa051f91ccce50d30f3a888c9a1c4	PY_METHOD_296867f1523d44be2bf2d7ecd8c49dcf	pkg/models.py	SERVICE_VERSION_00000000000000000000000000000000	PY_BINDING_cc3820589f05b86b48574b7c77f9a288
__init__	PY_SCOPE_a37d46567f5ae891133263a4fd94c2b8	CLASS_ATTRIBUTE	FUNCTION_DEF	false	true	false	false	false	false	true	false	false	false	true	1	7	7				false	METHOD	PY_METHOD_dc6277195e51a441e745d86113d605f7	PY_MODULE_8cbfa051f91ccce50d30f3a888c9a1c4	PY_METHOD_29cfd01704760a497a4e12818e37e4a0	pkg/models.py	SERVICE_VERSION_00000000000000000000000000000000	PY_BINDING_6462ec327b36e3b05d8021e574320c61
balance	PY_SCOPE_a37d46567f5ae891133263a4fd94c2b8	CLASS_ATTRIBUTE	FUNCTION_DEF	false	true	false	false	false	false	true	false	false	false	true	1	19	19				false	METHOD	PY_METHOD_2daf7e33379db78d4331396946451ab6	PY_MODULE_8cbfa051f91ccce50d30f3a888c9a1c4	PY_METHOD_29cfd01704760a497a4e12818e37e4a0	pkg/models.py	SERVICE_VERSION_00000000000000000000000000000000	PY_BINDING_d62898017ee0d6c812d60d955dba07a7
deposit	PY_SCOPE_a37d46567f5ae891133263a4fd94c2b8	CLASS_ATTRIBUTE	FUNCTION_DEF	false	true	false	false	false	false	true	false	false	false	true	1	11	11				false	METHOD	PY_METHOD_93ce37faa7f1fc202c129087153a5fbb	PY_MODULE_8cbfa051f91ccce50d30f3a888c9a1c4	PY_METHOD_29cfd01704760a497a4e12818e37e4a0	pkg/models.py	SERVICE_VERSION_00000000000000000000000000000000	PY_BINDING_7ab43cf36501fff0d763205d54e76835
withdraw	PY_SCOPE_a37d46567f5ae891133263a4fd94c2b8	CLASS_ATTRIBUTE	FUNCTION_DEF	false	true	false	false	false	false	true	false	false	false	true	1	15	15				false	METHOD	PY_METHOD_0d60949b38638eb134c10acb0722032d	PY_MODULE_8cbfa051f91ccce50d30f3a888c9a1c4	PY_METHOD_29cfd01704760a497a4e12818e37e4a0	pkg/models.py	SERVICE_VERSION_00000000000000000000000000000000	PY_BINDING_b3499cf24f88ffd29dca57438932815c
owner	PY_SCOPE_581ea31b2d31edb6282a9c48ea49b439	PARAMETER	PARAMETER	true	true	false	false	false	false	false	true	false	false	false	1	7	7				false	PARAMETER	PY_METHOD_PARAMETER_055deffc4e71d1c323d360bdeb109a6e	PY_MODULE_8cbfa051f91ccce50d30f3a888c9a1c4	PY_METHOD_dc6277195e51a441e745d86113d605f7	pkg/models.py	SERVICE_VERSION_00000000000000000000000000000000	PY_BINDING_5533544d64aa0b917aefe63b4a0b3f47
self	PY_SCOPE_581ea31b2d31edb6282a9c48ea49b439	PARAMETER	PARAMETER	true	true	false	false	false	false	false	true	false	false	false	1	7	7				false	PARAMETER	PY_METHOD_PARAMETER_22617a01a2a5c38efe6790b4e33c5aed	PY_MODULE_8cbfa051f91ccce50d30f3a888c9a1c4	PY_METHOD_dc6277195e51a441e745d86113d605f7	pkg/models.py	SERVICE_VERSION_00000000000000000000000000000000	PY_BINDING_53cd0d0812e206b5ca0576c0a783d162
amount	PY_SCOPE_4c94211a1d05e38fe636e394683acc7e	PARAMETER	PARAMETER	true	true	false	false	false	false	false	true	false	false	false	1	11	11				false	PARAMETER	PY_METHOD_PARAMETER_aa28b1966d7246d5b867ec1b93476d42	PY_MODULE_8cbfa051f91ccce50d30f3a888c9a1c4	PY_METHOD_93ce37faa7f1fc202c129087153a5fbb	pkg/models.py	SERVICE_VERSION_00000000000000000000000000000000	PY_BINDING_f5903c50128844e925ac1ab96fde71ce
self	PY_SCOPE_4c94211a1d05e38fe636e394683acc7e	PARAMETER	PARAMETER	true	true	false	false	false	false	false	true	false	false	false	1	11	11				false	PARAMETER	PY_METHOD_PARAMETER_a956ca4c1c03c100abe3adceb10823c2	PY_MODULE_8cbfa051f91ccce50d30f3a888c9a1c4	PY_METHOD_93ce37faa7f1fc202c129087153a5fbb	pkg/models.py	SERVICE_VERSION_00000000000000000000000000000000	PY_BINDING_2ba9041321f51867a9bef928f85800db
amount	PY_SCOPE_625d4c42611410209750451582b9676b	PARAMETER	PARAMETER	true	true	false	false	false	false	false	true	false	false	false	1	15	15				false	PARAMETER	PY_METHOD_PARAMETER_9bc0d4f19dbc69841fdf09564c14e7ac	PY_MODULE_8cbfa051f91ccce50d30f3a888c9a1c4	PY_METHOD_0d60949b38638eb134c10acb0722032d	pkg/models.py	SERVICE_VERSION_00000000000000000000000000000000	PY_BINDING_1e2d0e2ac3d43b34e872d6c68556f97b
self	PY_SCOPE_625d4c42611410209750451582b9676b	PARAMETER	PARAMETER	true	true	false	false	false	false	false	true	false	false	false	1	15	15				false	PARAMETER	PY_METHOD_PARAMETER_098f00ce38b9bc24a06a21b7ce5f8eb0	PY_MODULE_8cbfa051f91ccce50d30f3a888c9a1c4	PY_METHOD_0d60949b38638eb134c10acb0722032d	pkg/models.py	SERVICE_VERSION_00000000000000000000000000000000	PY_BINDING_63c89a9d5553590c877b825dd829df06
self	PY_SCOPE_ae5e2d207a0954ac5adbd546bc0b18f3	PARAMETER	PARAMETER	true	true	false	false	false	false	false	true	false	false	false	1	19	19				false	PARAMETER	PY_METHOD_PARAMETER_89d0885f64674cb5a373836b9033b1cd	PY_MODULE_8cbfa051f91ccce50d30f3a888c9a1c4	PY_METHOD_2daf7e33379db78d4331396946451ab6	pkg/models.py	SERVICE_VERSION_00000000000000000000000000000000	PY_BINDING_5c23a866712a1df7bc6f0b3bb3df8e1a
__init__	PY_SCOPE_58b4434ddb16dffbfb6aac7cfc23d254	CLASS_ATTRIBUTE	FUNCTION_DEF	false	true	false	false	false	false	true	false	false	false	true	1	24	24				false	METHOD	PY_METHOD_5764aa80b833351d5a0f492138499490	PY_MODULE_8cbfa051f91ccce50d30f3a888c9a1c4	PY_METHOD_867240d2b089adaab826e45f6145dc7a	pkg/models.py	SERVICE_VERSION_00000000000000000000000000000000	PY_BINDING_f9d04654f9601b26c9ca143790518496
record	PY_SCOPE_58b4434ddb16dffbfb6aac7cfc23d254	CLASS_ATTRIBUTE	FUNCTION_DEF	false	true	false	false	false	false	true	false	false	false	true	1	27	27				false	METHOD	PY_METHOD_943114e5f7e3a86f5971328f318a5e0d	PY_MODULE_8cbfa051f91ccce50d30f3a888c9a1c4	PY_METHOD_867240d2b089adaab826e45f6145dc7a	pkg/models.py	SERVICE_VERSION_00000000000000000000000000000000	PY_BINDING_eeab39d7c13b3cc2bf19239ec337f75f
total	PY_SCOPE_58b4434ddb16dffbfb6aac7cfc23d254	CLASS_ATTRIBUTE	FUNCTION_DEF	false	true	false	false	false	false	true	false	false	false	true	1	33	33				false	METHOD	PY_METHOD_8028747b9b8ea746a7c3fa92b556c409	PY_MODULE_8cbfa051f91ccce50d30f3a888c9a1c4	PY_METHOD_867240d2b089adaab826e45f6145dc7a	pkg/models.py	SERVICE_VERSION_00000000000000000000000000000000	PY_BINDING_443396d108673a46f9e4cb45cd4488c3
self	PY_SCOPE_3b1a69275da2dbc6745fc94a2c1c45ee	PARAMETER	PARAMETER	true	true	false	false	false	false	false	true	false	false	false	1	24	24				false	PARAMETER	PY_METHOD_PARAMETER_c83f96bd97c642d78942708b26a15719	PY_MODULE_8cbfa051f91ccce50d30f3a888c9a1c4	PY_METHOD_5764aa80b833351d5a0f492138499490	pkg/models.py	SERVICE_VERSION_00000000000000000000000000000000	PY_BINDING_0ae483da4a1219d76ef929d13a60b509
account	PY_SCOPE_43fa8227f19b945bb1fd9d7294283d50	PARAMETER	PARAMETER	true	true	false	false	false	false	false	true	false	false	false	1	27	27				false	PARAMETER	PY_METHOD_PARAMETER_a1416e4cfc53c117bbb50cf5a3bdc84f	PY_MODULE_8cbfa051f91ccce50d30f3a888c9a1c4	PY_METHOD_943114e5f7e3a86f5971328f318a5e0d	pkg/models.py	SERVICE_VERSION_00000000000000000000000000000000	PY_BINDING_6e3dd1c420d61315c647935c54a79fcf
self	PY_SCOPE_43fa8227f19b945bb1fd9d7294283d50	PARAMETER	PARAMETER	true	true	false	false	false	false	false	true	false	false	false	1	27	27				false	PARAMETER	PY_METHOD_PARAMETER_7746bc023d511bff7a88f557302dd925	PY_MODULE_8cbfa051f91ccce50d30f3a888c9a1c4	PY_METHOD_943114e5f7e3a86f5971328f318a5e0d	pkg/models.py	SERVICE_VERSION_00000000000000000000000000000000	PY_BINDING_a62f91f98f091ce70297bf1d6cd0dcf6
entry	PY_SCOPE_95e92094f22f000742a4266ce6e52dbf	LOCAL	FOR_TARGET	false	true	false	false	false	false	true	true	false	false	false	1	35	35				false	NONE		PY_MODULE_8cbfa051f91ccce50d30f3a888c9a1c4	PY_METHOD_8028747b9b8ea746a7c3fa92b556c409	pkg/models.py	SERVICE_VERSION_00000000000000000000000000000000	PY_BINDING_4cfd7c1caedbfa52ac4b39e939558e63
running	PY_SCOPE_95e92094f22f000742a4266ce6e52dbf	LOCAL	ASSIGNMENT	false	true	false	false	false	false	true	true	false	false	false	2	34	36				false	NONE		PY_MODULE_8cbfa051f91ccce50d30f3a888c9a1c4	PY_METHOD_8028747b9b8ea746a7c3fa92b556c409	pkg/models.py	SERVICE_VERSION_00000000000000000000000000000000	PY_BINDING_305e9489040e0c2f0a2aa46638fcd97a
self	PY_SCOPE_95e92094f22f000742a4266ce6e52dbf	PARAMETER	PARAMETER	true	true	false	false	false	false	false	true	false	false	false	1	33	33				false	PARAMETER	PY_METHOD_PARAMETER_b803e7cd15891e4d1c4885f28062b829	PY_MODULE_8cbfa051f91ccce50d30f3a888c9a1c4	PY_METHOD_8028747b9b8ea746a7c3fa92b556c409	pkg/models.py	SERVICE_VERSION_00000000000000000000000000000000	PY_BINDING_ae3ef2270d4e18c6e959586f4ab13167
Account	PY_SCOPE_b0dc193066d1e98655f560bf296da410	IMPORTED	IMPORT	false	true	true	false	false	true	false	false	false	false	false	1	3	3				false	IMPORT	PY_IMPORT_2ff225232632a2fef237953828a2f5ff	PY_MODULE_d3b70aaf7bb86c1af4aacf97de85878b	PY_METHOD_3056fcbeffd1306c1486d70c7df9aa5e	pkg/repository.py	SERVICE_VERSION_00000000000000000000000000000000	PY_BINDING_037bc1784c5f5b3126ac52ef161be457
_STORE	PY_SCOPE_b0dc193066d1e98655f560bf296da410	MODULE_LEVEL	ASSIGNMENT	false	true	true	false	false	false	true	false	false	false	false	1	5	5				false	NONE		PY_MODULE_d3b70aaf7bb86c1af4aacf97de85878b	PY_METHOD_3056fcbeffd1306c1486d70c7df9aa5e	pkg/repository.py	SERVICE_VERSION_00000000000000000000000000000000	PY_BINDING_e9bbcb1bb39d6e96d23398c55e71abac
find_account	PY_SCOPE_b0dc193066d1e98655f560bf296da410	MODULE_LEVEL	FUNCTION_DEF	false	true	true	false	false	false	true	false	false	false	true	1	8	8				false	METHOD	PY_METHOD_499d987a935671c184ee14ca08435562	PY_MODULE_d3b70aaf7bb86c1af4aacf97de85878b	PY_METHOD_3056fcbeffd1306c1486d70c7df9aa5e	pkg/repository.py	SERVICE_VERSION_00000000000000000000000000000000	PY_BINDING_7f33b9f49359328b7ca61dc6092dfc58
make_ledger	PY_SCOPE_b0dc193066d1e98655f560bf296da410	MODULE_LEVEL	FUNCTION_DEF	false	true	true	false	false	false	true	false	false	false	true	1	17	17				false	METHOD	PY_METHOD_c6b222269a1a7635b00cfd26ca93a0a0	PY_MODULE_d3b70aaf7bb86c1af4aacf97de85878b	PY_METHOD_3056fcbeffd1306c1486d70c7df9aa5e	pkg/repository.py	SERVICE_VERSION_00000000000000000000000000000000	PY_BINDING_8e27f34f8e265fb67db3f514b7212982
Account	PY_SCOPE_07f0e6cd7c826d1f1184f8f6801dee10	GLOBAL_IMPLICIT	ASSIGNMENT	false	false	true	false	false	false	false	true	false	false	false	0	0	0				false	NONE		PY_MODULE_d3b70aaf7bb86c1af4aacf97de85878b	PY_METHOD_499d987a935671c184ee14ca08435562	pkg/repository.py	SERVICE_VERSION_00000000000000000000000000000000	PY_BINDING_bf3a524e6f5e99f2328b7d037e6b5aa5
_STORE	PY_SCOPE_07f0e6cd7c826d1f1184f8f6801dee10	GLOBAL_IMPLICIT	ASSIGNMENT	false	false	true	false	false	false	false	true	false	false	false	0	0	0				false	NONE		PY_MODULE_d3b70aaf7bb86c1af4aacf97de85878b	PY_METHOD_499d987a935671c184ee14ca08435562	pkg/repository.py	SERVICE_VERSION_00000000000000000000000000000000	PY_BINDING_350b7715250ca529791766f8d9b678aa
existing	PY_SCOPE_07f0e6cd7c826d1f1184f8f6801dee10	LOCAL	ASSIGNMENT	false	true	false	false	false	false	true	true	false	false	false	2	10	12				false	NONE		PY_MODULE_d3b70aaf7bb86c1af4aacf97de85878b	PY_METHOD_499d987a935671c184ee14ca08435562	pkg/repository.py	SERVICE_VERSION_00000000000000000000000000000000	PY_BINDING_c5ac5f3c9a4fd0d9f7a31ffacc7e3817
owner	PY_SCOPE_07f0e6cd7c826d1f1184f8f6801dee10	PARAMETER	PARAMETER	true	true	false	false	false	false	false	true	false	false	false	1	8	8				false	PARAMETER	PY_METHOD_PARAMETER_b326f19fa69a99a5f0fbdb6d5f1449e0	PY_MODULE_d3b70aaf7bb86c1af4aacf97de85878b	PY_METHOD_499d987a935671c184ee14ca08435562	pkg/repository.py	SERVICE_VERSION_00000000000000000000000000000000	PY_BINDING_3bfc736cb756c78f57a6463d71e598b1
Ledger	PY_SCOPE_fb4cc01be5576fc19e7b2cc5221cb8ac	IMPORTED	IMPORT	false	true	false	false	false	true	false	true	false	false	false	1	18	18				false	IMPORT	PY_IMPORT_3d38ef88a5552119101d167fc952a455	PY_MODULE_d3b70aaf7bb86c1af4aacf97de85878b	PY_METHOD_c6b222269a1a7635b00cfd26ca93a0a0	pkg/repository.py	SERVICE_VERSION_00000000000000000000000000000000	PY_BINDING_9715ca1defc4146b5a9ca15c0b217c2e
Account	PY_SCOPE_f25a2ac6417c803d75b08559c6f07233	IMPORTED	IMPORT	false	true	true	false	false	true	false	false	false	false	false	1	13	13				false	IMPORT	PY_IMPORT_26f481caf427794e859752cb858d6844	PY_MODULE_ce17961cb9b5fed9cec337ad16f99cf3	PY_METHOD_bd913403446f53c97ce398b453c4852b	polymorphism_reduction.py	SERVICE_VERSION_00000000000000000000000000000000	PY_BINDING_bf8895198504d72a4992eb677b7bb5aa
AuditStore	PY_SCOPE_f25a2ac6417c803d75b08559c6f07233	MODULE_LEVEL	CLASS_DEF	false	true	true	false	false	false	true	false	false	false	true	1	36	36				false	TYPE	PY_TYPE_9cd9e6de4d223d020fcdc1b477d3fd03	PY_MODULE_ce17961cb9b5fed9cec337ad16f99cf3	PY_METHOD_bd913403446f53c97ce398b453c4852b	polymorphism_reduction.py	SERVICE_VERSION_00000000000000000000000000000000	PY_BINDING_2a44a12183b07c6811e028dc82c1d479
CachingStore	PY_SCOPE_f25a2ac6417c803d75b08559c6f07233	MODULE_LEVEL	CLASS_DEF	false	true	true	false	false	false	true	false	false	false	true	1	41	41				false	TYPE	PY_TYPE_da43161140a5bb188ac8c981c1e5649e	PY_MODULE_ce17961cb9b5fed9cec337ad16f99cf3	PY_METHOD_bd913403446f53c97ce398b453c4852b	polymorphism_reduction.py	SERVICE_VERSION_00000000000000000000000000000000	PY_BINDING_4be19b6e80c31e9ebea7fb534477e0d5
DbStore	PY_SCOPE_f25a2ac6417c803d75b08559c6f07233	MODULE_LEVEL	CLASS_DEF	false	true	true	false	false	false	true	false	false	false	true	1	21	21				false	TYPE	PY_TYPE_6dca4a3f45f56313692e08e18aacced1	PY_MODULE_ce17961cb9b5fed9cec337ad16f99cf3	PY_METHOD_bd913403446f53c97ce398b453c4852b	polymorphism_reduction.py	SERVICE_VERSION_00000000000000000000000000000000	PY_BINDING_f5f82cba027f74684b5580da1433da6b
FileStore	PY_SCOPE_f25a2ac6417c803d75b08559c6f07233	MODULE_LEVEL	CLASS_DEF	false	true	true	false	false	false	true	false	false	false	true	1	16	16				false	TYPE	PY_TYPE_4a78cff9ea347266ea18f2844136becc	PY_MODULE_ce17961cb9b5fed9cec337ad16f99cf3	PY_METHOD_bd913403446f53c97ce398b453c4852b	polymorphism_reduction.py	SERVICE_VERSION_00000000000000000000000000000000	PY_BINDING_11a005d72176a2a217b5da03f583b517
MemoryStore	PY_SCOPE_f25a2ac6417c803d75b08559c6f07233	MODULE_LEVEL	CLASS_DEF	false	true	true	false	false	false	true	true	false	false	true	1	26	26				false	TYPE	PY_TYPE_370308d5c9f53659a6b458a2a5ff6cfc	PY_MODULE_ce17961cb9b5fed9cec337ad16f99cf3	PY_METHOD_bd913403446f53c97ce398b453c4852b	polymorphism_reduction.py	SERVICE_VERSION_00000000000000000000000000000000	PY_BINDING_38a936a5f14a02a7258659c97cca19f6
NullStore	PY_SCOPE_f25a2ac6417c803d75b08559c6f07233	MODULE_LEVEL	CLASS_DEF	false	true	true	false	false	false	true	false	false	false	true	1	31	31				false	TYPE	PY_TYPE_b48a89d9a21e6f57306bbc7868e8dca5	PY_MODULE_ce17961cb9b5fed9cec337ad16f99cf3	PY_METHOD_bd913403446f53c97ce398b453c4852b	polymorphism_reduction.py	SERVICE_VERSION_00000000000000000000000000000000	PY_BINDING_caab56c2a85a4867c332fed1b5f702ee
make_store	PY_SCOPE_f25a2ac6417c803d75b08559c6f07233	MODULE_LEVEL	FUNCTION_DEF	false	true	true	false	false	false	true	false	false	false	true	1	80	80				false	METHOD	PY_METHOD_758273eb068c05403864206bbe922194	PY_MODULE_ce17961cb9b5fed9cec337ad16f99cf3	PY_METHOD_bd913403446f53c97ce398b453c4852b	polymorphism_reduction.py	SERVICE_VERSION_00000000000000000000000000000000	PY_BINDING_6a159aaf5fdd2d75c9749f87e6456351
resolvable_from_annotation	PY_SCOPE_f25a2ac6417c803d75b08559c6f07233	MODULE_LEVEL	FUNCTION_DEF	false	true	true	false	false	false	true	false	false	false	true	1	72	72				false	METHOD	PY_METHOD_b3f9773614724880fd4d64a9714794f6	PY_MODULE_ce17961cb9b5fed9cec337ad16f99cf3	PY_METHOD_bd913403446f53c97ce398b453c4852b	polymorphism_reduction.py	SERVICE_VERSION_00000000000000000000000000000000	PY_BINDING_7634c7925fbc7396127a93d57b4aa846
resolvable_from_constructor	PY_SCOPE_f25a2ac6417c803d75b08559c6f07233	MODULE_LEVEL	FUNCTION_DEF	false	true	true	false	false	false	true	false	false	false	true	1	52	52				false	METHOD	PY_METHOD_fe7126e9b3f926666253a1455bd761e4	PY_MODULE_ce17961cb9b5fed9cec337ad16f99cf3	PY_METHOD_bd913403446f53c97ce398b453c4852b	polymorphism_reduction.py	SERVICE_VERSION_00000000000000000000000000000000	PY_BINDING_6afbb5daca0a227cd2125077f4f1812e
resolvable_from_import	PY_SCOPE_f25a2ac6417c803d75b08559c6f07233	MODULE_LEVEL	FUNCTION_DEF	false	true	true	false	false	false	true	false	false	false	true	1	57	57				false	METHOD	PY_METHOD_679c1e7a66e01ebb573c925694d60e80	PY_MODULE_ce17961cb9b5fed9cec337ad16f99cf3	PY_METHOD_bd913403446f53c97ce398b453c4852b	polymorphism_reduction.py	SERVICE_VERSION_00000000000000000000000000000000	PY_BINDING_93b00224b0afc1bb33ad6d7291bbe659
resolvable_from_isinstance	PY_SCOPE_f25a2ac6417c803d75b08559c6f07233	MODULE_LEVEL	FUNCTION_DEF	false	true	true	false	false	false	true	false	false	false	true	1	66	66				false	METHOD	PY_METHOD_ec1c0674de5b89e4aebf23c4e1992980	PY_MODULE_ce17961cb9b5fed9cec337ad16f99cf3	PY_METHOD_bd913403446f53c97ce398b453c4852b	polymorphism_reduction.py	SERVICE_VERSION_00000000000000000000000000000000	PY_BINDING_e96a0557588314d266554648c4429be5
resolvable_from_return_flow	PY_SCOPE_f25a2ac6417c803d75b08559c6f07233	MODULE_LEVEL	FUNCTION_DEF	false	true	true	false	false	false	true	false	false	false	true	1	76	76				false	METHOD	PY_METHOD_d4a0166fc9502502eb0afce8a8396734	PY_MODULE_ce17961cb9b5fed9cec337ad16f99cf3	PY_METHOD_bd913403446f53c97ce398b453c4852b	polymorphism_reduction.py	SERVICE_VERSION_00000000000000000000000000000000	PY_BINDING_51b54995b74e4e5171d1f0c644155617
resolvable_from_self	PY_SCOPE_f25a2ac6417c803d75b08559c6f07233	MODULE_LEVEL	FUNCTION_DEF	false	true	true	false	false	false	true	false	false	false	true	1	62	62				false	METHOD	PY_METHOD_d4fcf4b74040b6f1db34304f09fecdff	PY_MODULE_ce17961cb9b5fed9cec337ad16f99cf3	PY_METHOD_bd913403446f53c97ce398b453c4852b	polymorphism_reduction.py	SERVICE_VERSION_00000000000000000000000000000000	PY_BINDING_11ba555e5c284797525ebcca28076aa9
two_concrete_types	PY_SCOPE_f25a2ac6417c803d75b08559c6f07233	MODULE_LEVEL	FUNCTION_DEF	false	true	true	false	false	false	true	false	false	false	true	1	107	107				false	METHOD	PY_METHOD_6a4eb4c7be5c44f570a0eb1722975963	PY_MODULE_ce17961cb9b5fed9cec337ad16f99cf3	PY_METHOD_bd913403446f53c97ce398b453c4852b	polymorphism_reduction.py	SERVICE_VERSION_00000000000000000000000000000000	PY_BINDING_30177900d481647ee427df908946bfa8
unresolvable_from_container	PY_SCOPE_f25a2ac6417c803d75b08559c6f07233	MODULE_LEVEL	FUNCTION_DEF	false	true	true	false	false	false	true	false	false	false	true	1	100	100				false	METHOD	PY_METHOD_c8e2492903f1349d8db96aa815d76be0	PY_MODULE_ce17961cb9b5fed9cec337ad16f99cf3	PY_METHOD_bd913403446f53c97ce398b453c4852b	polymorphism_reduction.py	SERVICE_VERSION_00000000000000000000000000000000	PY_BINDING_790459b5501b8713c0c62ca7ae30fe83
unresolvable_from_dynamic	PY_SCOPE_f25a2ac6417c803d75b08559c6f07233	MODULE_LEVEL	FUNCTION_DEF	false	true	true	false	false	false	true	false	false	false	true	1	91	91				false	METHOD	PY_METHOD_928e0a874d6371beb8d48ca946526085	PY_MODULE_ce17961cb9b5fed9cec337ad16f99cf3	PY_METHOD_bd913403446f53c97ce398b453c4852b	polymorphism_reduction.py	SERVICE_VERSION_00000000000000000000000000000000	PY_BINDING_f24e09657ac67f03e54d157681d4caad
unresolvable_from_getattr	PY_SCOPE_f25a2ac6417c803d75b08559c6f07233	MODULE_LEVEL	FUNCTION_DEF	false	true	true	false	false	false	true	false	false	false	true	1	96	96				false	METHOD	PY_METHOD_24c767c50305623afe3059a7fa0aac89	PY_MODULE_ce17961cb9b5fed9cec337ad16f99cf3	PY_METHOD_bd913403446f53c97ce398b453c4852b	polymorphism_reduction.py	SERVICE_VERSION_00000000000000000000000000000000	PY_BINDING_cc24f725966aebcefad9a94a892344d3
unresolvable_parameter	PY_SCOPE_f25a2ac6417c803d75b08559c6f07233	MODULE_LEVEL	FUNCTION_DEF	false	true	true	false	false	false	true	false	false	false	true	1	86	86				false	METHOD	PY_METHOD_79209177737d8b893e0fe8c3b9064363	PY_MODULE_ce17961cb9b5fed9cec337ad16f99cf3	PY_METHOD_bd913403446f53c97ce398b453c4852b	polymorphism_reduction.py	SERVICE_VERSION_00000000000000000000000000000000	PY_BINDING_ee30bfad59064bc8e6752d0139270efd
save	PY_SCOPE_2e7531077324a570d8c4d04e018a19b4	CLASS_ATTRIBUTE	FUNCTION_DEF	false	true	false	false	false	false	true	false	false	false	true	1	17	17				false	METHOD	PY_METHOD_d0a3633a3eba729adb0e740bffa1e5e3	PY_MODULE_ce17961cb9b5fed9cec337ad16f99cf3	PY_METHOD_38d185250823eb145c7aecc3d5a7e17c	polymorphism_reduction.py	SERVICE_VERSION_00000000000000000000000000000000	PY_BINDING_bd73a896f39bccad2bc27d5841616193
item	PY_SCOPE_1205849f62a6a23c49afc49d7c397343	PARAMETER	PARAMETER	true	true	false	false	false	false	false	true	false	false	false	1	17	17				false	PARAMETER	PY_METHOD_PARAMETER_e3d6649fd4b076ebbac4388896ecb137	PY_MODULE_ce17961cb9b5fed9cec337ad16f99cf3	PY_METHOD_d0a3633a3eba729adb0e740bffa1e5e3	polymorphism_reduction.py	SERVICE_VERSION_00000000000000000000000000000000	PY_BINDING_626a4a63f0eb6fafb3953cc8617e96ba
self	PY_SCOPE_1205849f62a6a23c49afc49d7c397343	PARAMETER	PARAMETER	true	true	false	false	false	false	false	false	false	false	false	1	17	17				false	PARAMETER	PY_METHOD_PARAMETER_39ce950b4a41b268f84fd773fcdfee53	PY_MODULE_ce17961cb9b5fed9cec337ad16f99cf3	PY_METHOD_d0a3633a3eba729adb0e740bffa1e5e3	polymorphism_reduction.py	SERVICE_VERSION_00000000000000000000000000000000	PY_BINDING_f99a9f0161d7bea6bddec1667c84669b
save	PY_SCOPE_17f6347ad02b4da7078df2500ed3d72b	CLASS_ATTRIBUTE	FUNCTION_DEF	false	true	false	false	false	false	true	false	false	false	true	1	22	22				false	METHOD	PY_METHOD_86c3460cbafe7c4762e0475506871165	PY_MODULE_ce17961cb9b5fed9cec337ad16f99cf3	PY_METHOD_62270142da44a0154ba5f961c23a5637	polymorphism_reduction.py	SERVICE_VERSION_00000000000000000000000000000000	PY_BINDING_855d808b5674174953a8ed51a4207855
item	PY_SCOPE_110b9ed5f2005b54a6908e8fbcd5a246	PARAMETER	PARAMETER	true	true	false	false	false	false	false	true	false	false	false	1	22	22				false	PARAMETER	PY_METHOD_PARAMETER_b9775f591032cd5be3a096212615baf2	PY_MODULE_ce17961cb9b5fed9cec337ad16f99cf3	PY_METHOD_86c3460cbafe7c4762e0475506871165	polymorphism_reduction.py	SERVICE_VERSION_00000000000000000000000000000000	PY_BINDING_86e05eb87dce817f491b8cf8025ad5c4
self	PY_SCOPE_110b9ed5f2005b54a6908e8fbcd5a246	PARAMETER	PARAMETER	true	true	false	false	false	false	false	false	false	false	false	1	22	22				false	PARAMETER	PY_METHOD_PARAMETER_8adb2f6ad76d1a30b5bdfc2708418a3d	PY_MODULE_ce17961cb9b5fed9cec337ad16f99cf3	PY_METHOD_86c3460cbafe7c4762e0475506871165	polymorphism_reduction.py	SERVICE_VERSION_00000000000000000000000000000000	PY_BINDING_7badacdd1a37307e58884ec89c86f78b
save	PY_SCOPE_2c48f0a2b48e1976c8546147afd83f36	CLASS_ATTRIBUTE	FUNCTION_DEF	false	true	false	false	false	false	true	false	false	false	true	1	27	27				false	METHOD	PY_METHOD_0a2b9d7901b11b3729382f7f4b742b57	PY_MODULE_ce17961cb9b5fed9cec337ad16f99cf3	PY_METHOD_5f4108f3173fa2478f11946ffd2433d6	polymorphism_reduction.py	SERVICE_VERSION_00000000000000000000000000000000	PY_BINDING_db5d065ebf7ba7c3f8f26c9caeaac9a8
item	PY_SCOPE_26922f4b2c126046dfc39c772a5a0ef1	PARAMETER	PARAMETER	true	true	false	false	false	false	false	true	false	false	false	1	27	27				false	PARAMETER	PY_METHOD_PARAMETER_9a52adf949fe6cfd07fe08ed8a4d39e9	PY_MODULE_ce17961cb9b5fed9cec337ad16f99cf3	PY_METHOD_0a2b9d7901b11b3729382f7f4b742b57	polymorphism_reduction.py	SERVICE_VERSION_00000000000000000000000000000000	PY_BINDING_0738be87d4f804620de5750a38535593
self	PY_SCOPE_26922f4b2c126046dfc39c772a5a0ef1	PARAMETER	PARAMETER	true	true	false	false	false	false	false	false	false	false	false	1	27	27				false	PARAMETER	PY_METHOD_PARAMETER_cd5679fd175c828612e8e69938521ed1	PY_MODULE_ce17961cb9b5fed9cec337ad16f99cf3	PY_METHOD_0a2b9d7901b11b3729382f7f4b742b57	polymorphism_reduction.py	SERVICE_VERSION_00000000000000000000000000000000	PY_BINDING_824355a4aab13890a223ffb68323b02a
save	PY_SCOPE_61045856ab87c9810cb6c37ee556b0c2	CLASS_ATTRIBUTE	FUNCTION_DEF	false	true	false	false	false	false	true	false	false	false	true	1	32	32				false	METHOD	PY_METHOD_8853dce881486a02decc7d6c32afe8ac	PY_MODULE_ce17961cb9b5fed9cec337ad16f99cf3	PY_METHOD_1b3e791ae959ece0cb4e17dd869e7884	polymorphism_reduction.py	SERVICE_VERSION_00000000000000000000000000000000	PY_BINDING_22485d9cda623e6d1bb7b3a2f83a50d8
item	PY_SCOPE_ae08c751d38f9dfb6832f4b601b29118	PARAMETER	PARAMETER	true	true	false	false	false	false	false	false	false	false	false	1	32	32				false	PARAMETER	PY_METHOD_PARAMETER_5cde96debcd71b3b2aabc729db7c27dc	PY_MODULE_ce17961cb9b5fed9cec337ad16f99cf3	PY_METHOD_8853dce881486a02decc7d6c32afe8ac	polymorphism_reduction.py	SERVICE_VERSION_00000000000000000000000000000000	PY_BINDING_75891d5b690508bd62db75d5f3525930
self	PY_SCOPE_ae08c751d38f9dfb6832f4b601b29118	PARAMETER	PARAMETER	true	true	false	false	false	false	false	false	false	false	false	1	32	32				false	PARAMETER	PY_METHOD_PARAMETER_610c3368dce2f29c0f0928aee71431dd	PY_MODULE_ce17961cb9b5fed9cec337ad16f99cf3	PY_METHOD_8853dce881486a02decc7d6c32afe8ac	polymorphism_reduction.py	SERVICE_VERSION_00000000000000000000000000000000	PY_BINDING_81c5d7cc6628eb04e1390db5cba5385a
save	PY_SCOPE_0d52cf25999caf60c8cfa708b07bd92e	CLASS_ATTRIBUTE	FUNCTION_DEF	false	true	false	false	false	false	true	false	false	false	true	1	37	37				false	METHOD	PY_METHOD_be2f161faf11518db7e25b6631a5ff03	PY_MODULE_ce17961cb9b5fed9cec337ad16f99cf3	PY_METHOD_c184b0cc993830472d1adbaf452902cc	polymorphism_reduction.py	SERVICE_VERSION_00000000000000000000000000000000	PY_BINDING_8204a6884d476db2c25a1c65a2069f15
item	PY_SCOPE_ec279fa1649e3e35973068a5c557be98	PARAMETER	PARAMETER	true	true	false	false	false	false	false	true	false	false	false	1	37	37				false	PARAMETER	PY_METHOD_PARAMETER_62bec185f313d489b23a7f655d210a34	PY_MODULE_ce17961cb9b5fed9cec337ad16f99cf3	PY_METHOD_be2f161faf11518db7e25b6631a5ff03	polymorphism_reduction.py	SERVICE_VERSION_00000000000000000000000000000000	PY_BINDING_7d0193622f002c9d2beb79844d402e5d
self	PY_SCOPE_ec279fa1649e3e35973068a5c557be98	PARAMETER	PARAMETER	true	true	false	false	false	false	false	false	false	false	false	1	37	37				false	PARAMETER	PY_METHOD_PARAMETER_d5622d94d58dffbd262872786b6ca835	PY_MODULE_ce17961cb9b5fed9cec337ad16f99cf3	PY_METHOD_be2f161faf11518db7e25b6631a5ff03	polymorphism_reduction.py	SERVICE_VERSION_00000000000000000000000000000000	PY_BINDING_4e9a1fb25cd67dfbc937d03b7fdfd8c3
__init__	PY_SCOPE_ba78eaa38a5cc89496cf1b634d86bdda	CLASS_ATTRIBUTE	FUNCTION_DEF	false	true	false	false	false	false	true	false	false	false	true	1	42	42				false	METHOD	PY_METHOD_98e52aa34217d6b1ae6a4d2e40799911	PY_MODULE_ce17961cb9b5fed9cec337ad16f99cf3	PY_METHOD_87b5f25ba09d3bba46e77011d512ea28	polymorphism_reduction.py	SERVICE_VERSION_00000000000000000000000000000000	PY_BINDING_f097b52e7d128bdfd47f10ecdbc855ea
save	PY_SCOPE_ba78eaa38a5cc89496cf1b634d86bdda	CLASS_ATTRIBUTE	FUNCTION_DEF	false	true	false	false	false	false	true	false	false	false	true	1	46	46				false	METHOD	PY_METHOD_d1f6c3339d294672b9d5eb2a56618182	PY_MODULE_ce17961cb9b5fed9cec337ad16f99cf3	PY_METHOD_87b5f25ba09d3bba46e77011d512ea28	polymorphism_reduction.py	SERVICE_VERSION_00000000000000000000000000000000	PY_BINDING_56e8753d4d4388ff4dd1081b2fe05dc8
inner	PY_SCOPE_3f6972bc9aa28f6fc18a136c41e95255	PARAMETER	PARAMETER	true	true	false	false	false	false	false	true	false	false	false	1	42	42				false	PARAMETER	PY_METHOD_PARAMETER_dd3309e97cb1104bdcc0779a96f96849	PY_MODULE_ce17961cb9b5fed9cec337ad16f99cf3	PY_METHOD_98e52aa34217d6b1ae6a4d2e40799911	polymorphism_reduction.py	SERVICE_VERSION_00000000000000000000000000000000	PY_BINDING_7e390eeaac7cff7f7f24b2b9e7d6e680
self	PY_SCOPE_3f6972bc9aa28f6fc18a136c41e95255	PARAMETER	PARAMETER	true	true	false	false	false	false	false	true	false	false	false	1	42	42				false	PARAMETER	PY_METHOD_PARAMETER_ef7ed769e5d4778958ae7888358c6792	PY_MODULE_ce17961cb9b5fed9cec337ad16f99cf3	PY_METHOD_98e52aa34217d6b1ae6a4d2e40799911	polymorphism_reduction.py	SERVICE_VERSION_00000000000000000000000000000000	PY_BINDING_5721bca5f5bcf64572b04957198c3576
item	PY_SCOPE_75a5924371610e63456441a571889cae	PARAMETER	PARAMETER	true	true	false	false	false	false	false	true	false	false	false	1	46	46				false	PARAMETER	PY_METHOD_PARAMETER_1bfc10c685b1cf686457f8fef93d54c5	PY_MODULE_ce17961cb9b5fed9cec337ad16f99cf3	PY_METHOD_d1f6c3339d294672b9d5eb2a56618182	polymorphism_reduction.py	SERVICE_VERSION_00000000000000000000000000000000	PY_BINDING_25d76867401d6bc0e0237acc5c623bc3
self	PY_SCOPE_75a5924371610e63456441a571889cae	PARAMETER	PARAMETER	true	true	false	false	false	false	false	true	false	false	false	1	46	46				false	PARAMETER	PY_METHOD_PARAMETER_35fdee789823fe31f5e665aa134d0799	PY_MODULE_ce17961cb9b5fed9cec337ad16f99cf3	PY_METHOD_d1f6c3339d294672b9d5eb2a56618182	polymorphism_reduction.py	SERVICE_VERSION_00000000000000000000000000000000	PY_BINDING_fcb55c4f53429278542e7ca145ebf56a
FileStore	PY_SCOPE_e9f46f59768f40357d8e97acf21dc8f7	GLOBAL_IMPLICIT	ASSIGNMENT	false	false	true	false	false	false	false	true	false	false	false	0	0	0				false	NONE		PY_MODULE_ce17961cb9b5fed9cec337ad16f99cf3	PY_METHOD_fe7126e9b3f926666253a1455bd761e4	polymorphism_reduction.py	SERVICE_VERSION_00000000000000000000000000000000	PY_BINDING_89eecda8da001c42e607adfc29425338
item	PY_SCOPE_e9f46f59768f40357d8e97acf21dc8f7	PARAMETER	PARAMETER	true	true	false	false	false	false	false	true	false	false	false	1	52	52				false	PARAMETER	PY_METHOD_PARAMETER_b8189692325c77a98359fe3cba77da70	PY_MODULE_ce17961cb9b5fed9cec337ad16f99cf3	PY_METHOD_fe7126e9b3f926666253a1455bd761e4	polymorphism_reduction.py	SERVICE_VERSION_00000000000000000000000000000000	PY_BINDING_75d453e021dffc01a154f1c8a678ae21
store	PY_SCOPE_e9f46f59768f40357d8e97acf21dc8f7	LOCAL	ASSIGNMENT	false	true	false	false	false	false	true	true	false	false	false	1	53	53				false	NONE		PY_MODULE_ce17961cb9b5fed9cec337ad16f99cf3	PY_METHOD_fe7126e9b3f926666253a1455bd761e4	polymorphism_reduction.py	SERVICE_VERSION_00000000000000000000000000000000	PY_BINDING_880a6a4a3e9cc1532783d09233871c96
Account	PY_SCOPE_62bcc4991ac007c34f43099623fc4637	GLOBAL_IMPLICIT	ASSIGNMENT	false	false	true	false	false	false	false	true	false	false	false	0	0	0				false	NONE		PY_MODULE_ce17961cb9b5fed9cec337ad16f99cf3	PY_METHOD_679c1e7a66e01ebb573c925694d60e80	polymorphism_reduction.py	SERVICE_VERSION_00000000000000000000000000000000	PY_BINDING_c1725d01cc2d7ed308c260ed9291ed44
item	PY_SCOPE_62bcc4991ac007c34f43099623fc4637	PARAMETER	PARAMETER	true	true	false	false	false	false	false	true	false	false	false	1	57	57				false	PARAMETER	PY_METHOD_PARAMETER_0990494b4e801aafbc8b51a99e5bce97	PY_MODULE_ce17961cb9b5fed9cec337ad16f99cf3	PY_METHOD_679c1e7a66e01ebb573c925694d60e80	polymorphism_reduction.py	SERVICE_VERSION_00000000000000000000000000000000	PY_BINDING_a01f78338288284a1f1fcf71b2e6330b
CachingStore	PY_SCOPE_c5ff90c759de0712d493cf4a403633df	GLOBAL_IMPLICIT	ASSIGNMENT	false	false	true	false	false	false	false	true	false	false	false	0	0	0				false	NONE		PY_MODULE_ce17961cb9b5fed9cec337ad16f99cf3	PY_METHOD_d4fcf4b74040b6f1db34304f09fecdff	polymorphism_reduction.py	SERVICE_VERSION_00000000000000000000000000000000	PY_BINDING_1338056dc5d6001a4b01e2e271c5adb1
FileStore	PY_SCOPE_c5ff90c759de0712d493cf4a403633df	GLOBAL_IMPLICIT	ASSIGNMENT	false	false	true	false	false	false	false	true	false	false	false	0	0	0				false	NONE		PY_MODULE_ce17961cb9b5fed9cec337ad16f99cf3	PY_METHOD_d4fcf4b74040b6f1db34304f09fecdff	polymorphism_reduction.py	SERVICE_VERSION_00000000000000000000000000000000	PY_BINDING_8ab4d2bf42a53a082deaa7b926998a4e
item	PY_SCOPE_c5ff90c759de0712d493cf4a403633df	PARAMETER	PARAMETER	true	true	false	false	false	false	false	true	false	false	false	1	62	62				false	PARAMETER	PY_METHOD_PARAMETER_7fe1ed2e8315e901973ea3f58259bb73	PY_MODULE_ce17961cb9b5fed9cec337ad16f99cf3	PY_METHOD_d4fcf4b74040b6f1db34304f09fecdff	polymorphism_reduction.py	SERVICE_VERSION_00000000000000000000000000000000	PY_BINDING_b1eb5fc47684026467a54d671e43d296
DbStore	PY_SCOPE_609f69a02df73b0086ccef11cd98d612	GLOBAL_IMPLICIT	ASSIGNMENT	false	false	true	false	false	false	false	true	false	false	false	0	0	0				false	NONE		PY_MODULE_ce17961cb9b5fed9cec337ad16f99cf3	PY_METHOD_ec1c0674de5b89e4aebf23c4e1992980	polymorphism_reduction.py	SERVICE_VERSION_00000000000000000000000000000000	PY_BINDING_ba564c4d2677ffb0ec000654000d1915
isinstance	PY_SCOPE_609f69a02df73b0086ccef11cd98d612	GLOBAL_IMPLICIT	ASSIGNMENT	false	false	true	false	false	false	false	true	false	false	false	0	0	0				false	NONE		PY_MODULE_ce17961cb9b5fed9cec337ad16f99cf3	PY_METHOD_ec1c0674de5b89e4aebf23c4e1992980	polymorphism_reduction.py	SERVICE_VERSION_00000000000000000000000000000000	PY_BINDING_98ff4074554825446fa2215653a10e66
item	PY_SCOPE_609f69a02df73b0086ccef11cd98d612	PARAMETER	PARAMETER	true	true	false	false	false	false	false	true	false	false	false	1	66	66				false	PARAMETER	PY_METHOD_PARAMETER_4ca3029faf2ed6516ef85ce8d97eb157	PY_MODULE_ce17961cb9b5fed9cec337ad16f99cf3	PY_METHOD_ec1c0674de5b89e4aebf23c4e1992980	polymorphism_reduction.py	SERVICE_VERSION_00000000000000000000000000000000	PY_BINDING_4331fc7d945db1aa252cde3e1b24024d
store	PY_SCOPE_609f69a02df73b0086ccef11cd98d612	PARAMETER	PARAMETER	true	true	false	false	false	false	false	true	false	false	false	1	66	66				false	PARAMETER	PY_METHOD_PARAMETER_cb7c4ee61ea59a5a0fe50c899d6f1dec	PY_MODULE_ce17961cb9b5fed9cec337ad16f99cf3	PY_METHOD_ec1c0674de5b89e4aebf23c4e1992980	polymorphism_reduction.py	SERVICE_VERSION_00000000000000000000000000000000	PY_BINDING_19177042f1da97f7125859cde697ffda
item	PY_SCOPE_f388bd3cce38c8238cf3ea705f6ee313	PARAMETER	PARAMETER	true	true	false	false	false	false	false	true	false	false	false	1	72	72				false	PARAMETER	PY_METHOD_PARAMETER_03ef3df9d7bbb4a24f9ec1e6e1199bb8	PY_MODULE_ce17961cb9b5fed9cec337ad16f99cf3	PY_METHOD_b3f9773614724880fd4d64a9714794f6	polymorphism_reduction.py	SERVICE_VERSION_00000000000000000000000000000000	PY_BINDING_cad0a1d5536d935442e743906811295c
store	PY_SCOPE_f388bd3cce38c8238cf3ea705f6ee313	PARAMETER	PARAMETER	true	true	false	false	false	false	false	true	false	false	false	1	72	72				false	PARAMETER	PY_METHOD_PARAMETER_4284db647f6110eb942db34d7ba251b2	PY_MODULE_ce17961cb9b5fed9cec337ad16f99cf3	PY_METHOD_b3f9773614724880fd4d64a9714794f6	polymorphism_reduction.py	SERVICE_VERSION_00000000000000000000000000000000	PY_BINDING_c7c78d9dbe671f9d97d6e4e8761c3f7f
item	PY_SCOPE_e4f28d86536866977c4058fac2de1125	PARAMETER	PARAMETER	true	true	false	false	false	false	false	true	false	false	false	1	76	76				false	PARAMETER	PY_METHOD_PARAMETER_02e87d6a066bed432bb25deb2f6f0543	PY_MODULE_ce17961cb9b5fed9cec337ad16f99cf3	PY_METHOD_d4a0166fc9502502eb0afce8a8396734	polymorphism_reduction.py	SERVICE_VERSION_00000000000000000000000000000000	PY_BINDING_eb6e7ca4db06f211cf2f08bed301f43e
make_store	PY_SCOPE_e4f28d86536866977c4058fac2de1125	GLOBAL_IMPLICIT	ASSIGNMENT	false	false	true	false	false	false	false	true	false	false	false	0	0	0				false	NONE		PY_MODULE_ce17961cb9b5fed9cec337ad16f99cf3	PY_METHOD_d4a0166fc9502502eb0afce8a8396734	polymorphism_reduction.py	SERVICE_VERSION_00000000000000000000000000000000	PY_BINDING_f44c95cfedfec75f3a5a4c4115d63315
AuditStore	PY_SCOPE_39568316976c44ca3b4288a571b64a87	GLOBAL_IMPLICIT	ASSIGNMENT	false	false	true	false	false	false	false	true	false	false	false	0	0	0				false	NONE		PY_MODULE_ce17961cb9b5fed9cec337ad16f99cf3	PY_METHOD_758273eb068c05403864206bbe922194	polymorphism_reduction.py	SERVICE_VERSION_00000000000000000000000000000000	PY_BINDING_ad9df3995627e00d29d81cd332f057ab
item	PY_SCOPE_1b0ec4984727d7013e806057ebdf0884	PARAMETER	PARAMETER	true	true	false	false	false	false	false	true	false	false	false	1	86	86				false	PARAMETER	PY_METHOD_PARAMETER_1bd9a518f9bc492a5d53c1db40fd2bd4	PY_MODULE_ce17961cb9b5fed9cec337ad16f99cf3	PY_METHOD_79209177737d8b893e0fe8c3b9064363	polymorphism_reduction.py	SERVICE_VERSION_00000000000000000000000000000000	PY_BINDING_d3f2a07d8af8556f463afeb8dc9f9b69
store	PY_SCOPE_1b0ec4984727d7013e806057ebdf0884	PARAMETER	PARAMETER	true	true	false	false	false	false	false	true	false	false	false	1	86	86				false	PARAMETER	PY_METHOD_PARAMETER_a4d05fe1e8533b3306a65ffcbe962f0a	PY_MODULE_ce17961cb9b5fed9cec337ad16f99cf3	PY_METHOD_79209177737d8b893e0fe8c3b9064363	polymorphism_reduction.py	SERVICE_VERSION_00000000000000000000000000000000	PY_BINDING_f5015af44e06778c7be37e0857f17f77
globals	PY_SCOPE_f430065b47ff04ec00084e602d4e87e0	GLOBAL_IMPLICIT	ASSIGNMENT	false	false	true	false	false	false	false	true	false	false	false	0	0	0				false	NONE		PY_MODULE_ce17961cb9b5fed9cec337ad16f99cf3	PY_METHOD_928e0a874d6371beb8d48ca946526085	polymorphism_reduction.py	SERVICE_VERSION_00000000000000000000000000000000	PY_BINDING_5d140f4cb4e039409db15d4cead9eef1
item	PY_SCOPE_f430065b47ff04ec00084e602d4e87e0	PARAMETER	PARAMETER	true	true	false	false	false	false	false	true	false	false	false	1	91	91				false	PARAMETER	PY_METHOD_PARAMETER_e9adcfbb74159bca552c70b3d995e69d	PY_MODULE_ce17961cb9b5fed9cec337ad16f99cf3	PY_METHOD_928e0a874d6371beb8d48ca946526085	polymorphism_reduction.py	SERVICE_VERSION_00000000000000000000000000000000	PY_BINDING_dfb1ad3b96b39df69ea336db1ed2a3d0
name	PY_SCOPE_f430065b47ff04ec00084e602d4e87e0	PARAMETER	PARAMETER	true	true	false	false	false	false	false	true	false	false	false	1	91	91				false	PARAMETER	PY_METHOD_PARAMETER_a47914868fd36660f3f4689260aa1caf	PY_MODULE_ce17961cb9b5fed9cec337ad16f99cf3	PY_METHOD_928e0a874d6371beb8d48ca946526085	polymorphism_reduction.py	SERVICE_VERSION_00000000000000000000000000000000	PY_BINDING_f1a8b41826e603227c37ff8722f189ae
store	PY_SCOPE_f430065b47ff04ec00084e602d4e87e0	LOCAL	ASSIGNMENT	false	true	false	false	false	false	true	true	false	false	false	1	92	92				false	NONE		PY_MODULE_ce17961cb9b5fed9cec337ad16f99cf3	PY_METHOD_928e0a874d6371beb8d48ca946526085	polymorphism_reduction.py	SERVICE_VERSION_00000000000000000000000000000000	PY_BINDING_d5592407ae0e98637b129f3bb15c29cf
getattr	PY_SCOPE_462b0ac631aff8bae0fed1cd176771d2	GLOBAL_IMPLICIT	ASSIGNMENT	false	false	true	false	false	false	false	true	false	false	false	0	0	0				false	NONE		PY_MODULE_ce17961cb9b5fed9cec337ad16f99cf3	PY_METHOD_24c767c50305623afe3059a7fa0aac89	polymorphism_reduction.py	SERVICE_VERSION_00000000000000000000000000000000	PY_BINDING_e40e0e847c47908145801b94d5121dff
item	PY_SCOPE_462b0ac631aff8bae0fed1cd176771d2	PARAMETER	PARAMETER	true	true	false	false	false	false	false	true	false	false	false	1	96	96				false	PARAMETER	PY_METHOD_PARAMETER_6a8244402554bdbe2ec981e40ae3565c	PY_MODULE_ce17961cb9b5fed9cec337ad16f99cf3	PY_METHOD_24c767c50305623afe3059a7fa0aac89	polymorphism_reduction.py	SERVICE_VERSION_00000000000000000000000000000000	PY_BINDING_d7a34a72eab01934fedf59ec2aa51628
obj	PY_SCOPE_462b0ac631aff8bae0fed1cd176771d2	PARAMETER	PARAMETER	true	true	false	false	false	false	false	true	false	false	false	1	96	96				false	PARAMETER	PY_METHOD_PARAMETER_96cfa2b0ee66cfb7d72bb8d72e4b3010	PY_MODULE_ce17961cb9b5fed9cec337ad16f99cf3	PY_METHOD_24c767c50305623afe3059a7fa0aac89	polymorphism_reduction.py	SERVICE_VERSION_00000000000000000000000000000000	PY_BINDING_829f122785e0d41f077374c17c07ad32
item	PY_SCOPE_ccbef12ac5a7c3f54771a8d14a1fdd57	PARAMETER	PARAMETER	true	true	false	false	false	false	false	true	false	false	false	1	100	100				false	PARAMETER	PY_METHOD_PARAMETER_db659a8b2f33f2415abf54c355ca18de	PY_MODULE_ce17961cb9b5fed9cec337ad16f99cf3	PY_METHOD_c8e2492903f1349d8db96aa815d76be0	polymorphism_reduction.py	SERVICE_VERSION_00000000000000000000000000000000	PY_BINDING_8035a4d51267a44e8f3f89743d9c34a9
stores	PY_SCOPE_ccbef12ac5a7c3f54771a8d14a1fdd57	PARAMETER	PARAMETER	true	true	false	false	false	false	false	true	false	false	false	1	100	100				false	PARAMETER	PY_METHOD_PARAMETER_e5d2fc5062ff34788711d48899eaeab8	PY_MODULE_ce17961cb9b5fed9cec337ad16f99cf3	PY_METHOD_c8e2492903f1349d8db96aa815d76be0	polymorphism_reduction.py	SERVICE_VERSION_00000000000000000000000000000000	PY_BINDING_87c0d0f1239e0e92a386bf3eb75447a7
DbStore	PY_SCOPE_cb5dc7462102566b821a3aff21a737e5	GLOBAL_IMPLICIT	ASSIGNMENT	false	false	true	false	false	false	false	true	false	false	false	0	0	0				false	NONE		PY_MODULE_ce17961cb9b5fed9cec337ad16f99cf3	PY_METHOD_6a4eb4c7be5c44f570a0eb1722975963	polymorphism_reduction.py	SERVICE_VERSION_00000000000000000000000000000000	PY_BINDING_87a8804c8f6869f47f7e9e76b8acf0b2
FileStore	PY_SCOPE_cb5dc7462102566b821a3aff21a737e5	GLOBAL_IMPLICIT	ASSIGNMENT	false	false	true	false	false	false	false	true	false	false	false	0	0	0				false	NONE		PY_MODULE_ce17961cb9b5fed9cec337ad16f99cf3	PY_METHOD_6a4eb4c7be5c44f570a0eb1722975963	polymorphism_reduction.py	SERVICE_VERSION_00000000000000000000000000000000	PY_BINDING_0685bd95ac4d99bb424c0c5f82c3747a
flag	PY_SCOPE_cb5dc7462102566b821a3aff21a737e5	PARAMETER	PARAMETER	true	true	false	false	false	false	false	true	false	false	false	1	107	107				false	PARAMETER	PY_METHOD_PARAMETER_710ac8b9dcc108b6b7fc6dc25e0ef041	PY_MODULE_ce17961cb9b5fed9cec337ad16f99cf3	PY_METHOD_6a4eb4c7be5c44f570a0eb1722975963	polymorphism_reduction.py	SERVICE_VERSION_00000000000000000000000000000000	PY_BINDING_703344a345e0d97c0c8600b15de84eff
item	PY_SCOPE_cb5dc7462102566b821a3aff21a737e5	PARAMETER	PARAMETER	true	true	false	false	false	false	false	true	false	false	false	1	107	107				false	PARAMETER	PY_METHOD_PARAMETER_b9e9d05466546acab8df0b7ee59f054f	PY_MODULE_ce17961cb9b5fed9cec337ad16f99cf3	PY_METHOD_6a4eb4c7be5c44f570a0eb1722975963	polymorphism_reduction.py	SERVICE_VERSION_00000000000000000000000000000000	PY_BINDING_52e4bba8ec1f84ef525374f784f77b29
store	PY_SCOPE_cb5dc7462102566b821a3aff21a737e5	LOCAL	ASSIGNMENT	false	true	false	false	false	false	true	true	false	false	false	2	108	110				false	NONE		PY_MODULE_ce17961cb9b5fed9cec337ad16f99cf3	PY_METHOD_6a4eb4c7be5c44f570a0eb1722975963	polymorphism_reduction.py	SERVICE_VERSION_00000000000000000000000000000000	PY_BINDING_4f2b1691a728a569f52e4874067cc677
Account	PY_SCOPE_9d4b3eb0c9133f90145825beee9bf943	IMPORTED	IMPORT	false	true	true	false	false	true	false	true	false	false	false	1	9	9				false	IMPORT	PY_IMPORT_89fa49453fbb1998d9ca02b6e9ea93a2	PY_MODULE_9c9f1480da13fb17657d9fde537a37e0	PY_METHOD_395485fef8e23341ab05469027a3510f	return_flow_and_chaining.py	SERVICE_VERSION_00000000000000000000000000000000	PY_BINDING_c9b4a75cdd03c3edbd3ee1dfb57a89f4
Ledger	PY_SCOPE_9d4b3eb0c9133f90145825beee9bf943	IMPORTED	IMPORT	false	true	true	false	false	true	false	false	false	false	false	1	9	9				false	IMPORT	PY_IMPORT_c9c88d2105d77942c06b5a1e13f7c775	PY_MODULE_9c9f1480da13fb17657d9fde537a37e0	PY_METHOD_395485fef8e23341ab05469027a3510f	return_flow_and_chaining.py	SERVICE_VERSION_00000000000000000000000000000000	PY_BINDING_6016aa9a6c1e42ad3e3944df619be1c9
Service	PY_SCOPE_9d4b3eb0c9133f90145825beee9bf943	MODULE_LEVEL	CLASS_DEF	false	true	true	false	false	false	true	false	false	false	true	1	44	44				false	TYPE	PY_TYPE_bd74adf854f8871ae083bf79ff6a67b9	PY_MODULE_9c9f1480da13fb17657d9fde537a37e0	PY_METHOD_395485fef8e23341ab05469027a3510f	return_flow_and_chaining.py	SERVICE_VERSION_00000000000000000000000000000000	PY_BINDING_ccb76d31faf76c06adb07f95283ad21d
chain_depth_four	PY_SCOPE_9d4b3eb0c9133f90145825beee9bf943	MODULE_LEVEL	FUNCTION_DEF	false	true	true	false	false	false	true	false	false	false	true	1	69	69				false	METHOD	PY_METHOD_a4e12300d562d20000b2f87d34854a8f	PY_MODULE_9c9f1480da13fb17657d9fde537a37e0	PY_METHOD_395485fef8e23341ab05469027a3510f	return_flow_and_chaining.py	SERVICE_VERSION_00000000000000000000000000000000	PY_BINDING_bd971780965b7d7630728cd696dd0bdf
chain_depth_three	PY_SCOPE_9d4b3eb0c9133f90145825beee9bf943	MODULE_LEVEL	FUNCTION_DEF	false	true	true	false	false	false	true	false	false	false	true	1	65	65				false	METHOD	PY_METHOD_47dda2e9488d98fcb51f562c1a2499c4	PY_MODULE_9c9f1480da13fb17657d9fde537a37e0	PY_METHOD_395485fef8e23341ab05469027a3510f	return_flow_and_chaining.py	SERVICE_VERSION_00000000000000000000000000000000	PY_BINDING_89648c0564d2c045aabc6862da18f2cb
chain_depth_two	PY_SCOPE_9d4b3eb0c9133f90145825beee9bf943	MODULE_LEVEL	FUNCTION_DEF	false	true	true	false	false	false	true	false	false	false	true	1	61	61				false	METHOD	PY_METHOD_057308a5b0883fa667693e149b1b81ed	PY_MODULE_9c9f1480da13fb17657d9fde537a37e0	PY_METHOD_395485fef8e23341ab05469027a3510f	return_flow_and_chaining.py	SERVICE_VERSION_00000000000000000000000000000000	PY_BINDING_8f7d9a394dc9eadeddc26f537929dcd4
chain_off_a_constructor	PY_SCOPE_9d4b3eb0c9133f90145825beee9bf943	MODULE_LEVEL	FUNCTION_DEF	false	true	true	false	false	false	true	false	false	false	true	1	78	78				false	METHOD	PY_METHOD_e2c17d2df44d8afae7470b48bff8fa9f	PY_MODULE_9c9f1480da13fb17657d9fde537a37e0	PY_METHOD_395485fef8e23341ab05469027a3510f	return_flow_and_chaining.py	SERVICE_VERSION_00000000000000000000000000000000	PY_BINDING_904c86754477e6c12aa8faf94502e45e
chain_off_a_module_function	PY_SCOPE_9d4b3eb0c9133f90145825beee9bf943	MODULE_LEVEL	FUNCTION_DEF	false	true	true	false	false	false	true	false	false	false	true	1	83	83				false	METHOD	PY_METHOD_354ae1ff09214090eac15708b27608d6	PY_MODULE_9c9f1480da13fb17657d9fde537a37e0	PY_METHOD_395485fef8e23341ab05469027a3510f	return_flow_and_chaining.py	SERVICE_VERSION_00000000000000000000000000000000	PY_BINDING_a927eb5cd72f5145179e2c8d58aef3e2
chain_through_getter	PY_SCOPE_9d4b3eb0c9133f90145825beee9bf943	MODULE_LEVEL	FUNCTION_DEF	false	true	true	false	false	false	true	false	false	false	true	1	73	73				false	METHOD	PY_METHOD_c66c493510209b64f8b207a7f61ebbb5	PY_MODULE_9c9f1480da13fb17657d9fde537a37e0	PY_METHOD_395485fef8e23341ab05469027a3510f	return_flow_and_chaining.py	SERVICE_VERSION_00000000000000000000000000000000	PY_BINDING_3580774ec833e9f66fca12d3120b216d
returns_annotated	PY_SCOPE_9d4b3eb0c9133f90145825beee9bf943	MODULE_LEVEL	FUNCTION_DEF	false	true	true	false	false	false	true	false	false	false	true	1	17	17				false	METHOD	PY_METHOD_80d94179b1e253759098e913ccd1a0f1	PY_MODULE_9c9f1480da13fb17657d9fde537a37e0	PY_METHOD_395485fef8e23341ab05469027a3510f	return_flow_and_chaining.py	SERVICE_VERSION_00000000000000000000000000000000	PY_BINDING_1238ace0f34f08aebf112cfb7ee5511e
returns_early_and_late	PY_SCOPE_9d4b3eb0c9133f90145825beee9bf943	MODULE_LEVEL	FUNCTION_DEF	false	true	true	false	false	false	true	false	false	false	true	1	34	34				false	METHOD	PY_METHOD_94bf6301f05c6dfdb57df3b97a059c27	PY_MODULE_9c9f1480da13fb17657d9fde537a37e0	PY_METHOD_395485fef8e23341ab05469027a3510f	return_flow_and_chaining.py	SERVICE_VERSION_00000000000000000000000000000000	PY_BINDING_355ffbb90e7516d5aef724fc4fa1e4a2
returns_new_directly	PY_SCOPE_9d4b3eb0c9133f90145825beee9bf943	MODULE_LEVEL	FUNCTION_DEF	false	true	true	false	false	false	true	false	false	false	true	1	12	12				false	METHOD	PY_METHOD_22d246dc6c1c02a93c5abfa3303cbd37	PY_MODULE_9c9f1480da13fb17657d9fde537a37e0	PY_METHOD_395485fef8e23341ab05469027a3510f	return_flow_and_chaining.py	SERVICE_VERSION_00000000000000000000000000000000	PY_BINDING_8248ae323cdd4711432be4c5a5ef415b
returns_self_for_chaining	PY_SCOPE_9d4b3eb0c9133f90145825beee9bf943	MODULE_LEVEL	FUNCTION_DEF	false	true	true	false	false	false	true	false	false	false	true	1	40	40				false	METHOD	PY_METHOD_a44b164c3e7c5b16601544ee778f0a73	PY_MODULE_9c9f1480da13fb17657d9fde537a37e0	PY_METHOD_395485fef8e23341ab05469027a3510f	return_flow_and_chaining.py	SERVICE_VERSION_00000000000000000000000000000000	PY_BINDING_4e6e0365f3a336993107b6caa262fac7
returns_two_types	PY_SCOPE_9d4b3eb0c9133f90145825beee9bf943	MODULE_LEVEL	FUNCTION_DEF	false	true	true	false	false	false	true	false	false	false	true	1	27	27				false	METHOD	PY_METHOD_07797a1ba11d3626a9631e2e767b76df	PY_MODULE_9c9f1480da13fb17657d9fde537a37e0	PY_METHOD_395485fef8e23341ab05469027a3510f	return_flow_and_chaining.py	SERVICE_VERSION_00000000000000000000000000000000	PY_BINDING_d833aa807f56371b0a5fff999be7bcd7
returns_via_delegation	PY_SCOPE_9d4b3eb0c9133f90145825beee9bf943	MODULE_LEVEL	FUNCTION_DEF	false	true	true	false	false	false	true	false	false	false	true	1	22	22				false	METHOD	PY_METHOD_0bd157d1de0fd5fdb5e41493c68a216f	PY_MODULE_9c9f1480da13fb17657d9fde537a37e0	PY_METHOD_395485fef8e23341ab05469027a3510f	return_flow_and_chaining.py	SERVICE_VERSION_00000000000000000000000000000000	PY_BINDING_bb17be478fbaea13ba8ee1a6fafdeb84
Account	PY_SCOPE_1ea361bd411db94b7da274424a3404d7	GLOBAL_IMPLICIT	ASSIGNMENT	false	false	true	false	false	false	false	true	false	false	false	0	0	0				false	NONE		PY_MODULE_9c9f1480da13fb17657d9fde537a37e0	PY_METHOD_22d246dc6c1c02a93c5abfa3303cbd37	return_flow_and_chaining.py	SERVICE_VERSION_00000000000000000000000000000000	PY_BINDING_04f023f8aca385d1aa7359861115af7e
owner	PY_SCOPE_1ea361bd411db94b7da274424a3404d7	PARAMETER	PARAMETER	true	true	false	false	false	false	false	true	false	false	false	1	12	12				false	PARAMETER	PY_METHOD_PARAMETER_077c2290d67bfb3c331cfb394e355729	PY_MODULE_9c9f1480da13fb17657d9fde537a37e0	PY_METHOD_22d246dc6c1c02a93c5abfa3303cbd37	return_flow_and_chaining.py	SERVICE_VERSION_00000000000000000000000000000000	PY_BINDING_f7051ef9dd89f285668f0ed355878a0c
Account	PY_SCOPE_d2bab5fdd2d135810e5a86a9bef37027	GLOBAL_IMPLICIT	ASSIGNMENT	false	false	true	false	false	false	false	true	false	false	false	0	0	0				false	NONE		PY_MODULE_9c9f1480da13fb17657d9fde537a37e0	PY_METHOD_80d94179b1e253759098e913ccd1a0f1	return_flow_and_chaining.py	SERVICE_VERSION_00000000000000000000000000000000	PY_BINDING_91e081b11219142dd4f2330a89c4314c
owner	PY_SCOPE_d2bab5fdd2d135810e5a86a9bef37027	PARAMETER	PARAMETER	true	true	false	false	false	false	false	true	false	false	false	1	17	17				false	PARAMETER	PY_METHOD_PARAMETER_c88704acf1a76025df1eaadd6683931d	PY_MODULE_9c9f1480da13fb17657d9fde537a37e0	PY_METHOD_80d94179b1e253759098e913ccd1a0f1	return_flow_and_chaining.py	SERVICE_VERSION_00000000000000000000000000000000	PY_BINDING_857a8e5b16ebbbdbcdf9bb6921a15266
owner	PY_SCOPE_20fe6b3ce5d1c6a8a5e259683850275d	PARAMETER	PARAMETER	true	true	false	false	false	false	false	true	false	false	false	1	22	22				false	PARAMETER	PY_METHOD_PARAMETER_dd44aa96e4d473d4e6c43ee148fc66cf	PY_MODULE_9c9f1480da13fb17657d9fde537a37e0	PY_METHOD_0bd157d1de0fd5fdb5e41493c68a216f	return_flow_and_chaining.py	SERVICE_VERSION_00000000000000000000000000000000	PY_BINDING_92d4c76984fd0f2bdcee6aedbe63470f
returns_new_directly	PY_SCOPE_20fe6b3ce5d1c6a8a5e259683850275d	GLOBAL_IMPLICIT	ASSIGNMENT	false	false	true	false	false	false	false	true	false	false	false	0	0	0				false	NONE		PY_MODULE_9c9f1480da13fb17657d9fde537a37e0	PY_METHOD_0bd157d1de0fd5fdb5e41493c68a216f	return_flow_and_chaining.py	SERVICE_VERSION_00000000000000000000000000000000	PY_BINDING_f37369773d4329b8c5b67800680a858b
Account	PY_SCOPE_440b72628b7a91acf0a4a3cae1aafac1	GLOBAL_IMPLICIT	ASSIGNMENT	false	false	true	false	false	false	false	true	false	false	false	0	0	0				false	NONE		PY_MODULE_9c9f1480da13fb17657d9fde537a37e0	PY_METHOD_07797a1ba11d3626a9631e2e767b76df	return_flow_and_chaining.py	SERVICE_VERSION_00000000000000000000000000000000	PY_BINDING_2fe9335dcde3325028fb282877f724bd
Ledger	PY_SCOPE_440b72628b7a91acf0a4a3cae1aafac1	GLOBAL_IMPLICIT	ASSIGNMENT	false	false	true	false	false	false	false	true	false	false	false	0	0	0				false	NONE		PY_MODULE_9c9f1480da13fb17657d9fde537a37e0	PY_METHOD_07797a1ba11d3626a9631e2e767b76df	return_flow_and_chaining.py	SERVICE_VERSION_00000000000000000000000000000000	PY_BINDING_9796a69cb386f50e478ea27df83e88a0
flag	PY_SCOPE_440b72628b7a91acf0a4a3cae1aafac1	PARAMETER	PARAMETER	true	true	false	false	false	false	false	true	false	false	false	1	27	27				false	PARAMETER	PY_METHOD_PARAMETER_4399c03121010e5b29299cebd4c451db	PY_MODULE_9c9f1480da13fb17657d9fde537a37e0	PY_METHOD_07797a1ba11d3626a9631e2e767b76df	return_flow_and_chaining.py	SERVICE_VERSION_00000000000000000000000000000000	PY_BINDING_1f1a8336838f8759ca56b6b37f2111a4
owner	PY_SCOPE_440b72628b7a91acf0a4a3cae1aafac1	PARAMETER	PARAMETER	true	true	false	false	false	false	false	true	false	false	false	1	27	27				false	PARAMETER	PY_METHOD_PARAMETER_eec236033c3d45a0b6566acba7202a51	PY_MODULE_9c9f1480da13fb17657d9fde537a37e0	PY_METHOD_07797a1ba11d3626a9631e2e767b76df	return_flow_and_chaining.py	SERVICE_VERSION_00000000000000000000000000000000	PY_BINDING_d6ec2a6d7841610afc0768775f69eb9d
Account	PY_SCOPE_9643ed5eb7ad9215f7eb2ce8095491e8	GLOBAL_IMPLICIT	ASSIGNMENT	false	false	true	false	false	false	false	true	false	false	false	0	0	0				false	NONE		PY_MODULE_9c9f1480da13fb17657d9fde537a37e0	PY_METHOD_94bf6301f05c6dfdb57df3b97a059c27	return_flow_and_chaining.py	SERVICE_VERSION_00000000000000000000000000000000	PY_BINDING_0ba61238323a321b2e10590bc1f8e3da
flag	PY_SCOPE_9643ed5eb7ad9215f7eb2ce8095491e8	PARAMETER	PARAMETER	true	true	false	false	false	false	false	true	false	false	false	1	34	34				false	PARAMETER	PY_METHOD_PARAMETER_f43de23cbdfb85229e6d316de4b2c821	PY_MODULE_9c9f1480da13fb17657d9fde537a37e0	PY_METHOD_94bf6301f05c6dfdb57df3b97a059c27	return_flow_and_chaining.py	SERVICE_VERSION_00000000000000000000000000000000	PY_BINDING_9ccfc2d140bfd8b2d81b9282e9b1f8f8
owner	PY_SCOPE_9643ed5eb7ad9215f7eb2ce8095491e8	PARAMETER	PARAMETER	true	true	false	false	false	false	false	true	false	false	false	1	34	34				false	PARAMETER	PY_METHOD_PARAMETER_2871ea524ee3d47e6b2ea5aff6ea4b42	PY_MODULE_9c9f1480da13fb17657d9fde537a37e0	PY_METHOD_94bf6301f05c6dfdb57df3b97a059c27	return_flow_and_chaining.py	SERVICE_VERSION_00000000000000000000000000000000	PY_BINDING_2eb1fc35a997ed0f520ec9a4ebdccf2f
Account	PY_SCOPE_6eb8b50021ea0507bd2a7f68658519f9	GLOBAL_IMPLICIT	ASSIGNMENT	false	false	true	false	false	false	false	true	false	false	false	0	0	0				false	NONE		PY_MODULE_9c9f1480da13fb17657d9fde537a37e0	PY_METHOD_a44b164c3e7c5b16601544ee778f0a73	return_flow_and_chaining.py	SERVICE_VERSION_00000000000000000000000000000000	PY_BINDING_04549fe0983c211fd359205a05b1617e
owner	PY_SCOPE_6eb8b50021ea0507bd2a7f68658519f9	PARAMETER	PARAMETER	true	true	false	false	false	false	false	true	false	false	false	1	40	40				false	PARAMETER	PY_METHOD_PARAMETER_4f70e008a824d6671c8e90901d58ef5f	PY_MODULE_9c9f1480da13fb17657d9fde537a37e0	PY_METHOD_a44b164c3e7c5b16601544ee778f0a73	return_flow_and_chaining.py	SERVICE_VERSION_00000000000000000000000000000000	PY_BINDING_d72ff6813a46340f2ad6ba8110e23c9a
__init__	PY_SCOPE_2e8108ba01b391cdbd23864be21ba194	CLASS_ATTRIBUTE	FUNCTION_DEF	false	true	false	false	false	false	true	false	false	false	true	1	45	45				false	METHOD	PY_METHOD_cd31b19764a80b4d65d57b7679a5f32e	PY_MODULE_9c9f1480da13fb17657d9fde537a37e0	PY_METHOD_081fe87d7f8b45122877668e6b2040d5	return_flow_and_chaining.py	SERVICE_VERSION_00000000000000000000000000000000	PY_BINDING_77a526511875e1c0a6ad165d002e0cc7
chained_through_self	PY_SCOPE_2e8108ba01b391cdbd23864be21ba194	CLASS_ATTRIBUTE	FUNCTION_DEF	false	true	false	false	false	false	true	false	false	false	true	1	55	55				false	METHOD	PY_METHOD_48f59d6b7f08c7d7ec6b48a8f094603e	PY_MODULE_9c9f1480da13fb17657d9fde537a37e0	PY_METHOD_081fe87d7f8b45122877668e6b2040d5	return_flow_and_chaining.py	SERVICE_VERSION_00000000000000000000000000000000	PY_BINDING_1b41c6478044cdeff5ad95b60a8b3dfd
get_ledger	PY_SCOPE_2e8108ba01b391cdbd23864be21ba194	CLASS_ATTRIBUTE	FUNCTION_DEF	false	true	false	false	false	false	true	false	false	false	true	1	48	48				false	METHOD	PY_METHOD_1050c803e48aa243d3e26ebb917549e8	PY_MODULE_9c9f1480da13fb17657d9fde537a37e0	PY_METHOD_081fe87d7f8b45122877668e6b2040d5	return_flow_and_chaining.py	SERVICE_VERSION_00000000000000000000000000000000	PY_BINDING_31beaa2b6985144d9ab5775977b6ca50
make_account	PY_SCOPE_2e8108ba01b391cdbd23864be21ba194	CLASS_ATTRIBUTE	FUNCTION_DEF	false	true	false	false	false	false	true	false	false	false	true	1	52	52				false	METHOD	PY_METHOD_eefb7fdb37617f8cd2ec21ca298ec582	PY_MODULE_9c9f1480da13fb17657d9fde537a37e0	PY_METHOD_081fe87d7f8b45122877668e6b2040d5	return_flow_and_chaining.py	SERVICE_VERSION_00000000000000000000000000000000	PY_BINDING_9e6059654e6ea0ad7a3a8eda1eee12b7
Ledger	PY_SCOPE_27f8317db4ab108ee2bda3041f2e0ba7	GLOBAL_IMPLICIT	ASSIGNMENT	false	false	true	false	false	false	false	true	false	false	false	0	0	0				false	NONE		PY_MODULE_9c9f1480da13fb17657d9fde537a37e0	PY_METHOD_cd31b19764a80b4d65d57b7679a5f32e	return_flow_and_chaining.py	SERVICE_VERSION_00000000000000000000000000000000	PY_BINDING_bcd4c9636dd7679c8849e4989ff005c6
self	PY_SCOPE_27f8317db4ab108ee2bda3041f2e0ba7	PARAMETER	PARAMETER	true	true	false	false	false	false	false	true	false	false	false	1	45	45				false	PARAMETER	PY_METHOD_PARAMETER_f7b5290a89f6684e67e76583fcc35117	PY_MODULE_9c9f1480da13fb17657d9fde537a37e0	PY_METHOD_cd31b19764a80b4d65d57b7679a5f32e	return_flow_and_chaining.py	SERVICE_VERSION_00000000000000000000000000000000	PY_BINDING_ef147ea34087dd479d33def7b3225e2e
self	PY_SCOPE_5367c443ed000e1f37cf40b0e6a85968	PARAMETER	PARAMETER	true	true	false	false	false	false	false	true	false	false	false	1	48	48				false	PARAMETER	PY_METHOD_PARAMETER_d1a1ff199997e06831edbccfacd008cf	PY_MODULE_9c9f1480da13fb17657d9fde537a37e0	PY_METHOD_1050c803e48aa243d3e26ebb917549e8	return_flow_and_chaining.py	SERVICE_VERSION_00000000000000000000000000000000	PY_BINDING_81d46369fffa043016d15a05b6af0f6d
Account	PY_SCOPE_8171dc7826f383fe3abc65c83b27f183	GLOBAL_IMPLICIT	ASSIGNMENT	false	false	true	false	false	false	false	true	false	false	false	0	0	0				false	NONE		PY_MODULE_9c9f1480da13fb17657d9fde537a37e0	PY_METHOD_eefb7fdb37617f8cd2ec21ca298ec582	return_flow_and_chaining.py	SERVICE_VERSION_00000000000000000000000000000000	PY_BINDING_96654dd6a06d78ce0820d8fa2598ebcd
owner	PY_SCOPE_8171dc7826f383fe3abc65c83b27f183	PARAMETER	PARAMETER	true	true	false	false	false	false	false	true	false	false	false	1	52	52				false	PARAMETER	PY_METHOD_PARAMETER_732b9bc081f9bca0c1beceee8c037ca4	PY_MODULE_9c9f1480da13fb17657d9fde537a37e0	PY_METHOD_eefb7fdb37617f8cd2ec21ca298ec582	return_flow_and_chaining.py	SERVICE_VERSION_00000000000000000000000000000000	PY_BINDING_51c08eebc586a513830b909f21004cf4
self	PY_SCOPE_8171dc7826f383fe3abc65c83b27f183	PARAMETER	PARAMETER	true	true	false	false	false	false	false	false	false	false	false	1	52	52				false	PARAMETER	PY_METHOD_PARAMETER_499bfd5e50fdd3dfb395bf1834762e6c	PY_MODULE_9c9f1480da13fb17657d9fde537a37e0	PY_METHOD_eefb7fdb37617f8cd2ec21ca298ec582	return_flow_and_chaining.py	SERVICE_VERSION_00000000000000000000000000000000	PY_BINDING_4f747912c21ccdadb506f2bf4deb1859
owner	PY_SCOPE_cccfb13b7c8af7e38c7265697513915c	PARAMETER	PARAMETER	true	true	false	false	false	false	false	true	false	false	false	1	55	55				false	PARAMETER	PY_METHOD_PARAMETER_3e1590ab3a11914caf84e6f63d0e0acf	PY_MODULE_9c9f1480da13fb17657d9fde537a37e0	PY_METHOD_48f59d6b7f08c7d7ec6b48a8f094603e	return_flow_and_chaining.py	SERVICE_VERSION_00000000000000000000000000000000	PY_BINDING_0a08d8b5d3838e5a93cc1489aa2e89cd
self	PY_SCOPE_cccfb13b7c8af7e38c7265697513915c	PARAMETER	PARAMETER	true	true	false	false	false	false	false	true	false	false	false	1	55	55				false	PARAMETER	PY_METHOD_PARAMETER_f67fb79d2dcacc4542638fa04ea374e0	PY_MODULE_9c9f1480da13fb17657d9fde537a37e0	PY_METHOD_48f59d6b7f08c7d7ec6b48a8f094603e	return_flow_and_chaining.py	SERVICE_VERSION_00000000000000000000000000000000	PY_BINDING_ab5e0db84cf454f43df1cf1d9c4a1bfc
owner	PY_SCOPE_da72beb512b4d63488ce931b59267fe1	PARAMETER	PARAMETER	true	true	false	false	false	false	false	true	false	false	false	1	61	61				false	PARAMETER	PY_METHOD_PARAMETER_1f7bae3909b584dec3ea88e4f952e27b	PY_MODULE_9c9f1480da13fb17657d9fde537a37e0	PY_METHOD_057308a5b0883fa667693e149b1b81ed	return_flow_and_chaining.py	SERVICE_VERSION_00000000000000000000000000000000	PY_BINDING_c37efd64af7bc2c415bce85e72b74d30
returns_new_directly	PY_SCOPE_da72beb512b4d63488ce931b59267fe1	GLOBAL_IMPLICIT	ASSIGNMENT	false	false	true	false	false	false	false	true	false	false	false	0	0	0				false	NONE		PY_MODULE_9c9f1480da13fb17657d9fde537a37e0	PY_METHOD_057308a5b0883fa667693e149b1b81ed	return_flow_and_chaining.py	SERVICE_VERSION_00000000000000000000000000000000	PY_BINDING_5857ec752655e9e6cef6601e12f0eb9a
owner	PY_SCOPE_a08fd03bc1f12ff3d8af1e3907e93bf4	PARAMETER	PARAMETER	true	true	false	false	false	false	false	true	false	false	false	1	65	65				false	PARAMETER	PY_METHOD_PARAMETER_7e0c0e56df76e83cd89349d1ac33bf53	PY_MODULE_9c9f1480da13fb17657d9fde537a37e0	PY_METHOD_47dda2e9488d98fcb51f562c1a2499c4	return_flow_and_chaining.py	SERVICE_VERSION_00000000000000000000000000000000	PY_BINDING_2a1fa5121e6bdb4cd9d7a8eb924867bc
returns_new_directly	PY_SCOPE_a08fd03bc1f12ff3d8af1e3907e93bf4	GLOBAL_IMPLICIT	ASSIGNMENT	false	false	true	false	false	false	false	true	false	false	false	0	0	0				false	NONE		PY_MODULE_9c9f1480da13fb17657d9fde537a37e0	PY_METHOD_47dda2e9488d98fcb51f562c1a2499c4	return_flow_and_chaining.py	SERVICE_VERSION_00000000000000000000000000000000	PY_BINDING_b651298caef5d83b7d3dfd78cc43fe4b
owner	PY_SCOPE_47ffe4d7245e92495fbdc073b1314db6	PARAMETER	PARAMETER	true	true	false	false	false	false	false	true	false	false	false	1	69	69				false	PARAMETER	PY_METHOD_PARAMETER_16f8da7c7a5dafc8e5bcd1835fe47b84	PY_MODULE_9c9f1480da13fb17657d9fde537a37e0	PY_METHOD_a4e12300d562d20000b2f87d34854a8f	return_flow_and_chaining.py	SERVICE_VERSION_00000000000000000000000000000000	PY_BINDING_92bb0cb13999dffd7fdcd69d8f1b633e
returns_new_directly	PY_SCOPE_47ffe4d7245e92495fbdc073b1314db6	GLOBAL_IMPLICIT	ASSIGNMENT	false	false	true	false	false	false	false	true	false	false	false	0	0	0				false	NONE		PY_MODULE_9c9f1480da13fb17657d9fde537a37e0	PY_METHOD_a4e12300d562d20000b2f87d34854a8f	return_flow_and_chaining.py	SERVICE_VERSION_00000000000000000000000000000000	PY_BINDING_2c504531cddc7a38ccbb61d22a2edb68
Service	PY_SCOPE_787451d2d18e97be47e5bd43eff77f32	GLOBAL_IMPLICIT	ASSIGNMENT	false	false	true	false	false	false	false	true	false	false	false	0	0	0				false	NONE		PY_MODULE_9c9f1480da13fb17657d9fde537a37e0	PY_METHOD_c66c493510209b64f8b207a7f61ebbb5	return_flow_and_chaining.py	SERVICE_VERSION_00000000000000000000000000000000	PY_BINDING_eae046e3ceb1620afe3af7559495bb00
service	PY_SCOPE_787451d2d18e97be47e5bd43eff77f32	LOCAL	ASSIGNMENT	false	true	false	false	false	false	true	true	false	false	false	1	74	74				false	NONE		PY_MODULE_9c9f1480da13fb17657d9fde537a37e0	PY_METHOD_c66c493510209b64f8b207a7f61ebbb5	return_flow_and_chaining.py	SERVICE_VERSION_00000000000000000000000000000000	PY_BINDING_fd4b8c0e4f65dddc5cb366e742a515e7
Account	PY_SCOPE_5e79e096d671e9b292200e077914577e	GLOBAL_IMPLICIT	ASSIGNMENT	false	false	true	false	false	false	false	true	false	false	false	0	0	0				false	NONE		PY_MODULE_9c9f1480da13fb17657d9fde537a37e0	PY_METHOD_e2c17d2df44d8afae7470b48bff8fa9f	return_flow_and_chaining.py	SERVICE_VERSION_00000000000000000000000000000000	PY_BINDING_0f661d58f9ade8df2fb0f082836485d6
owner	PY_SCOPE_5e79e096d671e9b292200e077914577e	PARAMETER	PARAMETER	true	true	false	false	false	false	false	true	false	false	false	1	78	78				false	PARAMETER	PY_METHOD_PARAMETER_46b32cf5a40c68e2364eb5865b66ba2e	PY_MODULE_9c9f1480da13fb17657d9fde537a37e0	PY_METHOD_e2c17d2df44d8afae7470b48bff8fa9f	return_flow_and_chaining.py	SERVICE_VERSION_00000000000000000000000000000000	PY_BINDING_7bf302f014110947a02fab67efb02105
find_account	PY_SCOPE_9ed02449e6d589f75efde1866aa906ce	IMPORTED	IMPORT	false	true	false	false	false	true	false	true	false	false	false	1	84	84				false	IMPORT	PY_IMPORT_eedabf6f300c34a2d7353bd1e2967754	PY_MODULE_9c9f1480da13fb17657d9fde537a37e0	PY_METHOD_354ae1ff09214090eac15708b27608d6	return_flow_and_chaining.py	SERVICE_VERSION_00000000000000000000000000000000	PY_BINDING_f5388f345fa199159da4a16c2f65ef12
owner	PY_SCOPE_9ed02449e6d589f75efde1866aa906ce	PARAMETER	PARAMETER	true	true	false	false	false	false	false	true	false	false	false	1	83	83				false	PARAMETER	PY_METHOD_PARAMETER_419b440e689a0d3df3178baaabeaa9c9	PY_MODULE_9c9f1480da13fb17657d9fde537a37e0	PY_METHOD_354ae1ff09214090eac15708b27608d6	return_flow_and_chaining.py	SERVICE_VERSION_00000000000000000000000000000000	PY_BINDING_9f0e72992768f962803d79f76eb5a0d7
Account	PY_SCOPE_d70ec0da77de71380df4cd694bdfd27f	IMPORTED	IMPORT	false	true	true	false	false	true	false	false	false	false	false	1	11	11				false	IMPORT	PY_IMPORT_0e77845b3a6b0b5b1bad713647a71b8c	PY_MODULE_47972cfb252e2f1acae1bbbe05a0ad79	PY_METHOD_172bdf63f23b297755dab197cfdb5141	self_and_attribute_chains.py	SERVICE_VERSION_00000000000000000000000000000000	PY_BINDING_97ce76e9c8b910f02bfa8d58344659a6
Derived	PY_SCOPE_d70ec0da77de71380df4cd694bdfd27f	MODULE_LEVEL	CLASS_DEF	false	true	true	false	false	false	true	false	false	false	true	1	89	89				false	TYPE	PY_TYPE_8c23474ac198ab42fc8b799ff25b3510	PY_MODULE_47972cfb252e2f1acae1bbbe05a0ad79	PY_METHOD_172bdf63f23b297755dab197cfdb5141	self_and_attribute_chains.py	SERVICE_VERSION_00000000000000000000000000000000	PY_BINDING_96b8b2ce68deec739943c09c2d25839b
Ledger	PY_SCOPE_d70ec0da77de71380df4cd694bdfd27f	IMPORTED	IMPORT	false	true	true	false	false	true	false	false	false	false	false	1	11	11				false	IMPORT	PY_IMPORT_0d1ad6c2976bcb43b850b6544450a92e	PY_MODULE_47972cfb252e2f1acae1bbbe05a0ad79	PY_METHOD_172bdf63f23b297755dab197cfdb5141	self_and_attribute_chains.py	SERVICE_VERSION_00000000000000000000000000000000	PY_BINDING_2c4646d2051e9935402b56526062d657
Repository	PY_SCOPE_d70ec0da77de71380df4cd694bdfd27f	MODULE_LEVEL	CLASS_DEF	false	true	true	false	false	false	true	false	false	false	true	1	14	14				false	TYPE	PY_TYPE_cae958ca255fa5164c7794954b62fdaa	PY_MODULE_47972cfb252e2f1acae1bbbe05a0ad79	PY_METHOD_172bdf63f23b297755dab197cfdb5141	self_and_attribute_chains.py	SERVICE_VERSION_00000000000000000000000000000000	PY_BINDING_d9d4b190c71a1cc671422e33aa501d1b
Service	PY_SCOPE_d70ec0da77de71380df4cd694bdfd27f	MODULE_LEVEL	CLASS_DEF	false	true	true	false	false	false	true	true	false	false	true	1	29	29				false	TYPE	PY_TYPE_e6f0886e1ee43ec949057e681defe894	PY_MODULE_47972cfb252e2f1acae1bbbe05a0ad79	PY_METHOD_172bdf63f23b297755dab197cfdb5141	self_and_attribute_chains.py	SERVICE_VERSION_00000000000000000000000000000000	PY_BINDING_ca0acf96a381297a64928d38d97dc602
chain_from_a_local	PY_SCOPE_d70ec0da77de71380df4cd694bdfd27f	MODULE_LEVEL	FUNCTION_DEF	false	true	true	false	false	false	true	false	false	false	true	1	104	104				false	METHOD	PY_METHOD_6a85cd680925c2f05e76e80bda970da7	PY_MODULE_47972cfb252e2f1acae1bbbe05a0ad79	PY_METHOD_172bdf63f23b297755dab197cfdb5141	self_and_attribute_chains.py	SERVICE_VERSION_00000000000000000000000000000000	PY_BINDING_00ac9141a965c75bb9bd6f137d67bf32
chain_from_a_parameter	PY_SCOPE_d70ec0da77de71380df4cd694bdfd27f	MODULE_LEVEL	FUNCTION_DEF	false	true	true	false	false	false	true	false	false	false	true	1	109	109				false	METHOD	PY_METHOD_5c63d83dba886a8074d589d1bede0a00	PY_MODULE_47972cfb252e2f1acae1bbbe05a0ad79	PY_METHOD_172bdf63f23b297755dab197cfdb5141	self_and_attribute_chains.py	SERVICE_VERSION_00000000000000000000000000000000	PY_BINDING_9511519e77bb553df078ae0e8bdb2c3b
__init__	PY_SCOPE_b2cd7ba2afd103055123dbe400069edc	CLASS_ATTRIBUTE	FUNCTION_DEF	false	true	false	false	false	false	true	false	false	false	true	1	15	15				false	METHOD	PY_METHOD_c36b8f6b385f8e9cdff6822dc7283177	PY_MODULE_47972cfb252e2f1acae1bbbe05a0ad79	PY_METHOD_b890843e2641bc9af46b65ea505de53e	self_and_attribute_chains.py	SERVICE_VERSION_00000000000000000000000000000000	PY_BINDING_bce4d11609e3c1845ff95bba33d01384
store	PY_SCOPE_b2cd7ba2afd103055123dbe400069edc	CLASS_ATTRIBUTE	FUNCTION_DEF	false	true	false	false	false	false	true	false	false	false	true	1	19	19				false	METHOD	PY_METHOD_b0bc7b1a6ed6a9ff39d9748059a0e7ec	PY_MODULE_47972cfb252e2f1acae1bbbe05a0ad79	PY_METHOD_b890843e2641bc9af46b65ea505de53e	self_and_attribute_chains.py	SERVICE_VERSION_00000000000000000000000000000000	PY_BINDING_c6369721249582b361d864377db53586
total	PY_SCOPE_b2cd7ba2afd103055123dbe400069edc	CLASS_ATTRIBUTE	FUNCTION_DEF	false	true	false	false	false	false	true	false	false	false	true	1	24	24				false	METHOD	PY_METHOD_b36536cced29c4b1d92367539330fa26	PY_MODULE_47972cfb252e2f1acae1bbbe05a0ad79	PY_METHOD_b890843e2641bc9af46b65ea505de53e	self_and_attribute_chains.py	SERVICE_VERSION_00000000000000000000000000000000	PY_BINDING_f1a8750d0a7f8622674ea4f8344d56f3
Ledger	PY_SCOPE_11a3ac892affc873305e62bf66899c57	GLOBAL_IMPLICIT	ASSIGNMENT	false	false	true	false	false	false	false	true	false	false	false	0	0	0				false	NONE		PY_MODULE_47972cfb252e2f1acae1bbbe05a0ad79	PY_METHOD_c36b8f6b385f8e9cdff6822dc7283177	self_and_attribute_chains.py	SERVICE_VERSION_00000000000000000000000000000000	PY_BINDING_f41d0c4b9df86f0dd7c97935aad3d2c4
self	PY_SCOPE_11a3ac892affc873305e62bf66899c57	PARAMETER	PARAMETER	true	true	false	false	false	false	false	true	false	false	false	1	15	15				false	PARAMETER	PY_METHOD_PARAMETER_62363082fa88e208a77c13dd7105a940	PY_MODULE_47972cfb252e2f1acae1bbbe05a0ad79	PY_METHOD_c36b8f6b385f8e9cdff6822dc7283177	self_and_attribute_chains.py	SERVICE_VERSION_00000000000000000000000000000000	PY_BINDING_43eb0c1ae06b9ea0a8c6e0a8f27098b0
account	PY_SCOPE_cd7e198b6606d8d294289e4756c293a3	PARAMETER	PARAMETER	true	true	false	false	false	false	false	true	false	false	false	1	19	19				false	PARAMETER	PY_METHOD_PARAMETER_b6a6f749f52e3ca96f8b272b1e764cc6	PY_MODULE_47972cfb252e2f1acae1bbbe05a0ad79	PY_METHOD_b0bc7b1a6ed6a9ff39d9748059a0e7ec	self_and_attribute_chains.py	SERVICE_VERSION_00000000000000000000000000000000	PY_BINDING_96ba9a0d010ba92cf68a815dbabcb264
self	PY_SCOPE_cd7e198b6606d8d294289e4756c293a3	PARAMETER	PARAMETER	true	true	false	false	false	false	false	true	false	false	false	1	19	19				false	PARAMETER	PY_METHOD_PARAMETER_ac5864321af5bf12d2ea67347e468c8b	PY_MODULE_47972cfb252e2f1acae1bbbe05a0ad79	PY_METHOD_b0bc7b1a6ed6a9ff39d9748059a0e7ec	self_and_attribute_chains.py	SERVICE_VERSION_00000000000000000000000000000000	PY_BINDING_c4641fa61509c429bce81df31303d6ab
self	PY_SCOPE_13b87ca4113ca9f3d76ebbdffcd0bacb	PARAMETER	PARAMETER	true	true	false	false	false	false	false	true	false	false	false	1	24	24				false	PARAMETER	PY_METHOD_PARAMETER_81c9ff26cef8c1ff9fa4f6aa0e6b2971	PY_MODULE_47972cfb252e2f1acae1bbbe05a0ad79	PY_METHOD_b36536cced29c4b1d92367539330fa26	self_and_attribute_chains.py	SERVICE_VERSION_00000000000000000000000000000000	PY_BINDING_deaa6b9ac8e0f92517be75cd2165e990
__init__	PY_SCOPE_347161bee8efa9b4cade1b26ceb171f7	CLASS_ATTRIBUTE	FUNCTION_DEF	false	true	false	false	false	false	true	false	false	false	true	1	36	36				false	METHOD	PY_METHOD_a60ed679b49c234b36ba6f409798c9b6	PY_MODULE_47972cfb252e2f1acae1bbbe05a0ad79	PY_METHOD_4273c1dbf6864114947e98cab75ab140	self_and_attribute_chains.py	SERVICE_VERSION_00000000000000000000000000000000	PY_BINDING_ea0e1189cb59233b242b9befbc6238e2
attribute_written_then_read	PY_SCOPE_347161bee8efa9b4cade1b26ceb171f7	CLASS_ATTRIBUTE	FUNCTION_DEF	false	true	false	false	false	false	true	false	false	false	true	1	71	71				false	METHOD	PY_METHOD_7309058f8192e5a5b971102110a5a82c	PY_MODULE_47972cfb252e2f1acae1bbbe05a0ad79	PY_METHOD_4273c1dbf6864114947e98cab75ab140	self_and_attribute_chains.py	SERVICE_VERSION_00000000000000000000000000000000	PY_BINDING_c31576fa6ff7be973569532cd5a817aa
augmented_attribute	PY_SCOPE_347161bee8efa9b4cade1b26ceb171f7	CLASS_ATTRIBUTE	FUNCTION_DEF	false	true	false	false	false	false	true	false	false	false	true	1	76	76				false	METHOD	PY_METHOD_8571a18ca85d9896c540ef588a642065	PY_MODULE_47972cfb252e2f1acae1bbbe05a0ad79	PY_METHOD_4273c1dbf6864114947e98cab75ab140	self_and_attribute_chains.py	SERVICE_VERSION_00000000000000000000000000000000	PY_BINDING_f6905815900505e90a88dd46dc74da15
chain_then_call	PY_SCOPE_347161bee8efa9b4cade1b26ceb171f7	CLASS_ATTRIBUTE	FUNCTION_DEF	false	true	false	false	false	false	true	false	false	false	true	1	67	67				false	METHOD	PY_METHOD_d8340704f3d9b1ccea3d89127eafada3	PY_MODULE_47972cfb252e2f1acae1bbbe05a0ad79	PY_METHOD_4273c1dbf6864114947e98cab75ab140	self_and_attribute_chains.py	SERVICE_VERSION_00000000000000000000000000000000	PY_BINDING_46df43ae54521a6a6ef321c3ee51e168
compute	PY_SCOPE_347161bee8efa9b4cade1b26ceb171f7	CLASS_ATTRIBUTE	FUNCTION_DEF	false	true	false	false	false	false	true	false	false	false	true	1	56	56				false	METHOD	PY_METHOD_7f53c3b8113724585abad9e1ac60d44d	PY_MODULE_47972cfb252e2f1acae1bbbe05a0ad79	PY_METHOD_4273c1dbf6864114947e98cab75ab140	self_and_attribute_chains.py	SERVICE_VERSION_00000000000000000000000000000000	PY_BINDING_2bca41529f93c54ce33dd60445abd4b1
depth_three_chain	PY_SCOPE_347161bee8efa9b4cade1b26ceb171f7	CLASS_ATTRIBUTE	FUNCTION_DEF	false	true	false	false	false	false	true	false	false	false	true	1	63	63				false	METHOD	PY_METHOD_8357a0bc17497a8ed16633a0256d808e	PY_MODULE_47972cfb252e2f1acae1bbbe05a0ad79	PY_METHOD_4273c1dbf6864114947e98cab75ab140	self_and_attribute_chains.py	SERVICE_VERSION_00000000000000000000000000000000	PY_BINDING_107bf10b39ade600b21c4f4aa67e3eaf
depth_two_chain	PY_SCOPE_347161bee8efa9b4cade1b26ceb171f7	CLASS_ATTRIBUTE	FUNCTION_DEF	false	true	false	false	false	false	true	false	false	false	true	1	59	59				false	METHOD	PY_METHOD_d87f70998d9dc2c938e4913dd96b8053	PY_MODULE_47972cfb252e2f1acae1bbbe05a0ad79	PY_METHOD_4273c1dbf6864114947e98cab75ab140	self_and_attribute_chains.py	SERVICE_VERSION_00000000000000000000000000000000	PY_BINDING_18baa659973f748ce3f4f8e40abef97b
foreign_object_write	PY_SCOPE_347161bee8efa9b4cade1b26ceb171f7	CLASS_ATTRIBUTE	FUNCTION_DEF	false	true	false	false	false	false	true	false	false	false	true	1	81	81				false	METHOD	PY_METHOD_82e734bce535c2c10bb4d5c6c886e377	PY_MODULE_47972cfb252e2f1acae1bbbe05a0ad79	PY_METHOD_4273c1dbf6864114947e98cab75ab140	self_and_attribute_chains.py	SERVICE_VERSION_00000000000000000000000000000000	PY_BINDING_8e00850044c087bbecf9a60d54baa2ac
open_secondary	PY_SCOPE_347161bee8efa9b4cade1b26ceb171f7	CLASS_ATTRIBUTE	FUNCTION_DEF	false	true	false	false	false	false	true	false	false	false	true	1	42	42				false	METHOD	PY_METHOD_fca696f5df363dde84b4fc5b5c2da74f	PY_MODULE_47972cfb252e2f1acae1bbbe05a0ad79	PY_METHOD_4273c1dbf6864114947e98cab75ab140	self_and_attribute_chains.py	SERVICE_VERSION_00000000000000000000000000000000	PY_BINDING_d9e86c67eb8b36eadf09ad7d14fa576a
reset	PY_SCOPE_347161bee8efa9b4cade1b26ceb171f7	CLASS_ATTRIBUTE	FUNCTION_DEF	false	true	false	false	false	false	true	false	false	false	true	1	47	47				false	METHOD	PY_METHOD_664776b097cc5444b8fb72851bf26ce8	PY_MODULE_47972cfb252e2f1acae1bbbe05a0ad79	PY_METHOD_4273c1dbf6864114947e98cab75ab140	self_and_attribute_chains.py	SERVICE_VERSION_00000000000000000000000000000000	PY_BINDING_fc158e18468f2dd33b7e58e0d6407fcf
self_method_call	PY_SCOPE_347161bee8efa9b4cade1b26ceb171f7	CLASS_ATTRIBUTE	FUNCTION_DEF	false	true	false	false	false	false	true	false	false	false	true	1	52	52				false	METHOD	PY_METHOD_d547f058cd0bdae0eb486d679a725fd3	PY_MODULE_47972cfb252e2f1acae1bbbe05a0ad79	PY_METHOD_4273c1dbf6864114947e98cab75ab140	self_and_attribute_chains.py	SERVICE_VERSION_00000000000000000000000000000000	PY_BINDING_8d07dfb0fe859bba1a1be505c11250cb
Account	PY_SCOPE_297a277bf1832b83e96710a691c45314	GLOBAL_IMPLICIT	ASSIGNMENT	false	false	true	false	false	false	false	true	false	false	false	0	0	0				false	NONE		PY_MODULE_47972cfb252e2f1acae1bbbe05a0ad79	PY_METHOD_a60ed679b49c234b36ba6f409798c9b6	self_and_attribute_chains.py	SERVICE_VERSION_00000000000000000000000000000000	PY_BINDING_2032ecf95aa142b8afdba085a813e39a
Repository	PY_SCOPE_297a277bf1832b83e96710a691c45314	GLOBAL_IMPLICIT	ASSIGNMENT	false	false	true	false	false	false	false	true	false	false	false	0	0	0				false	NONE		PY_MODULE_47972cfb252e2f1acae1bbbe05a0ad79	PY_METHOD_a60ed679b49c234b36ba6f409798c9b6	self_and_attribute_chains.py	SERVICE_VERSION_00000000000000000000000000000000	PY_BINDING_300f13e4370f610b3b8bc39fe8e47366
owner	PY_SCOPE_297a277bf1832b83e96710a691c45314	PARAMETER	PARAMETER	true	true	false	false	false	false	false	true	false	false	false	1	36	36				false	PARAMETER	PY_METHOD_PARAMETER_cdc9722f80b59e003e633728378cee4d	PY_MODULE_47972cfb252e2f1acae1bbbe05a0ad79	PY_METHOD_a60ed679b49c234b36ba6f409798c9b6	self_and_attribute_chains.py	SERVICE_VERSION_00000000000000000000000000000000	PY_BINDING_248e49ee997fb560eee10af603873bba
self	PY_SCOPE_297a277bf1832b83e96710a691c45314	PARAMETER	PARAMETER	true	true	false	false	false	false	false	true	false	false	false	1	36	36				false	PARAMETER	PY_METHOD_PARAMETER_bcda716ade2fe0d95d19c23436c5d38e	PY_MODULE_47972cfb252e2f1acae1bbbe05a0ad79	PY_METHOD_a60ed679b49c234b36ba6f409798c9b6	self_and_attribute_chains.py	SERVICE_VERSION_00000000000000000000000000000000	PY_BINDING_8ad5b85f679536fd7816fe649fc06897
Account	PY_SCOPE_ece1b1332f009edd9b7a4afc6ad97d2c	GLOBAL_IMPLICIT	ASSIGNMENT	false	false	true	false	false	false	false	true	false	false	false	0	0	0				false	NONE		PY_MODULE_47972cfb252e2f1acae1bbbe05a0ad79	PY_METHOD_fca696f5df363dde84b4fc5b5c2da74f	self_and_attribute_chains.py	SERVICE_VERSION_00000000000000000000000000000000	PY_BINDING_ca9b654e0c5f4213455d9993214588bc
other_owner	PY_SCOPE_ece1b1332f009edd9b7a4afc6ad97d2c	PARAMETER	PARAMETER	true	true	false	false	false	false	false	true	false	false	false	1	42	42				false	PARAMETER	PY_METHOD_PARAMETER_df4181e944223a389bdd3e3121970607	PY_MODULE_47972cfb252e2f1acae1bbbe05a0ad79	PY_METHOD_fca696f5df363dde84b4fc5b5c2da74f	self_and_attribute_chains.py	SERVICE_VERSION_00000000000000000000000000000000	PY_BINDING_cbba3d2b25f8f1f6f4e8aa1c665db61f
self	PY_SCOPE_ece1b1332f009edd9b7a4afc6ad97d2c	PARAMETER	PARAMETER	true	true	false	false	false	false	false	true	false	false	false	1	42	42				false	PARAMETER	PY_METHOD_PARAMETER_e4a7f492ebfa9e113ac81db01774b2ab	PY_MODULE_47972cfb252e2f1acae1bbbe05a0ad79	PY_METHOD_fca696f5df363dde84b4fc5b5c2da74f	self_and_attribute_chains.py	SERVICE_VERSION_00000000000000000000000000000000	PY_BINDING_ec551bf23cc55ced142c19b9acc2cd7e
Account	PY_SCOPE_e8aeafa4492ed8c1d4d6d443d68336af	GLOBAL_IMPLICIT	ASSIGNMENT	false	false	true	false	false	false	false	true	false	false	false	0	0	0				false	NONE		PY_MODULE_47972cfb252e2f1acae1bbbe05a0ad79	PY_METHOD_664776b097cc5444b8fb72851bf26ce8	self_and_attribute_chains.py	SERVICE_VERSION_00000000000000000000000000000000	PY_BINDING_a6937a0e3a8f0e577c66c14d03e02b37
self	PY_SCOPE_e8aeafa4492ed8c1d4d6d443d68336af	PARAMETER	PARAMETER	true	true	false	false	false	false	false	true	false	false	false	1	47	47				false	PARAMETER	PY_METHOD_PARAMETER_86c935e398792cd2ec8c801f9e6a48e6	PY_MODULE_47972cfb252e2f1acae1bbbe05a0ad79	PY_METHOD_664776b097cc5444b8fb72851bf26ce8	self_and_attribute_chains.py	SERVICE_VERSION_00000000000000000000000000000000	PY_BINDING_2d895571ed5efb2b369151fbfa8671fa
self	PY_SCOPE_66a82385e4c839355a96cfc1923562f2	PARAMETER	PARAMETER	true	true	false	false	false	false	false	true	false	false	false	1	52	52				false	PARAMETER	PY_METHOD_PARAMETER_7910b97d0294832c468a740db3dd34ca	PY_MODULE_47972cfb252e2f1acae1bbbe05a0ad79	PY_METHOD_d547f058cd0bdae0eb486d679a725fd3	self_and_attribute_chains.py	SERVICE_VERSION_00000000000000000000000000000000	PY_BINDING_4b5a2d9b0ace784b0ba9e4449cacc960
self	PY_SCOPE_0fea898c63887d314d96ab215404b534	PARAMETER	PARAMETER	true	true	false	false	false	false	false	true	false	false	false	1	56	56				false	PARAMETER	PY_METHOD_PARAMETER_3deb8d063d12132abd66161e5a259a46	PY_MODULE_47972cfb252e2f1acae1bbbe05a0ad79	PY_METHOD_7f53c3b8113724585abad9e1ac60d44d	self_and_attribute_chains.py	SERVICE_VERSION_00000000000000000000000000000000	PY_BINDING_15260fd9c1c8788e96dc472fef029fdf
self	PY_SCOPE_9de0f648bf8a5ae0927015cc65df700b	PARAMETER	PARAMETER	true	true	false	false	false	false	false	true	false	false	false	1	59	59				false	PARAMETER	PY_METHOD_PARAMETER_c4f90473a1e951f1f4048bbf63a7acc0	PY_MODULE_47972cfb252e2f1acae1bbbe05a0ad79	PY_METHOD_d87f70998d9dc2c938e4913dd96b8053	self_and_attribute_chains.py	SERVICE_VERSION_00000000000000000000000000000000	PY_BINDING_c3fc34c454cd460be3cd3af4e389fc20
self	PY_SCOPE_8f4e533646327480981295e7b8669266	PARAMETER	PARAMETER	true	true	false	false	false	false	false	true	false	false	false	1	63	63				false	PARAMETER	PY_METHOD_PARAMETER_2f3078ff73f5c92f5dfd8103f8ac734d	PY_MODULE_47972cfb252e2f1acae1bbbe05a0ad79	PY_METHOD_8357a0bc17497a8ed16633a0256d808e	self_and_attribute_chains.py	SERVICE_VERSION_00000000000000000000000000000000	PY_BINDING_19e976fbe8b0a0bd451e215487fd76ec
Account	PY_SCOPE_511836602d2b04bd69e99d2ec3be94f9	GLOBAL_IMPLICIT	ASSIGNMENT	false	false	true	false	false	false	false	true	false	false	false	0	0	0				false	NONE		PY_MODULE_47972cfb252e2f1acae1bbbe05a0ad79	PY_METHOD_d8340704f3d9b1ccea3d89127eafada3	self_and_attribute_chains.py	SERVICE_VERSION_00000000000000000000000000000000	PY_BINDING_83bfc9c75875ac3b5f23c7471ed635d2
other_owner	PY_SCOPE_511836602d2b04bd69e99d2ec3be94f9	PARAMETER	PARAMETER	true	true	false	false	false	false	false	true	false	false	false	1	67	67				false	PARAMETER	PY_METHOD_PARAMETER_66c07b3bcf6f64a9401216a85b783b12	PY_MODULE_47972cfb252e2f1acae1bbbe05a0ad79	PY_METHOD_d8340704f3d9b1ccea3d89127eafada3	self_and_attribute_chains.py	SERVICE_VERSION_00000000000000000000000000000000	PY_BINDING_07db5593a967087e9826291cc3df6dc3
self	PY_SCOPE_511836602d2b04bd69e99d2ec3be94f9	PARAMETER	PARAMETER	true	true	false	false	false	false	false	true	false	false	false	1	67	67				false	PARAMETER	PY_METHOD_PARAMETER_eff402fdcf7e86e69f395425d49425cd	PY_MODULE_47972cfb252e2f1acae1bbbe05a0ad79	PY_METHOD_d8340704f3d9b1ccea3d89127eafada3	self_and_attribute_chains.py	SERVICE_VERSION_00000000000000000000000000000000	PY_BINDING_98d0d1eaef31057357d6bcb3a236f5f1
other_owner	PY_SCOPE_422d6a861c8116adb8370987bcf2f789	PARAMETER	PARAMETER	true	true	false	false	false	false	false	true	false	false	false	1	71	71				false	PARAMETER	PY_METHOD_PARAMETER_22813f794ebab73181aa927559e6e1be	PY_MODULE_47972cfb252e2f1acae1bbbe05a0ad79	PY_METHOD_7309058f8192e5a5b971102110a5a82c	self_and_attribute_chains.py	SERVICE_VERSION_00000000000000000000000000000000	PY_BINDING_e60e270479533b53e3cd17e99f8ffb95
self	PY_SCOPE_422d6a861c8116adb8370987bcf2f789	PARAMETER	PARAMETER	true	true	false	false	false	false	false	true	false	false	false	1	71	71				false	PARAMETER	PY_METHOD_PARAMETER_dcd26fe9f4baa8808e09aed85401a8a3	PY_MODULE_47972cfb252e2f1acae1bbbe05a0ad79	PY_METHOD_7309058f8192e5a5b971102110a5a82c	self_and_attribute_chains.py	SERVICE_VERSION_00000000000000000000000000000000	PY_BINDING_5f667a4f2b5c2fdc35e5a2f67f666f57
amount	PY_SCOPE_c1942a98aab3fdef4775d76c8b84aab7	PARAMETER	PARAMETER	true	true	false	false	false	false	false	true	false	false	false	1	76	76				false	PARAMETER	PY_METHOD_PARAMETER_af7b14a0a1a1617c490e30e752b1e6f8	PY_MODULE_47972cfb252e2f1acae1bbbe05a0ad79	PY_METHOD_8571a18ca85d9896c540ef588a642065	self_and_attribute_chains.py	SERVICE_VERSION_00000000000000000000000000000000	PY_BINDING_f1002aceb6b422d232efaffa048a05b7
self	PY_SCOPE_c1942a98aab3fdef4775d76c8b84aab7	PARAMETER	PARAMETER	true	true	false	false	false	false	false	true	false	false	false	1	76	76				false	PARAMETER	PY_METHOD_PARAMETER_5469c84764a16708aec416a2ebc6ff4b	PY_MODULE_47972cfb252e2f1acae1bbbe05a0ad79	PY_METHOD_8571a18ca85d9896c540ef588a642065	self_and_attribute_chains.py	SERVICE_VERSION_00000000000000000000000000000000	PY_BINDING_fac7af7c26f84fd1b385ea8eafdd3d33
account	PY_SCOPE_4d474305d850be00683dcb2dc93e0be0	PARAMETER	PARAMETER	true	true	false	false	false	false	false	true	false	false	false	1	81	81				false	PARAMETER	PY_METHOD_PARAMETER_da81ac56bc65f697e6273d4cf0629be9	PY_MODULE_47972cfb252e2f1acae1bbbe05a0ad79	PY_METHOD_82e734bce535c2c10bb4d5c6c886e377	self_and_attribute_chains.py	SERVICE_VERSION_00000000000000000000000000000000	PY_BINDING_be4bbb58cfcb021d4ca6ef308d24d915
self	PY_SCOPE_4d474305d850be00683dcb2dc93e0be0	PARAMETER	PARAMETER	true	true	false	false	false	false	false	false	false	false	false	1	81	81				false	PARAMETER	PY_METHOD_PARAMETER_b67073087d5c5db9b29384c9863b7312	PY_MODULE_47972cfb252e2f1acae1bbbe05a0ad79	PY_METHOD_82e734bce535c2c10bb4d5c6c886e377	self_and_attribute_chains.py	SERVICE_VERSION_00000000000000000000000000000000	PY_BINDING_22b87472c71e42530373874b7ea7f4e0
calls_inherited_method	PY_SCOPE_ba060be89ecbd5e74e937b5441064604	CLASS_ATTRIBUTE	FUNCTION_DEF	false	true	false	false	false	false	true	false	false	false	true	1	95	95				false	METHOD	PY_METHOD_888ba1593d1e84b09738bd910fdfe7d2	PY_MODULE_47972cfb252e2f1acae1bbbe05a0ad79	PY_METHOD_e6f05a87612711a57e7e2ad9539f12b5	self_and_attribute_chains.py	SERVICE_VERSION_00000000000000000000000000000000	PY_BINDING_a5754e7547a69c2f30e244f3c46c7c32
super_call	PY_SCOPE_ba060be89ecbd5e74e937b5441064604	CLASS_ATTRIBUTE	FUNCTION_DEF	false	true	false	false	false	false	true	false	false	false	true	1	98	98				false	METHOD	PY_METHOD_214efe28dc6d392475520d1d5cd22b8b	PY_MODULE_47972cfb252e2f1acae1bbbe05a0ad79	PY_METHOD_e6f05a87612711a57e7e2ad9539f12b5	self_and_attribute_chains.py	SERVICE_VERSION_00000000000000000000000000000000	PY_BINDING_70d89794f3b6a484b1f2014844336ff1
uses_inherited_attribute	PY_SCOPE_ba060be89ecbd5e74e937b5441064604	CLASS_ATTRIBUTE	FUNCTION_DEF	false	true	false	false	false	false	true	false	false	false	true	1	90	90				false	METHOD	PY_METHOD_ac3f95379f2486724063e97d9b5c47b6	PY_MODULE_47972cfb252e2f1acae1bbbe05a0ad79	PY_METHOD_e6f05a87612711a57e7e2ad9539f12b5	self_and_attribute_chains.py	SERVICE_VERSION_00000000000000000000000000000000	PY_BINDING_0c874e47d68186783b574d6a7b82e81a
self	PY_SCOPE_1d7ae95f9d6dabef8a99c09462d617a0	PARAMETER	PARAMETER	true	true	false	false	false	false	false	true	false	false	false	1	90	90				false	PARAMETER	PY_METHOD_PARAMETER_781b5bbb3934b67c9e344ccd8c1f3273	PY_MODULE_47972cfb252e2f1acae1bbbe05a0ad79	PY_METHOD_ac3f95379f2486724063e97d9b5c47b6	self_and_attribute_chains.py	SERVICE_VERSION_00000000000000000000000000000000	PY_BINDING_703489af43b0dc9bb966a2bd4646133f
self	PY_SCOPE_f79ffb2e7ab875e71310b7064e24bd93	PARAMETER	PARAMETER	true	true	false	false	false	false	false	true	false	false	false	1	95	95				false	PARAMETER	PY_METHOD_PARAMETER_c8b0178e100b0b0e53a2f797f5ce5385	PY_MODULE_47972cfb252e2f1acae1bbbe05a0ad79	PY_METHOD_888ba1593d1e84b09738bd910fdfe7d2	self_and_attribute_chains.py	SERVICE_VERSION_00000000000000000000000000000000	PY_BINDING_54b1c451dbf51770ebae6e68bc996745
__class__	PY_SCOPE_f298e4aeb476f7d1e3ea4acb3ee1e377	FREE	ASSIGNMENT	false	false	false	false	true	false	false	true	false	false	false	0	0	0				false	NONE		PY_MODULE_47972cfb252e2f1acae1bbbe05a0ad79	PY_METHOD_214efe28dc6d392475520d1d5cd22b8b	self_and_attribute_chains.py	SERVICE_VERSION_00000000000000000000000000000000	PY_BINDING_ed1bb8f04c26e5b5d90b951026372cca
owner	PY_SCOPE_f298e4aeb476f7d1e3ea4acb3ee1e377	PARAMETER	PARAMETER	true	true	false	false	false	false	false	false	false	false	false	1	98	98				false	PARAMETER	PY_METHOD_PARAMETER_ff2a1a1fb80b61e6ef94036fa9ccb840	PY_MODULE_47972cfb252e2f1acae1bbbe05a0ad79	PY_METHOD_214efe28dc6d392475520d1d5cd22b8b	self_and_attribute_chains.py	SERVICE_VERSION_00000000000000000000000000000000	PY_BINDING_ecf45028071c515150a1ca22d0d49a60
self	PY_SCOPE_f298e4aeb476f7d1e3ea4acb3ee1e377	PARAMETER	PARAMETER	true	true	false	false	false	false	false	false	false	false	false	1	98	98				false	PARAMETER	PY_METHOD_PARAMETER_d702ca484285b8792ddb1321186983d6	PY_MODULE_47972cfb252e2f1acae1bbbe05a0ad79	PY_METHOD_214efe28dc6d392475520d1d5cd22b8b	self_and_attribute_chains.py	SERVICE_VERSION_00000000000000000000000000000000	PY_BINDING_8e9a83ae87d177d43d6b2444f0c562f4
super	PY_SCOPE_f298e4aeb476f7d1e3ea4acb3ee1e377	GLOBAL_IMPLICIT	ASSIGNMENT	false	false	true	false	false	false	false	true	false	false	false	0	0	0				false	NONE		PY_MODULE_47972cfb252e2f1acae1bbbe05a0ad79	PY_METHOD_214efe28dc6d392475520d1d5cd22b8b	self_and_attribute_chains.py	SERVICE_VERSION_00000000000000000000000000000000	PY_BINDING_760b0ae12fac251d1ef5a2b2ebbbc7f4
Service	PY_SCOPE_dd2c9e04457d27cd681321b841bf945d	GLOBAL_IMPLICIT	ASSIGNMENT	false	false	true	false	false	false	false	true	false	false	false	0	0	0				false	NONE		PY_MODULE_47972cfb252e2f1acae1bbbe05a0ad79	PY_METHOD_6a85cd680925c2f05e76e80bda970da7	self_and_attribute_chains.py	SERVICE_VERSION_00000000000000000000000000000000	PY_BINDING_2bc71d39030a4b2f6321edcf598ff712
owner	PY_SCOPE_dd2c9e04457d27cd681321b841bf945d	PARAMETER	PARAMETER	true	true	false	false	false	false	false	true	false	false	false	1	104	104				false	PARAMETER	PY_METHOD_PARAMETER_f95880ff79bfd791e88cadb976a46ada	PY_MODULE_47972cfb252e2f1acae1bbbe05a0ad79	PY_METHOD_6a85cd680925c2f05e76e80bda970da7	self_and_attribute_chains.py	SERVICE_VERSION_00000000000000000000000000000000	PY_BINDING_7126d97f51a0c9d82d47e44d69f9c2ee
service	PY_SCOPE_dd2c9e04457d27cd681321b841bf945d	LOCAL	ASSIGNMENT	false	true	false	false	false	false	true	true	false	false	false	1	105	105				false	NONE		PY_MODULE_47972cfb252e2f1acae1bbbe05a0ad79	PY_METHOD_6a85cd680925c2f05e76e80bda970da7	self_and_attribute_chains.py	SERVICE_VERSION_00000000000000000000000000000000	PY_BINDING_a4ad24d3f6d5d6323cda86cc66b87973
service	PY_SCOPE_e6f1dc0403573a11fd1e02ee005258cd	PARAMETER	PARAMETER	true	true	false	false	false	false	false	true	false	false	false	1	109	109				false	PARAMETER	PY_METHOD_PARAMETER_dbc9e6e0eb0b771a792fcdd5795f0283	PY_MODULE_47972cfb252e2f1acae1bbbe05a0ad79	PY_METHOD_5c63d83dba886a8074d589d1bede0a00	self_and_attribute_chains.py	SERVICE_VERSION_00000000000000000000000000000000	PY_BINDING_ab8b496b1f64d0b246c978581a840a58
Account	PY_SCOPE_051ab2aad529d232befad74d9a3eed71	IMPORTED	IMPORT	false	true	true	false	false	true	false	true	false	false	false	1	12	12				false	IMPORT	PY_IMPORT_8fc416c4add786cb2613bacdd7729b99	PY_MODULE_ff0e72e19cc67a1292b8a3fd0cadecff	PY_METHOD_81b2e0e8cb14c4a385c32df32accfc29	type_references_and_narrowing.py	SERVICE_VERSION_00000000000000000000000000000000	PY_BINDING_548108b187be35252b61c2fecc7dd0ac
AnnotatedFields	PY_SCOPE_051ab2aad529d232befad74d9a3eed71	MODULE_LEVEL	CLASS_DEF	false	true	true	false	false	false	true	false	false	false	true	1	108	108				false	TYPE	PY_TYPE_e8071789019fd5c244e78bd8d39766bd	PY_MODULE_ff0e72e19cc67a1292b8a3fd0cadecff	PY_METHOD_81b2e0e8cb14c4a385c32df32accfc29	type_references_and_narrowing.py	SERVICE_VERSION_00000000000000000000000000000000	PY_BINDING_d99b3eb0f34b4035a6afdeeaf32c8a80
Any	PY_SCOPE_051ab2aad529d232befad74d9a3eed71	IMPORTED	IMPORT	false	true	true	false	false	true	false	true	false	false	false	1	10	10				false	IMPORT	PY_IMPORT_223cfe4e2ebd772e4a65b782d152bb25	PY_MODULE_ff0e72e19cc67a1292b8a3fd0cadecff	PY_METHOD_81b2e0e8cb14c4a385c32df32accfc29	type_references_and_narrowing.py	SERVICE_VERSION_00000000000000000000000000000000	PY_BINDING_9e57a4569a17b057b00330f87a84ac72
Callable	PY_SCOPE_051ab2aad529d232befad74d9a3eed71	IMPORTED	IMPORT	false	true	true	false	false	true	false	true	false	false	false	1	10	10				false	IMPORT	PY_IMPORT_2788e1e47f7cee5ddeccfa87e9961a1a	PY_MODULE_ff0e72e19cc67a1292b8a3fd0cadecff	PY_METHOD_81b2e0e8cb14c4a385c32df32accfc29	type_references_and_narrowing.py	SERVICE_VERSION_00000000000000000000000000000000	PY_BINDING_b5c8fd99cedfc9eae881d10be8075fa2
Dict	PY_SCOPE_051ab2aad529d232befad74d9a3eed71	IMPORTED	IMPORT	false	true	true	false	false	true	false	true	false	false	false	1	10	10				false	IMPORT	PY_IMPORT_c3218fd0d701f786ec9dc69de3a86343	PY_MODULE_ff0e72e19cc67a1292b8a3fd0cadecff	PY_METHOD_81b2e0e8cb14c4a385c32df32accfc29	type_references_and_narrowing.py	SERVICE_VERSION_00000000000000000000000000000000	PY_BINDING_e4f90d952df06a478fba4f72386be7b7
Ledger	PY_SCOPE_051ab2aad529d232befad74d9a3eed71	IMPORTED	IMPORT	false	true	true	false	false	true	false	true	false	false	false	1	12	12				false	IMPORT	PY_IMPORT_18f28e10d6ea00c14998226b0c98e388	PY_MODULE_ff0e72e19cc67a1292b8a3fd0cadecff	PY_METHOD_81b2e0e8cb14c4a385c32df32accfc29	type_references_and_narrowing.py	SERVICE_VERSION_00000000000000000000000000000000	PY_BINDING_83593c0548ca92ea164b73a03dd07872
List	PY_SCOPE_051ab2aad529d232befad74d9a3eed71	IMPORTED	IMPORT	false	true	true	false	false	true	false	true	false	false	false	1	10	10				false	IMPORT	PY_IMPORT_ce0f5fc348719ebb01309f907c69e11d	PY_MODULE_ff0e72e19cc67a1292b8a3fd0cadecff	PY_METHOD_81b2e0e8cb14c4a385c32df32accfc29	type_references_and_narrowing.py	SERVICE_VERSION_00000000000000000000000000000000	PY_BINDING_f41434f27a276fb31ac16c30172ec918
Optional	PY_SCOPE_051ab2aad529d232befad74d9a3eed71	IMPORTED	IMPORT	false	true	true	false	false	true	false	true	false	false	false	1	10	10				false	IMPORT	PY_IMPORT_9286be96692377fbf6a7c5e7e9d09817	PY_MODULE_ff0e72e19cc67a1292b8a3fd0cadecff	PY_METHOD_81b2e0e8cb14c4a385c32df32accfc29	type_references_and_narrowing.py	SERVICE_VERSION_00000000000000000000000000000000	PY_BINDING_6dac15f11904da5a9dc15183a5a13d56
Union	PY_SCOPE_051ab2aad529d232befad74d9a3eed71	IMPORTED	IMPORT	false	true	true	false	false	true	false	true	false	false	false	1	10	10				false	IMPORT	PY_IMPORT_69432b11d974cbdf7e64fd67e5dec8ef	PY_MODULE_ff0e72e19cc67a1292b8a3fd0cadecff	PY_METHOD_81b2e0e8cb14c4a385c32df32accfc29	type_references_and_narrowing.py	SERVICE_VERSION_00000000000000000000000000000000	PY_BINDING_416cc0f08e5944ae23a537c81b892e87
annotated_local_and_attribute	PY_SCOPE_051ab2aad529d232befad74d9a3eed71	MODULE_LEVEL	FUNCTION_DEF	false	true	true	false	false	false	true	false	false	false	true	1	51	51				false	METHOD	PY_METHOD_1ae0ac218a7186fa75d48a9fb495d180	PY_MODULE_ff0e72e19cc67a1292b8a3fd0cadecff	PY_METHOD_81b2e0e8cb14c4a385c32df32accfc29	type_references_and_narrowing.py	SERVICE_VERSION_00000000000000000000000000000000	PY_BINDING_609591c682525dee6498a7ebb4234ade
annotated_parameters	PY_SCOPE_051ab2aad529d232befad74d9a3eed71	MODULE_LEVEL	FUNCTION_DEF	false	true	true	false	false	false	true	false	false	false	true	1	15	15				false	METHOD	PY_METHOD_2e5eaf575119985a49af4ab5c1965db1	PY_MODULE_ff0e72e19cc67a1292b8a3fd0cadecff	PY_METHOD_81b2e0e8cb14c4a385c32df32accfc29	type_references_and_narrowing.py	SERVICE_VERSION_00000000000000000000000000000000	PY_BINDING_f5223d6086a4bd5370a112827fe02965
any_annotation	PY_SCOPE_051ab2aad529d232befad74d9a3eed71	MODULE_LEVEL	FUNCTION_DEF	false	true	true	false	false	false	true	false	false	false	true	1	92	92				false	METHOD	PY_METHOD_dd3957b77851d716b7194f515c33f90c	PY_MODULE_ff0e72e19cc67a1292b8a3fd0cadecff	PY_METHOD_81b2e0e8cb14c4a385c32df32accfc29	type_references_and_narrowing.py	SERVICE_VERSION_00000000000000000000000000000000	PY_BINDING_98362f920d620b495e3b3c9c9550c0d5
callable_annotation	PY_SCOPE_051ab2aad529d232befad74d9a3eed71	MODULE_LEVEL	FUNCTION_DEF	false	true	true	false	false	false	true	false	false	false	true	1	40	40				false	METHOD	PY_METHOD_2e3cb8ea24de391bafbdd2d2eb607239	PY_MODULE_ff0e72e19cc67a1292b8a3fd0cadecff	PY_METHOD_81b2e0e8cb14c4a385c32df32accfc29	type_references_and_narrowing.py	SERVICE_VERSION_00000000000000000000000000000000	PY_BINDING_7bfc5c2c6356e1d9d2f463937e1aa205
cast	PY_SCOPE_051ab2aad529d232befad74d9a3eed71	IMPORTED	IMPORT	false	true	true	false	false	true	false	false	false	false	false	1	10	10				false	IMPORT	PY_IMPORT_f90721b2248db6775db6148b50a67950	PY_MODULE_ff0e72e19cc67a1292b8a3fd0cadecff	PY_METHOD_81b2e0e8cb14c4a385c32df32accfc29	type_references_and_narrowing.py	SERVICE_VERSION_00000000000000000000000000000000	PY_BINDING_0fa57b02ac3577ab3830ac769c8ab6ee
cast_narrowing	PY_SCOPE_051ab2aad529d232befad74d9a3eed71	MODULE_LEVEL	FUNCTION_DEF	false	true	true	false	false	false	true	false	false	false	true	1	86	86				false	METHOD	PY_METHOD_6d07a68423da7067dc5ba5e1ec143db8	PY_MODULE_ff0e72e19cc67a1292b8a3fd0cadecff	PY_METHOD_81b2e0e8cb14c4a385c32df32accfc29	type_references_and_narrowing.py	SERVICE_VERSION_00000000000000000000000000000000	PY_BINDING_1b6aa6de2bbaaf65d7374dff9eaba899
exception_types	PY_SCOPE_051ab2aad529d232befad74d9a3eed71	MODULE_LEVEL	FUNCTION_DEF	false	true	true	false	false	false	true	false	false	false	true	1	97	97				false	METHOD	PY_METHOD_b82e02e2aeaea73018fe8eab75dc0e51	PY_MODULE_ff0e72e19cc67a1292b8a3fd0cadecff	PY_METHOD_81b2e0e8cb14c4a385c32df32accfc29	type_references_and_narrowing.py	SERVICE_VERSION_00000000000000000000000000000000	PY_BINDING_1f88aef962373146aa4f7850b2d29788
int	PY_SCOPE_051ab2aad529d232befad74d9a3eed71	GLOBAL_IMPLICIT	ASSIGNMENT	false	false	true	false	false	false	false	true	false	false	false	0	0	0				false	NONE		PY_MODULE_ff0e72e19cc67a1292b8a3fd0cadecff	PY_METHOD_81b2e0e8cb14c4a385c32df32accfc29	type_references_and_narrowing.py	SERVICE_VERSION_00000000000000000000000000000000	PY_BINDING_c5a15a86f84104aece2871b98d5abd05
isinstance_narrowing	PY_SCOPE_051ab2aad529d232befad74d9a3eed71	MODULE_LEVEL	FUNCTION_DEF	false	true	true	false	false	false	true	false	false	false	true	1	58	58				false	METHOD	PY_METHOD_ed15f5d164195d11b19c8e0d4be9f526	PY_MODULE_ff0e72e19cc67a1292b8a3fd0cadecff	PY_METHOD_81b2e0e8cb14c4a385c32df32accfc29	type_references_and_narrowing.py	SERVICE_VERSION_00000000000000000000000000000000	PY_BINDING_6ccd4245ce73881e1072d3973c1b4a5b
isinstance_tuple_narrowing	PY_SCOPE_051ab2aad529d232befad74d9a3eed71	MODULE_LEVEL	FUNCTION_DEF	false	true	true	false	false	false	true	false	false	false	true	1	67	67				false	METHOD	PY_METHOD_8397d12dc4718180cf361cdc333aae0e	PY_MODULE_ff0e72e19cc67a1292b8a3fd0cadecff	PY_METHOD_81b2e0e8cb14c4a385c32df32accfc29	type_references_and_narrowing.py	SERVICE_VERSION_00000000000000000000000000000000	PY_BINDING_0e4c1dbb7cc338d4df0cb614406d9033
issubclass_check	PY_SCOPE_051ab2aad529d232befad74d9a3eed71	MODULE_LEVEL	FUNCTION_DEF	false	true	true	false	false	false	true	false	false	false	true	1	80	80				false	METHOD	PY_METHOD_2522902c1ab3b711e5775bc48ceb4d20	PY_MODULE_ff0e72e19cc67a1292b8a3fd0cadecff	PY_METHOD_81b2e0e8cb14c4a385c32df32accfc29	type_references_and_narrowing.py	SERVICE_VERSION_00000000000000000000000000000000	PY_BINDING_ccd592c9c932ee902eba3978e1c903da
negative_isinstance_narrowing	PY_SCOPE_051ab2aad529d232befad74d9a3eed71	MODULE_LEVEL	FUNCTION_DEF	false	true	true	false	false	false	true	false	false	false	true	1	73	73				false	METHOD	PY_METHOD_907c7cd92a6c9db6a00f1b11aabe66a7	PY_MODULE_ff0e72e19cc67a1292b8a3fd0cadecff	PY_METHOD_81b2e0e8cb14c4a385c32df32accfc29	type_references_and_narrowing.py	SERVICE_VERSION_00000000000000000000000000000000	PY_BINDING_3cb8e093d368be630c5f544f2735713d
nested_subscript	PY_SCOPE_051ab2aad529d232befad74d9a3eed71	MODULE_LEVEL	FUNCTION_DEF	false	true	true	false	false	false	true	false	false	false	true	1	32	32				false	METHOD	PY_METHOD_5c48b9f9970f88bf43555f1afeeefdb9	PY_MODULE_ff0e72e19cc67a1292b8a3fd0cadecff	PY_METHOD_81b2e0e8cb14c4a385c32df32accfc29	type_references_and_narrowing.py	SERVICE_VERSION_00000000000000000000000000000000	PY_BINDING_102365c801abfa3e9f039b527d600be7
optional_annotation	PY_SCOPE_051ab2aad529d232befad74d9a3eed71	MODULE_LEVEL	FUNCTION_DEF	false	true	true	false	false	false	true	false	false	false	true	1	21	21				false	METHOD	PY_METHOD_f558aabfa6800bc64e2a06dd58737257	PY_MODULE_ff0e72e19cc67a1292b8a3fd0cadecff	PY_METHOD_81b2e0e8cb14c4a385c32df32accfc29	type_references_and_narrowing.py	SERVICE_VERSION_00000000000000000000000000000000	PY_BINDING_39f22c783d4ee71975cb8d09931b6a60
str	PY_SCOPE_051ab2aad529d232befad74d9a3eed71	GLOBAL_IMPLICIT	ASSIGNMENT	false	false	true	false	false	false	false	true	false	false	false	0	0	0				false	NONE		PY_MODULE_ff0e72e19cc67a1292b8a3fd0cadecff	PY_METHOD_81b2e0e8cb14c4a385c32df32accfc29	type_references_and_narrowing.py	SERVICE_VERSION_00000000000000000000000000000000	PY_BINDING_c5c939cedc07dc3d2e74b0b79118ccd1
string_forward_reference	PY_SCOPE_051ab2aad529d232befad74d9a3eed71	MODULE_LEVEL	FUNCTION_DEF	false	true	true	false	false	false	true	false	false	false	true	1	44	44				false	METHOD	PY_METHOD_aab1f0b774c67ab143a402cbc51b2076	PY_MODULE_ff0e72e19cc67a1292b8a3fd0cadecff	PY_METHOD_81b2e0e8cb14c4a385c32df32accfc29	type_references_and_narrowing.py	SERVICE_VERSION_00000000000000000000000000000000	PY_BINDING_effa95678d72ee3997e0316463aab26d
union_annotation	PY_SCOPE_051ab2aad529d232befad74d9a3eed71	MODULE_LEVEL	FUNCTION_DEF	false	true	true	false	false	false	true	false	false	false	true	1	28	28				false	METHOD	PY_METHOD_59c08f568968fd88e747104912c7cd2e	PY_MODULE_ff0e72e19cc67a1292b8a3fd0cadecff	PY_METHOD_81b2e0e8cb14c4a385c32df32accfc29	type_references_and_narrowing.py	SERVICE_VERSION_00000000000000000000000000000000	PY_BINDING_df9c2a7e5090281f0105ba3bc7520606
account	PY_SCOPE_683b318ba2b40d7703855ca28a459693	PARAMETER	PARAMETER	true	true	false	false	false	false	false	true	false	false	false	1	15	15				false	PARAMETER	PY_METHOD_PARAMETER_e22623d22342f54abf577c62fe561505	PY_MODULE_ff0e72e19cc67a1292b8a3fd0cadecff	PY_METHOD_2e5eaf575119985a49af4ab5c1965db1	type_references_and_narrowing.py	SERVICE_VERSION_00000000000000000000000000000000	PY_BINDING_ea818fec471f9fcd193f3a0ccfb8178b
count	PY_SCOPE_683b318ba2b40d7703855ca28a459693	PARAMETER	PARAMETER	true	true	false	false	false	false	false	true	false	false	false	1	15	15				false	PARAMETER	PY_METHOD_PARAMETER_933b55c503689da657b14ef4b073a2d6	PY_MODULE_ff0e72e19cc67a1292b8a3fd0cadecff	PY_METHOD_2e5eaf575119985a49af4ab5c1965db1	type_references_and_narrowing.py	SERVICE_VERSION_00000000000000000000000000000000	PY_BINDING_56850e44f076aec82c0f9684bf6f8b17
ledger	PY_SCOPE_683b318ba2b40d7703855ca28a459693	PARAMETER	PARAMETER	true	true	false	false	false	false	false	true	false	false	false	1	15	15				false	PARAMETER	PY_METHOD_PARAMETER_845cbee3fe75bc0d90c78b730b5a5346	PY_MODULE_ff0e72e19cc67a1292b8a3fd0cadecff	PY_METHOD_2e5eaf575119985a49af4ab5c1965db1	type_references_and_narrowing.py	SERVICE_VERSION_00000000000000000000000000000000	PY_BINDING_218fb6e6a493bc83db5a54dad0309933
account	PY_SCOPE_e63f1e0af4a19e5f0ab86562a1895c7b	PARAMETER	PARAMETER	true	true	false	false	false	false	false	true	false	false	false	1	21	21				false	PARAMETER	PY_METHOD_PARAMETER_57020863a1aa3e2ead3afe058527e334	PY_MODULE_ff0e72e19cc67a1292b8a3fd0cadecff	PY_METHOD_f558aabfa6800bc64e2a06dd58737257	type_references_and_narrowing.py	SERVICE_VERSION_00000000000000000000000000000000	PY_BINDING_768b9a770adb57bb100e2f5128444579
repr	PY_SCOPE_af40372cc9145ef4c33c8b82edce4537	GLOBAL_IMPLICIT	ASSIGNMENT	false	false	true	false	false	false	false	true	false	false	false	0	0	0				false	NONE		PY_MODULE_ff0e72e19cc67a1292b8a3fd0cadecff	PY_METHOD_59c08f568968fd88e747104912c7cd2e	type_references_and_narrowing.py	SERVICE_VERSION_00000000000000000000000000000000	PY_BINDING_7d631238d38b9ee1c1d7b807eb187709
value	PY_SCOPE_af40372cc9145ef4c33c8b82edce4537	PARAMETER	PARAMETER	true	true	false	false	false	false	false	true	false	false	false	1	28	28				false	PARAMETER	PY_METHOD_PARAMETER_81e6049bbded988c62654a0cd2e9fd5e	PY_MODULE_ff0e72e19cc67a1292b8a3fd0cadecff	PY_METHOD_59c08f568968fd88e747104912c7cd2e	type_references_and_narrowing.py	SERVICE_VERSION_00000000000000000000000000000000	PY_BINDING_4b086fac8a56577a4c8f816d2e563f64
account	PY_SCOPE_7aa851e6f3de84f228d994fc75fcfe35	LOCAL	FOR_TARGET	false	true	false	false	false	false	true	true	false	false	false	1	35	35				false	NONE		PY_MODULE_ff0e72e19cc67a1292b8a3fd0cadecff	PY_METHOD_5c48b9f9970f88bf43555f1afeeefdb9	type_references_and_narrowing.py	SERVICE_VERSION_00000000000000000000000000000000	PY_BINDING_6588d84e696a90a7e934ee56bd87ec31
accounts	PY_SCOPE_7aa851e6f3de84f228d994fc75fcfe35	LOCAL	FOR_TARGET	false	true	false	false	false	false	true	true	false	false	false	1	34	34				false	NONE		PY_MODULE_ff0e72e19cc67a1292b8a3fd0cadecff	PY_METHOD_5c48b9f9970f88bf43555f1afeeefdb9	type_references_and_narrowing.py	SERVICE_VERSION_00000000000000000000000000000000	PY_BINDING_98b088259012aaaff64112ddfcb7982b
rows	PY_SCOPE_7aa851e6f3de84f228d994fc75fcfe35	PARAMETER	PARAMETER	true	true	false	false	false	false	false	true	false	false	false	1	32	32				false	PARAMETER	PY_METHOD_PARAMETER_085af3457911dea480f9a6ef45666346	PY_MODULE_ff0e72e19cc67a1292b8a3fd0cadecff	PY_METHOD_5c48b9f9970f88bf43555f1afeeefdb9	type_references_and_narrowing.py	SERVICE_VERSION_00000000000000000000000000000000	PY_BINDING_a0afb8d3e31b4ee44108fd3d3db9d8ba
total	PY_SCOPE_7aa851e6f3de84f228d994fc75fcfe35	LOCAL	MULTIPLE	false	true	false	false	false	false	true	true	false	false	false	2	33	36				false	NONE		PY_MODULE_ff0e72e19cc67a1292b8a3fd0cadecff	PY_METHOD_5c48b9f9970f88bf43555f1afeeefdb9	type_references_and_narrowing.py	SERVICE_VERSION_00000000000000000000000000000000	PY_BINDING_be516c5478012bce2ac27106e751aa99
fn	PY_SCOPE_bec2874ab3edc3284f7b3e4746910116	PARAMETER	PARAMETER	true	true	false	false	false	false	false	true	false	false	false	1	40	40				false	PARAMETER	PY_METHOD_PARAMETER_3c171505b06b92154797fbe35801b2ef	PY_MODULE_ff0e72e19cc67a1292b8a3fd0cadecff	PY_METHOD_2e3cb8ea24de391bafbdd2d2eb607239	type_references_and_narrowing.py	SERVICE_VERSION_00000000000000000000000000000000	PY_BINDING_91fa40a9608e7f878ebb4b2234a42c5e
seed	PY_SCOPE_bec2874ab3edc3284f7b3e4746910116	PARAMETER	PARAMETER	true	true	false	false	false	false	false	true	false	false	false	1	40	40				false	PARAMETER	PY_METHOD_PARAMETER_0c6f74fe8417d55df88035e9cc5380db	PY_MODULE_ff0e72e19cc67a1292b8a3fd0cadecff	PY_METHOD_2e3cb8ea24de391bafbdd2d2eb607239	type_references_and_narrowing.py	SERVICE_VERSION_00000000000000000000000000000000	PY_BINDING_a30bd8cf6ae42e530f98de5dde173f0d
Ledger	PY_SCOPE_e51110b2cd58bb96c670315c2d556ef8	GLOBAL_IMPLICIT	ASSIGNMENT	false	false	true	false	false	false	false	true	false	false	false	0	0	0				false	NONE		PY_MODULE_ff0e72e19cc67a1292b8a3fd0cadecff	PY_METHOD_aab1f0b774c67ab143a402cbc51b2076	type_references_and_narrowing.py	SERVICE_VERSION_00000000000000000000000000000000	PY_BINDING_9d0c3caa7c11085234af16db9221b02e
ledger	PY_SCOPE_e51110b2cd58bb96c670315c2d556ef8	LOCAL	ASSIGNMENT	false	true	false	false	false	false	true	true	false	false	false	1	46	46				false	NONE		PY_MODULE_ff0e72e19cc67a1292b8a3fd0cadecff	PY_METHOD_aab1f0b774c67ab143a402cbc51b2076	type_references_and_narrowing.py	SERVICE_VERSION_00000000000000000000000000000000	PY_BINDING_749a574941396b1e807e2c8b9568930c
other	PY_SCOPE_e51110b2cd58bb96c670315c2d556ef8	PARAMETER	PARAMETER	true	true	false	false	false	false	false	true	false	false	false	1	44	44				false	PARAMETER	PY_METHOD_PARAMETER_b6cd710851e4cbe6ef6d23de8594b9b3	PY_MODULE_ff0e72e19cc67a1292b8a3fd0cadecff	PY_METHOD_aab1f0b774c67ab143a402cbc51b2076	type_references_and_narrowing.py	SERVICE_VERSION_00000000000000000000000000000000	PY_BINDING_6495df84d59c181c2de7a46b760ec084
Account	PY_SCOPE_747a6da8ef04268caaa8e87910f24e40	GLOBAL_IMPLICIT	ASSIGNMENT	false	false	true	false	false	false	false	true	false	false	false	0	0	0				false	NONE		PY_MODULE_ff0e72e19cc67a1292b8a3fd0cadecff	PY_METHOD_1ae0ac218a7186fa75d48a9fb495d180	type_references_and_narrowing.py	SERVICE_VERSION_00000000000000000000000000000000	PY_BINDING_c68c3819ec8eefe57c09cb3284a2d7fa
Ledger	PY_SCOPE_747a6da8ef04268caaa8e87910f24e40	GLOBAL_IMPLICIT	ASSIGNMENT	false	false	true	false	false	false	false	true	false	false	false	0	0	0				false	NONE		PY_MODULE_ff0e72e19cc67a1292b8a3fd0cadecff	PY_METHOD_1ae0ac218a7186fa75d48a9fb495d180	type_references_and_narrowing.py	SERVICE_VERSION_00000000000000000000000000000000	PY_BINDING_e5c6857873be612a0caed433b55a939f
holder	PY_SCOPE_747a6da8ef04268caaa8e87910f24e40	LOCAL	ANNOTATED_ASSIGNMENT	false	true	false	false	false	false	true	true	false	true	false	1	52	52	Account	Account	pkg.models.Account	false	NONE		PY_MODULE_ff0e72e19cc67a1292b8a3fd0cadecff	PY_METHOD_1ae0ac218a7186fa75d48a9fb495d180	type_references_and_narrowing.py	SERVICE_VERSION_00000000000000000000000000000000	PY_BINDING_29149bbc7967a341038c838dc3f11ef4
later	PY_SCOPE_747a6da8ef04268caaa8e87910f24e40	LOCAL	MULTIPLE	false	true	false	false	false	false	true	true	false	true	false	2	53	54	Ledger	Ledger	pkg.models.Ledger	false	NONE		PY_MODULE_ff0e72e19cc67a1292b8a3fd0cadecff	PY_METHOD_1ae0ac218a7186fa75d48a9fb495d180	type_references_and_narrowing.py	SERVICE_VERSION_00000000000000000000000000000000	PY_BINDING_0acff0c5d55a7ad070b34626d95bb244
Account	PY_SCOPE_d3230d2444d8cac8ab526f698f1795d1	GLOBAL_IMPLICIT	ASSIGNMENT	false	false	true	false	false	false	false	true	false	false	false	0	0	0				false	NONE		PY_MODULE_ff0e72e19cc67a1292b8a3fd0cadecff	PY_METHOD_ed15f5d164195d11b19c8e0d4be9f526	type_references_and_narrowing.py	SERVICE_VERSION_00000000000000000000000000000000	PY_BINDING_1ea0138412bdb4a2f4f36f8af4cc6320
Ledger	PY_SCOPE_d3230d2444d8cac8ab526f698f1795d1	GLOBAL_IMPLICIT	ASSIGNMENT	false	false	true	false	false	false	false	true	false	false	false	0	0	0				false	NONE		PY_MODULE_ff0e72e19cc67a1292b8a3fd0cadecff	PY_METHOD_ed15f5d164195d11b19c8e0d4be9f526	type_references_and_narrowing.py	SERVICE_VERSION_00000000000000000000000000000000	PY_BINDING_74fd0d6bd9b1419e414b57922e7d7fe1
isinstance	PY_SCOPE_d3230d2444d8cac8ab526f698f1795d1	GLOBAL_IMPLICIT	ASSIGNMENT	false	false	true	false	false	false	false	true	false	false	false	0	0	0				false	NONE		PY_MODULE_ff0e72e19cc67a1292b8a3fd0cadecff	PY_METHOD_ed15f5d164195d11b19c8e0d4be9f526	type_references_and_narrowing.py	SERVICE_VERSION_00000000000000000000000000000000	PY_BINDING_ef4142b75678e29e0eb291e4682e648c
value	PY_SCOPE_d3230d2444d8cac8ab526f698f1795d1	PARAMETER	PARAMETER	true	true	false	false	false	false	false	true	false	false	false	1	58	58				false	PARAMETER	PY_METHOD_PARAMETER_bd7f0c9c8c03c6622d97026d8e42435c	PY_MODULE_ff0e72e19cc67a1292b8a3fd0cadecff	PY_METHOD_ed15f5d164195d11b19c8e0d4be9f526	type_references_and_narrowing.py	SERVICE_VERSION_00000000000000000000000000000000	PY_BINDING_7befec2e6ac012ddb2cadbe99f34f5c0
Account	PY_SCOPE_d3976b296012e10a8f31fe893c935b37	GLOBAL_IMPLICIT	ASSIGNMENT	false	false	true	false	false	false	false	true	false	false	false	0	0	0				false	NONE		PY_MODULE_ff0e72e19cc67a1292b8a3fd0cadecff	PY_METHOD_8397d12dc4718180cf361cdc333aae0e	type_references_and_narrowing.py	SERVICE_VERSION_00000000000000000000000000000000	PY_BINDING_beea30b8ac25d6d166f6ffe5b35604aa
Ledger	PY_SCOPE_d3976b296012e10a8f31fe893c935b37	GLOBAL_IMPLICIT	ASSIGNMENT	false	false	true	false	false	false	false	true	false	false	false	0	0	0				false	NONE		PY_MODULE_ff0e72e19cc67a1292b8a3fd0cadecff	PY_METHOD_8397d12dc4718180cf361cdc333aae0e	type_references_and_narrowing.py	SERVICE_VERSION_00000000000000000000000000000000	PY_BINDING_366c548e240c94a31cab576758bd3ee7
isinstance	PY_SCOPE_d3976b296012e10a8f31fe893c935b37	GLOBAL_IMPLICIT	ASSIGNMENT	false	false	true	false	false	false	false	true	false	false	false	0	0	0				false	NONE		PY_MODULE_ff0e72e19cc67a1292b8a3fd0cadecff	PY_METHOD_8397d12dc4718180cf361cdc333aae0e	type_references_and_narrowing.py	SERVICE_VERSION_00000000000000000000000000000000	PY_BINDING_61ee7a87a6e537c588ad08d7196deb45
repr	PY_SCOPE_d3976b296012e10a8f31fe893c935b37	GLOBAL_IMPLICIT	ASSIGNMENT	false	false	true	false	false	false	false	true	false	false	false	0	0	0				false	NONE		PY_MODULE_ff0e72e19cc67a1292b8a3fd0cadecff	PY_METHOD_8397d12dc4718180cf361cdc333aae0e	type_references_and_narrowing.py	SERVICE_VERSION_00000000000000000000000000000000	PY_BINDING_638fd0df333725298a46360bdd048c6b
value	PY_SCOPE_d3976b296012e10a8f31fe893c935b37	PARAMETER	PARAMETER	true	true	false	false	false	false	false	true	false	false	false	1	67	67				false	PARAMETER	PY_METHOD_PARAMETER_965a783f25054bca6a48ebdfbdd8d264	PY_MODULE_ff0e72e19cc67a1292b8a3fd0cadecff	PY_METHOD_8397d12dc4718180cf361cdc333aae0e	type_references_and_narrowing.py	SERVICE_VERSION_00000000000000000000000000000000	PY_BINDING_a69f3c67d1dfcfb7c53e132ae3fd6479
Account	PY_SCOPE_b127c1d83e73ead4a4b6e6db31572258	GLOBAL_IMPLICIT	ASSIGNMENT	false	false	true	false	false	false	false	true	false	false	false	0	0	0				false	NONE		PY_MODULE_ff0e72e19cc67a1292b8a3fd0cadecff	PY_METHOD_907c7cd92a6c9db6a00f1b11aabe66a7	type_references_and_narrowing.py	SERVICE_VERSION_00000000000000000000000000000000	PY_BINDING_386b8f3183215031e887512a42ddd2d6
isinstance	PY_SCOPE_b127c1d83e73ead4a4b6e6db31572258	GLOBAL_IMPLICIT	ASSIGNMENT	false	false	true	false	false	false	false	true	false	false	false	0	0	0				false	NONE		PY_MODULE_ff0e72e19cc67a1292b8a3fd0cadecff	PY_METHOD_907c7cd92a6c9db6a00f1b11aabe66a7	type_references_and_narrowing.py	SERVICE_VERSION_00000000000000000000000000000000	PY_BINDING_db62ff882d4da1da660ee37c5c89172a
value	PY_SCOPE_b127c1d83e73ead4a4b6e6db31572258	PARAMETER	PARAMETER	true	true	false	false	false	false	false	true	false	false	false	1	73	73				false	PARAMETER	PY_METHOD_PARAMETER_f73bee7a022198a59247301ca85c67f3	PY_MODULE_ff0e72e19cc67a1292b8a3fd0cadecff	PY_METHOD_907c7cd92a6c9db6a00f1b11aabe66a7	type_references_and_narrowing.py	SERVICE_VERSION_00000000000000000000000000000000	PY_BINDING_672fff01b45d791f19d65288c83280d5
Account	PY_SCOPE_8fb3d4a0517c92e5e765c30c7ea60fa0	GLOBAL_IMPLICIT	ASSIGNMENT	false	false	true	false	false	false	false	true	false	false	false	0	0	0				false	NONE		PY_MODULE_ff0e72e19cc67a1292b8a3fd0cadecff	PY_METHOD_2522902c1ab3b711e5775bc48ceb4d20	type_references_and_narrowing.py	SERVICE_VERSION_00000000000000000000000000000000	PY_BINDING_d05e81d1be48178eaf6c591e76e6a4dc
issubclass	PY_SCOPE_8fb3d4a0517c92e5e765c30c7ea60fa0	GLOBAL_IMPLICIT	ASSIGNMENT	false	false	true	false	false	false	false	true	false	false	false	0	0	0				false	NONE		PY_MODULE_ff0e72e19cc67a1292b8a3fd0cadecff	PY_METHOD_2522902c1ab3b711e5775bc48ceb4d20	type_references_and_narrowing.py	SERVICE_VERSION_00000000000000000000000000000000	PY_BINDING_9ec9a3d8be3d128fdf84045346ed2ab0
klass	PY_SCOPE_8fb3d4a0517c92e5e765c30c7ea60fa0	PARAMETER	PARAMETER	true	true	false	false	false	false	false	true	false	false	false	1	80	80				false	PARAMETER	PY_METHOD_PARAMETER_785f0f52c8373fcf471d632d523c8d5a	PY_MODULE_ff0e72e19cc67a1292b8a3fd0cadecff	PY_METHOD_2522902c1ab3b711e5775bc48ceb4d20	type_references_and_narrowing.py	SERVICE_VERSION_00000000000000000000000000000000	PY_BINDING_a78bd8c2bca91eddf69b6f4d2f9425af
Account	PY_SCOPE_40c91d326fad9a93577f13d5139a0637	GLOBAL_IMPLICIT	ASSIGNMENT	false	false	true	false	false	false	false	true	false	false	false	0	0	0				false	NONE		PY_MODULE_ff0e72e19cc67a1292b8a3fd0cadecff	PY_METHOD_6d07a68423da7067dc5ba5e1ec143db8	type_references_and_narrowing.py	SERVICE_VERSION_00000000000000000000000000000000	PY_BINDING_185d14389ffbbcbd6e87461f1ff9bf44
account	PY_SCOPE_40c91d326fad9a93577f13d5139a0637	LOCAL	ASSIGNMENT	false	true	false	false	false	false	true	true	false	false	false	1	88	88				false	NONE		PY_MODULE_ff0e72e19cc67a1292b8a3fd0cadecff	PY_METHOD_6d07a68423da7067dc5ba5e1ec143db8	type_references_and_narrowing.py	SERVICE_VERSION_00000000000000000000000000000000	PY_BINDING_cd22295f2e28a9c43d26e52c6bff7eab
cast	PY_SCOPE_40c91d326fad9a93577f13d5139a0637	GLOBAL_IMPLICIT	ASSIGNMENT	false	false	true	false	false	false	false	true	false	false	false	0	0	0				false	NONE		PY_MODULE_ff0e72e19cc67a1292b8a3fd0cadecff	PY_METHOD_6d07a68423da7067dc5ba5e1ec143db8	type_references_and_narrowing.py	SERVICE_VERSION_00000000000000000000000000000000	PY_BINDING_0dda43f1aaf4aa796219b433083c8418
value	PY_SCOPE_40c91d326fad9a93577f13d5139a0637	PARAMETER	PARAMETER	true	true	false	false	false	false	false	true	false	false	false	1	86	86				false	PARAMETER	PY_METHOD_PARAMETER_b9c54740866d43176e0d54a08b60772a	PY_MODULE_ff0e72e19cc67a1292b8a3fd0cadecff	PY_METHOD_6d07a68423da7067dc5ba5e1ec143db8	type_references_and_narrowing.py	SERVICE_VERSION_00000000000000000000000000000000	PY_BINDING_6a4abad98dd0d291cfe475a5b9fd8281
value	PY_SCOPE_47c0b8ddc475bb3ed85a4291c884193b	PARAMETER	PARAMETER	true	true	false	false	false	false	false	true	false	false	false	1	92	92				false	PARAMETER	PY_METHOD_PARAMETER_ed93f6c1fd9a2b46c6a762cc7cd4e705	PY_MODULE_ff0e72e19cc67a1292b8a3fd0cadecff	PY_METHOD_dd3957b77851d716b7194f515c33f90c	type_references_and_narrowing.py	SERVICE_VERSION_00000000000000000000000000000000	PY_BINDING_ab3ecb3b4781bdba4f126885843b0d96
FileNotFoundError	PY_SCOPE_52f0feb47f168a3bec496de863eaf1a8	GLOBAL_IMPLICIT	ASSIGNMENT	false	false	true	false	false	false	false	true	false	false	false	0	0	0				false	NONE		PY_MODULE_ff0e72e19cc67a1292b8a3fd0cadecff	PY_METHOD_b82e02e2aeaea73018fe8eab75dc0e51	type_references_and_narrowing.py	SERVICE_VERSION_00000000000000000000000000000000	PY_BINDING_f3d91179af6988fbb5ecd26221727b05
OSError	PY_SCOPE_52f0feb47f168a3bec496de863eaf1a8	GLOBAL_IMPLICIT	ASSIGNMENT	false	false	true	false	false	false	false	true	false	false	false	0	0	0				false	NONE		PY_MODULE_ff0e72e19cc67a1292b8a3fd0cadecff	PY_METHOD_b82e02e2aeaea73018fe8eab75dc0e51	type_references_and_narrowing.py	SERVICE_VERSION_00000000000000000000000000000000	PY_BINDING_5bfc4ab6c385132c710b16f83752f3bd
RuntimeError	PY_SCOPE_52f0feb47f168a3bec496de863eaf1a8	GLOBAL_IMPLICIT	ASSIGNMENT	false	false	true	false	false	false	false	true	false	false	false	0	0	0				false	NONE		PY_MODULE_ff0e72e19cc67a1292b8a3fd0cadecff	PY_METHOD_b82e02e2aeaea73018fe8eab75dc0e51	type_references_and_narrowing.py	SERVICE_VERSION_00000000000000000000000000000000	PY_BINDING_9919044cf0399b3c7474c57724af862f
ValueError	PY_SCOPE_52f0feb47f168a3bec496de863eaf1a8	GLOBAL_IMPLICIT	ASSIGNMENT	false	false	true	false	false	false	false	true	false	false	false	0	0	0				false	NONE		PY_MODULE_ff0e72e19cc67a1292b8a3fd0cadecff	PY_METHOD_b82e02e2aeaea73018fe8eab75dc0e51	type_references_and_narrowing.py	SERVICE_VERSION_00000000000000000000000000000000	PY_BINDING_20dfabd670562c8d38c49e8dd8753cd8
missing	PY_SCOPE_52f0feb47f168a3bec496de863eaf1a8	LOCAL	EXCEPT_TARGET	false	true	false	false	false	false	true	true	false	false	false	1	100	100				false	NONE		PY_MODULE_ff0e72e19cc67a1292b8a3fd0cadecff	PY_METHOD_b82e02e2aeaea73018fe8eab75dc0e51	type_references_and_narrowing.py	SERVICE_VERSION_00000000000000000000000000000000	PY_BINDING_ce57ad5b3af970fc576cba49ebe77faa
open	PY_SCOPE_52f0feb47f168a3bec496de863eaf1a8	GLOBAL_IMPLICIT	ASSIGNMENT	false	false	true	false	false	false	false	true	false	false	false	0	0	0				false	NONE		PY_MODULE_ff0e72e19cc67a1292b8a3fd0cadecff	PY_METHOD_b82e02e2aeaea73018fe8eab75dc0e51	type_references_and_narrowing.py	SERVICE_VERSION_00000000000000000000000000000000	PY_BINDING_9239bc221b5768f25a66ad1485cfaca7
path	PY_SCOPE_52f0feb47f168a3bec496de863eaf1a8	PARAMETER	PARAMETER	true	true	false	false	false	false	false	true	false	false	false	1	97	97				false	PARAMETER	PY_METHOD_PARAMETER_3cc7fa7bfafb791d7144819de8f4c021	PY_MODULE_ff0e72e19cc67a1292b8a3fd0cadecff	PY_METHOD_b82e02e2aeaea73018fe8eab75dc0e51	type_references_and_narrowing.py	SERVICE_VERSION_00000000000000000000000000000000	PY_BINDING_fffac507b85462b0a04957b9f0aec6f0
Ledger	PY_SCOPE_49486851fd9bd36520ce63a74456aedf	GLOBAL_IMPLICIT	ASSIGNMENT	false	false	true	false	false	false	false	true	false	false	false	0	0	0				false	NONE		PY_MODULE_ff0e72e19cc67a1292b8a3fd0cadecff	PY_METHOD_aab157e8edf5e19f7c23c68ab3c999d4	type_references_and_narrowing.py	SERVICE_VERSION_00000000000000000000000000000000	PY_BINDING_2ff082b82657ef3bbf07e9c56a800684
__init__	PY_SCOPE_49486851fd9bd36520ce63a74456aedf	CLASS_ATTRIBUTE	FUNCTION_DEF	false	true	false	false	false	false	true	false	false	false	true	1	114	114				false	METHOD	PY_METHOD_9411cad7a6105212e125b90b6fc3da16	PY_MODULE_ff0e72e19cc67a1292b8a3fd0cadecff	PY_METHOD_aab157e8edf5e19f7c23c68ab3c999d4	type_references_and_narrowing.py	SERVICE_VERSION_00000000000000000000000000000000	PY_BINDING_712c69641988b76ade58a9a1c3eb9bc4
count	PY_SCOPE_49486851fd9bd36520ce63a74456aedf	CLASS_ATTRIBUTE	ANNOTATED_ASSIGNMENT	false	true	false	false	false	false	true	false	false	true	false	1	111	111	int	int		false	NONE		PY_MODULE_ff0e72e19cc67a1292b8a3fd0cadecff	PY_METHOD_aab157e8edf5e19f7c23c68ab3c999d4	type_references_and_narrowing.py	SERVICE_VERSION_00000000000000000000000000000000	PY_BINDING_412ac1980bece9e4555325365b015aeb
int	PY_SCOPE_49486851fd9bd36520ce63a74456aedf	GLOBAL_IMPLICIT	ASSIGNMENT	false	false	true	false	false	false	false	true	false	false	false	0	0	0				false	NONE		PY_MODULE_ff0e72e19cc67a1292b8a3fd0cadecff	PY_METHOD_aab157e8edf5e19f7c23c68ab3c999d4	type_references_and_narrowing.py	SERVICE_VERSION_00000000000000000000000000000000	PY_BINDING_72b1ccd515854d387fde89ca2fda2ed6
ledger	PY_SCOPE_49486851fd9bd36520ce63a74456aedf	CLASS_ATTRIBUTE	ANNOTATED_ASSIGNMENT	false	true	false	false	false	false	true	false	false	true	false	1	112	112	Ledger	Ledger	pkg.models.Ledger	false	NONE		PY_MODULE_ff0e72e19cc67a1292b8a3fd0cadecff	PY_METHOD_aab157e8edf5e19f7c23c68ab3c999d4	type_references_and_narrowing.py	SERVICE_VERSION_00000000000000000000000000000000	PY_BINDING_43ded17d4d56e54c3291e4b1b0f2121f
name	PY_SCOPE_49486851fd9bd36520ce63a74456aedf	CLASS_ATTRIBUTE	ANNOTATION_ONLY	false	true	false	false	false	false	true	false	false	true	false	1	110	110	str	str		false	NONE		PY_MODULE_ff0e72e19cc67a1292b8a3fd0cadecff	PY_METHOD_aab157e8edf5e19f7c23c68ab3c999d4	type_references_and_narrowing.py	SERVICE_VERSION_00000000000000000000000000000000	PY_BINDING_7f8fe4a284d0de173648ca45048356c7
str	PY_SCOPE_49486851fd9bd36520ce63a74456aedf	GLOBAL_IMPLICIT	ASSIGNMENT	false	false	true	false	false	false	false	true	false	false	false	0	0	0				false	NONE		PY_MODULE_ff0e72e19cc67a1292b8a3fd0cadecff	PY_METHOD_aab157e8edf5e19f7c23c68ab3c999d4	type_references_and_narrowing.py	SERVICE_VERSION_00000000000000000000000000000000	PY_BINDING_addcdbe9fdb85e1f8e61b9413f009783
Account	PY_SCOPE_bcf1474476f8e165f1cadc0da19e4b3b	GLOBAL_IMPLICIT	ASSIGNMENT	false	false	true	false	false	false	false	true	false	false	false	0	0	0				false	NONE		PY_MODULE_ff0e72e19cc67a1292b8a3fd0cadecff	PY_METHOD_9411cad7a6105212e125b90b6fc3da16	type_references_and_narrowing.py	SERVICE_VERSION_00000000000000000000000000000000	PY_BINDING_d27cac70345a63d1bd09b37bf79e685c
name	PY_SCOPE_bcf1474476f8e165f1cadc0da19e4b3b	PARAMETER	PARAMETER	true	true	false	false	false	false	false	true	false	false	false	1	114	114				false	PARAMETER	PY_METHOD_PARAMETER_04dbad90dc48c6f9c10982647f21865a	PY_MODULE_ff0e72e19cc67a1292b8a3fd0cadecff	PY_METHOD_9411cad7a6105212e125b90b6fc3da16	type_references_and_narrowing.py	SERVICE_VERSION_00000000000000000000000000000000	PY_BINDING_4a88d3e68d901f4c8b0e312c54080ba5
self	PY_SCOPE_bcf1474476f8e165f1cadc0da19e4b3b	PARAMETER	PARAMETER	true	true	false	false	false	false	false	true	false	false	false	1	114	114				false	PARAMETER	PY_METHOD_PARAMETER_f2a2bfc87c1f58828f23971f446030a4	PY_MODULE_ff0e72e19cc67a1292b8a3fd0cadecff	PY_METHOD_9411cad7a6105212e125b90b6fc3da16	type_references_and_narrowing.py	SERVICE_VERSION_00000000000000000000000000000000	PY_BINDING_2edc0a01a161f210d3318061e963c534
